Name,Team,PA,AB,H,HR,R,BB,HBP,OBP,SLG
Bobby Witt Jr.,KCR,656,591,168,26,99,52,6,0.344512,0.499154
Juan Soto,NYM,666,528,141,34,107,130,3,0.41203,0.50947
Cal Raleigh,SEA,621,537,118,35,77,75,5,0.318841,0.454376
Julio Rodríguez,SEA,663,599,161,29,96,52,10,0.33635,0.469115
Gunnar Henderson,BAL,647,570,154,27,97,67,6,0.35085,0.484211
Aaron Judge,NYY,540,437,117,31,84,93,6,0.4,0.533181
Wyatt Langford,TEX,634,550,147,31,94,75,5,0.358044,0.498182
Pete Crow-Armstrong,CHC,612,554,146,27,96,37,9,0.316832,0.478339
Shohei Ohtani,LAD,657,562,152,41,120,87,4,0.369863,0.549822
Fernando Tatis Jr.,SDP,633,551,147,27,99,74,6,0.35861,0.46824
Corbin Carroll,ARI,660,571,147,28,115,72,10,0.348024,0.492119
Elly De La Cruz,CIN,650,580,154,26,104,65,3,0.342065,0.474138
Jackson Merrill,SDP,595,542,150,25,81,42,3,0.329392,0.48524
Zach Neto,LAA,621,547,143,27,92,48,19,0.339806,0.47532
Konnor Griffin,PIT,652,582,153,19,112,42,23,0.335385,0.419244
Junior Caminero,TBR,631,574,158,38,86,48,4,0.332805,0.522648
William Contreras,MIL,647,565,149,19,84,75,3,0.35085,0.421239
Carter Jensen,KCR,637,564,143,22,81,65,3,0.331761,0.430851
Roman Anthony,BOS,640,543,144,22,99,88,5,0.370313,0.453039
Nick Kurtz,ATH,637,551,148,36,104,79,4,0.362637,0.528131
Ronald Acuña Jr.,ATL,548,456,127,26,104,84,7,0.39781,0.5
Drake Baldwin,ATL,530,471,124,22,60,52,6,0.343396,0.464968
Adley Rutschman,BOS,568,498,125,17,64,62,3,0.334507,0.411647
Geraldo Perdomo,ARI,599,501,130,13,85,74,7,0.358234,0.399202
Alejandro Kirk,TOR,451,397,105,12,39,45,4,0.341463,0.397985
Michael Harris II,ATL,603,564,156,21,75,28,5,0.314476,0.453901
Vladimir Guerrero Jr.,TOR,659,573,164,27,88,76,6,0.373293,0.485166
Francisco Lindor,NYM,587,519,129,19,82,53,10,0.327087,0.412331
Masyn Winn,STL,604,547,140,13,84,46,5,0.317276,0.387569
Jackson Chourio,MIL,633,580,161,25,97,42,3,0.326466,0.482759
Kyle Tucker,LAD,552,473,122,25,79,74,3,0.360507,0.469345
Riley Greene,DET,634,567,150,29,84,59,4,0.335962,0.479718
José Ramírez,CLE,554,490,127,19,72,54,4,0.333935,0.440816
Matt McLain,CIN,590,517,129,21,81,60,8,0.335034,0.427466
Kevin McGonigle,DET,447,389,100,16,67,49,3,0.340807,0.460154
James Wood,WSN,650,561,150,29,92,83,3,0.363077,0.491979
Ceddanne Rafaela,BOS,585,540,142,18,85,31,8,0.310463,0.431481
Oneil Cruz,PIT,567,494,121,25,77,64,4,0.333333,0.45749
Bo Bichette,NYM,582,536,152,16,69,40,3,0.335052,0.434702
JJ Wetherholt,STL,553,484,124,12,71,56,10,0.34358,0.380165
CJ Abrams,WSN,630,571,148,20,91,40,14,0.321145,0.432574
Maikel Garcia,KCR,625,561,150,11,81,54,1,0.329582,0.395722
Carson Williams,TBR,572,511,118,23,78,51,6,0.307018,0.420744
Andy Pages,LAD,600,544,142,25,76,39,10,0.318865,0.461397
Gabriel Moreno,ARI,384,341,93,9,44,37,3,0.346354,0.407625
Max Clark,DET,599,524,129,17,86,70,3,0.337229,0.39313
Jackson Holliday,BAL,647,572,145,20,91,67,6,0.33694,0.416084
Colt Emerson,SEA,630,557,131,12,76,55,12,0.314286,0.364452
Samuel Basallo,BAL,544,490,123,28,70,46,5,0.319853,0.47551
Matt Shaw,CHC,557,493,124,18,73,51,7,0.327338,0.419878
Corey Seager,TEX,448,392,98,18,56,49,4,0.337054,0.436224
Ezequiel Tovar,COL,568,525,142,19,73,32,3,0.31383,0.455238
Shea Langeliers,ATH,555,503,128,28,71,44,4,0.317117,0.481113
Francisco Alvarez,NYM,480,422,99,23,59,49,7,0.322917,0.445498
Nico Hoerner,CHC,590,541,146,8,73,36,9,0.323729,0.373383
Alex Freeland,LAD,601,521,121,18,77,67,8,0.326667,0.391555
Anthony Volpe,NYY,614,554,130,19,75,49,5,0.300654,0.402527
Willy Adames,SFG,592,524,122,21,72,60,3,0.3125,0.40458
Jordan Westburg,BAL,466,429,111,19,68,30,6,0.315451,0.454545
Brice Matthews,HOU,528,462,110,19,69,54,9,0.328273,0.422078
Brice Turang,MIL,610,547,141,14,79,55,1,0.324547,0.387569
Jakob Marsee,MIA,647,551,133,16,82,76,8,0.340125,0.399274
Colson Montgomery,CHW,553,495,113,25,70,47,9,0.305606,0.430303
Sal Stewart,CIN,578,517,139,24,85,51,6,0.3391,0.466151
Patrick Bailey,CLE,387,349,79,8,39,30,2,0.288312,0.34957
Agustín Ramírez,MIA,645,584,146,24,89,50,7,0.314729,0.434932
Jarren Duran,BOS,594,534,134,16,79,49,8,0.322091,0.428839
Travis Bazzana,CLE,476,411,96,13,74,55,8,0.335443,0.394161
Yordan Alvarez,HOU,471,402,111,22,60,58,6,0.37155,0.502488
Spencer Jones,NYY,551,496,122,27,83,48,4,0.315789,0.47379
Kyle Teel,CHW,513,450,111,13,67,56,4,0.333984,0.38
Luke Keaschall,MIN,410,354,94,10,57,41,12,0.358537,0.420904
Cody Bellinger,NYY,557,501,131,19,73,44,3,0.319569,0.431138
Lawrence Butler,ATH,575,517,132,22,81,53,1,0.324042,0.444874
Andrés Giménez,TOR,497,445,112,11,57,29,16,0.317814,0.379775
Joe Mack,MIA,494,446,105,17,61,39,6,0.303644,0.401345
Matt Wallner,MIN,502,430,103,23,62,56,14,0.344622,0.467442
Kaelen Culpepper,MIN,534,484,121,16,69,38,12,0.320225,0.394628
Jacob Reimer,NYM,561,493,116,18,83,49,15,0.320856,0.41785
Steven Kwan,CLE,623,555,152,9,79,57,5,0.345161,0.376577
Dillon Dingler,DET,403,366,88,12,45,28,7,0.305211,0.401639
Jeremy Peña,HOU,575,526,137,15,68,33,11,0.315881,0.397338
Mookie Betts,LAD,534,463,120,15,73,61,4,0.346442,0.412527
Jett Williams,MIL,606,532,126,16,87,64,6,0.323967,0.411654
Michael Arroyo,SEA,636,548,123,16,83,56,29,0.327044,0.364964
Michael Busch,CHC,570,499,125,25,79,59,9,0.338596,0.460922
Trent Grisham,NYY,490,417,91,21,64,64,5,0.327869,0.41247
Austin Wells,NYY,447,396,92,19,49,40,5,0.306488,0.431818
Ketel Marte,ARI,511,445,113,18,68,55,6,0.340509,0.435955
Josue Briceño,DET,489,428,101,17,66,51,6,0.323108,0.406542
Isaac Paredes,HOU,547,468,110,21,59,63,13,0.340037,0.418803
Leo Bernal,STL,481,436,105,12,53,38,3,0.304802,0.37156
Owen Caissie,MIA,552,486,126,19,69,59,4,0.342391,0.444444
Brett Baty,NYM,487,438,109,19,60,43,4,0.320329,0.424658
Will Smith,LAD,439,375,92,14,55,50,8,0.341686,0.410667
Harry Ford,WSN,509,440,105,11,63,57,10,0.337917,0.365909
Jac Caglianone,KCR,578,512,137,28,81,53,9,0.344291,0.486328
Cole Young,SEA,584,513,123,13,69,57,8,0.32358,0.376218
Hao-Yu Lee,DET,547,488,119,14,73,46,9,0.318099,0.391393
Sam Antonacci,CHW,548,457,113,5,76,50,31,0.359259,0.352298
Bo Naylor,MIL,423,369,82,15,52,47,2,0.311164,0.406504
Zach Ehrhard,LAD,542,478,116,16,77,48,10,0.321627,0.412134
Daulton Varsho,HOU,436,394,90,20,60,34,4,0.294253,0.441624
Brendan Donovan,SEA,523,459,119,10,61,49,10,0.340996,0.381264
Aidan Miller,PHI,567,499,118,13,74,57,10,0.326279,0.37475
Byron Buxton,MIN,422,376,88,19,63,34,8,0.308057,0.452128
Zach Cole,HOU,502,442,101,19,63,49,9,0.316733,0.427602
Wilyer Abreu,BOS,462,405,99,18,61,51,2,0.329004,0.437037
Matt Chapman,SFG,461,403,94,16,60,50,6,0.32538,0.414392
Caleb Durbin,BOS,494,434,113,9,66,36,17,0.338776,0.394009
Colton Cowser,BAL,492,433,106,19,65,48,8,0.329268,0.431871
Dalton Rushing,LAD,393,337,77,16,50,43,10,0.330789,0.421365
Max Muncy,ATH,461,413,106,14,56,34,9,0.324619,0.421308
Emmanuel Rodriguez,MIN,364,303,71,11,55,57,3,0.35989,0.412541
Austin Riley,ATL,519,466,119,21,66,42,7,0.323699,0.448498
Jace Jung,DET,537,465,107,17,64,66,3,0.327747,0.395699
Hunter Goodman,COL,605,554,142,28,75,39,7,0.310744,0.476534
Ryan Waldschmidt,ARI,583,505,122,11,80,62,12,0.336192,0.368317
George Lombard Jr.,NYY,612,535,118,12,82,62,12,0.313726,0.357009
Nolan Gorman,STL,480,427,98,22,59,49,1,0.308333,0.433255
Ronny Mauricio,NYM,468,433,105,16,55,30,4,0.297009,0.404157
Jordan Lawlar,ARI,466,411,100,12,64,44,7,0.325431,0.403893
Jack Suwinski,TBR,474,407,94,25,63,56,6,0.32981,0.46683
Jazz Chisholm Jr.,NYY,533,468,111,24,69,56,5,0.323308,0.433761
Trea Turner,PHI,511,469,124,12,68,36,4,0.320939,0.398721
Leo De Vries,ATH,576,514,123,17,75,50,7,0.313589,0.410506
Bryson Stott,PHI,529,470,120,12,63,49,2,0.324478,0.382979
Ryan Ritter,COL,489,431,112,14,67,39,11,0.335404,0.424594
Dansby Swanson,CHC,516,468,109,14,63,43,2,0.29845,0.373932
Xavier Edwards,MIA,543,485,132,4,63,47,2,0.336431,0.350515
Jesus Rodriguez,SFG,517,468,126,6,57,41,5,0.332689,0.365385
Mark Vientos,NYM,528,478,120,22,59,40,6,0.314394,0.445607
Shay Whitcomb,SFG,485,441,106,20,63,35,6,0.303093,0.426304
Luis Robert Jr.,BAL,451,409,98,17,56,35,5,0.305987,0.413203
Blaze Alexander,BAL,443,387,93,11,48,38,12,0.325,0.377261
Dylan Beavers,BAL,554,482,122,17,73,62,3,0.339383,0.423237
Max Anderson,DET,534,497,129,16,72,27,6,0.303371,0.418511
Leody Taveras,BAL,502,457,117,12,63,37,1,0.310621,0.396061
Ryan Clifford,NYM,604,521,117,29,71,72,7,0.324503,0.441459
Esteury Ruiz,MIA,473,411,103,11,67,42,14,0.339019,0.396594
Jimmy Crooks,STL,449,408,99,11,51,32,5,0.303571,0.379902
Zack Gelof,ATH,469,417,100,17,63,44,3,0.314775,0.419664
Ben Williamson,TBR,523,476,124,6,62,37,7,0.321839,0.363445
Brenton Doyle,CHW,475,438,110,15,59,29,2,0.298097,0.417808
Rafael Devers,SFG,623,537,132,25,79,76,6,0.343499,0.445065
Yainer Diaz,HOU,599,564,149,20,64,27,3,0.298831,0.425532
Munetaka Murakami,CHW,516,432,103,24,67,76,5,0.356589,0.444444
Jasson Domínguez,NYY,513,457,118,20,77,50,2,0.331384,0.442013
Sal Frelick,MIL,550,496,132,9,70,43,6,0.330292,0.379032
Cooper Ingle,CLE,467,402,93,8,55,59,3,0.332618,0.363184
Spencer Torkelson,DET,634,555,134,30,84,67,7,0.328076,0.461261
Kyle Manzardo,CLE,521,455,112,23,61,53,6,0.328215,0.454945
Chris Suero,NYM,497,427,91,16,68,51,16,0.317907,0.367682
Evan Carter,TEX,462,401,96,12,61,51,8,0.335498,0.394015
Coby Mayo,BAL,527,471,116,22,67,46,7,0.320683,0.452229
Victor Scott II,STL,501,437,102,8,61,42,9,0.310345,0.338673
Darell Hernaiz,ATH,576,515,136,8,66,46,4,0.326316,0.376699
Jahmai Jones,BOS,370,317,77,10,51,40,10,0.345109,0.413249
Jacob Wilson,ATH,543,501,142,11,65,31,6,0.330869,0.413174
Parker Meadows,DET,472,418,99,12,60,45,3,0.312766,0.392345
Carson Roccaforte,KCR,527,468,106,13,65,53,3,0.307985,0.384615
Davis Schneider,TOR,434,369,82,16,52,57,5,0.331797,0.411924
Gleyber Torres,DET,584,508,128,15,70,66,3,0.337907,0.389764
Justin Crawford,PHI,566,514,144,8,88,41,2,0.334526,0.389105
Ben Rice,NYY,500,436,106,24,70,52,8,0.332,0.463303
Dylan Crews,WSN,469,421,104,13,64,36,9,0.317697,0.39905
Jonathan Aranda,TBR,443,388,102,15,57,44,7,0.345372,0.425258
Joshua Kuroda-Grauer,ATH,541,497,131,2,51,31,10,0.319109,0.334004
Kazuma Okamoto,TOR,462,405,98,17,49,46,8,0.329004,0.422222
Brent Rooker,ATH,574,509,132,27,70,55,6,0.336237,0.477407
Connor Norby,COL,506,460,117,16,71,37,5,0.314229,0.415217
Jadher Areinamo,TBR,590,545,142,15,67,34,4,0.305085,0.39633
Otto Kemp,PHI,519,454,111,17,75,39,21,0.32948,0.422908
Josh Naylor,SEA,553,497,133,18,61,45,5,0.330922,0.430584
Henry Bolte,ATH,561,500,126,13,71,48,11,0.329768,0.402
Pete Alonso,BAL,602,532,138,27,68,51,12,0.333887,0.473684
Nacho Alvarez Jr.,LAA,473,420,103,8,51,40,11,0.326271,0.354762
Creed Willems,BAL,442,399,90,15,39,30,8,0.290909,0.388471
Franklin Arias,BOS,569,527,135,10,61,35,5,0.307557,0.375712
Colby Thomas,PHI,527,478,121,20,69,32,11,0.311787,0.449791
Lars Nootbaar,ARI,497,429,105,14,62,60,3,0.33871,0.403263
Jared Triolo,PIT,416,367,90,7,49,43,3,0.327711,0.362398
Joshua Báez,STL,500,445,108,15,63,40,10,0.316633,0.404494
Trey Sweeney,DET,461,413,96,13,59,41,4,0.305857,0.377724
Jung Hoo Lee,SFG,505,459,123,8,56,39,4,0.329365,0.398693
Leo Rivas,SEA,393,323,72,5,52,56,4,0.341085,0.312694
Otto Lopez,MIA,504,463,121,9,57,34,4,0.316103,0.37581
Seiya Suzuki,CHC,543,476,119,21,63,58,3,0.331492,0.443277
Brayan Rocchio,CLE,547,486,119,10,64,44,8,0.314917,0.372428
Jonatan Clase,TOR,520,466,109,13,67,44,4,0.303675,0.386266
Bo Davidson,SFG,545,493,123,12,67,48,2,0.318015,0.37931
Miguel Vargas,CHW,550,479,116,16,77,60,6,0.330909,0.411273
Milan Tolentino,CLE,490,434,96,13,57,48,3,0.30123,0.368664
CJ Kayfus,CLE,526,461,116,15,65,51,9,0.335238,0.43167
Pedro Ramírez,CHC,590,538,132,8,63,39,7,0.301695,0.343866
Kyle Stowers,MIA,453,398,98,19,53,44,7,0.328918,0.452261
Heliot Ramos,NYY,635,568,147,22,79,50,12,0.329134,0.429577
Omar Alfonzo,NYY,492,439,101,11,48,45,5,0.308163,0.357631
Ernie Clement,TOR,450,420,111,8,54,19,3,0.298206,0.383333
Addison Barger,TOR,501,451,112,19,61,44,4,0.319361,0.441242
Kristian Campbell,BOS,567,497,124,13,68,56,13,0.340388,0.390342
Manny Machado,SDP,521,471,117,17,60,44,2,0.31286,0.403397
Chase Meidroth,CHW,554,476,118,7,66,64,10,0.347826,0.336134
Drew Cavanaugh,SFG,378,331,73,8,44,35,9,0.309524,0.338369
Duce Gourson,PIT,429,376,90,7,49,34,12,0.320755,0.361702
Tyler Soderstrom,ATH,579,520,136,26,68,50,6,0.331606,0.467308
José Tena,WSN,497,452,116,10,57,38,2,0.315789,0.387168
Eddys Leonard,SFG,495,449,106,17,53,30,11,0.297571,0.407572
Rafael Flores Jr.,PIT,612,556,141,18,64,50,4,0.318627,0.410072
Kyle Karros,COL,513,458,119,8,66,45,7,0.333333,0.384279
Carson Benge,NYM,557,492,122,15,78,55,8,0.332136,0.410569
James Outman,DET,471,410,90,17,65,49,8,0.312102,0.402439
Michael Stefanic,ATH,400,348,95,3,40,39,9,0.358396,0.347701
Termarr Johnson,PIT,567,501,122,10,64,53,6,0.321492,0.355289
Eduardo Tait,MIN,524,486,115,14,57,26,5,0.278626,0.393004
Samad Taylor,SDP,570,498,124,10,80,50,4,0.319569,0.36747
Ian Happ,CHC,560,486,114,17,66,66,4,0.328571,0.399177
Juan Brito,CIN,522,455,107,13,64,54,6,0.321773,0.384615
Rece Hinds,BAL,503,462,117,24,70,32,5,0.306163,0.480519
Alfonsin Rosario,CLE,545,489,115,22,69,43,11,0.310092,0.425358
Javier Sanoja,MIA,521,478,126,8,58,33,2,0.311412,0.391213
Jake Meyers,HOU,371,333,81,7,42,30,4,0.311653,0.363363
Aidan Smith,NYM,524,470,107,16,81,45,6,0.301527,0.389362
Denzel Clarke,ATH,390,347,80,8,51,32,8,0.308483,0.371758
Graham Pauley,MIA,459,409,95,12,54,41,6,0.310044,0.381418
Sean Murphy,ATL,326,284,60,12,33,32,8,0.306748,0.383803
Luis Campusano,SDP,423,377,93,13,52,41,3,0.323877,0.397878
Josh Smith,TOR,512,447,109,12,62,50,11,0.333333,0.38255
Eduardo Quintero,LAD,578,504,117,19,89,60,7,0.318891,0.39881
Bryce Eldridge,SFG,550,490,121,25,58,49,5,0.318182,0.459184
Kameron Misner,PHI,422,369,81,10,51,47,3,0.311164,0.371274
RJ Schreck,TOR,438,375,83,17,58,50,10,0.328736,0.408
Alan Roden,MIN,438,384,100,8,56,39,12,0.344749,0.388021
David Hamilton,MIL,369,332,74,10,49,32,2,0.294278,0.361446
Matt Olson,ATL,577,503,120,22,69,66,4,0.329289,0.427435
Jeferson Quero,MIL,380,343,81,12,43,30,3,0.3,0.387755
Nathan Flewelling,TBR,534,455,86,10,50,65,6,0.295113,0.323077
Charles McAdoo,TOR,505,459,108,16,59,39,4,0.299603,0.398693
Nick Gonzales,PIT,466,424,109,9,54,31,7,0.315451,0.398585
J.P. Crawford,SEA,526,454,106,9,55,60,5,0.327586,0.34141
Grant McCray,SFG,538,483,114,13,76,45,5,0.30597,0.383023
Bryce Harper,PHI,471,410,105,17,58,54,4,0.346072,0.441463
Royce Lewis,MIN,403,367,91,15,45,30,2,0.305211,0.419619
Jesús Made,MIL,558,504,119,9,81,48,4,0.306452,0.357143
Joseph Sullivan,HOU,502,423,88,15,55,59,18,0.328685,0.349882
Lazaro Montes,SEA,624,553,121,26,73,62,5,0.301282,0.412297
Cooper Pratt,MIL,569,499,113,8,69,52,8,0.305654,0.326653
Denzer Guzman,LAA,592,531,123,17,65,49,7,0.303905,0.386064
Marcus Semien,NYM,443,396,92,11,56,40,3,0.30474,0.366162
Nelson Rada,LAA,628,544,136,4,73,57,12,0.332792,0.314338
Austin Overn,TBR,504,443,104,13,67,47,5,0.313253,0.37246
Braden Montgomery,CHW,557,503,123,13,61,42,8,0.311151,0.403579
Brandon Lockridge,MIL,350,311,76,4,43,29,4,0.315029,0.350482
Dom Keegan,BAL,385,345,79,10,42,30,5,0.296104,0.376812
Iván Herrera,STL,488,421,113,15,61,53,10,0.360656,0.427553
John Peck,DET,514,476,118,10,71,31,5,0.299611,0.369748
Brandon Marsh,PHI,440,389,97,12,52,43,2,0.324201,0.40617
Xander Bogaerts,SDP,446,400,100,8,47,37,4,0.316143,0.3575
Jhostynxon Garcia,PIT,515,468,115,17,71,36,7,0.307393,0.416667
Jesús Bastidas,,503,449,104,12,61,37,14,0.308765,0.374165
Ryan Bliss,SEA,476,425,95,9,60,40,6,0.297468,0.345882
Sung-Mun Song,SDP,507,458,110,11,56,43,1,0.304348,0.362445
Walker Jenkins,MIN,428,376,94,10,52,42,7,0.334112,0.401596
Christian Moore,LAA,506,450,106,14,58,48,3,0.310891,0.384444
Ha-Seong Kim,ATL,403,352,84,7,44,43,3,0.32419,0.34375
Johan Rojas,PHI,437,398,99,5,56,25,4,0.298368,0.346734
Alejandro Osuna,TEX,474,415,101,9,58,43,9,0.325532,0.368675
Joey Ortiz,MIL,487,439,109,9,62,36,5,0.310559,0.375854
Junior Perez,CHW,536,473,106,17,66,53,3,0.304511,0.399577
Tyler Fitzgerald,LAD,449,408,97,12,55,28,7,0.295964,0.384804
Petey Halpin,CLE,526,476,112,12,72,42,3,0.299048,0.37605
Brandon Nimmo,TEX,507,446,105,14,60,48,9,0.320158,0.383408
Blake Dunn,CIN,464,399,97,10,61,42,15,0.336245,0.363409
Jorge Barrosa,ARI,498,445,105,8,58,43,3,0.305668,0.355056
Joey Loperfido,HOU,458,412,100,13,55,33,8,0.30989,0.398058
Esmerlyn Valdez,PIT,567,505,126,21,66,47,12,0.326279,0.435644
Gabriel Gonzalez,MIN,565,513,141,13,62,37,10,0.332743,0.430799
Jacob Young,WSN,465,413,104,3,59,33,8,0.317982,0.326877
Braiden Ward,BOS,386,332,82,3,59,23,23,0.337731,0.334337
Spencer Horwitz,PIT,492,431,114,10,58,52,6,0.349593,0.406032
Homer Bush Jr.,TBR,514,459,118,3,60,33,11,0.320792,0.328976
Daniel Susac,SFG,400,369,89,11,35,22,5,0.29,0.382114
Alex Bregman,CHC,495,430,99,13,57,54,7,0.323232,0.372093
Seth Stephenson,DET,494,439,111,6,74,26,19,0.320988,0.355353
Victor Mesa Jr.,TBR,434,397,97,12,49,31,3,0.30254,0.390428
Kerry Carpenter,DET,459,419,106,20,56,32,6,0.313726,0.455847
Walker Janek,HOU,400,370,79,10,50,22,7,0.27,0.351351
Luis García Jr.,NYY,531,494,131,15,65,30,1,0.305085,0.412955
Kyle Isbel,KCR,375,335,82,6,47,25,4,0.302452,0.373134
Jonathon Long,MIA,566,496,123,16,69,58,8,0.333922,0.385081
Christian Encarnacion-Strand,BAL,452,418,105,19,56,24,7,0.300885,0.452153
Nasim Nuñez,WSN,444,387,89,4,57,46,3,0.314351,0.299742
Jesús Sánchez,TOR,451,408,101,16,55,38,3,0.314856,0.426471
Angel Martínez,CLE,530,478,117,12,63,35,7,0.302857,0.391213
Blake Mitchell,KCR,409,347,73,11,46,54,4,0.321867,0.357349
Freddie Freeman,LAD,464,407,108,13,57,47,6,0.346983,0.429975
Gabriel Arias,CHC,443,404,95,13,48,29,6,0.294118,0.391089
Thomas Saggese,STL,544,498,124,12,64,34,7,0.303867,0.37751
Oswald Peraza,LAA,406,369,84,11,47,29,7,0.295566,0.360434
Francisco Acuna,SDP,459,405,92,8,54,38,10,0.307692,0.34321
Will Wagner,SDP,388,344,85,6,42,37,4,0.325581,0.357558
Alex Call,LAD,350,294,68,8,41,43,7,0.340058,0.367347
Carlos Jorge,CIN,511,462,108,11,68,35,6,0.29505,0.378788
TJ Friedl,CIN,534,458,109,11,59,55,12,0.332075,0.360262
Carlos Narváez,BAL,392,346,77,10,40,39,4,0.306905,0.364162
Raynel Delgado,HOU,441,393,99,6,46,36,6,0.323395,0.351145
Brandon Valenzuela,TOR,414,374,80,12,40,35,2,0.282609,0.358289
Alec Bohm,PHI,515,470,128,13,57,34,5,0.324272,0.417021
Chris Newell,LAD,506,449,97,21,60,49,3,0.29505,0.4098
Jake Mangum,PIT,394,368,101,3,38,19,4,0.315522,0.369565
Logan O'Hoppe,TEX,430,389,91,19,45,34,5,0.30303,0.416452
Randy Arozarena,SEA,569,491,113,17,70,56,18,0.328647,0.386965
Brett Wisely,ATL,424,377,91,8,49,37,3,0.311905,0.3687
Will Benson,CIN,414,361,84,16,59,45,4,0.322034,0.426593
Kala'i Rosario,MIN,558,496,118,20,70,55,5,0.318996,0.429435
Dayson Croes,SFG,395,357,92,3,39,24,8,0.317136,0.361345
Jeff McNeil,ATH,403,358,94,7,42,33,8,0.335821,0.391061
Enrique Bradfield Jr.,BAL,407,359,87,5,59,35,5,0.31592,0.342618
Jud Fabian,BAL,482,418,84,16,54,52,4,0.292887,0.361244
Jeral Perez,CHW,585,536,124,20,67,39,7,0.290598,0.397388
Mikey Romero,BOS,543,502,121,17,67,32,3,0.288889,0.420319
Andrés Chaparro,WSN,449,404,98,16,49,37,5,0.311804,0.418317
Brayden Taylor,MIA,472,420,85,13,55,47,1,0.282378,0.354762
Ricardo Olivar,MIN,422,376,91,10,49,39,5,0.319905,0.382979
Jorbit Vivas,WSN,519,452,108,6,60,48,14,0.328185,0.336283
Taylor Ward,SEA,503,440,103,18,58,54,4,0.32008,0.409091
Ryan Jeffers,MIN,382,334,78,10,40,37,8,0.322835,0.374251
Pedro Pagés,STL,358,326,73,9,32,24,3,0.280899,0.355828
Brock Wilken,MIL,422,363,73,15,46,54,4,0.310427,0.374656
Alek Thomas,LAD,457,419,105,11,57,26,4,0.298013,0.396181
Kole Myers,LAD,446,386,92,4,59,50,10,0.340807,0.316062
Parks Harber,SFG,371,332,81,9,47,30,6,0.315364,0.400602
Nolan Jones,SEA,417,366,88,10,45,44,4,0.326923,0.385246
Arjun Nimmala,LAA,584,531,116,16,77,41,8,0.282534,0.372881
Carson Kelly,CHC,320,284,64,9,33,29,4,0.303125,0.359155
Jihwan Bae,MIL,410,366,91,4,62,38,3,0.322738,0.355191
Maximo Acosta,MIA,535,485,115,12,62,41,5,0.301498,0.358763
Johnathan Rodríguez,ATH,495,446,114,17,55,44,3,0.325253,0.423767
Brandon Butterworth,BAL,524,484,113,11,68,28,9,0.28626,0.369835
Drew Gilbert,SFG,491,438,103,12,52,41,9,0.311609,0.383562
Daz Cameron,TOR,363,326,75,12,46,29,5,0.300275,0.40184
Liam Hicks,TBR,381,324,80,4,36,41,11,0.347368,0.333333
Everson Pereira,STL,448,402,96,18,66,38,6,0.3125,0.420398
Kahlil Watson,CLE,474,420,96,17,58,43,7,0.308668,0.414286
Keiner Delgado,PIT,536,473,106,10,63,46,11,0.306968,0.338266
Danny De Andrade,MIN,518,472,104,9,53,31,14,0.287645,0.355932
Dustin Harris,SDP,495,444,110,11,63,42,5,0.317814,0.376126
Colt Keith,DET,531,475,126,17,73,49,3,0.335217,0.44
Blake Perkins,CLE,343,301,67,5,42,36,2,0.307018,0.328904
Maddux Houghton,,359,326,74,8,49,25,6,0.292479,0.361963
Luis Arraez,PHI,602,558,168,6,65,30,4,0.338926,0.394265
Caleb Bonemer,CHW,550,481,104,12,80,55,8,0.303636,0.347193
Tanner Murray,CHW,481,447,108,10,53,25,5,0.2875,0.36689
Roc Riggio,COL,449,397,95,16,61,43,6,0.321429,0.433249
Braxton Fulford,COL,328,291,69,9,40,24,9,0.311927,0.391753
Nick Yorke,PIT,532,487,125,9,63,38,4,0.31391,0.371663
Kyren Paris,LAA,434,381,83,12,59,42,7,0.305556,0.375328
Rhylan Thomas,TOR,525,476,125,4,63,33,3,0.312016,0.336134
Drew Waters,KCR,430,388,91,9,55,35,4,0.30303,0.391753
LuJames Groover,ARI,532,480,122,9,51,42,7,0.321429,0.36875
Kevin Parada,NYM,433,389,87,13,41,33,6,0.291667,0.377892
Jorge Polanco,NYM,427,378,90,16,46,42,3,0.316901,0.407407
Sam Huff,BAL,325,296,66,10,31,26,2,0.289231,0.378378
Edgar Quero,CHW,472,419,104,9,41,43,6,0.324153,0.353222
Josh Jung,TEX,460,430,106,14,50,26,3,0.293478,0.4
Noah Cardenas,MIN,319,274,57,6,32,37,7,0.316614,0.324818
Carlos Mendoza,TOR,435,371,89,4,58,44,11,0.335664,0.320755
Leo Jiménez,MIA,387,334,76,7,48,32,17,0.323834,0.344311
Jake Cronenworth,SDP,458,393,91,10,51,49,10,0.328947,0.366412
Ryan McMahon,NYY,478,420,86,14,48,52,3,0.294979,0.35
Casey Schmitt,SFG,430,390,98,13,48,30,5,0.310023,0.405128
Cristofer Torin,ARI,601,539,132,5,71,52,5,0.315526,0.324675
Tirso Ornelas,SDP,463,416,102,11,51,40,3,0.313853,0.377404
Eduardo Garcia,MIL,509,465,100,12,58,33,9,0.278978,0.352688
Tommy Troy,ARI,521,467,112,9,53,41,7,0.308285,0.357602
Isaac Collins,KCR,418,356,84,7,52,51,6,0.338942,0.370787
Alika Williams,ATH,392,355,88,6,45,26,5,0.306701,0.352113
Luis Lara,MIL,616,545,125,2,68,56,11,0.311688,0.302752
Luke Adams,MIL,369,299,59,12,54,46,22,0.344173,0.377926
Brett Harris,BOS,388,340,80,8,45,36,8,0.321244,0.355882
Ramon Mendoza,STL,402,351,80,8,44,38,5,0.309824,0.347578
Jake Rogers,CHW,263,236,49,7,30,22,2,0.278626,0.351695
Henry Davis,PIT,368,324,74,11,41,30,10,0.311475,0.385802
Sebastian Walcott,TEX,613,554,130,13,68,53,4,0.305057,0.370036
Gavin Lux,TBR,446,396,100,7,51,47,1,0.331839,0.373737
JJ Bleday,CIN,496,439,102,21,65,53,2,0.316532,0.432802
Pedro León,PHI,426,378,85,14,56,33,10,0.3026,0.396825
Diego Velasquez,SFG,579,505,125,2,53,48,8,0.320922,0.310891
Vaughn Grissom,LAA,476,427,107,10,61,37,9,0.321429,0.372365
Cole Carrigg,COL,516,468,118,13,74,33,7,0.309198,0.410256
Brady House,WSN,559,522,131,17,66,28,5,0.293381,0.400383
Luisangel Acuña,CHW,501,460,118,5,68,32,3,0.307229,0.341304
Jared Oliva,TBR,344,311,74,7,50,22,7,0.302053,0.366559
José Caballero,NYY,370,319,69,7,45,37,8,0.310627,0.335423
Deniel Ortiz,STL,520,461,107,14,60,48,9,0.315385,0.37961
Juan Matheus,MIA,531,477,114,4,53,47,3,0.308851,0.32914
Riley Unroe,CHW,326,283,66,5,37,37,2,0.325077,0.34629
Oliver Dunn,TBR,427,378,81,8,45,39,6,0.29717,0.338624
Brendan Jones,MIA,533,466,107,10,74,61,3,0.320826,0.358369
Gabriel Rincones Jr.,PHI,484,424,96,15,65,50,7,0.316116,0.389151
Luis Torrens,NYM,273,249,60,6,23,19,2,0.297794,0.369478
Nathan Lukes,TOR,356,318,81,6,40,30,3,0.322946,0.36478
Ozzie Albies,ATL,546,495,122,14,64,41,5,0.307692,0.387879
José Fermín,STL,364,312,73,6,44,38,8,0.330556,0.346154
Drew Avans,COL,438,392,100,6,63,41,3,0.328767,0.372449
Josh Lowe,LAA,441,400,99,13,55,36,2,0.311364,0.41
Christian Cerda,ARI,432,375,83,9,38,46,3,0.308411,0.336
J.T. Realmuto,PHI,415,376,90,10,44,29,7,0.303614,0.37766
Kevin Alcántara,CHC,504,459,111,14,60,40,3,0.305556,0.383442
Vinny Capra,BOS,344,307,74,5,38,29,4,0.312865,0.348534
Victor Labrada,SEA,464,410,95,7,59,43,7,0.313853,0.341463
Aroon Escobar,PHI,595,536,130,16,77,40,13,0.307563,0.376866
Yandy Díaz,TBR,479,425,119,12,53,46,5,0.354906,0.416471
Tatem Levins,TBR,334,290,60,6,33,36,5,0.303303,0.32069
Ke'Bryan Hayes,CIN,449,411,99,7,45,33,3,0.300668,0.340633
Tre' Morgan,TBR,445,384,97,8,51,53,5,0.348315,0.367188
Miles Mastrobuoni,SEA,336,297,70,3,39,34,0,0.312312,0.319865
Jacob Cozart,LAA,410,364,78,8,43,35,7,0.292683,0.332418
Akil Baddoo,MIL,451,398,90,13,57,48,2,0.310421,0.386935
Luis Vázquez,BAL,388,350,84,9,41,24,6,0.29765,0.368571
Kody Huff,CLE,379,339,74,5,34,31,5,0.291777,0.315634
William Bergolla Jr.,CHW,572,508,131,1,68,30,4,0.302752,0.314961
Marcelo Mayer,SFG,392,356,87,11,53,31,2,0.306122,0.401685
Dominic Fletcher,,423,387,94,7,44,25,6,0.296912,0.366925
Curtis Mead,BOS,443,398,98,10,48,31,11,0.316027,0.374372
Harrison Bader,SFG,377,343,82,10,44,24,6,0.297082,0.373178
Willie MacIver,SEA,322,285,64,7,32,27,6,0.302181,0.350877
Andrew Stevenson,,330,302,75,6,36,22,5,0.309091,0.374172
Alec Burleson,STL,517,469,126,16,55,39,4,0.327519,0.422175
Carlos Correa,HOU,474,428,106,13,49,41,2,0.314346,0.390187
Cristian Hernández,MIA,554,505,119,7,58,44,2,0.297834,0.344554
Luis Peña,MIL,444,410,100,9,65,25,5,0.292793,0.380488
Cam Cauley,TEX,512,470,107,14,72,36,2,0.283757,0.391489
Vinnie Pasquantino,KCR,590,524,133,24,61,54,5,0.325424,0.450382
Ryan Ignoffo,MIA,347,322,78,7,43,21,1,0.288184,0.378882
Tyler Stephenson,CIN,392,344,79,13,45,40,5,0.316327,0.395349
Ryan Ward,LAD,526,480,109,22,69,42,2,0.290875,0.41875
Osleivis Basabe,SFG,479,443,112,7,54,25,5,0.298319,0.365688
Cam Smith,HOU,508,456,112,12,60,44,6,0.318898,0.390351
Nathan Church,STL,490,442,112,7,62,33,8,0.314815,0.355204
Brooks Baldwin,CHW,470,427,110,16,56,33,3,0.313978,0.42623
Elijah Hainline,LAD,493,428,92,10,63,53,8,0.311609,0.338785
Brandon Winokur,MIN,563,518,117,19,72,34,9,0.284192,0.395753
James Tibbs III,LAD,557,483,107,20,70,62,5,0.313514,0.397516
Enmanuel Valdez,PIT,386,342,83,12,43,38,2,0.319481,0.409357
Nolan Schanuel,LAA,580,499,128,13,70,64,10,0.350087,0.382766
Jake McCarthy,COL,439,395,108,6,56,30,8,0.335632,0.394937
Angel Genao,CLE,482,445,110,7,59,32,2,0.298755,0.361798
Sammy Stafura,NYM,580,509,106,5,54,51,11,0.291667,0.324165
Taylor Trammell,HOU,362,314,69,12,44,42,3,0.314917,0.398089
Kyle Schwarber,PHI,555,468,97,28,72,79,6,0.327928,0.425214
Adrián Sugastey,SFG,356,334,79,5,31,15,2,0.271955,0.332335
Tommy Edman,LAD,370,338,80,9,47,24,4,0.292683,0.366864
Matthew Ellis,SEA,346,305,58,9,37,35,5,0.283237,0.321311
A.J. Ewing,NYM,629,564,141,5,86,54,4,0.316375,0.35461
Jacob Melton,TBR,395,362,82,12,52,30,2,0.288608,0.378453
Thayron Liranzo,DET,441,393,82,13,52,44,3,0.292517,0.35369
Yonathan Perlaza,,532,475,111,15,65,52,3,0.31203,0.391579
John Rave,KCR,447,394,92,10,55,42,2,0.30839,0.378173
Reed Trimble,BAL,365,328,76,11,51,27,4,0.293956,0.396341
Tyler Black,MIL,462,398,93,10,59,54,8,0.335498,0.379397
Dillon Lewis,MIA,540,496,111,20,69,39,4,0.285185,0.40121
Ramón Laureano,SDP,394,354,83,14,49,30,8,0.307107,0.409605
Bryan Ramos,BAL,476,431,97,14,53,33,8,0.290526,0.37123
Jansel Luis,ARI,548,510,132,6,66,26,5,0.299083,0.370588
Ryan Vilade,TBR,454,404,98,10,53,39,6,0.315673,0.378713
Dylan Jasso,MIA,543,495,121,13,60,35,9,0.303867,0.381818
Kenny Piper,TBR,300,267,51,9,34,24,7,0.273333,0.340824
Thomas Gavello,SFG,393,345,75,10,47,25,16,0.298201,0.350725
Bryant Betancourt,COL,417,376,89,10,43,32,3,0.299517,0.356383
Max Muncy,LAD,336,277,56,12,40,50,5,0.330357,0.379061
Bryce Teodosio,LAA,381,346,78,5,41,21,7,0.281167,0.32948
Demetrio Crisantes,ARI,351,315,80,6,46,28,4,0.319088,0.374603
Alex Jackson,MIN,275,250,50,10,32,19,5,0.269091,0.384
Jeremiah Jackson,BAL,495,465,113,17,53,24,3,0.282828,0.406452
J.C. Escarra,NYY,303,269,61,6,33,27,4,0.30363,0.35316
Brooks Lee,MIN,509,468,117,13,52,34,3,0.302554,0.388889
Justin Foscue,TEX,451,402,92,13,53,39,7,0.306667,0.38806
Edouard Julien,COL,494,420,105,11,53,67,4,0.356998,0.388095
Mike Yastrzemski,ATL,369,319,69,11,45,43,3,0.3125,0.382445
Victor Caratini,MIN,287,252,60,6,24,23,8,0.317073,0.345238
Christian Koss,SFG,340,311,77,6,42,18,5,0.297619,0.360129
Edmundo Sosa,PHI,314,290,71,8,37,11,8,0.289389,0.389655
Garrett Mitchell,MIL,227,200,46,5,29,23,2,0.314159,0.375
Luis Suisbel,SEA,519,469,97,16,55,34,12,0.27553,0.353945
Eli White,BOS,316,289,68,7,43,20,5,0.295238,0.356401
Nate Furman,SFG,324,280,70,5,46,32,8,0.342679,0.35
Miguel Amaya,CHC,292,260,61,8,28,20,7,0.303448,0.380769
Ramón Urías,STL,330,297,71,8,32,25,4,0.30303,0.373737
Wyatt Young,NYM,432,378,86,3,46,44,3,0.310748,0.28836
Tyler Tolbert,KCR,412,366,85,5,55,25,6,0.29,0.336066
Nate Eaton,BOS,417,377,90,8,52,28,6,0.299517,0.366048
Mickey Gasper,BOS,307,267,63,6,35,32,6,0.32899,0.363296
Gage Workman,SDP,443,398,88,14,65,40,3,0.295711,0.39196
George Valera,CLE,378,335,80,13,45,38,2,0.31746,0.408955
Adael Amador,COL,519,457,118,12,56,52,5,0.339147,0.393873
Jack Brannigan,PIT,341,304,67,8,41,27,7,0.297059,0.355263
Kody Clemens,MIN,363,330,74,14,44,27,3,0.287293,0.415152
Luke Shliger,DET,249,216,46,2,17,24,4,0.299595,0.277778
Andrew Pinckney,WSN,497,452,112,13,63,32,10,0.311111,0.378319
DaShawn Keirsey Jr.,ATL,389,355,83,6,44,26,5,0.293059,0.349296
Tyler Callihan,PIT,392,352,83,7,40,30,3,0.300518,0.360795
Jerar Encarnacion,SFG,364,333,83,13,39,26,3,0.307692,0.411411
Logan Wagner,LAD,538,471,94,14,73,53,11,0.29368,0.33121
Jo Adell,CLE,495,451,106,26,58,34,8,0.29899,0.456763
Tsung-Che Cheng,BOS,493,431,98,6,56,46,3,0.304348,0.331787
Cedric Mullins,TBR,415,368,80,11,47,37,4,0.292978,0.36413
Sean Keys,TOR,530,461,93,16,56,55,10,0.298113,0.362256
Daylen Lile,WSN,575,521,136,11,75,41,7,0.320558,0.408829
Cal Stevenson,DET,359,303,67,5,45,46,1,0.322034,0.330033
Dylan Carlson,,374,322,74,8,41,42,6,0.326203,0.360248
Trevor Story,BOS,450,419,101,12,52,24,4,0.287305,0.384248
Brock Rodden,SEA,404,366,83,9,46,29,5,0.290323,0.355191
Josue De Paula,LAD,527,460,108,15,66,61,4,0.328273,0.380435
Cooper Johnson,TEX,314,277,52,6,27,31,3,0.27476,0.303249
Danny Jansen,TEX,295,255,50,10,31,34,4,0.298305,0.360784
Cayden Wallace,WSN,488,446,104,9,51,31,6,0.289528,0.35426
Rafael Marchán,PHI,209,185,43,3,19,17,4,0.307692,0.340541
Trei Cruz,DET,484,422,96,9,61,56,2,0.318841,0.353081
Jonah Bride,TEX,378,323,70,7,38,45,6,0.320106,0.331269
Mickey Moniak,COL,423,393,103,18,54,23,4,0.307329,0.468193
Bryan Torres,STL,447,381,102,4,52,52,2,0.355353,0.346457
Kehden Hettiger,PHI,428,382,79,11,42,41,2,0.285047,0.356021
Zach McKinstry,DET,393,350,82,7,46,35,4,0.308673,0.362857
Chad Stevens,COL,480,430,108,12,55,39,7,0.321503,0.402326
Jose Siri,LAA,341,311,61,12,44,22,4,0.255882,0.360129
Javier Rivas,PIT,507,472,111,13,50,16,11,0.2749,0.370763
Dominic Canzone,SEA,432,394,97,15,54,32,3,0.305556,0.411168
Lane Thomas,ATL,429,382,89,12,51,37,5,0.305361,0.395288
Joey Wiemer,CHW,405,363,77,10,44,35,5,0.288889,0.347107
Heriberto Hernández,MIA,462,403,94,17,57,50,5,0.32321,0.411911
Sam Petersen,WSN,247,216,51,5,41,17,9,0.314286,0.375
Nick Goodwin,TOR,403,356,77,10,51,32,10,0.2975,0.342697
Bryan Rincon,PHI,382,337,66,9,57,35,3,0.276596,0.344214
Phillip Glasser,WSN,484,433,114,5,57,39,7,0.33264,0.351039
Bryan Lavastida,ATH,353,316,74,8,39,28,6,0.306818,0.370253
Nick Allen,HOU,429,383,88,3,41,33,3,0.293839,0.300261
Jack Penney,DET,388,343,73,6,41,37,6,0.298969,0.323615
Jared Sundstrom,SEA,478,432,91,11,58,36,8,0.282427,0.356481
Drew Millas,WSN,307,279,66,5,31,24,1,0.297386,0.34767
Andruw Monasterio,BOS,347,307,77,7,43,33,4,0.32853,0.37785
Triston Casas,BOS,387,332,79,15,41,51,3,0.343669,0.424699
Matthew Wood,MIL,376,331,71,5,30,36,6,0.300532,0.299094
Jonathan India,KCR,507,434,104,10,61,55,13,0.339921,0.368664
Cam Devanney,,421,379,86,9,40,32,6,0.295943,0.361478
Alexander Canario,,339,307,71,12,38,28,3,0.300885,0.403909
Cutter Coffey,TOR,482,439,97,13,65,36,5,0.286307,0.359909
Buddy Kennedy,,435,382,95,7,50,41,7,0.328736,0.366492
Allan Castro,BOS,498,448,108,9,54,44,4,0.313253,0.366071
Bill Knight,SEA,479,430,94,5,59,30,15,0.290795,0.304651
Andrew Cossetti,MIN,348,303,60,9,36,36,8,0.298851,0.356436
Jackson Strong,DET,459,413,88,8,54,36,7,0.285403,0.33414
Myles Straw,TOR,368,330,78,3,45,28,1,0.29558,0.318182
Oswaldo Cabrera,NYY,336,301,70,8,42,28,3,0.302395,0.358804
Nick Sogard,BOS,452,396,96,5,57,48,4,0.328889,0.338384
Austin Hays,SDP,405,369,91,13,54,28,4,0.303704,0.420054
Mike Antico,COL,418,377,87,7,49,31,5,0.295673,0.342175
Mason McCoy,SDP,376,337,69,6,41,30,2,0.271505,0.31454
Michael Siani,DET,444,390,82,7,54,42,3,0.289954,0.310256
Colton Ledbetter,STL,507,462,113,9,58,33,5,0.298419,0.365801
Wuilfredo Antunez,PHI,452,418,101,13,56,29,3,0.294248,0.413876
Bryce Johnson,SDP,330,289,66,4,38,28,6,0.308642,0.32526
Corey Joyce,TEX,378,327,75,4,40,40,9,0.328042,0.321101
Jefferson Rojas,NYM,527,475,106,12,65,41,6,0.290323,0.349474
Jackson Appel,CHW,344,294,65,2,39,36,9,0.321637,0.292517
Livan Soto,,427,377,86,5,43,40,4,0.306604,0.307692
Jon Jon Gazdar,STL,475,431,107,1,48,25,17,0.314346,0.301624
Nick Madrigal,TBR,265,241,61,0,26,13,8,0.312977,0.311203
Jonny DeLuca,TBR,355,323,76,9,38,25,5,0.299435,0.380805
Austin Gauthier,LAD,472,404,94,5,57,60,5,0.336864,0.329208
Xavier Isaac,TBR,353,305,70,15,45,41,5,0.328612,0.436066
Willson Contreras,BOS,390,336,81,11,43,36,15,0.339332,0.401786
Daniel Schneemann,CLE,395,353,78,9,44,37,2,0.296954,0.359773
Will Brennan,SFG,371,347,96,6,37,19,3,0.318059,0.394813
Jordan Beck,COL,542,491,126,17,63,47,2,0.322878,0.427699
Cameron Leary,ATH,525,461,105,8,56,48,5,0.305019,0.349241
Devin Mann,,371,328,73,6,40,34,6,0.305405,0.341463
Adrian Placencia,LAA,529,462,93,15,60,52,7,0.290076,0.344156
Michael Helman,TEX,360,327,71,9,48,22,5,0.273743,0.360856
Nick Loftin,KCR,415,362,89,8,48,43,5,0.330918,0.370166
César Salazar,HOU,275,235,49,5,26,24,11,0.307692,0.310638
Jonah Cox,SFG,532,480,109,5,73,34,7,0.287356,0.31875
Michael Massey,KCR,406,375,92,10,40,21,5,0.291358,0.381333
Colby Shade,MIA,446,390,84,4,58,38,15,0.308559,0.307692
Bob Seymour,,458,420,101,19,60,33,3,0.299127,0.428571
Luis Rengifo,SDP,433,397,97,9,44,29,4,0.300926,0.365239
Jase Bowen,SDP,454,414,95,12,54,28,6,0.286031,0.374396
Zach DeLoach,,424,379,87,8,51,39,3,0.304245,0.348285
Abimelec Ortiz,WSN,524,471,111,19,66,43,6,0.305344,0.409766
Matt Vierling,DET,408,369,91,10,49,33,4,0.313726,0.390244
Silas Ardoin,BAL,367,323,66,6,26,37,3,0.290411,0.306502
Marco Dinges,MIL,347,304,67,9,37,33,6,0.305476,0.358553
Victor Robles,SEA,274,242,58,5,32,18,8,0.311111,0.355372
Cooper Bowman,,411,361,79,8,48,36,6,0.29803,0.34072
Jace Avina,NYY,466,414,92,14,52,36,12,0.300429,0.374396
Freddy Fermin,SDP,296,270,62,6,28,19,2,0.283276,0.337037
Rodolfo Durán,SDP,321,293,66,9,36,19,3,0.277603,0.372014
Ben Malgeri,DET,410,370,88,9,57,29,8,0.304878,0.375676
Michael Trautwein,CIN,283,253,49,7,29,24,5,0.275618,0.324111
Forrest Wall,,349,309,71,5,45,31,4,0.306358,0.326861
Justyn-Henry Malloy,TBR,491,416,101,14,60,64,7,0.350305,0.394231
Cody Freeman,TEX,507,469,115,14,61,29,3,0.290514,0.38806
Mark Coley II,MIL,322,289,68,6,35,22,8,0.30625,0.356401
Gage Miller,MIA,452,404,90,5,43,38,8,0.300885,0.306931
Jose Devers,CLE,519,484,108,11,62,27,6,0.271676,0.35124
Marco Luciano,NYY,512,447,96,18,64,60,2,0.308594,0.380313
Yonny Hernández,,386,339,81,2,44,34,5,0.316623,0.300885
Christian Cairo,PHI,420,366,81,3,47,41,8,0.311005,0.306011
Jack Dunn,,366,313,68,4,40,41,6,0.31768,0.29393
Jonah Heim,ATH,356,327,74,8,33,25,1,0.280899,0.342508
Andy Ibáñez,SEA,321,293,71,6,32,23,3,0.302181,0.368601
Luis Matos,MIL,484,447,113,15,60,27,6,0.302277,0.409396
Ryan Campos,STL,413,369,80,2,41,41,2,0.297821,0.298103
Christian Knapczyk,CLE,516,459,105,5,54,42,11,0.306796,0.315904
Brock Jones,TBR,388,339,65,15,48,40,5,0.284974,0.383481
Austin Hedges,CLE,171,148,27,3,12,15,2,0.263473,0.263514
Brett Bateman,TOR,450,393,92,3,48,49,2,0.320628,0.292621
Trevor Hauver,TEX,432,376,84,10,47,49,4,0.31713,0.369681
Adrian Santana,MIA,491,455,111,2,62,28,2,0.288344,0.30989
Aron Estrada,BAL,528,484,121,11,57,34,7,0.306818,0.384298
Rafael Lantigua,,462,402,97,5,58,49,3,0.325328,0.333333
Moisés Ballesteros,LAA,609,547,146,17,65,51,5,0.331691,0.411335
Esteban González,CLE,470,434,104,9,61,25,8,0.291489,0.370968
Tyler Heineman,LAA,154,133,28,2,16,13,4,0.298013,0.300752
Carson DeMartini,PHI,524,473,109,11,63,40,9,0.301527,0.353066
Fenwick Trimble,MIA,380,338,81,6,36,32,7,0.31746,0.363905
Cole Messina,COL,427,388,91,5,35,33,5,0.302108,0.329897
Ralphy Velazquez,CLE,603,551,135,22,80,44,6,0.306799,0.435572
Brandon Lowe,PIT,437,393,92,15,51,37,4,0.304348,0.399491
Steward Berroa,PHI,381,333,72,5,51,37,3,0.297872,0.321321
Bobby Dalbec,,400,358,79,12,45,35,5,0.2975,0.374302
Marcos Castañon,SDP,464,421,95,13,47,34,6,0.290948,0.372922
Sam Kulasingam,KCR,520,460,114,2,61,42,3,0.312377,0.330435
Dylan Campbell,CHW,524,479,107,13,61,37,4,0.282983,0.359081
Matt Gorski,LAD,362,335,75,16,46,21,1,0.268698,0.423881
Chris Williams,,302,265,51,10,32,31,3,0.281457,0.34717
Johanfran Garcia,BOS,257,236,53,9,35,15,4,0.280156,0.368644
Jackson Cluff,CHC,358,311,60,7,42,37,4,0.285311,0.311897
Christian Franklin,BAL,473,413,100,8,58,50,7,0.333333,0.353511
Sam Haggerty,,302,267,64,4,38,27,4,0.316667,0.35206
Tyrone Taylor,CHC,321,294,66,6,38,16,7,0.278997,0.360544
Ahbram Liendo,BOS,506,459,106,4,53,39,4,0.29505,0.298475
Wade Meckler,LAA,431,382,100,4,48,44,2,0.339535,0.353403
Liover Peguero,WSN,485,445,106,12,55,30,3,0.288981,0.377528
Colby Halter,ATH,479,427,101,6,51,42,5,0.310273,0.355972
Spencer Steer,CIN,540,479,115,17,62,52,7,0.322222,0.409186
Ryan Kreidler,MIN,381,329,66,6,41,42,6,0.300792,0.316109
Miguel Rojas,LAD,291,265,63,4,27,19,3,0.294118,0.328302
Tyler Locklear,ARI,516,458,114,14,62,42,13,0.327519,0.40393
Derek Hill,PHI,329,299,68,7,40,22,3,0.285276,0.347826
Griffin Conine,MIA,391,346,78,11,42,39,4,0.309463,0.369942
Charles Leblanc,,341,299,69,7,35,36,4,0.320588,0.347826
Kyle DeBarge,MIN,549,492,106,8,70,47,7,0.291439,0.329268
Shawn Ross,NYM,298,265,48,8,28,27,4,0.265993,0.316981
Murphy Stehly,,270,240,58,5,31,17,10,0.315985,0.358333
Chas McCormick,CHC,322,283,62,8,36,27,5,0.294671,0.34629
Chandler Simpson,TBR,531,491,138,0,68,30,0,0.321224,0.329939
Seaver King,WSN,545,504,120,6,63,27,5,0.282004,0.325397
Chase DeLauter,CLE,221,198,50,6,28,21,0,0.321267,0.409091
Robert Hassell III,PIT,519,474,116,9,58,39,3,0.305609,0.345992
Vidal Bruján,NYM,326,293,67,5,38,26,4,0.298462,0.334471
Nick Schnell,,475,434,97,16,61,32,3,0.27907,0.398618
Joey Bart,CHW,314,274,62,7,30,32,7,0.321656,0.343066
Carlos Cortes,ATH,379,341,81,10,42,33,2,0.306069,0.387097
Heston Kjerstad,BAL,397,360,87,12,46,26,8,0.304786,0.402778
Nolan Arenado,ARI,379,345,84,8,36,26,4,0.300792,0.368116
Wenceel Pérez,DET,446,401,96,11,57,36,4,0.305618,0.391521
Connor Burns,CIN,333,300,53,11,31,25,2,0.242424,0.333333
Cole Conn,ATH,324,288,62,4,33,28,6,0.296296,0.315972
Grae Kessinger,PIT,343,301,65,6,43,35,3,0.30117,0.322259
Yoán Moncada,LAA,321,285,64,10,35,31,4,0.308411,0.385965
Ronny Simon,PIT,456,407,105,8,58,38,3,0.323009,0.380835
Victor Arias,TOR,508,461,110,9,67,38,7,0.305118,0.362256
Collin Price,HOU,377,338,71,12,38,31,5,0.28382,0.363905
Nick Raposo,SEA,294,268,56,4,26,22,2,0.273038,0.30597
Echedry Vargas,MIA,413,389,91,11,54,15,5,0.270073,0.377892
Dante Nori,PHI,602,534,127,4,60,51,4,0.305882,0.327715
Austin Shenton,,402,355,74,11,43,42,3,0.29602,0.35493
Nick Morabito,NYM,516,468,114,5,62,39,7,0.310078,0.333333
Zyhir Hope,DET,557,498,111,14,71,53,5,0.303411,0.363454
Teoscar Hernández,LAD,461,425,106,17,51,28,5,0.301518,0.423529
Jose Trevino,CIN,253,235,53,4,24,14,1,0.269841,0.319149
Ethan Anderson,BAL,389,352,83,5,33,31,2,0.298201,0.332386
Izaac Pacheco,DET,476,427,89,14,62,44,2,0.283613,0.360656
Carlos Pérez,DET,312,279,58,10,33,25,5,0.282051,0.369176
Nick Fortes,TBR,288,259,57,6,29,18,6,0.284211,0.324324
Endy Rodríguez,PIT,407,366,90,10,57,35,3,0.314496,0.401639
Jake Bauers,MIL,325,281,61,14,38,40,3,0.32,0.423488
Ali Sánchez,NYY,267,243,54,5,25,18,2,0.279245,0.325103
Tim Tawa,ARI,434,390,86,11,48,36,4,0.290993,0.353846
Luke Waddell,ATL,432,383,93,2,42,37,5,0.313953,0.315927
Edwin Arroyo,CIN,568,519,134,5,59,32,7,0.306195,0.344894
Jonathan Ornelas,MIL,459,413,89,8,46,37,6,0.28821,0.309927
Nate George,BAL,431,389,96,6,67,28,5,0.304965,0.372751
Ethan Salas,SDP,446,396,79,3,36,40,3,0.274775,0.287879
Ricardo Genovés,,262,237,49,6,25,19,4,0.274809,0.329114
Jancel Villarroel,SFG,459,414,97,7,50,30,12,0.302832,0.338164
Luke Raley,SEA,330,286,63,10,37,25,15,0.314024,0.377622
Max Kepler,ARI,362,321,73,11,43,34,4,0.30663,0.383178
Payton Henry,PHI,271,247,55,8,30,16,7,0.287823,0.352227
Matthew Etzel,MIA,440,391,96,8,51,43,2,0.320455,0.370844
David Villar,,379,335,72,11,44,38,4,0.300792,0.358209
Shane McGuire,ATH,328,287,62,4,30,34,4,0.306748,0.296167
Hunter Feduccia,LAD,353,309,69,7,38,40,1,0.311615,0.352751
Austin Martin,MIN,369,317,79,3,41,40,8,0.346049,0.334385
Brewer Hicklen,ATL,375,331,69,12,48,33,9,0.296,0.36858
Noah Miller,LAD,511,473,107,7,57,32,2,0.276471,0.317125
Gregory Barrios,TBR,434,403,99,1,49,20,5,0.287037,0.297767
Josh Adamczewski,MIL,359,317,72,6,45,31,5,0.300836,0.353312
Braedon Karpathios,SDP,524,464,100,13,58,55,3,0.301527,0.357759
Ariel Armas,CHC,386,352,73,5,27,27,6,0.274611,0.303977
Émilien Pitre,NYM,526,472,108,7,56,43,5,0.296578,0.336864
Freuddy Batista,HOU,320,295,67,8,33,16,8,0.284375,0.376271
Peyton Wilson,KCR,459,406,95,8,51,42,6,0.31291,0.35468
Salvador Perez,KCR,470,435,104,16,38,22,9,0.287234,0.4
Héctor Rodríguez,CIN,588,553,143,18,81,28,3,0.296422,0.412297
Mike Trout,LAA,378,318,69,14,46,52,5,0.333333,0.393082
Hendry Mendez,MIN,526,459,118,7,62,53,7,0.339695,0.363834
Riley Tirotta,,424,376,85,11,46,41,5,0.308962,0.37234
Ildemaro Vargas,ARI,316,292,72,3,27,17,3,0.292994,0.335616
Paul DeJong,,335,304,60,12,34,22,5,0.259701,0.351974
Thairo Estrada,,368,343,82,8,41,15,7,0.282609,0.358601
Ryan Cermak,TBR,187,168,35,5,23,13,5,0.283422,0.357143
Yunior Severino,,440,392,88,12,43,42,3,0.302273,0.364796
Gustavo Campero,LAA,352,309,75,8,44,26,13,0.325714,0.391586
Hayden Cantrelle,CHC,376,321,62,4,40,42,7,0.299191,0.283489
Trenton Brooks,HOU,390,338,74,9,45,43,3,0.309278,0.35503
Chase Jaworsky,MIA,347,305,66,4,39,26,12,0.301449,0.314754
Axiel Plaz,PIT,329,299,64,11,33,22,5,0.276596,0.371237
Jared Young,NYM,377,329,75,12,44,37,7,0.316489,0.392097
A.J. Vukovich,ARI,507,468,112,15,58,34,3,0.293886,0.391026
Cristian Pache,NYM,317,284,61,5,29,28,2,0.288889,0.316901
Tyler O'Neill,BAL,328,288,65,13,39,33,4,0.310976,0.399306
Logan Porter,LAA,306,267,57,5,31,32,4,0.304918,0.310861
César Prieto,STL,487,453,116,7,55,23,6,0.299587,0.366446
Canyon Brown,KCR,294,258,56,3,35,20,6,0.285714,0.302326
Tai Peete,STL,593,550,125,14,63,38,1,0.277027,0.369091
Matt Koperniak,,462,422,102,10,49,34,3,0.300866,0.35782
Rosman Verdugo,SDP,550,489,97,16,62,51,7,0.282332,0.343558
Yohandy Morales,WSN,512,465,115,11,64,40,4,0.310547,0.382796
Jurickson Profar,ATL,414,357,88,10,50,47,6,0.341404,0.389356
Ivan Johnson,CIN,357,318,69,10,45,32,5,0.296919,0.371069
Willi Castro,COL,439,388,98,10,58,36,12,0.333333,0.399485
Jay Thomason,MIN,259,227,45,7,31,26,4,0.289575,0.343612
Rikuu Nishida,CHW,495,424,103,0,67,49,10,0.334711,0.28066
BJ Murray Jr.,CHC,480,420,91,12,50,54,4,0.310417,0.35
Korey Lee,CHW,341,318,73,10,41,21,2,0.281525,0.374214
Jacob Amaya,,406,362,80,7,45,37,2,0.293827,0.325967
Brooks Brannon,BOS,403,379,90,10,44,23,1,0.282878,0.366755
Noah Myers,TBR,421,360,76,7,49,51,3,0.3125,0.316667
Maui Ahuna,SFG,292,262,57,4,40,21,6,0.289655,0.351145
Davis Wendzel,,382,342,72,9,37,31,7,0.287958,0.333333
Matt Suggs,,182,165,31,3,20,13,3,0.258242,0.29697
Ryan Lasko,ATH,465,415,87,6,45,39,8,0.288172,0.301205
Will Bush,HOU,458,402,82,15,48,46,9,0.299127,0.360697
John Gil,ATL,538,486,111,7,73,44,4,0.296642,0.323045
Jakson Reetz,SEA,275,244,45,8,26,21,9,0.272727,0.327869
Lenyn Sosa,TOR,507,476,120,17,52,23,3,0.289109,0.407563
Jair Camargo,ATL,309,289,62,9,29,16,3,0.262136,0.356401
Jesús  Báez,STL,480,441,102,14,57,32,4,0.2875,0.362812
Brett Callahan,DET,294,268,62,9,37,16,7,0.290102,0.38806
Sabin Ceballos,SFG,491,438,100,7,50,39,9,0.303279,0.321918
Elih Marrero,KCR,159,145,31,2,16,13,1,0.283019,0.303448
Jose Ramos,NYM,464,419,91,16,52,37,4,0.284483,0.377088
James Triantos,CHC,512,470,116,7,64,31,6,0.298828,0.346809
Matt Mervis,,410,371,83,16,48,31,5,0.290244,0.407008
Ryan Fitzgerald,LAD,321,286,61,8,33,27,5,0.290625,0.36014
Austin Charles,KCR,402,363,81,7,43,26,5,0.280702,0.333333
Wes Clarke,,460,393,85,18,49,59,5,0.323913,0.40458
Christian Vázquez,HOU,237,217,47,4,19,15,2,0.271186,0.308756
Aaron Schunk,,399,369,86,7,43,23,2,0.279597,0.349593
Deyvison De Los Santos,MIA,528,490,120,18,62,31,5,0.295455,0.393878
Alex Verdugo,,413,374,91,8,49,32,2,0.303398,0.36631
Cooper Kinney,TBR,516,480,114,13,54,30,3,0.284884,0.372917
Luis Urías,TOR,378,329,78,8,36,36,10,0.328042,0.355623
Tristan Peters,CHW,499,447,106,9,59,44,4,0.309237,0.362416
Maxwell Romero Jr.,WSN,322,290,57,8,24,21,5,0.260188,0.324138
Brendan Rodgers,BOS,367,335,81,7,39,27,3,0.302452,0.364179
Jhonny Pereda,SEA,274,243,56,3,23,28,1,0.311355,0.312757
Billy Cook,PIT,433,389,91,10,46,32,6,0.3,0.372751
Nathaniel Lowe,CLE,527,469,116,16,55,53,3,0.326376,0.394456
Noah Mendlinger,STL,459,398,98,1,50,39,15,0.334066,0.306533
Griff O'Ferrall,BAL,518,468,106,3,51,39,4,0.290448,0.294872
Jon Berti,,286,257,59,3,31,23,3,0.298246,0.303502
Ezequiel Duran,TEX,389,359,87,9,45,23,4,0.293814,0.37883
Mac Horvath,TBR,463,412,91,14,66,43,2,0.293736,0.36165
Harold Castro,,333,308,78,8,31,16,2,0.292683,0.383117
Maverick Handley,ATL,276,239,49,3,26,26,6,0.296703,0.288703
Woody Hadeen,DET,500,445,97,6,68,35,20,0.304,0.301124
Diego Castillo,TEX,395,351,85,6,44,39,2,0.318987,0.350427
Onil Perez,SFG,334,298,69,2,33,29,4,0.305389,0.305369
Jorge Mateo,TBR,317,292,64,6,40,18,2,0.266667,0.35274
Andrew Vaughn,MIL,532,481,119,19,51,41,6,0.31203,0.422037
Kervin Pichardo,WSN,422,383,82,10,41,27,6,0.27512,0.336815
Ryan O'Hearn,PIT,409,363,91,10,44,39,4,0.327628,0.385675
Josh Rivera,TOR,424,380,77,7,42,38,2,0.277251,0.297368
Isan Díaz,,265,234,50,9,29,26,2,0.296578,0.367521
Jean Carlos Sió,SFG,525,476,112,6,66,36,10,0.302103,0.331933
Jared Serna,MIA,523,475,110,9,63,36,8,0.295019,0.341053
Spencer Packard,SEA,437,386,91,6,41,41,8,0.320366,0.334197
Guy Lipscomb,,407,367,86,5,48,32,3,0.299505,0.332425
Juan Flores,LAA,424,387,82,11,45,17,11,0.263789,0.335917
Jack Winkler,ATH,403,367,75,7,41,27,6,0.268657,0.307902
Adolis García,PHI,438,398,92,16,50,30,5,0.289954,0.404523
Tyler Gentry,,421,376,85,10,45,35,6,0.3,0.367021
David McCabe,ATL,481,428,102,11,47,48,1,0.313929,0.366822
Avery Owusu-Asiedu,ARI,451,403,91,8,56,36,5,0.295302,0.347395
Mike Tauchman,,319,276,61,6,38,37,4,0.319749,0.336957
Jim Jarvis,ATL,419,386,92,2,55,23,8,0.293556,0.316062
Cody Milligan,,398,354,80,3,44,36,3,0.300505,0.316384
Adrian Pinto,TOR,127,113,25,4,20,9,3,0.296,0.362832
Ben Rortvedt,LAD,281,246,50,5,26,25,5,0.28777,0.308943
Brendan Durfee,SDP,365,331,67,7,30,24,8,0.271233,0.317221
Carlos Linarez,,175,161,33,3,14,10,1,0.254335,0.298137
Niko Kavadas,LAA,472,403,81,17,50,56,10,0.311441,0.37469
Taylor Walls,TBR,344,303,64,5,41,35,1,0.292398,0.316832
Carlos Sanchez,CIN,523,460,108,7,53,46,2,0.305882,0.330435
TJ Rumfield,COL,499,445,119,12,59,42,8,0.338677,0.408989
Gilberto Celestino,,387,345,81,4,42,39,3,0.317829,0.313043
Kody Hoese,,402,366,84,9,42,30,3,0.291045,0.357924
Ryan Jackson,SDP,538,473,102,5,46,53,7,0.302804,0.287526
Raylin Heredia,PHI,283,263,66,10,36,13,3,0.29078,0.425856
Weston Eberly,,114,98,16,1,9,10,3,0.258929,0.22449
Jake Burger,TEX,437,403,94,19,48,24,7,0.286041,0.426799
Scott Bandura,SFG,506,453,107,7,70,42,7,0.308911,0.342163
Richie Martin Jr.,,335,300,63,2,39,22,9,0.283133,0.296667
Jax Biggers,HOU,363,314,65,3,36,40,2,0.298883,0.283439
Julian Brock,TEX,342,316,69,4,37,19,4,0.269006,0.313291
Joe Lampe,,466,419,93,7,49,36,5,0.290043,0.336516
Ramón Rodríguez,MIL,245,220,50,4,20,17,4,0.290984,0.318182
Abraham Toro,KCR,410,371,90,9,43,32,4,0.307317,0.38814
Troy Johnston,COL,441,399,104,10,50,31,9,0.326531,0.408521
Stuart Fairchild,SEA,303,265,57,7,38,25,8,0.3,0.354717
Turner Hill,SFG,384,341,81,1,40,30,6,0.307895,0.313783
Ismael Munguia,TOR,370,331,83,5,46,22,11,0.31694,0.344411
Kenedy Corona,NYY,443,397,85,9,49,36,5,0.286364,0.329975
Conner Capel,COL,381,341,80,8,38,36,2,0.309711,0.366569
Drew Romo,CHW,369,339,77,8,36,21,4,0.277929,0.345133
Josh Kasevich,TOR,422,385,96,3,42,30,4,0.308057,0.316883
Ryan Mountcastle,BAL,414,382,97,13,43,24,3,0.299517,0.41623
Dane Myers,CIN,358,324,79,9,40,27,5,0.310056,0.37037
Ripken Reyes,,392,324,68,3,42,30,20,0.31383,0.29321
Donovan Walton,ATH,367,328,76,5,40,28,5,0.299451,0.323171
Druw Jones,ARI,576,524,122,4,67,42,3,0.290941,0.320611
Jhonkensy Noel,,496,457,104,22,58,29,8,0.284274,0.417943
Dylan Moore,PHI,289,251,53,10,37,29,7,0.307958,0.390438
Corey Julks,DET,405,367,89,9,50,33,3,0.308642,0.378747
Blake Hunt,SDP,300,272,58,7,28,21,5,0.28,0.345588
Greg Allen,,274,241,51,4,30,16,11,0.288889,0.319502
Blaine Crim,,488,435,113,15,58,42,6,0.329918,0.427586
Lourdes Gurriel Jr.,ARI,432,398,102,11,43,25,5,0.305556,0.394472
Christopher Morel,NYM,451,401,92,17,53,43,4,0.308889,0.411471
José Rodríguez,,376,355,89,8,47,17,2,0.287234,0.369014
Ronaiker Palma,,235,216,54,1,22,14,2,0.300429,0.310185
Reese McGuire,,252,231,50,6,21,14,2,0.264,0.329004
Devin Saltiban,PHI,422,386,81,14,56,25,9,0.272512,0.367876
Garrett Stubbs,PHI,251,223,49,4,30,20,4,0.294355,0.318386
Carlos Rodríguez,SDP,512,463,114,5,50,41,2,0.308448,0.328294
Felnin Celesten,SEA,507,467,107,8,58,35,2,0.284024,0.340471
Payton Eeles,BAL,438,379,90,3,56,37,17,0.329519,0.313984
Sammy Hernandez,STL,408,357,73,3,39,30,13,0.288557,0.266106
Connor Charping,SEA,239,206,46,1,27,23,8,0.322176,0.271845
Caleb Ricketts,PHI,302,280,65,6,31,16,5,0.284768,0.339286
Romy Gonzalez,BOS,337,312,80,8,41,18,3,0.299703,0.407051
Javier Vaz,KCR,483,418,100,4,57,43,6,0.317697,0.320574
Charlie Condon,COL,463,411,101,13,47,37,12,0.323974,0.399027
Will Taylor,PIT,434,385,86,10,59,34,11,0.303241,0.371429
Tucker Flint,LAA,483,423,90,14,59,48,8,0.303534,0.36643
Austin Slater,,259,225,51,5,33,27,4,0.317829,0.346667
Tristan Gray,MIN,387,353,77,11,41,26,4,0.277202,0.376771
Callan Moss,PIT,544,484,117,11,65,50,6,0.318015,0.382231
Sam Hilliard,,363,323,73,10,44,35,1,0.301105,0.396285
Leo Balcazar,CIN,591,536,132,14,67,39,7,0.303754,0.365672
Jace Bohrofen,TOR,423,377,77,13,46,39,6,0.288416,0.3687
Dayan Frias,CLE,478,424,89,7,47,45,4,0.289916,0.306604
Rodolfo Castro,,452,406,89,13,49,36,7,0.292035,0.364532
Nick Solak,SDP,374,335,83,7,44,30,7,0.320856,0.361194
Chase Strumpf,,385,331,63,9,41,45,6,0.296875,0.317221
Óscar Mercado,,365,322,73,6,41,31,5,0.301105,0.341615
Euribiel Angeles,ATH,503,468,120,5,47,25,4,0.298597,0.344017
Francisco Urbaez,CIN,385,347,88,5,42,29,4,0.315104,0.363112
Levi Jordan,WSN,375,342,79,5,41,23,7,0.291444,0.327485
Hyeseong Kim,LAD,372,347,78,7,43,17,5,0.27027,0.334294
Devonte Brown,,377,331,68,10,41,39,5,0.297082,0.34139
Peyton Graham,DET,396,357,78,5,46,29,8,0.291139,0.313726
Hunter Stovall,,369,343,78,5,38,20,2,0.27248,0.314869
Kellen Strahm,,402,356,79,5,44,40,2,0.301746,0.303371
Jorge Burgos,,445,405,86,17,47,33,4,0.276405,0.392593
Gavin Cross,KCR,471,433,99,13,56,31,3,0.282979,0.378753
Yordys Valdes,,416,385,82,7,43,21,3,0.257908,0.316883
Alejo Lopez,KCR,412,367,92,3,40,33,9,0.326034,0.326975
Josh Bell,MIN,431,376,92,13,41,48,4,0.334107,0.398936
Braden Shewmake,HOU,369,338,72,7,41,23,3,0.26703,0.328402
Hudson Haskin,,327,283,60,5,33,26,13,0.305556,0.318021
Will Wilson,SEA,410,369,75,8,41,30,4,0.269136,0.311653
Tavian Josenberger,BAL,343,293,58,7,40,36,2,0.288288,0.320819
Damon Dues,,208,179,41,1,25,26,1,0.328502,0.301676
Anthony Santander,TOR,438,389,87,19,46,41,5,0.303653,0.419023
Tyler Freeman,COL,411,357,95,5,51,32,17,0.352078,0.369748
Jordan Groshans,ATL,405,368,88,4,38,32,3,0.303704,0.3125
Jacob Hurtubise,MIL,347,282,58,2,48,38,16,0.330383,0.280142
Jeferson Morales,,352,314,74,6,37,27,9,0.3125,0.366242
Joc Pederson,TEX,302,260,57,11,33,33,7,0.321192,0.392308
Brian Navarreto,MIA,238,219,46,4,23,14,2,0.260504,0.310502
Ethan O'Donnell,MIA,485,427,99,9,56,36,8,0.301053,0.348946
Luis Castro,,360,328,76,10,43,24,6,0.294444,0.390244
Nick Mitchell,WSN,392,346,78,3,48,35,6,0.303571,0.309249
Aaron Parker,TOR,295,272,59,8,31,17,5,0.274576,0.363971
Zac Veen,COL,455,409,104,12,53,37,4,0.320088,0.410758
Kyle Higashioka,TEX,225,207,43,6,19,14,1,0.257778,0.338164
Ben McLaughlin,ARI,415,363,85,6,36,45,4,0.323671,0.344353
Derek Berg,PIT,347,305,57,6,34,31,6,0.272464,0.301639
Terrin Vavra,,323,283,69,3,36,28,3,0.31746,0.332155
Daniel Johnson,,368,338,79,10,44,23,4,0.288043,0.378698
Anthony Prato,,384,329,76,3,43,40,11,0.332461,0.331307
Cade Marlowe,LAA,365,325,79,9,45,33,4,0.317808,0.387692
Gary Sánchez,MIL,255,226,45,10,25,21,6,0.282353,0.367257
George Springer,TOR,410,361,86,12,53,42,5,0.32439,0.385042
Connor Kaiser,KCR,344,300,57,5,34,35,3,0.280236,0.296667
Christian Walker,HOU,428,382,82,15,44,36,6,0.28972,0.382199
Vimael Machín,COL,383,349,88,8,37,29,2,0.310705,0.383954
Yasmani Grandal,,217,191,42,4,15,22,2,0.305556,0.319372
Rudy Martin Jr.,TOR,333,291,68,5,39,28,3,0.306502,0.340206
Chris Meyers,DET,399,363,84,11,47,28,7,0.298246,0.371901
Cameron Sisneros,HOU,375,329,76,9,31,34,9,0.317333,0.361702
Luca Tresh,KCR,347,314,72,10,33,26,2,0.289855,0.382166
David Bañuelos,MIN,129,116,22,3,12,10,2,0.265625,0.310345
Emmanuel Rivera,,350,320,78,5,32,23,4,0.3,0.34375
Eddie Micheletti Jr.,LAA,471,407,83,12,43,50,10,0.303609,0.358722
Taylor Young,LAD,486,432,96,3,54,45,7,0.304527,0.296296
Elijah Green,WSN,440,407,83,15,62,30,3,0.263636,0.363636
Keith Jones II,TEX,507,447,102,13,45,52,4,0.312871,0.380313
Ben Gobbel,LAA,444,410,96,12,49,22,9,0.28733,0.373171
Mauricio Dubón,ATL,361,336,86,5,42,18,2,0.295265,0.360119
Erick Brito,PHI,401,360,81,2,39,25,6,0.285714,0.291667
Cam Collier,CIN,502,446,104,13,58,48,5,0.312749,0.374439
Caleb Lomavita,WSN,423,388,88,5,36,16,15,0.281324,0.31701
Chase Davis,STL,487,435,93,8,49,44,6,0.293635,0.310345
Keibert Ruiz,WSN,380,354,87,9,33,19,5,0.292105,0.367232
Capri Ortiz,LAA,485,439,100,6,57,30,7,0.287212,0.318907
Scott Kingery,,341,310,61,7,34,24,2,0.257396,0.312903
Christian Yelich,MIL,448,394,93,12,56,50,3,0.325893,0.370558
Blaze Jordan,STL,538,499,124,13,60,31,5,0.297398,0.38477
Charlie Pagliarini,SEA,482,430,80,12,48,46,5,0.271784,0.330233
Jarred Kelenic,NYY,459,417,97,12,50,39,1,0.298475,0.378897
Max Schuemann,NYY,370,315,69,5,43,40,8,0.319672,0.31746
Noelvi Marte,CIN,484,444,115,16,62,32,5,0.31405,0.423423
Jake Fraley,TBR,322,286,67,6,36,30,5,0.31677,0.342657
Nick Maton,,343,297,63,9,36,38,5,0.309942,0.353535
Jesse Winker,,325,273,61,7,33,44,5,0.339506,0.347985
David García,MIL,284,249,47,1,26,26,8,0.285211,0.24498
Max Stassi,,232,205,40,4,19,22,4,0.284483,0.292683
Rhys Hoskins,CLE,362,313,68,12,36,41,4,0.312155,0.383387
Clay Dungan,SDP,457,401,82,6,49,42,6,0.286976,0.309227
Braylen Wimmer,COL,529,480,126,11,63,30,10,0.316794,0.389583
Alan Trejo,,353,324,72,8,38,20,4,0.274286,0.354938
Bryan Reynolds,PIT,532,475,115,13,54,47,7,0.317669,0.383158
Jose Torres,,393,361,82,9,45,23,4,0.278772,0.351801
Zack Short,NYM,390,333,60,8,41,48,4,0.28866,0.294294
Eric Wagaman,NYM,442,406,105,10,49,31,2,0.312217,0.401478
Ian Moller,TEX,353,315,57,4,27,35,1,0.264205,0.263492
Weston Wilson,SEA,353,315,68,11,44,33,2,0.292614,0.368254
Justin Dean,CHC,373,332,69,4,45,34,5,0.289544,0.298193
José Azócar,ATL,337,311,76,4,41,18,4,0.292537,0.340836
Danny Serretti,ARI,359,320,67,4,35,31,4,0.284916,0.3
Josh Crouch,,293,269,56,7,27,18,5,0.269625,0.330855
Nelson Quiroz,LAD,231,215,55,2,23,14,1,0.30303,0.334884
Pascanel Ferreras,HOU,468,426,94,8,45,34,7,0.288462,0.342723
Dixon Machado,,322,282,57,3,26,32,3,0.288401,0.262411
Graysen Tarlow,STL,209,181,41,2,16,18,5,0.309179,0.281768
David Calabrese,TOR,466,420,87,12,47,35,3,0.272331,0.338095
Will Banfield,CIN,344,321,71,8,34,16,3,0.261628,0.34891
Oscar Gonzalez,,382,362,91,10,40,15,2,0.282723,0.400552
Cade Hunter,CIN,345,308,61,7,36,29,6,0.27907,0.298701
Blake Sabol,TBR,330,292,62,8,34,30,5,0.294833,0.342466
Poncho Ruiz,MIN,352,313,67,1,33,35,2,0.295455,0.29393
Austin Wynns,CHC,122,111,25,2,10,8,1,0.280992,0.333333
Andruw Musett,BOS,418,379,83,7,38,32,4,0.284689,0.313984
Rafael Ortega,,313,273,56,5,33,34,1,0.291667,0.311355
Eguy Rosario,,385,348,72,11,42,32,3,0.277922,0.362069
Pedro Pineda,ATH,378,346,77,10,35,26,3,0.281167,0.367052
Kevin Made,WSN,430,389,85,4,39,29,5,0.279343,0.29563
Clark Elliott,ATH,447,384,84,8,49,48,11,0.320628,0.335938
MJ Melendez,NYM,487,442,99,19,59,39,3,0.289528,0.411765
Caleb Cali,SEA,467,420,84,13,48,40,4,0.27409,0.342857
D'Andre Smith,NYM,396,367,90,7,42,20,8,0.29798,0.362398
J.T. Arruda,TBR,361,322,66,4,36,31,2,0.27809,0.28882
Yanquiel Fernández,NYY,500,464,107,16,55,30,3,0.28,0.381466
Ben Hartl,CHW,347,301,61,2,37,18,25,0.299712,0.272425
Dakota Harris,STL,465,430,104,7,54,18,9,0.285403,0.334884
José Barrero,BAL,369,337,68,11,38,22,7,0.262873,0.350148
Jimmy Herron,,370,332,74,7,41,29,5,0.292683,0.331325
Zane Zielinski,SFG,489,437,91,2,56,33,11,0.278926,0.258581
Zach Dezenzo,HOU,317,288,70,10,43,24,3,0.305994,0.399306
Darren Baker,,420,379,94,1,48,32,1,0.306763,0.300792
Dru Baker,CHW,423,385,95,5,48,28,6,0.307143,0.332468
Masataka Yoshida,BOS,348,314,84,7,35,25,6,0.33046,0.394904
Connor Wong,BOS,314,285,68,7,35,22,4,0.300319,0.37193
Orelvis Martinez,,465,417,85,18,48,37,7,0.277419,0.383693
Jason Delay,BOS,243,224,50,2,19,14,3,0.276859,0.303571
Eduardo Valencia,DET,406,369,90,16,49,28,4,0.301235,0.420054
Sergio Alcántara,,395,346,76,3,42,42,2,0.305344,0.297688
John Spikerman,NYM,276,243,49,2,26,24,6,0.288321,0.283951
Trent Farquhar,,363,313,67,1,38,38,7,0.311978,0.27476
Jose Altuve,HOU,430,389,95,11,50,35,4,0.311628,0.375321
Blake Rambusch,SEA,385,341,78,0,53,34,7,0.309896,0.278592
Richie Palacios,TBR,359,313,70,5,42,38,4,0.312849,0.319489
Ryan McCrystal,CIN,363,331,76,4,37,17,4,0.274788,0.335347
Will Robertson,BAL,403,365,80,15,47,31,5,0.287841,0.405479
Tim Locastro,,324,278,60,4,42,20,16,0.303797,0.320144
Trey Lipscomb,WSN,470,439,106,7,47,26,2,0.285714,0.341686
Will Simpson,TBR,495,450,104,14,52,38,2,0.291498,0.377778
Ryan Cesarini,CLE,462,409,90,5,47,39,9,0.298701,0.317848
Bryan Broecker,TBR,245,210,37,2,21,29,3,0.283951,0.233333
Duke Ellis,NYY,307,275,61,4,39,22,3,0.285714,0.32
Dub Gleed,TOR,321,280,65,3,26,32,7,0.325,0.317857
Cam Eden,,351,317,64,4,34,24,6,0.269341,0.290221
Luke Maile,KCR,135,117,25,2,11,14,2,0.30597,0.307692
Christian Arroyo,,262,242,57,5,27,15,3,0.28626,0.347107
Marcell Ozuna,,439,380,89,14,44,54,2,0.330296,0.389474
Max Holy,HOU,412,361,68,3,46,45,3,0.281553,0.249307
David Hensley,,353,306,65,6,47,44,1,0.3125,0.333333
Luis Guillorme,,305,269,58,1,24,33,1,0.302632,0.271375
René Pinto,,279,261,55,10,31,14,2,0.25448,0.37931
Andrew Knizner,SFG,253,224,49,3,25,19,7,0.297619,0.299107
Stephen Scott,,288,258,53,7,32,25,3,0.28125,0.337209
Miguel Bleis,BOS,495,456,99,13,57,32,6,0.276768,0.35307
Tomás Nido,BOS,236,219,49,5,23,10,2,0.262931,0.324201
Max Wagner,TEX,412,373,78,6,39,31,4,0.27561,0.316354
Josh Rojas,KCR,330,292,66,4,35,33,1,0.303951,0.328767
Jason Schiavone,HOU,306,260,40,5,41,34,11,0.277778,0.253846
Gio Urshela,,312,286,71,4,26,21,1,0.299035,0.34965
Kemp Alderman,MIA,538,498,129,17,63,31,5,0.306691,0.415663
Rayne Doncon,,334,305,65,8,31,26,1,0.275449,0.357377
Tanner Schobel,MIN,458,411,91,9,51,40,4,0.29476,0.3382
Greg Jones,CHC,343,310,60,8,40,25,6,0.266082,0.316129
Yuli Gurriel,SDP,0,0,0,0,0,0,0,0,0
Carlos Santana,,0,0,0,0,0,0,0,0,0
Justin Turner,,0,0,0,0,0,0,0,0,0
Shane Sasaki,CIN,382,341,81,3,41,30,3,0.303191,0.319648
Yohel Pozo,BAL,295,283,72,7,29,9,1,0.277966,0.385159
C.J. Stubbs,TOR,279,245,42,7,31,23,9,0.266187,0.302041
Brian Serven,ATH,248,221,44,3,22,21,4,0.278226,0.276018
Ryan Noda,BAL,394,325,59,11,44,58,9,0.320611,0.323077
Rio Foster,LAA,414,365,81,10,46,38,10,0.311594,0.367123
Sterlin Thompson,COL,489,437,111,12,58,37,12,0.327198,0.405034
Payton Green,MIA,419,377,88,6,39,30,6,0.296651,0.339523
Travis d'Arnaud,LAA,210,192,38,5,19,13,4,0.261905,0.328125
Kristian Robinson,ARI,469,415,92,10,50,48,4,0.307036,0.346988
Carlos Rojas,,287,257,56,2,22,19,4,0.279152,0.276265
Hayden Senger,NYM,264,239,48,4,24,15,5,0.260536,0.292887
Jake Fox,CLE,434,388,82,5,49,42,1,0.288018,0.314433
Jose Cordova,COL,318,283,66,4,33,28,4,0.310127,0.332155
Aramis Garcia,ARI,236,213,41,5,22,17,4,0.262712,0.295775
Calvin Harris,CHW,336,310,68,3,37,22,2,0.27381,0.293548
Tim Elko,CHW,471,437,104,17,51,28,4,0.288747,0.398169
Colin Tuft,BAL,299,261,52,3,31,28,8,0.296296,0.291188
Dasan Brown,,425,379,77,7,52,32,9,0.280285,0.311346
Pavin Smith,ARI,358,312,73,10,40,42,1,0.324022,0.387821
Eli Wilson,,150,136,27,4,14,9,2,0.256757,0.316176
Yasmil Bucce,BAL,423,367,74,11,42,46,7,0.300236,0.343324
Matt Thaiss,HOU,263,225,48,4,22,33,3,0.319392,0.315556
Zander Darby,SFG,342,301,63,7,38,29,5,0.284457,0.328904
Dustin Dickerson,KCR,443,384,80,4,44,48,5,0.302961,0.270833
Edward Duran,TOR,435,394,86,5,45,30,8,0.285057,0.307107
Cooper Hummel,,342,291,64,8,41,43,6,0.330409,0.367698
Francisco Mejía,,269,253,58,6,30,13,1,0.267658,0.351779
Geovanny Planchart,TOR,260,230,44,2,23,26,2,0.276923,0.265217
Tomas Frick,,236,208,44,4,24,18,7,0.292373,0.317308
Malcom Nuñez,,409,370,89,7,40,28,5,0.298288,0.351351
Justin Johnson,KCR,368,330,69,5,36,27,6,0.278689,0.3
Mark Kolozsvary,PHI,108,96,17,3,10,8,4,0.268519,0.3125
Keyber Rodriguez,TEX,472,436,97,4,48,26,4,0.270789,0.302752
Slade Caldwell,ARI,582,502,107,3,78,65,11,0.314974,0.302789
Drew Swift,ATH,412,366,83,1,42,33,3,0.295285,0.284153
Nick Dunn,,374,338,81,6,39,30,3,0.30563,0.343195
Carter Dorighi,SEA,509,471,106,1,59,29,6,0.277014,0.29724
LaMonte Wade Jr.,HOU,322,268,57,7,36,45,4,0.33125,0.33209
Hunter Bishop,,379,346,78,6,44,22,6,0.281167,0.33815
Mitch Jebb,PIT,496,444,110,0,48,41,2,0.311609,0.297297
Andre Lipcius,,443,399,93,12,47,37,4,0.302483,0.370927
Keston Hiura,,392,348,76,16,44,31,11,0.30102,0.399425
E.J. Exposito,DET,437,400,86,11,46,27,5,0.270642,0.3475
Sam Ruta,KCR,337,302,62,6,28,29,3,0.278932,0.331126
Moisés Gómez,,428,392,83,13,43,29,4,0.271028,0.367347
Omar Martinez,LAA,422,378,79,13,44,39,3,0.28673,0.351852
Marco Vargas,NYM,493,441,96,2,60,46,2,0.292089,0.272109
Blake Burke,MIL,570,515,126,15,53,45,6,0.310526,0.380583
Jeron Williams,,285,264,59,4,27,16,3,0.273684,0.325758
Jonah Advincula,CLE,395,339,73,4,43,44,6,0.314578,0.306785
Luke Ritter,,413,366,73,10,43,38,8,0.288136,0.327869
Sammy Siani,SEA,442,399,84,6,47,36,2,0.277904,0.308271
Bligh Madris,STL,366,327,68,8,38,34,1,0.282192,0.336391
Jordyn Adams,,445,401,85,10,52,32,4,0.274376,0.341646
Yophery Rodriguez,BOS,529,481,109,6,51,44,2,0.293006,0.338877
Quinn McDaniel,MIN,480,430,92,9,55,41,5,0.288703,0.327907
Nelson Velázquez,HOU,397,356,81,15,47,36,3,0.302267,0.401685
DJ LeMahieu,,292,260,60,4,27,29,1,0.308219,0.315385
Rubel Cespedes,,444,413,95,9,41,27,2,0.279279,0.353511
Armando Alvarez,,316,288,65,7,35,24,2,0.287975,0.350694
Kevin Newman,,311,285,70,2,33,18,2,0.292208,0.326316
Michael Turner,CHW,301,268,57,1,24,29,2,0.292359,0.272388
Gleider Figuereo,TEX,520,478,96,19,53,35,5,0.261538,0.353556
Matt Fraizer,,363,335,78,4,39,23,2,0.285319,0.334328
Garrett Spain,MIN,465,422,85,11,46,33,6,0.267241,0.338863
Ty France,SDP,430,385,92,9,42,26,16,0.311628,0.358442
Pablo Aliendo,CIN,360,329,66,11,35,21,7,0.261838,0.349544
Paul Goldschmidt,NYY,387,350,84,10,44,33,2,0.307494,0.377143
Isiah Kiner-Falefa,BOS,384,355,91,3,38,19,5,0.301837,0.335211
Owen Miller,CHC,400,364,86,6,42,25,5,0.29,0.340659
Jesus Hernandez,MIA,383,345,73,4,37,31,5,0.28534,0.315942
Julio Carreras,CIN,385,347,83,3,42,25,4,0.296296,0.337176
Darrien Miller,MIL,355,294,53,5,38,41,17,0.313559,0.278912
Travis Swaggerty,,237,212,43,2,24,23,1,0.2827,0.301887
Jake Marisnick,,156,141,28,3,16,10,3,0.264516,0.326241
Samuel Zavala,CHW,546,481,104,10,62,53,5,0.299445,0.324324
Romeo Sanabria,SDP,501,454,108,13,53,40,1,0.298,0.372247
Jason Matthews,CHW,344,302,56,3,36,28,6,0.266272,0.254967
Jake Rucker,MIN,426,388,90,7,41,28,6,0.291765,0.345361
José Devers,,314,288,67,3,36,19,4,0.28754,0.329861
Andrew Benintendi,CHW,425,384,94,12,45,36,2,0.310588,0.388021
James McCann,ARI,221,204,46,4,21,11,3,0.272727,0.338235
Robert Moore,PHI,455,408,84,6,46,32,7,0.273942,0.303922
Brennan Milone,ATH,493,438,102,12,56,46,5,0.310345,0.369863
Felix Stevens,,394,354,74,14,43,32,6,0.284264,0.375706
Matt Hogan,,294,254,48,4,28,28,7,0.285223,0.299213
Grant Richardson,,365,334,72,11,41,24,4,0.275482,0.365269
Warming Bernabel,,482,453,113,9,52,22,4,0.288382,0.359823
Eric Haase,,249,229,48,6,22,16,1,0.262097,0.323144
Seby Zavala,DET,237,209,36,6,21,22,2,0.255319,0.301435
Pablo Reyes,LAA,305,271,61,5,35,27,2,0.298013,0.328413
Ben Cowles,CHC,468,425,92,7,49,32,7,0.280514,0.32
Garret Forrester,MIA,301,260,55,1,23,30,9,0.312292,0.269231
Estarling Mercado,NYM,228,204,42,7,24,19,4,0.285088,0.367647
Adam Hackenberg,,308,282,58,4,26,20,5,0.269481,0.287234
Rob Brantly,,116,105,24,2,11,6,4,0.293103,0.333333
Jordan Dissin,PHI,295,262,52,4,31,27,5,0.284746,0.274809
Charlie Szykowny,SFG,483,445,101,10,54,19,15,0.279503,0.357303
Jorge Alfaro,KCR,269,254,56,6,25,8,5,0.256506,0.34252
Dom Nuñez,CLE,254,218,37,4,22,31,2,0.277778,0.275229
Santiago Espinal,ARI,334,303,72,4,31,23,2,0.293051,0.320132
Vaun Brown,,262,238,52,5,32,15,6,0.279693,0.340336
Josh Caron,SEA,357,330,61,6,33,20,5,0.240896,0.278788
Freili Encarnacion,BOS,499,466,110,16,62,18,13,0.282565,0.39485
Mat Nelson,,288,254,45,6,25,22,9,0.264808,0.275591
Kai Roberts,SDP,382,330,68,5,42,34,5,0.28841,0.278788
Carter Trice,CHC,413,361,71,14,46,45,5,0.292978,0.368421
Tommy White,ATH,425,397,96,11,43,22,4,0.287059,0.370277
Keaton Anthony,PHI,410,376,95,7,38,26,6,0.309756,0.369681
Cavan Biggio,HOU,332,283,57,5,40,37,8,0.309091,0.303887
Viandel Pena,DET,362,330,72,4,40,26,0,0.27451,0.309091
Jaison Chourio,CLE,457,398,89,3,48,53,2,0.315098,0.298995
Dominic Smith,ATL,377,340,80,8,39,29,5,0.302387,0.358824
Ryan Spikes,TBR,430,399,89,12,48,20,6,0.268692,0.360902
Cameron Barstad,PIT,296,269,55,6,23,19,6,0.27027,0.32342
Nick Kahle,,109,97,20,2,9,7,2,0.271028,0.309278
Trevor Larnach,MIN,449,396,95,13,51,45,3,0.318486,0.391414
Yohendrick Piñango,TOR,512,463,107,12,51,44,3,0.300781,0.367171
Kenny Castillo,ARI,350,327,75,4,27,14,3,0.26361,0.327217
Jacob Gonzalez,PIT,523,474,107,7,48,34,7,0.284069,0.324895
Terrell Tatum,,415,364,74,4,47,42,4,0.291971,0.288462
Carlos Colmenarez,TBR,378,330,64,7,38,34,8,0.283422,0.293939
Mitch Garver,NYY,260,226,42,7,23,29,3,0.284615,0.318584
Garrett Martin,NYY,399,361,72,12,46,24,11,0.26817,0.34903
Carlos Sanchez,MIA,228,207,43,2,27,18,2,0.276316,0.294686
Nicky Lopez,TEX,341,304,76,1,36,28,4,0.319527,0.315789
Jeremy Rivas,,507,458,97,6,51,36,7,0.277778,0.290393
Matt Kroon,,333,297,69,8,35,25,5,0.299094,0.37037
Lucas Spence,HOU,515,451,96,9,60,51,9,0.304094,0.337029
Billy Amick,NYM,280,245,54,6,36,23,9,0.307143,0.363265
Allan Cerda,,305,266,47,9,31,33,6,0.281967,0.334586
Esteban Mejia,TEX,376,342,74,6,34,28,4,0.281915,0.318713
Andy Weber,CHW,415,381,91,4,47,27,3,0.292978,0.32021
Nerwilian Cedeño,,323,295,64,5,40,21,3,0.274143,0.325424
Amed Rosario,NYY,363,344,86,6,37,14,3,0.283747,0.360465
Luke Williams,ATL,332,303,63,6,37,23,3,0.268072,0.316832
Ivan Melendez,,411,375,84,13,38,25,9,0.287105,0.370667
Zach Morgan,SFG,292,261,53,3,25,23,3,0.273356,0.279693
Corey Rosier,,395,352,79,4,45,35,4,0.300254,0.315341
Bennett Thompson,CLE,382,342,73,4,39,30,6,0.28534,0.309942
Edwin Díaz,,337,306,58,11,35,26,4,0.261128,0.346405
Logan Davidson,TBR,409,363,77,9,44,40,3,0.294118,0.338843
Jose Iglesias,,305,281,68,3,28,15,5,0.290429,0.320285
Patrick Winkel,,288,267,59,6,21,19,1,0.274306,0.337079
Stone Garrett,,332,300,64,7,32,25,3,0.277108,0.34
Kendall George,LAD,554,492,117,3,81,55,2,0.315217,0.292683
Nick Ahmed,,158,147,29,2,14,8,1,0.242038,0.272109
Brett Sullivan,COL,293,266,62,4,32,21,2,0.290102,0.349624
Antonio Gomez,NYY,287,263,54,5,26,18,3,0.262238,0.307985
Austin Barnes,,113,101,20,1,10,10,1,0.276786,0.257426
Jackson Castillo,NYY,501,449,98,9,58,45,4,0.293413,0.325167
Jose Fernandez,ARI,537,505,121,10,54,24,3,0.277674,0.360396
Miguel Andujar,SDP,363,338,86,8,36,21,2,0.300275,0.381657
Douglas Hodo III,,425,376,76,7,43,40,7,0.290094,0.31383
Zach Humphreys,LAA,271,240,49,3,27,24,2,0.279851,0.2875
Jordan Walker,STL,525,476,114,15,53,40,6,0.304762,0.388655
Jose Colmenares,CHW,421,378,76,11,45,32,6,0.272076,0.346561
Jonny Butler,,375,337,69,5,34,33,4,0.282667,0.31454
Austin Nola,,153,134,29,2,13,12,2,0.286667,0.298507
Rob Refsnyder,,204,178,38,5,21,20,4,0.303922,0.342697
JT Schwartz,,395,352,80,6,38,33,7,0.304569,0.338068
Travis Blankenhorn,,371,335,67,12,36,28,6,0.272973,0.358209
Kendall Simmons,,257,234,48,7,26,15,6,0.268482,0.346154
Eugenio Suárez,CIN,486,428,94,23,56,43,9,0.300412,0.422897
Sean Bouchard,,339,292,65,8,38,40,5,0.324484,0.369863
Caden Kendle,MIN,399,362,80,7,48,25,9,0.285714,0.345304
Cole Gabrielson,NYY,293,259,50,7,24,27,6,0.283276,0.316602
Freddy Zamora,MIL,395,351,76,4,41,35,5,0.295165,0.290598
Will Holland,,332,292,60,6,41,28,8,0.290909,0.321918
Mario Camilletti,CHW,396,344,73,3,36,43,4,0.305344,0.276163
Anthony Rendon,LAA,129,111,24,1,12,13,3,0.310078,0.288288
Manuel Pena,ARI,527,495,124,8,52,25,3,0.288973,0.363636
Wyatt Hendrie,PIT,243,212,43,3,25,20,5,0.285714,0.287736
Juan Benjamin,CLE,428,391,91,3,44,30,3,0.29108,0.309463
John Garcia,HOU,340,298,58,5,28,26,12,0.284024,0.285235
Andy Perez,COL,566,533,134,9,63,19,3,0.27957,0.365854
Gavin Logan,ARI,276,243,46,5,22,24,5,0.273723,0.312757
Andy Lugo,MIN,384,355,84,6,40,21,6,0.289062,0.360563
Eddy Alvarez,,293,251,50,5,34,25,9,0.292683,0.310757
Jay Allen II,CIN,496,439,94,10,54,37,14,0.294118,0.32574
Omar Narváez,,235,206,42,3,18,24,3,0.293617,0.291262
Jesus Ordonez,,157,143,29,2,13,8,3,0.25974,0.293706
Peter Burns,LAA,126,109,21,1,11,13,3,0.293651,0.238532
Ben Ross,MIN,476,431,90,11,49,37,3,0.273109,0.334107
Alex Binelas,PHI,375,336,71,10,41,35,2,0.288,0.35119
Griffin Lockwood-Powell,LAD,326,290,59,6,29,31,3,0.285276,0.313793
Jake Gelof,LAD,406,366,68,12,53,35,1,0.256158,0.338798
Michael A. Taylor,,310,281,54,7,30,23,1,0.254072,0.309609
Eli Serrano III,NYM,420,375,78,9,48,37,5,0.285714,0.344
Ben Gamel,,302,263,58,7,35,34,3,0.315615,0.357414
Zach Levenson,STL,458,408,90,11,49,42,6,0.30131,0.348039
Justice Bigbie,DET,447,407,103,8,49,32,5,0.313199,0.358722
Ambioris Tavarez,ATL,473,426,91,7,45,37,8,0.287526,0.295775
Luke Mann,ATH,477,427,83,12,45,37,8,0.268344,0.330211
J.D. Davis,,311,279,59,8,30,26,4,0.286174,0.344086
Chuckie Robinson,ATL,273,251,54,4,25,15,4,0.268382,0.298805
Cody Roberts,,234,212,42,3,23,16,2,0.258621,0.283019
Nick Martini,,316,276,60,6,36,30,7,0.306962,0.333333
Coco Montes,,396,359,79,7,41,30,4,0.285354,0.331476
Quincy Hamilton,,365,324,65,9,37,34,4,0.282967,0.339506
Jay Harry,TOR,428,390,80,8,43,29,7,0.271028,0.312821
Matt O'Neill,ARI,221,197,37,3,22,22,1,0.271493,0.28934
Tom Murphy,,76,68,14,2,7,7,0,0.276316,0.338235
Michael Toglia,CIN,482,431,94,22,55,47,2,0.296681,0.415313
Anthony Stephan,CIN,420,375,83,9,42,32,9,0.296651,0.352
Joe Hudson,,134,116,16,3,11,14,2,0.240602,0.232759
Phil Clarke,,279,245,57,3,28,27,5,0.318996,0.306122
Kyle Hayes,WSN,153,129,21,1,10,14,7,0.278146,0.224806
Andrew Navigato,DET,394,358,77,11,50,26,7,0.279188,0.365922
Theo Hardy,TEX,179,154,28,1,21,18,3,0.276836,0.25974
Wilfred Veras,,528,489,114,15,55,30,5,0.282197,0.376278
Jake Thompson,LAA,306,272,60,4,27,26,6,0.300654,0.330882
Anyelo Encarnación,STL,465,419,86,7,43,38,4,0.277056,0.300716
Anthony Seigler,BOS,389,333,74,6,45,49,3,0.324742,0.339339
Jake Lamb,,315,282,62,4,30,26,5,0.295238,0.312057
Leonel Espinoza,CHC,482,445,103,8,61,27,7,0.284823,0.334831
Carson McCusker,,415,382,85,13,42,27,4,0.279518,0.382199
Julio E. Rodriguez,,235,214,45,5,19,17,3,0.276596,0.317757
Luis De Los Santos,,364,336,71,6,36,21,4,0.264463,0.306548
Michael Pérez,,233,211,39,4,15,18,3,0.257511,0.279621
Angel Mateo,TBR,528,483,112,10,57,30,10,0.287879,0.349896
Frank Rodriguez,LAD,210,192,37,3,20,13,3,0.253589,0.286458
Archer Brookman,ATL,247,224,44,3,24,15,4,0.256098,0.272321
Abrahan Gutierrez,NYY,243,222,48,3,20,16,4,0.279835,0.292793
Michael Snyder,,444,384,85,4,41,50,7,0.31982,0.296875
Luis Caicuto,PHI,199,179,40,1,16,10,7,0.28934,0.27933
Eddinson Paulino,NYM,443,408,85,11,44,28,5,0.266366,0.340686
Adrian Del Castillo,ARI,415,374,87,13,45,35,3,0.301205,0.398396
Chris Okey,,170,159,34,3,16,7,2,0.254438,0.308176
Casey Opitz,,264,236,40,4,21,23,3,0.250951,0.254237
Diego Hernandez,,364,336,81,5,37,14,3,0.276056,0.342262
Eric Yang,,129,116,22,1,8,10,3,0.271318,0.25
Frederick Bencosme,BAL,444,401,87,6,44,30,3,0.275229,0.306733
Brennen Davis,SEA,288,253,50,10,31,23,10,0.288194,0.359684
Maxton Martin,TEX,539,493,109,14,72,36,8,0.283859,0.377282
Joshua Palacios,PIT,330,295,67,7,33,26,6,0.301829,0.345763
Josh Zamora,,382,349,72,8,36,24,4,0.263852,0.309456
Orlando Martinez,TEX,367,332,77,4,36,28,1,0.290411,0.328313
Jose Cordoba,,311,286,65,3,34,17,5,0.281553,0.328671
Tucker Toman,TOR,481,438,93,6,56,31,9,0.276507,0.305936
Niko Goodrum,,272,233,47,4,28,36,2,0.3125,0.296137
Alejandro Nuñez,HOU,458,422,98,7,48,25,3,0.278146,0.334123
Jason Heyward,,246,221,45,5,27,19,3,0.272358,0.325792
Bryson Brigman,,327,300,74,4,37,19,4,0.299383,0.326667
Malcolm Moore,TEX,282,250,47,4,27,20,8,0.265957,0.276
Patrick Clohisy,ATL,538,492,118,6,57,36,7,0.299257,0.327236
Tres Gonzalez,,408,362,86,2,36,32,6,0.309227,0.292818
Kasen Wells,SDP,440,399,90,3,57,34,5,0.29385,0.288221
Kevin Pillar,,190,176,38,4,23,9,3,0.263158,0.340909
Tyler Dearden,,247,224,56,3,20,18,3,0.311741,0.348214
Danyer Cueva,,187,175,38,2,24,7,1,0.248649,0.302857
Orlando Arcia,,372,340,75,8,31,26,2,0.276882,0.338235
Tucker Barnhart,,135,120,22,1,10,13,1,0.268657,0.241667
Starling Marte,,290,263,67,5,31,18,6,0.314879,0.372624
P.J. Hilson,,360,335,77,8,49,15,6,0.273743,0.352239
Alexis Hernandez,TOR,327,296,66,7,37,24,5,0.291411,0.344595
Chad Wallach,ATH,236,212,42,5,20,18,3,0.268085,0.316038
Anthony Sherwin,,248,221,39,4,15,24,2,0.262097,0.253394
Angel Ortiz,ARI,506,463,112,9,52,32,4,0.293069,0.37149
Tristin English,,401,371,89,9,39,21,7,0.291771,0.358491
Andrew Pintar,MIA,400,363,84,6,41,30,4,0.295739,0.341598
Brady Lindsly,,229,202,40,3,17,17,2,0.264574,0.277228
Matthew Lugo,KCR,478,445,103,13,56,25,6,0.280922,0.388764
Ezequiel Pagan,,390,362,88,7,38,17,7,0.28866,0.350829
Aaron McKeithan,,231,201,42,3,15,18,7,0.292576,0.278607
Gavin Collins,,262,236,51,3,23,18,4,0.280769,0.300847
Jose Herrera,,263,225,43,2,23,26,1,0.275591,0.248889
Max Ferguson,BOS,428,374,75,6,46,45,3,0.29078,0.294118
Paul McIntosh,PHI,329,294,64,8,33,27,6,0.294833,0.340136
Tyler Wade,,329,289,64,2,40,31,3,0.302469,0.283737
Oswaldo Linares,SDP,245,216,41,2,21,21,4,0.272727,0.263889
Chris Brito,KCR,277,238,54,4,23,30,3,0.317518,0.319328
Mario Gomez,,184,164,34,3,16,14,3,0.278689,0.310976
Jake Holton,,414,371,82,10,47,33,8,0.297101,0.350404
Justin Connell,,251,220,47,4,28,23,5,0.301205,0.327273
Ruben Ibarra,CIN,400,358,74,16,38,31,9,0.285,0.377095
Ernesto Martinez Jr.,NYY,380,340,77,8,38,32,6,0.302632,0.35
Garrett Hampson,CIN,277,245,53,3,35,24,2,0.289377,0.297959
Eloy Jiménez,,350,321,78,9,29,25,2,0.3,0.370717
Nick Schwartz,,121,114,25,1,10,5,0,0.252101,0.289474
Christian Bethancourt,PIT,235,221,43,6,24,9,1,0.228448,0.316742
Seth Brown,,319,290,63,12,29,26,2,0.285266,0.386207
Brett Squires,KCR,451,410,92,9,42,34,5,0.290466,0.35122
Addison Kopack,,129,115,23,1,13,11,1,0.273438,0.304348
Jeffrey Mercedes,CLE,379,348,75,4,27,24,3,0.269129,0.304598
Jack Pineda,KCR,301,270,59,1,30,19,5,0.281356,0.277778
Kyler Fedko,MIN,469,414,92,12,53,47,4,0.304904,0.362319
Tyresse Turner,CLE,297,259,50,2,38,27,4,0.278351,0.250965
Brett Auerbach,,325,294,63,5,32,26,3,0.283951,0.312925
Nick Lorusso,NYM,442,402,87,6,41,32,3,0.276018,0.323383
P.J. Higgins,CIN,319,291,65,4,26,22,3,0.283019,0.312715
Billy McKinney,,337,302,64,7,32,30,4,0.290801,0.331126
Jose Ramos,SFG,315,281,57,4,41,26,5,0.280255,0.295374
Cade Fergus,,348,305,56,13,43,28,10,0.272464,0.347541
Daniel Vellojin,TBR,293,260,47,5,22,27,3,0.264605,0.273077
Casey Yamauchi,ATH,459,424,104,1,36,16,12,0.29011,0.299528
Curtis Washington Jr.,SEA,354,322,63,3,41,22,5,0.25641,0.276398
Cole Fontenelle,LAA,420,377,72,10,43,28,12,0.266667,0.312997
Jamie Westbrook,,381,339,78,6,35,31,7,0.305263,0.330383
Cade Doughty,ATL,413,380,85,7,37,21,5,0.271394,0.326316
Chadwick Tromp,LAD,251,231,46,5,20,17,1,0.25498,0.30303
Justin Wishkoski,,385,346,77,4,42,23,13,0.295039,0.303468
Drew Ellis,,335,296,57,9,32,34,4,0.283582,0.334459
Patrick Lee,DET,360,320,59,6,38,32,7,0.272222,0.290625
Travis Honeyman,STL,387,339,77,2,49,32,13,0.315245,0.300885
Chandler Seagle,,190,176,30,1,13,8,3,0.218085,0.227273
Rainer Nunez,,423,392,97,11,42,26,3,0.297872,0.375
Austin Murr,PHI,369,329,71,7,41,30,6,0.290761,0.340426
Lamar King Jr.,SDP,450,409,93,5,46,30,9,0.293333,0.327628
Aaron Bracho,,371,339,69,10,34,25,4,0.264151,0.336283
Christopher Familia,,255,233,49,9,32,17,4,0.27451,0.381974
Colby Smelley,,254,230,51,2,19,17,5,0.288538,0.295652
Alex De Jesus,,397,360,76,6,40,32,3,0.279597,0.319444
Carter Frederick,KCR,434,394,87,3,54,34,5,0.290323,0.322335
Gavin Sheets,SDP,423,382,89,14,37,35,3,0.300236,0.39267
Konner Piotto,,205,180,37,2,18,17,5,0.289216,0.277778
Colton Becker,KCR,394,335,75,1,38,35,3,0.301333,0.277612
David Fry,CLE,325,287,62,10,33,27,7,0.296296,0.376307
Dominic Pitelli,CIN,417,377,77,3,41,32,3,0.271186,0.278515
Nick Podkul,,257,224,42,5,25,28,5,0.291829,0.290179
Yoyner Fajardo,,374,342,79,3,40,26,3,0.290323,0.304094
Elis Cuevas,BAL,373,330,71,7,47,27,10,0.292683,0.315152
Adam Zebrowski,ATL,365,335,70,8,31,24,4,0.268493,0.325373
Diego Cartaya,,361,323,62,10,38,29,7,0.271468,0.321981
Eliezer Alfonzo,LAD,323,303,70,5,33,15,2,0.270186,0.316832
Chase Adkison,,184,160,36,2,17,17,4,0.311475,0.30625
Garret Guillemette,HOU,356,324,67,10,38,24,6,0.272472,0.339506
Damon Keith,MIL,405,368,81,12,46,31,3,0.283951,0.377717
Josh Moylan,NYY,474,418,84,8,43,47,6,0.28903,0.308612
CJ Alexander,HOU,400,369,78,11,43,27,2,0.2675,0.363144
Caleb Knight,,87,77,15,1,6,5,4,0.27907,0.272727
Riley Adams,WSN,271,245,51,7,24,19,6,0.280443,0.346939
Cortland Lawson,WSN,384,351,75,2,33,24,4,0.270341,0.270655
Kobe Kato,,260,228,44,3,24,28,3,0.288462,0.276316
Yamal Encarnacion,HOU,295,265,60,4,35,24,1,0.292096,0.316981
Keshawn Ogans,,396,357,79,2,32,27,9,0.291139,0.285714
Nick Senzel,,353,317,69,8,37,30,4,0.291785,0.340694
Devin Ortiz,WSN,445,399,88,5,44,34,5,0.289294,0.290727
Marcus Brown,HOU,397,363,75,4,41,20,7,0.260204,0.289256
Brennan Orf,,192,165,31,2,21,24,3,0.302083,0.290909
Damiano Palmegiani,,428,378,75,12,42,35,12,0.285047,0.346561
Luken Baker,,415,364,77,15,38,45,2,0.298795,0.379121
Luis Pineda,,240,228,48,5,21,10,1,0.245833,0.311404
Ricky Cabrera,CIN,387,348,79,8,42,21,11,0.290576,0.350575
Rowdy Tellez,ATL,344,312,73,13,31,27,2,0.296512,0.397436
Trace Willhoite,,431,381,74,15,58,34,12,0.278422,0.356955
David Fletcher,,325,305,67,2,24,15,2,0.259259,0.27541
Jean Walters,ARI,333,300,65,2,29,18,1,0.261682,0.296667
Imanol Vargas,,390,348,77,8,39,38,2,0.3,0.344828
Jacob Burke,CHW,349,312,67,3,35,22,10,0.286127,0.291667
Jay Beshears,MIA,380,344,71,5,37,28,6,0.276316,0.311047
Nic Kent,COL,401,361,84,3,36,24,7,0.291139,0.301939
Eric Brown Jr.,MIL,353,321,64,4,36,25,5,0.266289,0.277259
John Taylor,TEX,262,241,49,1,24,16,5,0.267176,0.290456
Johnathon Thomas,WSN,373,333,72,2,43,16,11,0.274238,0.288288
Logan Tanner,CIN,247,221,37,3,22,23,0,0.244898,0.253394
Matt Lloyd,BOS,358,317,73,7,36,34,2,0.305322,0.356467
Albert Almora Jr.,,341,315,76,3,35,20,2,0.289086,0.333333
Ethan Workinger,,504,464,109,13,56,35,3,0.291667,0.375
Trey Paige,STL,401,362,76,4,45,32,2,0.276382,0.309392
Matt Coutney,,451,407,90,12,42,33,6,0.287305,0.366093
Kodey Shojinaga,PHI,355,317,66,1,31,33,4,0.290141,0.26183
Bryce Arnold,,356,314,61,8,43,30,10,0.283708,0.318471
Hunter Fitz-Gerald,SEA,406,375,83,7,40,28,3,0.280788,0.338667
Lonnie White Jr.,PIT,385,344,71,9,46,29,10,0.286458,0.340116
Onix Vega,,224,201,42,2,21,19,2,0.28125,0.278607
Jorge Soler,,345,303,63,12,38,36,4,0.298551,0.372937
Miguel Villarroel,,385,362,84,2,44,15,3,0.267016,0.298343
Johnny Ascanio,CIN,385,330,71,4,35,32,6,0.293801,0.287879
Wilfredo Lara,MIA,397,356,75,5,44,31,5,0.281013,0.314607
Frainyer Chavez,TEX,404,363,78,4,40,33,3,0.284289,0.286501
Stephen Paolini,,343,309,63,6,36,28,4,0.276968,0.307443
Tyler Tolve,,271,251,50,8,27,14,4,0.250923,0.342629
Joe Redfield,,232,205,43,2,20,13,5,0.272321,0.302439
Carter Howell,,441,401,91,4,46,28,7,0.287671,0.314214
Jose Salas,MIN,369,333,74,7,39,19,5,0.272981,0.345345
Daniel Cope,,135,121,26,2,12,11,2,0.288889,0.322314
Gavin Conticello,ARI,537,489,114,9,51,40,6,0.297952,0.355828
Tommy Hopfe,COL,461,408,94,8,42,29,16,0.304158,0.340686
Hector Salas,HOU,323,281,60,2,37,29,3,0.292994,0.291815
Jorel Ortega,,418,375,78,9,43,35,4,0.28125,0.333333
Mike Sirota,LAD,313,272,58,9,49,35,3,0.306709,0.367647
Ronald Rosario,BOS,405,372,81,8,35,25,4,0.272953,0.327957
Zach Evans,,545,505,114,4,47,31,4,0.274401,0.291089
Giancarlo Stanton,NYY,300,268,54,14,26,29,1,0.28,0.391791
Engelth Urena,NYY,474,422,79,11,54,41,8,0.270042,0.303318
Mark Canha,,297,258,56,5,27,26,10,0.309764,0.317829
Ryan McCarty,PIT,406,367,77,6,38,29,8,0.280788,0.316076
Johnny Tincher,,269,241,45,1,17,20,5,0.260223,0.244813
Travis Jankowski,NYM,163,144,30,1,19,16,1,0.290123,0.256944
Yeiner Fernandez,LAD,443,402,95,3,44,30,8,0.300226,0.30597
Javier Báez,DET,353,334,75,7,35,12,5,0.260623,0.341317
Will Verdung,ATL,365,329,74,0,32,31,2,0.293151,0.270517
Jose Rojas,,360,323,65,12,35,33,2,0.277778,0.374613
Jeimer Candelario,LAA,373,336,66,10,35,28,6,0.268097,0.345238
Caleb Pendleton,,103,100,18,2,8,3,0,0.203883,0.26
Jared Dickey,ATH,500,443,107,7,50,44,7,0.316,0.345372
Davis Diaz,ATH,407,361,74,1,35,35,8,0.287469,0.265928
Alexander Vargas,,438,410,92,9,48,21,3,0.265446,0.346341
Robert Brooks,,157,143,24,3,8,11,2,0.235669,0.258741
Spencer Nivens,KCR,487,434,96,10,48,47,1,0.295688,0.343318
Lyle Lin,,115,102,19,0,9,8,4,0.269565,0.215686
Ryan Burrowes,CHW,475,428,94,7,61,31,9,0.283898,0.310748
Troy Schreffler Jr.,,240,219,44,5,30,15,3,0.259414,0.315068
Nick Biddison,PHI,312,277,55,6,30,23,10,0.282958,0.306859
Luis Baez,,410,383,92,10,41,23,1,0.282927,0.37859
Joey Meneses,ATH,372,343,84,7,31,23,3,0.295699,0.364432
Felix Reyes,PHI,419,396,101,11,50,15,3,0.28401,0.39899
Garrett Pennington,DET,415,387,88,11,53,18,8,0.274699,0.379845
Nate Mondou,,411,361,82,4,36,37,6,0.307125,0.315789
Adam Hall,,297,265,56,1,27,19,11,0.289562,0.271698
Anthony Donofrio,SEA,349,314,59,3,33,29,4,0.26361,0.27707
Myles Emmerson,,276,252,50,3,24,19,2,0.259124,0.281746
Juan Yepez,,398,361,86,11,39,30,3,0.298995,0.385042
Brady Allen,,415,374,78,9,43,33,5,0.279518,0.339572
J.J. D'Orazio,LAA,337,312,68,4,28,19,2,0.264881,0.304487
Carlos Pacheco,ATH,275,231,41,3,30,25,12,0.288889,0.255411
Dairon Blanco,,318,282,63,5,44,21,6,0.289389,0.326241
Derlin Figueroa,KCR,531,481,105,9,55,39,3,0.278937,0.320166
Ryan Galanie,CHW,457,418,98,11,47,27,7,0.28884,0.368421
Aaron Zavala,TEX,477,416,87,9,50,50,6,0.30042,0.326923
Ethan Murray,MIL,395,351,71,5,41,35,5,0.282443,0.293447
Ben Newton,ATH,257,229,50,2,21,14,5,0.276,0.305677
Ryan Johnson,,308,282,52,7,30,18,7,0.25,0.297872
Justin Janas,,410,373,89,4,37,20,15,0.302439,0.319035
Dylan Shockley,,148,131,21,1,11,11,4,0.244898,0.198473
Blake Wright,COL,505,458,116,7,50,27,5,0.29899,0.358079
Tucker Mitchell,TEX,271,251,49,4,21,13,6,0.250923,0.286853
Brian O'Keefe,,251,228,40,6,22,20,1,0.244,0.298246
Phillip Sikes,,373,335,67,7,41,27,8,0.273458,0.316418
Jordan Sprinkle,CHW,403,353,73,2,43,32,5,0.280612,0.25779
Je'Von Ward,,396,347,70,8,51,45,1,0.292929,0.32853
Kai Murphy,SDP,427,380,81,4,43,36,6,0.290094,0.292105
Brody Moore,STL,412,379,86,2,43,22,4,0.275184,0.287599
Caden Rose,BOS,308,272,50,6,35,22,12,0.273616,0.290441
Ronaldo Hernández,,287,265,58,6,23,16,3,0.268293,0.332075
Nate Rombach,WSN,304,284,55,5,24,17,1,0.240132,0.299296
Chris Taylor,,301,265,53,5,31,28,5,0.286667,0.309434
Nate Nankil,ATH,533,486,117,2,55,34,10,0.302064,0.308642
Diego Guzman,,220,196,39,2,20,11,1,0.244019,0.295918
Jake Cunningham,SDP,332,302,58,4,32,25,3,0.259819,0.278146
Elias Díaz,TEX,269,246,54,5,22,18,2,0.277154,0.321138
Jake Anchia,,259,244,47,5,24,10,3,0.23166,0.295082
Darius Hill,,355,327,74,3,35,22,3,0.279661,0.314985
Donovan Solano,,262,236,55,3,17,19,5,0.301527,0.322034
Sam Praytor,,200,177,34,3,14,16,3,0.269036,0.276836
Sandy León,ATL,171,150,22,3,9,16,1,0.232143,0.233333
Alex Mooney,CLE,470,412,84,5,51,37,7,0.277056,0.298544
Yolmer Sánchez,LAA,357,311,58,3,31,37,4,0.279661,0.254019
Josh Kross,STL,447,408,84,13,50,25,10,0.266219,0.357843
Roberto Campos,DET,468,432,100,7,50,30,3,0.284188,0.347222
Jacob Sharp,TOR,267,239,45,4,24,16,9,0.264151,0.271967
Luis Marquez,TEX,300,277,60,4,28,17,4,0.27,0.310469
Kevin Kilpatrick Jr.,ATL,456,415,90,3,53,32,6,0.280702,0.289157
Andrew Velazquez,,349,318,61,6,36,21,1,0.24269,0.289308
Jose F Miranda,,399,367,81,8,33,24,5,0.275689,0.337875
Andrew McCutchen,,350,303,63,8,33,42,3,0.308571,0.323432
Connor Caskenette,MIA,262,229,49,0,21,27,4,0.305344,0.266376
Eduardo Lopez,,263,239,47,6,28,20,2,0.262357,0.317992
Colin Houck,NYM,534,486,96,11,65,38,6,0.262172,0.323045
Enmanuel Terrero,,269,241,51,5,31,18,2,0.269962,0.311203
Nate Baez,BOS,398,358,86,8,44,31,6,0.309045,0.374302
TT Bowens,,362,331,70,11,36,25,4,0.273481,0.359517
Bryan De La Cruz,PHI,447,415,98,14,42,27,2,0.284116,0.380723
Justin Boyd,,118,104,17,0,11,10,2,0.25,0.211538
Joe Olsavsky,ATL,346,302,61,3,30,27,17,0.303468,0.278146
Trey Mancini,LAA,315,286,63,8,32,21,5,0.28254,0.346154
Drew Brutcher,HOU,449,409,91,4,44,36,2,0.287305,0.308068
Luis Mieses,,432,409,91,10,36,18,2,0.256944,0.354523
Emaarion Boyd,MIA,429,380,86,3,51,27,13,0.29717,0.305263
Trayce Thompson,,312,279,54,7,29,29,2,0.272436,0.326165
Junior Franco,ARI,367,339,81,6,35,24,2,0.291553,0.348083
Adrian De Leon,ARI,353,306,53,4,28,31,9,0.266476,0.254902
Colin Barber,,392,354,74,7,36,29,6,0.278061,0.324859
Aeverson Arteaga,SFG,500,467,94,8,41,24,2,0.241449,0.299786
Jaylen Palmer,,438,391,75,11,48,40,6,0.276256,0.314578
T.J. McCants,CHW,301,275,59,5,33,21,2,0.274247,0.327273
Micah Pries,,351,317,66,8,39,24,7,0.277143,0.347003
Samuel Munoz,LAD,550,494,106,14,61,46,3,0.281818,0.352227
Nazzan Zanetello,BOS,408,363,68,9,48,38,6,0.27451,0.30854
Ian Petrutz,STL,398,352,82,4,34,30,12,0.313924,0.323864
Misael Urbina,,384,341,71,5,39,35,3,0.286089,0.325513
Parker Chavers,,362,325,65,3,38,34,2,0.279006,0.273846
Wady Mendez,,254,229,47,3,26,22,2,0.279528,0.28821
Garrett Cooper,,309,280,62,6,21,23,4,0.288026,0.339286
Matt Higgins,,328,296,66,7,36,24,6,0.292683,0.344595
John Cristino,,207,192,35,4,29,7,6,0.231884,0.291667
Drake Logan,,351,322,71,6,39,22,6,0.282051,0.319876
Christian Martin,,417,369,79,1,40,33,8,0.289855,0.268293
Andrick Nava,MIL,229,208,42,2,14,18,1,0.266376,0.274038
Ben McCabe,,202,179,30,0,12,9,12,0.253731,0.22905
Nicolas Deschamps,,181,158,26,2,15,14,6,0.256983,0.246835
Oscar Colás,,432,398,87,11,42,28,3,0.273148,0.349246
Jalen Battles,,284,262,53,2,30,15,4,0.255319,0.259542
Albert Fabian,SDP,354,324,71,11,37,23,5,0.279661,0.373457
Nelly Taylor,BOS,507,447,92,7,55,54,3,0.293886,0.322148
Victor Acosta,CIN,454,396,82,3,45,31,15,0.288939,0.280303
Eriandys Ramon,CHC,249,236,45,3,26,10,3,0.232932,0.288136
Cameron Decker,LAD,330,294,54,11,36,27,6,0.263636,0.35034
Darick Hall,,358,326,70,9,29,27,3,0.27933,0.337423
Connor Joe,SEA,326,285,58,4,34,35,5,0.300613,0.312281
Drew Compton,,433,397,93,4,36,33,1,0.293303,0.319899
Tre Richardson III,STL,375,343,73,2,37,25,6,0.277333,0.279883
Bryce Willits,,371,337,72,4,33,29,2,0.278378,0.293769
Omar De Los Santos,,351,327,66,10,44,16,5,0.249284,0.342508
Tommy Pham,CHW,321,286,65,5,32,30,2,0.302181,0.328671
Garrett Howe,CLE,407,362,73,3,40,33,5,0.275434,0.259668
Reivaj Garcia,,436,405,97,1,44,20,2,0.276102,0.296296
Ronald Hernandez,NYM,432,392,81,6,45,33,5,0.275463,0.298469
Tim Anderson,,329,311,73,2,30,13,3,0.271341,0.289389
Luis Verdugo,SDP,384,351,71,4,30,25,2,0.257218,0.282051
Jacob Berry,KCR,479,433,101,7,49,35,7,0.299163,0.34873
Quincy Scott,TEX,342,305,63,3,28,27,5,0.280236,0.27541
Geraldo Quintero,,451,402,89,7,51,40,7,0.301552,0.325871
Kyle Hess,,277,247,49,3,28,24,5,0.281588,0.303644
Michael Curialle,,360,325,69,4,39,20,12,0.281337,0.307692
Wade Stauss,,101,86,12,0,5,9,5,0.26,0.162791
Michael Conforto,CHC,362,317,64,9,38,37,6,0.29558,0.33123
Maikol Escotto,,341,319,69,6,41,14,4,0.256637,0.319749
Ivan Brethowr,PIT,440,376,75,6,59,41,22,0.313636,0.292553
Max Burt,DET,318,290,55,4,37,18,6,0.25,0.27931
Andy Yerzy,STL,237,214,41,4,17,20,2,0.265823,0.28972
Sam Brown,WSN,512,459,107,7,45,40,8,0.303327,0.344227
Matthew Batten,,399,362,72,6,36,30,3,0.264484,0.292818
Cal Conley,ATL,492,453,101,4,53,28,3,0.271605,0.298013
Caden Connor,CHW,498,448,107,7,50,40,3,0.302419,0.330357
Bennett Lee,DET,250,222,31,4,20,22,4,0.228,0.225225
William Lugo,,455,413,88,8,41,34,5,0.279121,0.322034
Drew Bowser,CHC,361,324,61,6,38,32,4,0.268698,0.29321
Axel Sanchez,SEA,327,292,54,6,31,24,6,0.258462,0.287671
Andrew Miller,,229,210,36,4,22,15,2,0.231441,0.257143
Alex De Goti,,338,297,58,2,30,31,4,0.278443,0.259259
Justin Gonzales,BOS,436,400,100,7,46,28,6,0.307339,0.37
Boston Baro,NYM,497,461,102,5,53,30,2,0.269618,0.314534
Jefferson Valladares,,266,239,49,5,23,13,12,0.278196,0.32636
Jacob Wetzel,,346,308,60,7,39,33,3,0.278261,0.324675
Jordan Nwogu,CHC,376,343,73,6,38,22,8,0.273936,0.309038
Wes Kath,CHW,392,359,70,9,39,24,7,0.258312,0.317549
Jacob Stallings,BAL,193,173,32,3,14,14,4,0.260417,0.277457
Marvin Alcantara,BOS,541,503,117,3,54,31,3,0.279113,0.292247
Lizandro Espinoza,ATL,460,422,83,11,56,26,5,0.25,0.327014
Omar Hernandez,KCR,323,296,63,1,28,14,3,0.253968,0.27027
Yohairo Cuevas,NYM,462,408,83,3,46,45,7,0.292208,0.284314
Wilman Diaz,,354,323,69,5,39,23,4,0.272727,0.321981
Aaron Sabato,MIN,403,365,77,12,35,31,5,0.280397,0.361644
Tyler Hardman,NYY,411,376,75,15,45,30,2,0.260341,0.367021
Sebastián Rivero,LAA,286,263,54,4,23,13,4,0.251773,0.304182
Trevor Austin,HOU,432,385,77,4,37,35,11,0.284722,0.290909
Elijah Nunez,WSN,287,252,53,1,32,30,3,0.299652,0.265873
Daniel Vazquez,KCR,524,472,109,2,56,42,1,0.293436,0.300847
Rodolfo Nolasco,,409,368,74,10,38,33,5,0.273839,0.328804
Edwin Amparo,BAL,381,342,71,7,35,32,3,0.280423,0.318713
Coby Morales,NYY,483,447,102,8,48,31,4,0.283644,0.337808
Bennett Hostetler,MIA,266,237,48,3,24,18,8,0.279245,0.28692
Luke Davis,PHI,327,273,46,7,27,49,3,0.299694,0.267399
Nick Cimillo,PIT,425,386,83,14,39,31,5,0.28066,0.396373
Willy Vasquez,,399,377,88,8,39,19,2,0.273183,0.35809
Dylan Dreiling,TEX,497,450,95,12,46,43,1,0.279678,0.351111
Johnny Olmstead,MIA,478,436,94,10,63,31,5,0.273684,0.341743
Hudson Head,,342,312,61,5,36,22,5,0.258824,0.298077
Cam Fisher,,310,268,46,11,33,33,5,0.272727,0.33209
Jacob Nottingham,SEA,223,200,33,4,19,14,8,0.246637,0.265
Eric Rataczak,,341,303,64,5,30,32,3,0.290323,0.306931
Adam Frazier,LAA,338,307,68,4,32,22,5,0.282738,0.306189
Andrew Jenkins,DET,401,371,85,7,47,22,7,0.284289,0.336927
Guillermo Williamson,,263,237,51,8,21,23,2,0.288973,0.35443
J.R. Freethy,TOR,398,345,70,5,50,42,10,0.306533,0.292754
Yonatan Henriquez,NYM,466,421,90,8,58,40,2,0.284483,0.325416
Josh Hood,SEA,460,427,85,11,53,29,2,0.252174,0.318501
Wilber Sanchez,,300,274,50,3,27,21,3,0.247492,0.251825
Carter Cunningham,TOR,415,362,69,13,53,44,5,0.284337,0.342541
Kyle Nevin,LAD,416,379,85,9,48,30,4,0.286058,0.345646
Randal Grichuk,CHW,317,292,64,9,36,20,3,0.274448,0.366438
Zach Kokoska,COL,355,319,66,11,43,25,8,0.279661,0.366771
Seth Beer,,357,318,68,8,32,25,11,0.291317,0.333333
Mike Ford,,315,277,57,8,27,33,4,0.298413,0.33213
Tyler Wilson,NYY,395,360,81,6,38,32,1,0.288608,0.305556
Cole Roberts,,133,118,22,0,12,11,0,0.253846,0.20339
Cody Morissette,MIN,408,370,73,7,41,28,3,0.25679,0.3
Ali Camarillo,ATH,468,428,96,1,35,29,4,0.277419,0.278037
Anderson De Los Santos,BAL,457,403,86,9,39,41,7,0.29646,0.334988
Aidan Longwell,COL,476,434,107,8,44,31,5,0.301688,0.368664
Peyton Williams,TOR,379,347,73,10,35,27,3,0.271768,0.345821
DJ Gladney,NYY,452,424,93,16,49,21,4,0.261641,0.386792
Cade Bunnell,,350,310,54,7,26,37,2,0.265714,0.283871
Mac Guscette,ATL,292,266,52,2,18,18,5,0.256849,0.274436
Nick Pratto,SDP,429,379,75,10,44,40,5,0.28103,0.324538
Alec Briley,CHW,446,414,87,10,42,27,2,0.26009,0.342995
Oliver Carrillo,,330,294,57,9,34,28,6,0.275758,0.329932
Jacob Buchberger,,387,354,75,6,42,30,2,0.276486,0.30226
Hogan Windish,,397,355,69,9,43,32,8,0.274559,0.321127
Sean McLain,LAD,435,390,74,5,45,33,10,0.269585,0.271795
Victor Bericoto,SFG,497,460,112,12,52,31,2,0.29175,0.373913
Ryan Nicholson,LAA,492,437,94,14,49,44,5,0.291837,0.356979
Jon Singleton,,356,310,58,9,34,43,1,0.286517,0.316129
Austin Callahan,,383,353,72,5,36,23,2,0.254593,0.300283
Colin Davis,,273,248,43,5,24,18,5,0.242647,0.270161
Thomas Sosa,BAL,367,338,72,8,39,23,5,0.27248,0.337278
Caleb Ketchup,,429,386,75,7,57,36,3,0.266979,0.295337
Jake Snider,,355,306,61,2,41,35,9,0.298295,0.267974
Alexander Ramirez,CHC,340,315,61,10,43,19,4,0.247788,0.333333
Drew Ehrhard,,256,234,54,5,19,13,3,0.278884,0.354701
Jordan Viars,,301,276,54,9,35,18,5,0.255814,0.34058
Connor Pavolony,,210,188,33,2,16,17,4,0.258373,0.25
Anthony Scull,LAA,538,494,113,12,61,25,13,0.281716,0.34413
Ethan Hearn,CHC,324,299,56,8,31,19,5,0.246914,0.314381
Sean Barnett,SDP,278,251,50,6,29,18,8,0.273381,0.322709
Edwin Rios,,379,339,69,13,40,33,4,0.279683,0.368732
Carter Kieboom,PHI,373,340,82,7,38,28,3,0.302949,0.347059
Jakob Christian,SFG,449,408,89,12,65,27,8,0.276169,0.375
Trey Faltine,CIN,183,163,26,1,16,12,4,0.233333,0.226994
Jesus Valdez,ARI,288,271,57,5,27,13,2,0.25,0.309963
Juan Montero,BOS,138,121,22,0,11,12,4,0.275362,0.231405
Luke Gold,,399,367,78,10,47,20,10,0.270677,0.351499
Josh Breaux,,241,224,45,6,21,14,2,0.253112,0.325893
Anderdson Rojas,ARI,512,463,103,2,58,32,2,0.273453,0.287257
Manuel Margot,,326,300,73,4,32,20,3,0.295385,0.336667
Nick Gordon,,316,293,70,6,35,15,4,0.28254,0.372014
Jalen Vasquez,,347,311,60,3,33,31,2,0.269565,0.279743
Arol Vera,LAA,454,416,86,6,41,25,4,0.256696,0.295673
Ian Lewis Jr.,MIA,409,376,85,6,51,25,4,0.280098,0.335106
Kyle Datres,,330,291,58,5,30,32,5,0.287879,0.28866
Fernando Caldera,,116,105,17,1,9,9,2,0.241379,0.247619
Enrique Hernández,LAD,322,293,61,7,34,23,1,0.264798,0.324232
Justin Riemer,ATH,323,268,53,1,33,46,7,0.329193,0.235075
Jack Rogers,,370,338,75,6,34,25,3,0.279891,0.33432
Manuel Palencia,NYY,264,251,57,1,25,10,1,0.258555,0.286853
Jacob Campbell,,277,255,51,4,25,14,7,0.26087,0.286275
Eddie Rosario,,315,290,62,8,32,21,0,0.264331,0.348276
Miguel Pabon,,280,251,47,2,24,22,3,0.258993,0.247012
Carlos De La Cruz,,466,431,96,11,44,26,7,0.276824,0.357309
Won-Bin Cho,STL,460,412,90,5,47,36,5,0.287912,0.298544
Brenner Cox,WSN,353,314,57,8,37,27,6,0.25788,0.318471
Hunter Renfroe,,326,296,63,8,29,26,2,0.279141,0.344595
Vance Honeycutt,BAL,463,419,75,6,46,37,3,0.250545,0.28401
Adrian Rodriguez,ARI,375,335,66,2,37,28,7,0.271505,0.250746
Austin Hendrick,CIN,439,405,84,15,42,25,6,0.261959,0.353086
Logan Cerny,,364,334,63,9,40,24,5,0.252747,0.308383
Trevor Boone,,228,211,41,8,28,13,2,0.246696,0.364929
Isaiah Drake,ATL,529,488,110,6,49,36,2,0.279773,0.307377
Tyler McDonough,BOS,386,352,79,4,38,28,3,0.285714,0.3125
Shalin Polanco,PIT,437,397,82,10,40,30,3,0.266204,0.342569
Wilmer Flores,,338,304,66,8,29,26,5,0.286982,0.335526
Erick Torres,KCR,524,469,107,4,53,33,7,0.287671,0.294243
Samuel Gil,DET,440,395,83,2,49,39,5,0.288636,0.263291
Mitchell Daly,,336,302,54,3,28,24,3,0.244713,0.245033
Tres Barrera,,253,229,43,4,19,17,4,0.25498,0.262009
Kaden Hollow,,368,319,66,3,35,37,3,0.292818,0.288401
Hedbert Perez,TOR,373,338,66,13,35,33,2,0.270777,0.357988
Austin Deming,,343,313,60,9,32,25,5,0.262391,0.329073
Jairo Pomares,,362,339,75,9,36,17,3,0.263889,0.351032
Juan Chacon,,275,252,54,1,26,18,3,0.273723,0.297619
GJ Hill,COL,259,232,46,5,20,17,5,0.265625,0.331897
Arxy Hernandez,,508,469,98,7,51,28,8,0.26378,0.30064
Tevin Tucker,COL,328,283,52,2,32,33,6,0.280864,0.250883
Marcus Smith,CIN,363,320,56,8,35,35,3,0.260388,0.296875
Kyle Farmer,ATL,308,283,60,5,25,17,6,0.269481,0.310954
Brian Kalmer,,379,343,67,11,39,32,2,0.266491,0.341108
Rodney Green Jr.,ATH,503,454,87,11,50,42,4,0.264414,0.323789
Cole Foster,,285,260,44,4,25,16,7,0.235915,0.246154
Jeremy De La Rosa,,383,355,76,8,36,24,2,0.266319,0.340845
Maick Collado,CLE,387,349,78,4,32,29,3,0.284974,0.30086
Blayberg Diaz,MIL,278,261,55,0,22,11,5,0.255396,0.252874
Jack Payton,SFG,310,277,58,5,35,24,7,0.287097,0.3213
Cole Urman,,290,265,55,4,25,20,1,0.265734,0.309434
Leandro Pineda,WSN,437,392,82,7,44,33,8,0.281465,0.321429
T.J. Schofield-Sam,,473,435,101,4,42,17,17,0.285412,0.31954
David Mershon,LAA,388,340,63,2,34,42,1,0.276042,0.252941
Kalae Harrison,,196,181,33,2,21,11,1,0.231959,0.248619
Kevin Rivas,CLE,161,143,23,1,12,15,2,0.248447,0.223776
Carlos Arroyo,,177,164,29,2,12,8,4,0.231638,0.25
Peyton Stovall,CIN,324,289,57,2,27,30,3,0.277778,0.269896
Kevin Maitan,,286,263,55,4,25,17,4,0.265734,0.304182
Trevor Werner,KCR,414,374,75,9,44,31,3,0.264563,0.339572
Branden Boissiere,WSN,441,403,90,7,40,29,5,0.281179,0.330025
Josh Hatcher,,393,375,84,8,37,14,2,0.254453,0.336
Zach Arnold,,360,338,67,10,35,15,5,0.241667,0.319527
Jose Perez,TBR,259,221,43,2,24,28,5,0.298039,0.271493
Jordan Thompson,,432,395,80,10,44,26,7,0.262181,0.318987
Edgar Alvarez,CHC,432,392,86,7,39,34,3,0.284722,0.313776
Tyler Robertson,,301,266,54,4,30,18,6,0.267123,0.296992
Jackson Feltner,,280,248,44,7,26,23,7,0.265233,0.302419
R.J. Yeager,,399,365,81,7,47,22,7,0.276382,0.323288
Sam Shaw,TOR,350,314,62,7,41,33,2,0.277143,0.318471
Carson Jones,,367,335,57,7,38,24,5,0.234973,0.274627
Colby Jones,ATL,518,466,97,1,61,42,7,0.281853,0.240343
Kyle Dernedde,CLE,276,248,47,1,21,16,7,0.253623,0.237903
Ryan Stafford,BAL,342,294,55,0,26,27,9,0.272455,0.248299
Anthony Vilar,SDP,379,331,63,6,35,40,4,0.28382,0.283988
DJ Stewart,,315,272,50,8,29,33,8,0.288889,0.308824
Carter Graham,CIN,420,387,81,9,42,20,9,0.261905,0.322997
Connor Scott,KCR,308,285,58,4,29,19,1,0.253247,0.315789
Mike Jarvis,PIT,327,300,58,4,36,16,5,0.243827,0.28
Chase Valentine,,303,272,52,3,32,21,3,0.255034,0.268382
Victor Figueroa,BAL,434,389,80,10,45,41,2,0.28341,0.347044
Mike Brosseau,,332,301,60,6,28,23,6,0.268072,0.289037
Alexis Hernandez,CHC,306,279,54,4,33,23,2,0.259016,0.275986
Miguel Ugueto,STL,277,264,61,2,26,7,3,0.256318,0.306818
Lyle Miller-Green,,405,354,69,9,49,40,7,0.287841,0.322034
Elio Prado,,364,328,67,6,35,25,6,0.271468,0.298781
Anthony Hall,,283,260,51,3,29,22,1,0.261484,0.280769
Caeden Trenkle,,290,264,53,3,32,19,3,0.260417,0.276515
Bryson Ware,PHI,402,368,78,10,48,25,6,0.27182,0.347826
Carlos Franco,ATH,298,283,59,2,20,12,2,0.244966,0.265018
Pierce Bennett,,320,290,58,4,30,24,4,0.26875,0.286207
Dalvy Rosario,,351,322,68,5,41,18,2,0.255072,0.301242
Mike Boeve,MIL,328,295,63,5,33,28,3,0.286585,0.308475
Brenny Escanio,,372,334,66,3,36,33,1,0.27027,0.263473
Brandon Drury,KCR,331,298,64,6,32,26,5,0.287009,0.338926
Jake Steels,,259,229,40,1,20,18,7,0.252918,0.218341
Sahid Valenzuela,,342,319,68,2,29,17,3,0.258824,0.266458
Vincent Perozo,NYM,338,304,60,4,33,22,10,0.272189,0.286184
Gavin Dugas,,362,320,57,4,31,24,16,0.267956,0.253125
Zavier Warren,,423,381,78,10,39,34,4,0.274232,0.328084
Jack López,,348,321,62,5,34,15,3,0.234604,0.280374
Jacob Jenkins-Cowart,MIA,349,320,61,3,34,24,3,0.252149,0.2875
Paul Witt,,239,220,44,6,23,12,4,0.253165,0.331818
Jack Hurley,ARI,411,381,78,8,41,21,5,0.253659,0.325459
Gabriel Martinez,,420,390,87,5,36,24,4,0.27381,0.312821
Maikol Hernández,,425,367,70,4,25,34,3,0.260976,0.27248
Alex Ramírez,CHC,463,425,88,5,51,35,2,0.269978,0.284706
Joe Naranjo,,420,370,75,4,38,43,3,0.289474,0.278378
Eduardo Guerrero,LAD,435,377,77,3,44,46,5,0.296984,0.265252
Joe Vetrano,LAD,427,391,81,9,43,33,2,0.271663,0.329923
Caleb Roberts,MIN,440,394,83,7,43,36,7,0.286364,0.329949
Adam Retzbach,,415,367,71,9,30,33,9,0.274939,0.318801
Antonis Macias,TEX,490,424,95,3,43,50,5,0.309278,0.299528
Cody Schrier,MIA,325,299,63,6,37,20,5,0.270769,0.311037
Abel Bastidas,,246,229,47,2,25,13,1,0.247967,0.279476
Jared Wegner,,279,250,46,5,26,21,5,0.258065,0.292
Nick Castellanos,,437,404,94,11,45,26,4,0.283753,0.366337
Kenni Gomez,HOU,456,429,94,7,45,22,3,0.260965,0.324009
Ethan Long,SDP,231,210,37,4,18,18,2,0.246753,0.257143
Rafe Perich,TEX,427,382,75,5,36,39,3,0.274005,0.274869
Reylin Perez,,254,230,44,3,23,16,2,0.248,0.286957
Casey Cook,TEX,499,447,88,5,49,35,9,0.267206,0.281879
Shawn Goosenberg,,385,356,77,6,41,22,5,0.27013,0.323034
Teo Banks,WSN,201,182,32,2,18,10,3,0.229592,0.241758
Reginald Preciado,CHC,369,343,69,3,33,17,5,0.248634,0.271137
Bladimir Restituyo,,434,408,91,6,45,11,3,0.247059,0.313726
Mairo Martinus,LAD,446,409,84,10,56,27,4,0.257848,0.325183
Brenden Dixon,,283,253,48,5,26,25,3,0.269504,0.29249
Sonny DiChiara,,339,300,58,8,25,31,6,0.280236,0.313333
Arturo Disla,TEX,440,408,87,11,35,25,6,0.268182,0.340686
Leandro Arias,BAL,380,338,71,4,32,28,6,0.28,0.284024
Carter Aldrete,,343,321,67,7,33,17,1,0.248538,0.327103
Esmith Pineda,CIN,504,452,101,10,52,34,8,0.286573,0.345133
Hunter Haas,,374,335,57,5,29,27,6,0.242588,0.253731
Korey Holland,,358,335,69,7,30,19,1,0.2493,0.328358
Patrick Wisdom,SEA,333,298,48,12,33,29,4,0.243243,0.325503
Tommy Sacco Jr.,,428,387,75,5,32,34,3,0.262911,0.276486
Randy De Jesus,LAA,532,485,101,19,53,35,8,0.271698,0.36701
Luis Valdez,,282,260,54,1,35,13,2,0.249097,0.269231
Cristian Gonzalez,,321,305,60,4,26,12,1,0.227414,0.268852
Kris Bryant,COL,272,242,53,4,25,23,6,0.301471,0.309917
Bryce Madron,,229,195,31,1,24,29,2,0.273128,0.205128
Harrison Spohn,,332,301,53,4,23,28,1,0.246988,0.252492
Fernando Peguero,BAL,372,336,71,3,35,25,3,0.269755,0.276786
Modeifi Marte,ARI,409,379,88,4,35,23,4,0.281174,0.316623
Darlin Moquete,,344,315,66,7,42,19,4,0.261765,0.311111
Brayan Buelvas,ATH,427,391,80,7,40,29,5,0.266979,0.319693
Jack Moss,HOU,225,203,47,0,20,18,1,0.293333,0.26601
John Michael Faile,CIN,370,348,76,13,35,17,4,0.262162,0.382184
Raudelis Martinez,,336,295,61,3,26,27,3,0.277439,0.274576
Nathan Martorella,,514,461,96,12,51,45,4,0.282101,0.331887
Miguel Palma,NYY,263,238,49,5,22,19,4,0.273764,0.310924
Jhon Diaz,TBR,440,406,82,12,46,27,3,0.255125,0.339901
Martín Maldonado,,194,175,28,4,12,11,2,0.218085,0.257143
Hudson White,BOS,292,265,47,2,20,19,5,0.243986,0.237736
Jackson Hornung,,431,392,86,7,47,31,5,0.283063,0.331633
Titus Dumitru,PIT,474,435,94,7,46,31,6,0.276371,0.331034
Karson Simas,CHC,340,313,62,3,36,20,5,0.256637,0.258786
Mason Guerra,ATL,426,384,74,11,36,36,4,0.267606,0.3125
Carter Young,,399,370,74,3,30,22,3,0.24937,0.27027
Jared McKenzie,,386,362,76,6,40,13,5,0.245431,0.314917
Luis Ravelo,,324,297,58,3,27,22,3,0.256173,0.265993
Kamren James,TBR,297,269,53,5,28,16,7,0.259386,0.286245
Drew Vogel,,423,381,63,8,34,28,9,0.23753,0.259843
Corey Collins,NYM,303,253,38,6,25,35,11,0.277228,0.249012
Angel Tejada,,245,232,47,3,25,8,2,0.233607,0.284483
Anthony Gutierrez,TEX,416,381,88,2,50,23,7,0.286408,0.296588
Alberto Rios,LAA,236,211,35,3,18,15,3,0.230435,0.241706
Miguel Santos,,360,328,68,3,25,20,8,0.268156,0.27439
Milkar Perez,,387,347,69,3,30,35,3,0.276486,0.276657
Brayden Jobert,,380,338,62,7,34,30,9,0.265789,0.284024
Antonio Anderson,BOS,465,421,87,6,45,36,4,0.273118,0.299287
Ruben Santana,,502,455,93,7,46,37,7,0.272908,0.298901
Luis Sanchez,CHC,279,254,45,2,27,18,6,0.247312,0.240157
Kevin Graham,,284,261,49,3,24,19,2,0.246479,0.275862
Diego Mosquera,,278,250,51,0,18,18,5,0.270073,0.236
Evan Edwards,,311,276,51,6,20,27,5,0.266881,0.289855
Johnfrank Salazar,,333,303,65,2,28,20,6,0.274924,0.280528
Kay-Lan Nicasia,,331,292,45,8,33,33,4,0.247734,0.284247
EJ Andrews Jr.,,338,301,57,6,32,26,3,0.259819,0.30897
Cole McConnell,,393,352,70,5,38,31,9,0.279898,0.278409
Nick Roselli,,380,342,66,9,39,26,6,0.262032,0.330409
Dyan Jorge,COL,490,449,105,2,57,32,3,0.288066,0.289532
Skyler Messinger,COL,406,376,84,7,35,19,7,0.270936,0.329787
Jefrey De Los Santos,,339,307,59,5,31,24,4,0.25816,0.299674
Jake Gatewood,,338,311,54,9,32,20,4,0.232143,0.311897
Haydn McGeary,,399,355,71,8,33,37,4,0.280702,0.307042
T.J. White,WSN,485,446,95,12,37,33,3,0.270103,0.340807
Ryan Wrobleski,,271,248,49,5,22,15,7,0.261993,0.302419
Andy Garriola,CHC,411,382,72,10,40,19,7,0.239024,0.319372
Ariel Almonte,,468,431,83,15,45,33,2,0.252137,0.348028
Juan Baez,MIL,489,448,90,1,42,34,4,0.261759,0.241071
Luis Encarnacion,,365,344,72,9,31,16,3,0.249315,0.325581
Nathan Hickey,BOS,461,405,87,12,45,49,4,0.303688,0.362963
Rafael Morel,,416,374,70,5,47,33,6,0.262651,0.262032
Christopher Paciolla,,277,260,47,2,19,11,5,0.227437,0.25
Brandon Pimentel,,354,332,72,4,30,10,10,0.259887,0.301205
Nolan Clifford,,255,226,45,0,19,21,5,0.280632,0.234513
Juan Corniel,,366,336,68,1,35,19,3,0.250696,0.258929
Jackson Ross,WSN,356,323,60,7,36,26,2,0.248588,0.309598
Juan Guerrero,,475,440,113,4,52,24,3,0.29661,0.338636
Yerlin Confidan,CIN,472,433,91,6,45,34,3,0.271762,0.314088
Jack Costello,SDP,425,392,78,10,39,19,13,0.258824,0.316327
Tyler Miller,,376,347,73,7,36,21,3,0.258667,0.322767
Jean Perez,,283,262,57,4,28,6,5,0.248175,0.301527
Elvis Rijo,,171,150,24,0,9,8,9,0.244048,0.206667
Darlyn Montero,,310,288,61,4,29,13,6,0.2589,0.295139
Jose Sanabria,,208,190,33,1,18,14,2,0.236715,0.226316
Donta' Williams,,309,275,49,2,26,27,5,0.262136,0.247273
Yhoswar Garcia,,358,329,67,1,38,19,2,0.25,0.255319
Wyatt Hoffman,SDP,293,253,40,1,24,22,7,0.242958,0.201581
Alfredo Velásquez,,389,371,85,1,43,11,1,0.252604,0.272237
Brandon Eike,SEA,407,380,69,7,30,19,6,0.230958,0.286842
Joel Dragoo,PHI,315,281,49,0,19,28,3,0.255591,0.231317
Yiddi Cappe,,411,387,90,6,43,20,1,0.270073,0.330749
Aneudis Mordán,,256,223,46,5,23,15,2,0.261411,0.318386
Fraymi De Leon,,347,316,60,2,39,20,6,0.249275,0.25
Gunner Gouldsmith,ATH,337,298,45,0,35,31,5,0.241071,0.191275
Anthony Servideo,,371,332,53,3,30,32,2,0.237705,0.228916
Jesus Castillo,PIT,435,392,80,1,41,31,7,0.273148,0.242347
Armando Cruz,,404,369,73,2,32,14,2,0.229974,0.252033
Tayden Hall,MIL,395,339,59,3,34,47,5,0.281013,0.241888
Bryson Horne,,348,327,66,7,26,17,2,0.244253,0.308868
John Rhodes,,438,396,76,8,39,36,5,0.267123,0.295455
Jesus Bugarin,,362,347,83,5,37,9,3,0.263158,0.32853
Bryan Gonzalez,,390,363,81,4,38,21,2,0.268734,0.325069
Albert Feliz,,298,277,51,9,21,17,2,0.234899,0.314079
Yeison Morrobel,TEX,424,394,75,8,32,25,4,0.245283,0.296954
Myles Smith,,307,266,46,3,27,29,6,0.268212,0.229323
Tyler Whitaker,HOU,415,368,68,4,35,35,8,0.26747,0.269022
Luiyin Alastre,MIL,398,370,78,2,36,22,4,0.261307,0.267568
Benny Montgomery,,436,402,92,6,45,29,3,0.285057,0.31592
Peyton Powell,,333,297,59,1,30,32,1,0.277946,0.239057
Jace Grady,,332,302,56,3,26,25,2,0.25,0.258278
Mac McCroskey,LAA,326,291,50,1,27,23,3,0.238994,0.219931
Jheremy Vargas,MIL,392,361,73,2,32,27,3,0.262755,0.246537
Jackson Nicklaus,,340,302,49,8,37,35,2,0.252941,0.281457
Daniel Guilarte,MIL,443,402,73,2,44,35,2,0.248869,0.236318
Roismar Quintana,,341,316,68,3,28,18,3,0.261765,0.28481
Caleb Hobson,COL,380,323,55,2,48,41,5,0.272973,0.244582
Jaime Ferrer,MIN,401,362,73,4,34,17,15,0.263158,0.30663
Colin Summerhill,,453,409,77,7,39,36,3,0.257778,0.293399
Ed Howard,,337,314,57,1,26,18,2,0.229851,0.226115
Brock Vradenburg,,410,364,66,6,37,42,1,0.265854,0.28022
Dario Laverde,LAA,454,421,91,6,38,24,6,0.267699,0.304038
Bubba Alleyne,,338,313,56,4,31,17,5,0.231454,0.261981
Noelberth Romero,BAL,345,323,60,5,27,13,3,0.222222,0.266254
C.J. Pittaro,ATH,499,453,92,1,39,37,8,0.274549,0.260486