Name,Team,GS,G,IP,HR,SO,BB,HR/9,WHIP,ERA
Andrés Muñoz,SEA,0,1,1,0.0793333,1.3628,0.4093,0.714,1.1306,2.69343
Emmanuel Clase,CLE,0,1,1,0.0854444,1.0298,0.2557,0.769,1.1779,3.18033
Jeff Hoffman,MIN,0,1,1,0.100667,1.2773,0.4123,0.906,1.1967,3.31533
Joe Kelly,,0,1,1,0.0808889,1.208,0.4913,0.728,1.2983,3.2445
A.J. Puk,ARI,0,1,1,0.107667,1.1241,0.3728,0.969,1.2335,3.57714
Clarke Schmidt,NYY,0,1,1,0.120444,1.0959,0.3144,1.084,1.1743,3.43206
Ryan Helsley,BAL,0,1,1,0.105111,1.2204,0.4154,0.946,1.2121,3.28275
Forrest Whitley,,0,1,1,0.109111,1.1696,0.4125,0.982,1.2463,3.54762
Pete Fairbanks,MIA,0.0042,0.9802,1,0.110889,1.1523,0.3918,0.998,1.2301,3.54924
Will Vest,DET,0,1,1,0.0867778,1.0197,0.3267,0.781,1.2262,3.25557
Jon Gray,,0,1,1,0.124222,0.9892,0.2929,1.118,1.2207,3.71376
Cristian Mena,ARI,0,1,1,0.104222,1.0035,0.3718,0.938,1.2995,3.77091
David Robertson,,0,1,1,0.106667,1.1446,0.383,0.96,1.2383,3.49011
Chris Martin,,0,1,1,0.118667,0.908,0.2195,1.068,1.1966,3.66804
Justin Wilson,,0,1,1,0.113778,1.095,0.3742,1.024,1.2274,3.46977
Fernando Cruz,NYY,0,1,1,0.121333,1.2794,0.51,1.092,1.281,3.61845
Anderson Espinoza,,0,1,1,0.100778,0.9055,0.298,0.907,1.2733,3.6612
Matt Brash,SEA,0,1,1,0.0882222,1.1939,0.4139,0.794,1.2083,3.07296
Brusdar Graterol,LAD,0,1,1,0.0996667,0.904,0.3442,0.897,1.3023,3.6315
Josh Winckowski,TOR,0,1,1,0.106556,0.9177,0.3039,0.959,1.2679,3.64536
Justin Slaten,BOS,0,1,1,0.111667,1.0457,0.3234,1.005,1.2415,3.72402
Tyler Wells,TBR,0,1,1,0.147667,1.0565,0.2458,1.329,1.1307,3.67326
Randy Rodríguez,SFG,0,1,1,0.105889,1.0629,0.4438,0.953,1.2875,3.66525
Mark Leiter Jr.,ATH,0,1,1,0.120667,1.0464,0.3987,1.086,1.3178,3.97296
Joe Glassey,WSN,0,1,1,0.120444,0.9804,0.3264,1.084,1.2433,3.72303
Edgardo Henriquez,LAD,0.003,0.986,1,0.118111,1.1268,0.4588,1.063,1.3007,3.75561
Ronny Henriquez,MIA,0,1,1,0.107778,1.0298,0.3805,0.97,1.2821,3.73095
Andrew Nardi,MIA,0,1,1,0.116111,1.1938,0.4305,1.045,1.2522,3.54186
Blake Treinen,LAD,0,1,1,0.120667,1.0819,0.3975,1.086,1.2904,3.86298
Julian Garcia,CIN,0,1,1,0.131111,1.1064,0.395,1.18,1.2822,3.86865
Reed Garrett,NYM,0.0032,0.9852,1,0.104889,1.1257,0.4519,0.944,1.2992,3.52269
Packy Naughton,,0,1,1,0.100778,0.9213,0.3415,0.907,1.2834,3.55221
Anderson Severino,,0,1,1,0.0987778,1.0723,0.4313,0.889,1.2995,3.43935
Brian Van Belle,TBR,0,1,1,0.122444,0.8053,0.2178,1.102,1.2275,3.80925
James Naile,,0,1,1,0.100889,0.7856,0.2453,0.908,1.2876,3.8367
José Suarez,,0.0149,0.9299,1,0.121556,0.9553,0.3598,1.094,1.287,3.77568
Jimmy Cordero,,0.0107,0.9497,1,0.112444,1.0255,0.3939,1.012,1.2962,3.74562
Anthony Bender,MIA,0,1,1,0.0997778,1.0633,0.3891,0.898,1.2918,3.69396
Sean Guenther,DET,0.0056,0.9736,1,0.100667,0.806,0.321,0.906,1.3141,3.69927
Kyle Muller,,0,1,1,0.108111,0.8084,0.2727,0.973,1.2886,3.74202
Ryan Pressly,,0,1,1,0.107111,0.9288,0.3674,0.964,1.3295,3.85704
Aaron Bummer,,0,1,1,0.0867778,0.9569,0.4105,0.781,1.3427,3.61458
Angel Zerpa,MIL,0,1,1,0.0998889,0.9517,0.3748,0.899,1.3039,3.5451
Matt Strahm,,0,1,1,0.142,1.0604,0.335,1.278,1.2206,3.89889
John Brebbia,BOS,0,1,1,0.149333,0.9533,0.3369,1.344,1.3087,4.33953
Julian Fernández,,0,1,1,0.125778,1.0101,0.3902,1.132,1.2946,3.91257
Liam Hendriks,,0,1,1,0.135889,1.0469,0.3892,1.223,1.2906,4.04001
Jeremy Beasley,,0,1,1,0.118444,0.9386,0.3125,1.066,1.2838,3.91851
Carl Edwards Jr.,DET,0,1,1,0.102667,0.959,0.3831,0.924,1.3088,3.67407
Keaton Winn,SFG,0,1,1,0.101222,0.8677,0.3615,0.911,1.3218,3.82608
Freddy Tarnok,,0,1,1,0.112556,0.9702,0.4001,1.013,1.3311,3.88521
Yimi García,TOR,0,1,1,0.120667,1.1091,0.3635,1.086,1.2225,3.65535
Ben Joyce,LAA,0,1,1,0.101222,1.1999,0.5076,0.911,1.3102,3.53574
Sean Hjelle,,0.0428,0.7988,1,0.108556,0.795,0.2842,0.977,1.3294,3.99609
Ryan Burr,TOR,0,1,1,0.116444,1.0709,0.3748,1.048,1.2693,3.71232
Thomas Szapucki,,0.034,0.84,1,0.124889,1.0962,0.4179,1.124,1.296,3.80574
Trey Wingenter,,0,1,1,0.115778,1.0864,0.4499,1.042,1.3347,3.91293
Sam Moll,,0,1,1,0.102778,0.9546,0.469,0.925,1.4018,3.91446
Micah Ashman,BAL,0.0216,0.8986,1,0.115333,0.9733,0.3717,1.038,1.3017,3.72609
Daniel Duarte,NYM,0,1,1,0.122444,0.9945,0.403,1.102,1.3172,3.89106
Rafael Dolis,,0,1,1,0.108444,0.9591,0.4112,0.976,1.3546,3.92634
Robert Stephenson,LAA,0,1,1,0.138889,1.1135,0.3561,1.25,1.2262,3.83697
Víctor Arano,WSN,0,1,1,0.119444,0.9078,0.3577,1.075,1.3216,3.99519
Naoyuki Uwasawa,,0,1,1,0.126444,0.8439,0.2507,1.138,1.2737,4.04712
Dauri Moreta,,0,1,1,0.126444,1.1287,0.454,1.138,1.3143,3.94992
Brad Keller,PHI,0,1,1,0.115556,0.91,0.3966,1.04,1.3643,3.99537
Andrés Machado,,0,1,1,0.118222,0.8985,0.3346,1.064,1.3136,4.02687
Bruce Zimmermann,,0,1,1,0.127111,0.8012,0.2253,1.144,1.2495,3.84084
Josh Taylor,,0.01,0.953,1,0.116,1.0133,0.4234,1.044,1.3295,3.80943
Shawn Dubin,,0,1,1,0.114111,0.9329,0.4242,1.027,1.3762,4.0419
Ian Hamilton,,0,1,1,0.107111,0.9977,0.4557,0.964,1.3769,3.89736
Garrett Stratton,NYM,0,1,1,0.110889,0.9643,0.3871,0.998,1.3019,3.7359
Tyler Cyr,,0,1,1,0.111444,0.988,0.4296,1.003,1.3536,3.93507
Will Klein,LAD,0.0168,0.9208,1,0.105556,1.0953,0.534,0.95,1.3981,3.83841
Daniel Hudson,,0,1,1,0.133333,1.0299,0.3675,1.2,1.2802,3.97827
Mitchell Parker,WSN,0,1,1,0.139778,0.8687,0.2897,1.258,1.2843,4.07376
David Price,,0,1,1,0.111667,0.8797,0.3688,1.005,1.3432,3.84651
Burch Smith,DET,0.0035,0.9835,1,0.116667,0.9649,0.3377,1.05,1.285,3.8664
Matt Krook,WSN,0,1,1,0.0921111,0.9403,0.5647,0.829,1.4834,3.90024
Brian Metoyer,NYM,0,1,1,0.0992222,1.1006,0.5242,0.893,1.3721,3.69657
Caleb Kilian,PHI,0,1,1,0.122889,0.9302,0.3747,1.106,1.3165,3.9753
Welinton Herrera,COL,0,1,1,0.111444,0.9871,0.4755,1.003,1.4493,4.21668
Ben Heller,,0,1,1,0.115,1.0002,0.4065,1.035,1.3261,3.97881
Colin Selby,BAL,0,1,1,0.106333,1.0356,0.4479,0.957,1.3459,3.76902
Brett Martin,,0.0035,0.9835,1,0.100889,0.8683,0.4154,0.908,1.3944,3.8781
Pedro Avila,,0,1,1,0.109111,0.8724,0.3769,0.982,1.3635,3.98493
Wes Benjamin,,0.0388,0.8178,1,0.118667,0.8473,0.3247,1.068,1.3292,3.9861
Bryce Montes de Oca,,0,1,1,0.109667,1.1715,0.5649,0.987,1.3965,3.9141
Ruddy Gomez,MIN,0,1,1,0.109111,0.9483,0.401,0.982,1.3457,3.94272
Ryan Brasier,,0.0067,0.9687,1,0.123889,0.9055,0.3166,1.115,1.2886,3.98016
Darwinzon Hernández,,0,1,1,0.119,1.0538,0.4429,1.071,1.3427,3.93921
Jesus Tinoco,MIA,0,1,1,0.118556,0.9277,0.4198,1.067,1.3818,4.15665
Andrew Chafin,,0,1,1,0.111222,1.046,0.5111,1.001,1.4064,3.91581
Cole Sands,MIN,0,1,1,0.123556,0.975,0.3449,1.112,1.2879,4.02867
Frank German,,0,1,1,0.113778,1.0563,0.49,1.024,1.3824,3.9861
Zach Logue,,0,1,1,0.124444,0.7695,0.2331,1.12,1.2774,4.02228
Taylor Hearn,,0,1,1,0.121111,0.9684,0.3991,1.09,1.3371,3.95469
Héctor Neris,,0,1,1,0.135778,1.0481,0.4524,1.222,1.3471,4.20777
Miguel Del Pozo,,0,1,1,0.122667,0.9673,0.3945,1.104,1.3263,3.94479
Riley Martin,CHC,0.0211,0.9011,1,0.107778,0.9991,0.5375,0.97,1.4386,3.94848
Tucker Musgrove,SDP,0,1,1,0.112111,1.0931,0.5255,1.009,1.3741,3.84993
Joe Ariola,ARI,0.0147,0.9307,1,0.109667,1.0206,0.4687,0.987,1.3934,3.99249
Shinnosuke Ogasawara,,0.0302,0.8582,1,0.124556,0.7786,0.239,1.121,1.2817,3.93633
Yariel Rodríguez,TOR,0,1,1,0.117111,1.0607,0.4744,1.054,1.3599,3.95631
Mitch White,,0,1,1,0.110889,0.8633,0.375,0.998,1.3611,4.07187
Pat Gallagher,TOR,0.0421,0.8021,1,0.112667,0.8859,0.3625,1.014,1.3338,3.93111
Jake Cousins,LAD,0,1,1,0.120667,1.0899,0.5207,1.086,1.4002,4.06395
Samy Natera Jr.,LAA,0,1,1,0.126889,1.1704,0.5275,1.142,1.3457,3.86451
Brady Feigl,,0,1,1,0.118333,0.8546,0.3632,1.065,1.3579,4.0725
Manny Banuelos,,0,1,1,0.103556,0.9469,0.4858,0.932,1.4312,4.03686
Chase Dollander,COL,0.0546,0.7436,1,0.138333,0.9806,0.4251,1.245,1.4141,4.65372
Jesse Chavez,,0,1,1,0.135778,0.8926,0.3747,1.222,1.3664,4.29543
Jon Kennedy,,0,1,1,0.106,0.9318,0.4567,0.954,1.4002,3.91113
Shelby Miller,CHC,0,1,1,0.132556,1.0516,0.4108,1.193,1.3112,4.12218
Wes Parsons,,0,1,1,0.119444,0.9714,0.4236,1.075,1.3572,4.05
Walter Pennington,,0.0132,0.9382,1,0.101111,0.8839,0.4498,0.91,1.4093,3.91653
Ian Anderson,,0,1,1,0.115667,0.8572,0.4448,1.041,1.4315,4.19175
Carlos Hernández,CLE,0,1,1,0.127556,1.047,0.4165,1.148,1.3281,4.06332
Junior Fernández,,0,1,1,0.095,0.8647,0.4752,0.855,1.4594,4.1013
José Castillo,,0,1,1,0.105556,0.9462,0.4329,0.95,1.379,3.85578
Ryan Thompson,ARI,0,1,1,0.102444,0.7702,0.3443,0.922,1.3968,4.24404
Dietrich Enns,BAL,0,1,1,0.128667,0.8589,0.3536,1.158,1.3432,4.06377
Justin Lawrence,,0,1,1,0.104333,1.0382,0.5514,0.939,1.4391,4.05027
Reiver Sanmartin,SFG,0,1,1,0.0866667,0.7048,0.3653,0.78,1.399,3.84147
Lou Trivino III,PHI,0,1,1,0.133556,0.8898,0.4282,1.202,1.3904,4.36302
Jordan Balazovic,,0,1,1,0.111556,0.8925,0.4268,1.004,1.3984,4.08438
Kenta Maeda,,0,1,1,0.132556,0.8638,0.2777,1.193,1.2758,4.07664
Rowan Wick,SFG,0,1,1,0.111556,0.9318,0.4394,1.004,1.3819,4.09806
Tyler LaPorte,ATL,0,1,1,0.0973333,0.9319,0.4991,0.876,1.4453,3.98916
James Norwood,NYY,0,1,1,0.132111,1.0336,0.4498,1.189,1.3523,4.077
Jordan Leasure,CHW,0.0125,0.9415,1,0.147333,1.0794,0.4719,1.326,1.3426,4.13802
Cameron Wagoner,MIL,0,1,1,0.126444,0.9297,0.37,1.138,1.3109,4.03371
Reid VanScoter,SEA,0,1,1,0.0956667,0.7892,0.321,0.861,1.2939,3.46833
Rob Zastryzny,MIL,0.0079,0.9629,1,0.129667,0.9123,0.3866,1.167,1.3269,3.99591
Tyler Uberstine,ATL,0,1,1,0.134111,0.984,0.3218,1.207,1.2548,3.98718
Jalen Beeks,TEX,0,1,1,0.120333,0.8986,0.4002,1.083,1.3511,3.97512
Caleb Ferguson,,0.0086,0.9596,1,0.0994444,0.9294,0.4574,0.895,1.3915,3.90285
Yunior Marte,,0,1,1,0.114111,0.9082,0.4484,1.027,1.4139,4.21875
Nick Robertson,LAD,0,1,1,0.131,0.9464,0.4251,1.179,1.3734,4.15557
Isaiah Campbell,ARI,0,1,1,0.112111,0.7986,0.3572,1.009,1.4019,4.30164
Carlos Carrasco,,0,1,1,0.135556,0.7727,0.2585,1.22,1.3136,4.22163
Owen Wild,TBR,0,1,1,0.135222,0.9432,0.3301,1.217,1.2658,3.95757
Charlie Barnes,LAD,0,1,1,0.129222,0.8304,0.3231,1.163,1.3409,4.14072
Drew Smyly,,0,1,1,0.143111,0.9756,0.345,1.288,1.2791,4.02975
Porter Hodge,CHC,0,1,1,0.115778,1.0885,0.5222,1.042,1.3874,3.94443
José Cisnero,,0,1,1,0.119222,1.0158,0.4696,1.073,1.3791,4.05855
Spencer Howard,,0.0625,0.7065,1,0.136222,0.9414,0.3605,1.226,1.3229,4.18959
Cristian Alvarado,SFG,0,1,1,0.107333,0.885,0.4321,0.966,1.3819,4.04163
Ben Grable,WSN,0,1,1,0.131444,0.9712,0.4358,1.183,1.3715,4.21731
Matt Bush,,0,1,1,0.137111,0.9936,0.3878,1.234,1.3273,4.16493
Bryan Hoeing,SDP,0,1,1,0.122,0.852,0.3422,1.098,1.3429,4.04136
Joel Payamps,ATL,0,1,1,0.124667,0.9344,0.3619,1.122,1.3244,4.059
Aneurys Zabala,,0,1,1,0.113333,1.0724,0.5104,1.02,1.3944,4.03668
Dylan Covey,,0.0026,0.9876,1,0.104889,0.8005,0.4006,0.944,1.418,4.10193
Amir Garrett,,0,1,1,0.114222,1.1058,0.5581,1.028,1.4143,4.014
Caleb Boushley,,0.0121,0.9431,1,0.134444,0.746,0.2566,1.21,1.3132,4.2111
Justin Sterner,ATH,0,1,1,0.159778,0.9622,0.365,1.438,1.3339,4.49703
Joely Rodríguez,BOS,0,1,1,0.100778,0.8476,0.4353,0.907,1.4399,4.12857
Joey Lucchesi,,0,1,1,0.105667,0.8229,0.4049,0.951,1.3968,3.97467
Fernando Abad,,0,1,1,0.126,0.8493,0.3477,1.134,1.3376,4.06521
Jorge Alcala,,0,1,1,0.139889,1.0249,0.4694,1.259,1.3701,4.26582
J.B. Bukauskas,MIL,0,1,1,0.106222,0.8518,0.4366,0.956,1.4183,4.06845
JT Chargois,,0,1,1,0.123556,0.9275,0.4075,1.112,1.3671,4.16664
Allan Winans,,0.0814,0.6174,1,0.121778,0.8153,0.3012,1.096,1.3069,4.04109
Brandon Waddell,,0.0168,0.9208,1,0.121444,0.7822,0.2871,1.093,1.3113,4.02696
Daniel Robert,PHI,0,1,1,0.142444,0.9333,0.4137,1.282,1.3555,4.31325
Nolan Kingham,SEA,0,1,1,0.115778,0.8866,0.3423,1.042,1.29,3.7809
Evan Reifert,TBR,0.0454,0.7864,1,0.114111,1.0987,0.5114,1.027,1.374,3.95964
Phil Maton,CHC,0,1,1,0.117667,1.0278,0.427,1.059,1.3266,3.9843
Scott Barlow,,0,1,1,0.121778,0.9802,0.5563,1.096,1.4845,4.47561
Kyle Amendt,ARI,0,1,1,0.112667,1.0369,0.5127,1.014,1.4233,4.15737
Max Rajcic,STL,0,1,1,0.126333,0.7888,0.3472,1.137,1.3499,4.21596
Erik Swanson,,0,1,1,0.142889,0.9311,0.4008,1.286,1.3591,4.34277
Keegan Akin,BAL,0.0139,0.9349,1,0.141556,0.9547,0.385,1.274,1.3265,4.05144
Dane Dunning,SEA,0,1,1,0.121556,0.9334,0.3131,1.094,1.2477,3.717
Keone Kela,,0,1,1,0.129,0.9886,0.4408,1.161,1.3571,4.09905
Taylor Rashi,ATH,0,1,1,0.130667,0.9039,0.4497,1.176,1.4278,4.36104
Casey Lawrence,SEA,0,1,1,0.155,0.5383,0.1479,1.395,1.3017,4.50279
Michael Kopech,,0,1,1,0.127444,1.1039,0.5639,1.147,1.422,4.3299
Kenny Rosenberg,,0.0244,0.8854,1,0.132222,0.8632,0.3357,1.19,1.3285,4.11012
Declan Cronin,TEX,0,1,1,0.105333,0.8361,0.4503,0.948,1.4288,4.15422
David Buchanan,,0,1,1,0.108444,0.6103,0.2757,0.976,1.392,4.21794
Dylan Tebrake,WSN,0,1,1,0.127111,0.9522,0.4618,1.144,1.4032,4.24638
J.C. Mejía,,0,1,1,0.122889,0.9386,0.4314,1.106,1.385,4.16088
Austin Voth,,0,1,1,0.148778,0.8192,0.2764,1.339,1.3034,4.3281
Adam Ottavino,,0,1,1,0.115444,0.9831,0.4386,1.039,1.3706,4.26798
Oliver Ortega,,0,1,1,0.115556,0.9417,0.4349,1.04,1.3896,4.14513
Anthony DeSclafani,,0.0619,0.7089,1,0.143333,0.8684,0.2962,1.29,1.2982,4.27059
Julian Merryweather,MIN,0,1,1,0.117444,1.0233,0.4548,1.057,1.3669,4.04109
Anthony Bass,,0,1,1,0.133556,0.9402,0.3952,1.202,1.3567,4.16475
Nick Raquet,,0,1,1,0.127889,0.8051,0.3631,1.151,1.3675,4.14018
Luis González,,0,1,1,0.132111,0.903,0.3699,1.189,1.33,4.07979
Blake Holub,MIL,0,1,1,0.115222,0.9055,0.4558,1.037,1.4126,4.12173
Garrett Richards,,0.0123,0.9423,1,0.120556,0.8397,0.3761,1.085,1.3744,4.17897
Michel Otañez,TEX,0,1,1,0.107,1.1547,0.6274,0.963,1.444,3.95694
Spencer Giesting,ARI,0.0225,0.8945,1,0.113111,0.891,0.4067,1.018,1.3868,4.13451
Kevin Herget,,0,1,1,0.139222,0.8015,0.2754,1.253,1.2758,4.11147
Felipe De La Cruz,NYM,0.0214,0.8994,1,0.112556,0.9499,0.4562,1.013,1.3747,3.85641
Jhon Romero,,0,1,1,0.118,0.9036,0.4293,1.062,1.4,4.20327
Robinson Piña,,0,1,1,0.122889,0.8058,0.304,1.106,1.3139,4.09635
Brandon Leibrandt,CIN,0,1,1,0.163111,0.7478,0.2869,1.468,1.3402,4.48155
Cam Alldred,,0,1,1,0.120222,0.8442,0.3867,1.082,1.3742,4.0779
Jackson Rutledge,,0,1,1,0.139222,0.8547,0.4016,1.253,1.3841,4.44861
Matt Waldron,WSN,0.0635,0.7015,1,0.146111,0.7994,0.2713,1.315,1.3002,4.37247
Aaron Brooks,TBR,0,1,1,0.125778,0.6688,0.2801,1.132,1.3713,4.33269
Javen Coleman,TOR,0,1,1,0.130222,0.9936,0.4114,1.172,1.3282,3.98016
Luis Ortiz,,0,1,1,0.120778,0.8238,0.3648,1.087,1.3686,4.20471
Kervin Castro,NYY,0,1,1,0.124222,0.9404,0.4277,1.118,1.3651,4.0428
Darren McCaughan,,0,1,1,0.154444,0.8022,0.2644,1.39,1.2826,4.37733
Kyle Finnegan,DET,0,1,1,0.118333,0.9121,0.4211,1.065,1.3815,4.13073
Nick Duron,,0,1,1,0.118778,1.0036,0.5041,1.069,1.4177,4.16106
Brian Fitzpatrick,MIL,0,1,1,0.131667,0.869,0.4299,1.185,1.3955,4.21443
José Lopez,,0,1,1,0.120667,0.9536,0.4651,1.086,1.4048,4.10463
Carlos Estévez,KCR,0,1,1,0.144889,0.9295,0.4101,1.304,1.3798,4.49658
Enyel De Los Santos,HOU,0,1,1,0.149111,0.9654,0.3616,1.342,1.3076,4.24683
Alexander Alberto,TBR,0.0504,0.7634,1,0.0992222,0.8849,0.4548,0.893,1.4128,4.00122
Cody Poteet,,0,1,1,0.128,0.8986,0.3681,1.152,1.3372,4.09914
Daniel Castano,,0,1,1,0.123333,0.7476,0.3139,1.11,1.3605,4.16313
Thomas Hatch,,0.0258,0.8788,1,0.128667,0.7552,0.3097,1.158,1.3622,4.31127
Michael Byrne,,0.0389,0.8169,1,0.122667,0.8563,0.3928,1.104,1.3798,4.21434
Sauryn Lao,,0,1,1,0.132889,0.8354,0.3233,1.196,1.3197,4.18608
Aaron Loup,,0,1,1,0.112556,0.8395,0.4157,1.013,1.4098,4.1238
Janser Lara,TEX,0,1,1,0.134,0.9767,0.4497,1.206,1.366,4.21506
Osvaldo Bido,,0,1,1,0.141444,0.9213,0.4008,1.273,1.3476,4.39542
Jorge López,,0,1,1,0.117333,0.8422,0.3958,1.056,1.4003,4.2363
Yency Almonte,LAD,0,1,1,0.136,0.9629,0.4429,1.224,1.3874,4.31352
Coleman Huntley III,,0,1,1,0.123556,0.8641,0.3961,1.112,1.3869,4.25205
Josh Winder,PHI,0,1,1,0.142111,0.8386,0.3521,1.279,1.3607,4.41774
Spencer Turnbull,,0.0554,0.7394,1,0.125111,0.8591,0.3855,1.126,1.3778,4.3038
Michael Kelly,,0,1,1,0.132444,0.8976,0.4514,1.192,1.4258,4.45041
Ian Gibaut,,0,1,1,0.136778,0.8641,0.4088,1.231,1.3945,4.4406
Mitch Spence,KCR,0.0753,0.6463,1,0.130444,0.7452,0.307,1.174,1.3885,4.48803
Luis García,,0,1,1,0.110222,0.8261,0.3809,0.992,1.3837,4.17384
Sam Clay,,0,1,1,0.102111,0.8176,0.4514,0.919,1.4444,4.06215
Ron Marinaccio,MIN,0,1,1,0.132667,0.8692,0.475,1.194,1.467,4.72194
Nick Burdi,,0,1,1,0.112556,1.0335,0.4991,1.013,1.4143,4.17591
Jackson Stephens,,0,1,1,0.124333,0.8096,0.3581,1.119,1.3577,4.21236
Anthony Banda,MIN,0,1,1,0.117333,0.9675,0.4547,1.056,1.384,4.12758
Scott McGough,,0,1,1,0.135444,0.8864,0.43,1.219,1.4118,4.38291
Drew Carlton,,0,1,1,0.132444,0.8588,0.3624,1.192,1.3587,4.29273
Drew Pomeranz,,0,1,1,0.141778,0.9258,0.4124,1.276,1.3588,4.30452
Sandro Santana,STL,0,1,1,0.101111,0.9358,0.5322,0.91,1.4558,3.95829
Drew VerHagen,,0,1,1,0.120778,0.8201,0.3646,1.087,1.379,4.26852
Matt Jachec,CLE,0.0098,0.9538,1,0.112889,0.9097,0.376,1.016,1.362,4.02507
Domingo Acevedo,COL,0,1,1,0.152222,0.8944,0.3823,1.37,1.434,4.84272
Jonathan Hernández,LAD,0,1,1,0.118222,0.9129,0.4939,1.064,1.4585,4.23198
Keegan Thompson,COL,0,1,1,0.153556,0.8196,0.3847,1.382,1.4734,5.04648
Andrew Saalfrank,ARI,0,1,1,0.0967778,0.8768,0.5159,0.871,1.5006,4.19769
José Buttó,SFG,0,1,1,0.112333,0.9097,0.4591,1.011,1.3977,4.10994
Danny Young,ATL,0.0095,0.9555,1,0.0968889,1.0026,0.542,0.872,1.4646,3.99375
Tommy Eveld,,0,1,1,0.131889,0.8667,0.3756,1.187,1.36,4.26411
Kyle Dowdy,,0,1,1,0.122222,0.8929,0.4343,1.1,1.4103,4.2768
Wyatt Mills,,0,1,1,0.124222,0.915,0.5054,1.118,1.4464,4.40226
Casey Sadler,,0,1,1,0.121778,0.8141,0.3809,1.096,1.3872,4.25007
Riley Frey,ATL,0,1,1,0.128556,0.7861,0.3332,1.157,1.3565,4.15926
Patrick Murphy,,0.0288,0.8648,1,0.110778,0.8714,0.4463,0.997,1.4249,4.10148
Dugan Darnell,,0,1,1,0.125778,0.8915,0.4182,1.132,1.3928,4.28715
Kevin Stevens,NYY,0,1,1,0.138556,0.936,0.4192,1.247,1.3678,4.24134
Derek Diamond,PIT,0.0367,0.8277,1,0.130778,0.7032,0.2883,1.177,1.3668,4.43655
Nic Enright,TOR,0,1,1,0.142444,0.9743,0.3939,1.282,1.3322,4.24377
Nicolo Pinazzi,LAA,0,1,1,0.102111,1.0102,0.5598,0.919,1.4538,3.89925
Zach McAllister,,0,1,1,0.138222,0.9184,0.3818,1.244,1.3495,4.32513
Gerson Garabito,MIL,0,1,1,0.120444,0.8771,0.391,1.084,1.373,4.17699
Colten Brewer,,0,1,1,0.122111,0.9217,0.4422,1.099,1.3941,4.21713
Ken Giles,,0,1,1,0.115222,1.0706,0.4785,1.037,1.3414,3.82428
Zach Pop,MIA,0.0479,0.7749,1,0.106333,0.7403,0.3897,0.957,1.4525,4.30596
Andre Jackson,,0.0751,0.6471,1,0.126333,0.8396,0.3825,1.137,1.4029,4.40217
Reggie Crawford,SFG,0.044,0.793,1,0.114111,0.9671,0.5049,1.027,1.4137,4.10211
Chris Devenski,NYM,0,1,1,0.143111,0.9016,0.3231,1.288,1.2887,4.1976
Joe Jacques,,0,1,1,0.0947778,0.7775,0.4544,0.853,1.4658,4.04532
Jandel Gustave,,0,1,1,0.124444,0.8826,0.4207,1.12,1.4017,4.2939
Miles Mikolas,,0.0802,0.6232,1,0.159556,0.6752,0.1999,1.436,1.3115,4.57074
Jake Eder,,0,1,1,0.133222,0.8184,0.4051,1.199,1.4003,4.35105
Craig Stammen,,0.013,0.939,1,0.133,0.7992,0.3406,1.197,1.3699,4.34133
Joseph King,STL,0,1,1,0.115333,0.7874,0.3917,1.038,1.4039,4.2066
Lucas Luetge,,0,1,1,0.128778,0.8249,0.3714,1.159,1.3723,4.21398
Adam Kloffenstein,NYY,0,1,1,0.120556,0.8623,0.4216,1.085,1.3868,4.17231
Thyago Vieira,,0,1,1,0.120667,0.9984,0.4915,1.086,1.4329,4.33548
Wily Peralta,,0.0091,0.9571,1,0.118444,0.8503,0.4059,1.066,1.3778,4.10553
Kyle Nelson,,0,1,1,0.139889,0.8636,0.4174,1.259,1.3947,4.36212
Sean Reid-Foley,,0,1,1,0.109889,1.0202,0.5852,0.989,1.4905,4.2345
Matt Carasiti,,0,1,1,0.113889,0.8612,0.461,1.025,1.4416,4.24863
Blayne Enlow,ATL,0.0374,0.8244,1,0.125889,0.8312,0.3671,1.133,1.3777,4.30884
Hector Perez,,0,1,1,0.125556,0.9869,0.4504,1.13,1.3746,4.15611
Dylan Floro,,0,1,1,0.121333,0.7417,0.356,1.092,1.4222,4.42251
Ryan Hendrix,,0,1,1,0.131889,0.9768,0.516,1.187,1.4673,4.49757
Humberto Castellanos,,0,1,1,0.136556,0.8543,0.3327,1.229,1.3475,4.42449
Jake Diekman,,0,1,1,0.115889,1.109,0.6082,1.043,1.4575,4.09725
Paul Fry,,0,1,1,0.0918889,0.7478,0.4542,0.827,1.5077,4.23999
Riley Pint,,0,1,1,0.116111,1.0374,0.6278,1.045,1.5888,4.76082
Elvis Peguero,BAL,0.0342,0.8392,1,0.105,0.8476,0.4766,0.945,1.4719,4.25601
Ryan Borucki,CLE,0,1,1,0.115444,0.9291,0.3824,1.039,1.3483,3.99816
Josh Maciejewski,,0,1,1,0.118111,0.7719,0.3878,1.063,1.4032,4.15107
Daulton Jefferies,PIT,0.0319,0.8499,1,0.134444,0.7711,0.3278,1.21,1.3846,4.52142
Jackson Brockett,CHC,0.046,0.784,1,0.112111,0.8179,0.4368,1.009,1.4295,4.10256
Owen Hackman,ATL,0.0342,0.8392,1,0.138444,0.8203,0.3256,1.246,1.3514,4.36752
Austin Adams,,0,1,1,0.125667,1.0243,0.4907,1.131,1.3888,4.28436
Daysbel Hernández,,0,1,1,0.110889,1.0424,0.5951,0.998,1.4823,4.21686
Jose E. Hernandez,,0,1,1,0.123778,0.9539,0.5041,1.114,1.4448,4.2885
Max Carlson,BOS,0.0391,0.8161,1,0.137556,0.8251,0.3254,1.238,1.3539,4.43133
Nigel Belgrave,MIA,0,1,1,0.115333,0.8958,0.451,1.038,1.4135,4.19922
Tyler McKay,,0,1,1,0.115778,0.7907,0.4581,1.042,1.4655,4.35699
Scott Alexander,KCR,0,1,1,0.0995556,0.7255,0.4152,0.896,1.4824,4.24773
Cole Winn,TEX,0.0037,0.9827,1,0.129,0.9058,0.4375,1.161,1.3863,4.24422
Domingo Germán,,0.0763,0.6413,1,0.140778,0.8694,0.3667,1.267,1.3607,4.46958
Sam Carlson,PHI,0,1,1,0.133889,0.9195,0.4593,1.205,1.4115,4.3911
Steve Cishek,,0,1,1,0.125222,0.9036,0.4244,1.127,1.3945,4.2957
Tyler Zuber,MIA,0,1,1,0.136556,0.9806,0.3938,1.229,1.3369,4.26843
Alex Carrillo,SFG,0,1,1,0.109222,0.9747,0.6141,0.983,1.5178,4.35528
Jay Jackson,,0,1,1,0.149556,0.9268,0.3605,1.346,1.3234,4.34547
Simon Miller,,0,1,1,0.136556,0.8845,0.4623,1.229,1.4526,4.51233
Tanner Kohlhepp,DET,0.0337,0.8417,1,0.115889,0.8213,0.3896,1.043,1.3906,4.20957
Ken Waldichuk,WSN,0,1,1,0.137667,0.9788,0.4468,1.239,1.3798,4.18977
Francisco Pérez,,0.0105,0.9505,1,0.134222,0.8842,0.4836,1.208,1.4726,4.49289
Rafael Montero,,0,1,1,0.117889,0.9473,0.5031,1.061,1.4453,4.29345
Andrew Lindsey,TBR,0,1,1,0.116222,0.8543,0.4185,1.046,1.4019,4.16718
Mark Washington,,0,1,1,0.122778,0.8452,0.419,1.105,1.4152,4.32675
Cody Morris,,0,1,1,0.123889,0.9746,0.5042,1.115,1.4294,4.27347
Kyle Funkhouser,,0.0128,0.9398,1,0.120111,0.875,0.4501,1.081,1.4192,4.27068
Patrick Murphy,,0,1,1,0.113667,0.7824,0.4183,1.023,1.4406,4.31307
Zack Kelly,BOS,0,1,1,0.119889,0.9282,0.4655,1.079,1.4391,4.38867
Tony Rossi,NYY,0,1,1,0.131222,0.9369,0.4419,1.181,1.3843,4.26591
José Rodríguez,,0,1,1,0.124667,0.7564,0.3603,1.122,1.3971,4.33125
Matt Turner,NYM,0.0181,0.9151,1,0.0978889,0.8156,0.4739,0.881,1.4497,3.93543
Nick Anderson,,0,1,1,0.157556,0.8514,0.3928,1.418,1.4699,4.99086
Reiss Knehr,MIL,0.0619,0.7089,1,0.135444,0.9076,0.4151,1.219,1.3851,4.35204
Zack Burdi,,0,1,1,0.135222,0.9391,0.4344,1.217,1.3894,4.35915
Wandisson Charles,DET,0,1,1,0.113111,0.8996,0.4729,1.018,1.4191,4.12101
Eric Loomis,TEX,0,1,1,0.120444,1.0184,0.5542,1.084,1.4414,4.25763
Jordan Morales,CHW,0,1,1,0.124111,0.8672,0.4427,1.117,1.4124,4.13271
William Kempner,MIA,0,1,1,0.118444,1.0769,0.5213,1.066,1.4036,4.14297
Tommy Kahnle,,0,1,1,0.116667,0.8821,0.4956,1.05,1.4724,4.32279
Omar Cruz,SDP,0,1,1,0.124,0.9916,0.4861,1.116,1.3782,3.97494
Nathan Wiles,,0,1,1,0.145778,0.7581,0.2423,1.312,1.2835,4.26942
Joe Ross,TEX,0,1,1,0.132667,0.7404,0.3976,1.194,1.4271,4.37409
Angel Felipe,,0,1,1,0.118,0.9844,0.6188,1.062,1.5523,4.51116
Jake Sommers,,0,1,1,0.138889,0.8743,0.4597,1.25,1.5198,4.95045
Ian Krol,,0,1,1,0.119222,0.8852,0.4381,1.073,1.4135,4.16799
Harry Gustin,SDP,0,1,1,0.123444,0.8588,0.4477,1.111,1.4079,4.09392
Chad Green,,0,1,1,0.161,0.8905,0.3622,1.449,1.3478,4.54743
Matt Gage,SFG,0,1,1,0.108889,0.8163,0.4547,0.98,1.4421,4.17366
Ross Detwiler,CIN,0,1,1,0.155889,0.9282,0.4118,1.403,1.3948,4.5135
Jesse Biddle,,0,1,1,0.105556,0.8831,0.5154,0.95,1.4848,4.19526
Sean Reynolds,,0.0174,0.9184,1,0.115111,0.9868,0.5329,1.036,1.453,4.25034
Reid Schaller,WSN,0,1,1,0.137333,0.8809,0.4269,1.236,1.4102,4.46616
Jose Alvarez,,0,1,1,0.118889,0.8653,0.4579,1.07,1.431,4.21344
Rob Kaminsky,LAA,0.034,0.84,1,0.108333,0.6691,0.3455,0.975,1.4198,4.11939
Alex Young,,0,1,1,0.121,0.7993,0.4086,1.089,1.4196,4.23027
Jack Cushing,,0.0439,0.7939,1,0.157444,0.7806,0.3256,1.417,1.3889,4.71159
Ryan Lobus,TEX,0,1,1,0.138778,0.8682,0.3856,1.249,1.3446,4.30353
Tristan Stevens,MIA,0,1,1,0.120111,0.7189,0.3347,1.081,1.3907,4.30074
Adbert Alzolay,,0,1,1,0.143889,0.8967,0.3591,1.295,1.3427,4.32981
Jarlín García,,0,1,1,0.144,0.8901,0.3749,1.296,1.3546,4.30821
Mauricio Llovera,,0,1,1,0.130444,0.8602,0.4056,1.174,1.3983,4.38129
Elvin Rodríguez,,0.0789,0.6289,1,0.150667,0.8798,0.3738,1.356,1.3828,4.58712
Dinelson Lamet,,0,1,1,0.127333,0.9151,0.4593,1.146,1.4139,4.32558
Luke Bard,,0,1,1,0.127444,0.8549,0.4096,1.147,1.4021,4.40577
Kendall Graveman,,0,1,1,0.116556,0.8862,0.4945,1.049,1.4714,4.36977
Wilking Rodríguez,,0,1,1,0.124667,0.9888,0.5434,1.122,1.4587,4.27032
Cam Vieaux,,0,1,1,0.125556,0.8645,0.4314,1.13,1.4031,4.20687
Michael Tonkin,MIN,0,1,1,0.131,0.9118,0.3832,1.179,1.3639,4.39704
César Valdez,,0,1,1,0.128667,0.6718,0.2689,1.158,1.3581,4.28067
Julian Aguiar,CHC,0,1,1,0.148222,0.8338,0.3469,1.334,1.3594,4.45095
Ben Leeper,,0,1,1,0.136111,0.9317,0.4339,1.225,1.3941,4.3893
Augusto Mendieta,KCR,0,1,1,0.117333,0.8463,0.4571,1.056,1.4647,4.44807
José Ruiz,,0,1,1,0.125667,0.8523,0.3979,1.131,1.3922,4.26681
Mason Miller,SDP,0,0.4198,1,0.0697778,1.6853,0.391,0.628,0.9548,2.06919
Jhoan Duran,PHI,0,0.4198,1,0.0675556,1.2641,0.2992,0.608,1.0713,2.55168
Cade Smith,CLE,0,0.4321,1,0.0895556,1.3577,0.3019,0.806,1.0511,2.74023
Chris Sale,ATL,0.1975,0.1975,1.2013,0.119997,1.4707,0.2913,0.899,1.05477,3.01391
Tarik Skubal,LAD,0.1975,0.1975,1.223,0.142819,1.5005,0.2608,1.051,1.02461,2.95646
Garrett Crochet,BOS,0.1754,0.1754,1,0.104222,1.2269,0.2809,0.938,1.1059,3.15045
Paul Skenes,PIT,0.19,0.19,1.1012,0.107918,1.3109,0.3112,0.882,1.11161,3.08838
Cristopher Sánchez,PHI,0.1975,0.1975,1.2194,0.103649,1.2508,0.2962,0.765,1.13679,2.95257
Justin Steele,CHC,0,0.2469,1,0.0998889,1.1086,0.2336,0.899,1.0966,3.03219
Aroldis Chapman,BOS,0,0.3827,1,0.0904444,1.397,0.4712,0.814,1.2012,3.02652
Grant Taylor,CHW,0,0.4753,1,0.091,1.2479,0.3819,0.819,1.17,3.01149
Adrian Morejon,SDP,0,0.4136,1,0.0828889,1.1261,0.3396,0.746,1.1567,2.91393
Louis Varland,TOR,0,0.4136,1,0.0975556,1.116,0.2794,0.878,1.1468,3.10887
Jacob Misiorowski,MIL,0.19,0.19,1.11,0.11359,1.4707,0.4199,0.921,1.12649,3.05984
Jesús Luzardo,PHI,0.1,0.2728,1,0.109444,1.2079,0.2936,0.985,1.1054,3.07872
Ryan Weathers,NYY,0,0.0617,1,0.111111,1.1619,0.2655,1,1.1079,2.99259
Justin Martinez,ARI,0,0.3827,1,0.0693333,1.3033,0.5353,0.624,1.2966,3.07764
Garrett Whitlock,BOS,0,0.3889,1,0.105,1.1355,0.2843,0.945,1.1585,3.35295
Dylan Cease,TOR,0.1754,0.1754,1,0.104,1.2928,0.4048,0.936,1.1782,3.23874
Félix Bautista,BAL,0,0.3519,1,0.0995556,1.3677,0.476,0.896,1.1996,3.15621
Zack Wheeler,PHI,0.1975,0.1975,1.1986,0.135442,1.3978,0.3303,1.017,1.10521,3.20008
Edwin Díaz,LAD,0,0.3333,1,0.104444,1.3322,0.4214,0.94,1.1729,3.30282
Tyler Glasnow,LAD,0.1975,0.1975,1.1258,0.125339,1.4027,0.4139,1.002,1.17312,3.37352
Kris Bubic,LAD,0,0.3086,1,0.108333,1.1586,0.3189,0.975,1.1545,3.15522
Drew Sommers,DET,0,0.4012,1,0.0773333,1.0885,0.3903,0.696,1.2422,3.06999
Jacob deGrom,TEX,0.1975,0.1975,1.1046,0.141021,1.3135,0.2933,1.149,1.0956,3.34693
Mason Montgomery,PIT,0,0.3951,1,0.0964444,1.2141,0.4077,0.868,1.2124,3.25476
Drew Rasmussen,TBR,0.1975,0.1975,1.1129,0.121306,1.134,0.2532,0.981,1.14431,3.4381
Tanner Scott,LAD,0,0.3951,1,0.106333,1.2311,0.3786,0.957,1.1787,3.17295
Josh Hader,HOU,0,0.4012,1,0.121556,1.3431,0.394,1.094,1.1366,3.27483
Trevor Megill,MIL,0,0.3951,1,0.114,1.2152,0.3457,1.026,1.1602,3.41757
Abner Uribe,MIL,0,0.3889,1,0.0835556,1.1694,0.4393,0.752,1.259,3.13839
Devin Williams,NYM,0,0.3704,1,0.0951111,1.2511,0.4556,0.856,1.227,3.24558
Shohei Ohtani,LAD,0.1754,0.1754,1,0.113667,1.1604,0.3163,1.023,1.1473,3.30885
Yoshinobu Yamamoto,LAD,0.1975,0.1975,1.2183,0.131712,1.2878,0.3428,0.973,1.17705,3.3379
David Bednar,NYY,0,0.4074,1,0.107778,1.1646,0.3548,0.97,1.175,3.29895
Hunter Harvey,CHC,0,0.1111,1,0.107667,1.1143,0.3199,0.969,1.1784,3.44448
Ty Johnson,TBR,0,0.2716,1,0.116333,1.2186,0.3453,1.047,1.1412,3.31623
Aaron Ashby,MIL,0,0.4074,1,0.0805556,1.1517,0.4645,0.725,1.2998,3.21786
Gavin Williams,CLE,0.19,0.19,1.0945,0.12684,1.3372,0.4036,1.043,1.20603,3.43283
Nate Lavender,NYM,0,0.3642,1,0.110222,1.2143,0.3784,0.992,1.1721,3.19833
Kade Anderson,SEA,0.17,0.2317,1.004,0.11836,1.0649,0.2574,1.061,1.12122,3.25112
Sandy Alcantara,MIA,0,0.3827,1,0.108333,0.9273,0.2088,0.975,1.1737,3.53871
Cade Cavalli,WSN,0.1975,0.1975,1.1089,0.111506,1.1778,0.3483,0.905,1.21373,3.46771
Garrett Cleavinger,TBR,0,0.1605,1,0.107111,1.2713,0.4361,0.964,1.2195,3.33171
Logan Gilbert,SEA,0.1975,0.1975,1.1722,0.152907,1.2902,0.2855,1.174,1.10536,3.42763
Jeremiah Estrada,SDP,0,0.1481,1,0.112444,1.3034,0.4597,1.012,1.2128,3.30948
Gabe Speier,SEA,0,0.3704,1,0.111778,1.1097,0.318,1.006,1.1587,3.34161
Didier Fuentes,ATL,0,0.3951,1,0.117778,1.1406,0.3172,1.06,1.1688,3.47634
Kevin Kelly,TBR,0,0.3951,1,0.101667,0.9088,0.2309,0.915,1.2023,3.49893
Blake Snell,LAD,0.12,0.12,1,0.110222,1.2417,0.441,0.992,1.2457,3.44421
Cam Schlittler,NYY,0.18,0.18,1.0565,0.119854,1.1887,0.3593,1.021,1.18031,3.41216
Logan Webb,SFG,0.1754,0.1754,1,0.0873333,0.8655,0.2845,0.786,1.2651,3.56877
Dylan Lee,ATL,0,0.3827,1,0.126889,1.1328,0.3051,1.142,1.1666,3.4425
Bryan Abreu,HOU,0,0.3889,1,0.103778,1.3012,0.4894,0.934,1.2574,3.44997
Hunter Brown,HOU,0.1975,0.1975,1.1455,0.119641,1.2861,0.4395,0.94,1.25596,3.57415
Cole Ragans,KCR,0.1754,0.1754,1,0.115556,1.2236,0.4139,1.04,1.2337,3.50271
Tanner Houck,BOS,0,0.1728,1,0.0967778,0.9461,0.2835,0.871,1.2622,3.67812
Jared Jones,PIT,0.18,0.2417,1.0352,0.122384,1.174,0.349,1.064,1.19465,3.57627
Evan Phillips,LAD,0,0.3827,1,0.120667,1.1375,0.3284,1.086,1.1901,3.53214
Bryan Woo,SEA,0.18,0.2664,1.1395,0.148008,1.1718,0.2493,1.169,1.10417,3.44401
José A. Ferrer,SEA,0,0.3951,1,0.0875556,0.9038,0.3042,0.788,1.2326,3.23325
Emmet Sheehan,LAD,0.04,0.1881,1,0.136444,1.215,0.3096,1.228,1.1299,3.50838
Max Fried,NYY,0.18,0.18,1.0457,0.102014,0.9942,0.3285,0.878,1.23735,3.32855
Sonny Gray,BOS,0.19,0.19,1.1148,0.129688,1.1174,0.3074,1.047,1.24058,3.83436
Brandyn Garcia,ARI,0,0.3889,1,0.0812222,1.0393,0.4168,0.731,1.3135,3.44934
Kodai Senga,NYM,0,0.3889,1,0.108889,1.1682,0.4113,0.98,1.2437,3.46239
Parker Messick,CLE,0.19,0.19,1.1336,0.131498,1.1605,0.327,1.044,1.21304,3.55633
Gregory Soto,PIT,0,0.3889,1,0.0905556,1.1233,0.4344,0.815,1.2885,3.5307
Braxton Ashcraft,PIT,0.1754,0.1754,1,0.109444,0.9705,0.2803,0.985,1.229,3.68865
Nathan Eovaldi,TEX,0.14,0.2758,1,0.115444,0.9835,0.2613,1.039,1.1812,3.53754
Kevin Ginkel,ARI,0,0.358,1,0.109111,1.0556,0.3456,0.982,1.265,3.76902
Raisel Iglesias,ATL,0,0.4074,1,0.123444,1.0848,0.3058,1.111,1.197,3.61728
Robert Suarez,ATL,0,0.3704,1,0.113333,1.0269,0.3137,1.02,1.2204,3.57264
Jonathan Bowlan,PHI,0,0.3086,1,0.117,1.0624,0.3138,1.053,1.194,3.47436
Griffin Jax,TBR,0.18,0.18,1,0.115556,1.0795,0.34,1.04,1.235,3.63879
Spencer Schwellenbach,ATL,0.1754,0.1754,1,0.119667,0.967,0.2443,1.077,1.1911,3.64158
Brock Stewart,LAD,0,0.3765,1,0.115111,1.1753,0.3975,1.036,1.2183,3.46644
Jack Flaherty,DET,0.07,0.3478,1,0.126444,1.1739,0.3455,1.138,1.2081,3.62079
Gavin Stone,LAD,0,0.1235,1,0.122889,1.0363,0.2874,1.106,1.1953,3.55941
Chase Burns,CIN,0.1754,0.1754,1,0.132889,1.1817,0.3503,1.196,1.1969,3.66534
Yennier Cano,BAL,0,0.3827,1,0.0908889,0.9431,0.3605,0.818,1.302,3.56553
Brendon Little,TOR,0,0.358,1,0.0731111,1.1656,0.5899,0.658,1.411,3.30084
Spencer Miles,TOR,0.05,0.3833,1,0.104667,0.963,0.3238,0.942,1.2705,3.67785
Edward Cabrera,CHC,0.02,0.2299,1,0.113333,1.1233,0.3812,1.02,1.245,3.70584
Ryan Sloan,SEA,0.01,0.01,1,0.112,0.8714,0.2301,1.008,1.187,3.50991
Foster Griffin,CLE,0.18,0.18,1.0118,0.120292,0.9681,0.2494,1.07,1.24234,3.77879
Ben Brown,CHC,0.1093,0.4863,1,0.117778,1.0649,0.3384,1.06,1.2319,3.71349
Tommy Nance,MIN,0,0.3704,1,0.0973333,0.9871,0.3696,0.876,1.3114,3.78459
Manuel Rodríguez,TBR,0,0.3333,1,0.0965556,1.006,0.3813,0.869,1.2919,3.60315
Trey Gibson,BAL,0,0.0864,1,0.0985556,0.9613,0.3507,0.887,1.2822,3.52602
Erik Miller,BOS,0,0.3951,1,0.0882222,1.2417,0.5812,0.794,1.3817,3.5019
Ranger Suarez,BOS,0.19,0.19,1.0949,0.115086,1.0133,0.3377,0.946,1.28048,3.7219
George Kirby,SEA,0.1975,0.1975,1.157,0.14681,1.0688,0.246,1.142,1.16163,3.64496
Bryan Baker,TBR,0,0.4074,1,0.121556,1.1218,0.3727,1.094,1.2272,3.63024
José Alvarado,PHI,0,0.3951,1,0.105222,1.1473,0.445,0.947,1.28,3.51711
Daniel Espino,CLE,0,0.2963,1,0.114889,1.1935,0.4409,1.034,1.2802,3.65724
Jedixson Paez,BOS,0.01,0.2693,1,0.117444,0.8734,0.2181,1.057,1.2206,3.81195
Payton Tolle,BOS,0.19,0.19,1.0873,0.143403,1.1877,0.3318,1.187,1.18578,3.69403
Alex Cobb,,0.1195,0.4385,1,0.0962222,0.8762,0.3192,0.866,1.3094,3.72852
Jonathan Loáisiga,ARI,0,0.3704,1,0.0932222,0.8413,0.3062,0.839,1.3151,3.78675
Reid Detmers,LAA,0.19,0.19,1.1175,0.144157,1.2488,0.3742,1.161,1.19454,3.67144
Joe Musgrove,SDP,0.03,0.2028,1,0.126444,0.9834,0.2354,1.138,1.1646,3.58758
Pablo López,MIN,0.1754,0.1754,1,0.123556,0.9944,0.274,1.112,1.2116,3.77262
Kutter Crawford,BOS,0,0.0617,1,0.139667,1.0715,0.2593,1.257,1.1684,3.82329
Jack Leiter,TEX,0,0.1111,1,0.120222,1.1215,0.3738,1.082,1.2114,3.61503
Luis Gastelum,STL,0,0.3704,1,0.101778,0.9873,0.3573,0.916,1.2703,3.58983
Michael Grove,ATL,0,0.1481,1,0.118778,1.0275,0.319,1.069,1.2344,3.69288
Kyle Hurt,LAD,0,0.1852,1,0.108444,1.1733,0.467,0.976,1.2871,3.52728
Braxton Garrett,CHC,0.01,0.1088,1,0.106556,0.958,0.3083,0.959,1.2396,3.59208
Edwin Uceta,TBR,0,0.1111,1,0.126444,1.1586,0.3689,1.138,1.1974,3.63663
Nolan McLean,NYM,0.1975,0.1975,1.184,0.122478,1.2467,0.4585,0.931,1.28074,3.57408
Joe Ryan,MIN,0.15,0.15,1,0.142667,1.0771,0.2427,1.284,1.1383,3.82401
Seranthony Domínguez,SEA,0,0.3889,1,0.110444,1.1756,0.4622,0.994,1.2582,3.51711
Framber Valdez,DET,0.18,0.18,1.0814,0.0938415,0.9313,0.3785,0.781,1.33114,3.68614
Camilo Doval,SFG,0,0.3889,1,0.0797778,1.0632,0.5163,0.718,1.3695,3.61494
José Soriano,TOR,0.1975,0.1975,1.1296,0.0986517,1.0915,0.4715,0.786,1.35641,3.64167
Bradgley Rodriguez,SDP,0,0.3827,1,0.105556,1.0284,0.3922,0.95,1.2683,3.52305
Franco Aleman,CLE,0,0.2346,1,0.120778,1.1392,0.3839,1.087,1.2487,3.71124
Erik Sabrowski,CLE,0,0.3827,1,0.116444,1.3575,0.5641,1.048,1.3137,3.57156
Ray Kerr,ATL,0,0.284,1,0.117444,1.0506,0.3554,1.057,1.2521,3.64041
Joe Jiménez,ATL,0,0.0617,1,0.125556,1.0894,0.3536,1.13,1.236,3.82554
A.J. Minter,MIN,0,0.3827,1,0.120222,1.013,0.3288,1.082,1.2355,3.7242
Jovani Morán,BOS,0,0.3086,1,0.107444,1.1224,0.4589,0.967,1.3282,3.744
Hagen Smith,CHW,0.01,0.3927,1,0.100556,1.2636,0.5695,0.905,1.3335,3.37653
Calvin Faucher,MIA,0,0.3889,1,0.0936667,1.0415,0.4554,0.843,1.3708,3.79404
Shane McClanahan,TBR,0.1754,0.1754,1,0.124333,1.009,0.3158,1.119,1.2336,3.72618
Luke Weaver,PIT,0,0.4012,1,0.126667,1.0423,0.3204,1.14,1.2363,3.74742
Corbin Burnes,ARI,0.1754,0.1754,1,0.114444,0.9735,0.3303,1.03,1.3023,4.02282
Dedniel Núñez,NYM,0,0.3827,1,0.121889,1.0521,0.357,1.097,1.2335,3.62205
Nick Pivetta,SDP,0.18,0.2911,1.1125,0.162672,1.2619,0.3452,1.316,1.17528,3.76269
Roki Sasaki,LAD,0.04,0.2993,1,0.122556,1.0595,0.3436,1.103,1.2491,3.80088
Brent Headrick,NYY,0,0.4012,1,0.130444,1.1201,0.3605,1.174,1.2225,3.58938
Cam Booser,TBR,0,0.3827,1,0.131222,1.1212,0.3623,1.181,1.2209,3.62232
Tyron Guerrero,BOS,0,0.358,1,0.102444,0.9428,0.3592,0.922,1.3222,3.85947
Brandon Eisert,PIT,0,0.3395,1,0.110778,0.9778,0.3547,0.997,1.2913,3.74409
JoJo Romero,MIL,0,0.3765,1,0.105222,1.0227,0.4042,0.947,1.3173,3.6
Max Meyer,MIA,0.1754,0.1754,1,0.120778,1.0277,0.3425,1.087,1.2637,3.82221
Juan Morillo,ARI,0,0.3765,1,0.0896667,1.0123,0.4654,0.807,1.3722,3.76938
Riley O'Brien,STL,0,0.4012,1,0.0882222,1.0145,0.4525,0.794,1.3537,3.64347
Joe Mantiply,,0,0.0988,1,0.109556,0.836,0.2805,0.986,1.2832,3.72852
Yohan Ramírez,PIT,0,0.3765,1,0.0902222,1.0862,0.4587,0.812,1.338,3.68856
Christian Scott,NYM,0.1754,0.1754,1,0.133444,1.0941,0.3319,1.201,1.1989,3.72159
Michael Rucker,SEA,0,0.3333,1,0.112778,0.9996,0.3723,1.015,1.2725,3.62547
Dylan Dodd,ATL,0,0.3457,1,0.129556,0.9571,0.2751,1.166,1.2228,3.72474
Sam Hentges,SFG,0,0.3457,1,0.0893333,1.0038,0.4753,0.804,1.3581,3.63879
Trent Harris,SFG,0,0.3951,1,0.0991111,0.9372,0.3973,0.892,1.3074,3.67758
Spencer Strider,ATL,0.1754,0.1754,1,0.134889,1.1768,0.397,1.214,1.2498,3.8817
Kevin Gausman,CHC,0.19,0.19,1.118,0.148942,1.1063,0.3376,1.199,1.24374,3.93899
Mike Burrows,HOU,0,0.0741,1,0.136333,1.0257,0.2924,1.227,1.2283,3.8916
Tim Mayza,PHI,0,0.3642,1,0.110444,0.9189,0.3394,0.994,1.3105,3.74976
Steven Matz,TBR,0.01,0.3063,1,0.128444,0.9072,0.2541,1.156,1.2144,3.80232
Jacob Latz,TEX,0,0.4074,1,0.116667,1.1141,0.4491,1.05,1.271,3.5271
Tyler Holton,DET,0,0.3889,1,0.112444,0.8447,0.2764,1.012,1.2653,3.7107
Kyle Harrison,MIL,0.07,0.212,1,0.135889,1.1205,0.3537,1.223,1.2233,3.77892
Andrew Morris,MIN,0,0.4012,1,0.114667,0.8794,0.2977,1.032,1.2809,3.86892
Alex Vesia,LAD,0,0.3704,1,0.134333,1.2703,0.4715,1.209,1.2436,3.59118
Colin Holderman,CLE,0,0.1543,1,0.103444,1.0011,0.3952,0.931,1.3267,3.85731
Sawyer Gipson-Long,DET,0,0.0864,1,0.116667,0.9043,0.2905,1.05,1.2478,3.78558
Shawn Armstrong,CLE,0,0.321,1,0.123889,1.0251,0.3422,1.115,1.2716,3.94398
Jordan Hicks,CHW,0,0.3642,1,0.0972222,1.0564,0.4736,0.875,1.3478,3.62799
Brandon Woodruff,MIL,0.1754,0.1754,1,0.146667,1.061,0.2792,1.32,1.1728,3.84912
Kody Funderburk,MIN,0,0.3642,1,0.0866667,0.9418,0.4461,0.78,1.3774,3.66039
Nestor Cortes,PHI,0,0.2222,1,0.147333,1.0396,0.2673,1.326,1.1599,3.72204
Brant Hurter,DET,0,0.3395,1,0.0945556,0.8495,0.3403,0.851,1.3159,3.6711
Joe Boyle,TBR,0.02,0.1558,1,0.0988889,1.1566,0.539,0.89,1.3608,3.73185
Craig Yoho,CLE,0,0.3642,1,0.110778,1.0539,0.4162,0.997,1.3197,3.81591
Caleb Thielbar,CHC,0,0.358,1,0.133444,1.0992,0.3758,1.201,1.2442,3.7566
Robert Garcia,TEX,0,0.3765,1,0.113667,1.0327,0.4105,1.023,1.2963,3.64167
Eury Pérez,MIA,0.19,0.19,1.0621,0.139489,1.1886,0.4099,1.182,1.24621,3.96217
Logan Henderson,MIL,0.18,0.18,1.0178,0.153914,1.1083,0.2974,1.361,1.16526,3.79197
Brendan Beck,NYY,0,0.2469,1,0.140222,0.9957,0.2809,1.262,1.1846,3.69936
Andrew Kittredge,BAL,0,0.3951,1,0.128444,0.9162,0.2814,1.156,1.2618,3.96909
Michael Petersen,MIA,0,0.3827,1,0.124556,1.094,0.4003,1.121,1.2615,3.77145
Evan Sisk,PIT,0,0.321,1,0.09,0.9963,0.471,0.81,1.3749,3.70359
Cody Ponce,TOR,0.1754,0.1754,1,0.127889,0.9507,0.2945,1.151,1.2739,4.02408
Connor Prielipp,MIN,0.13,0.2781,1,0.114667,0.9868,0.3711,1.032,1.304,3.87927
Austin Peterson,CLE,0.01,0.2322,1,0.134889,0.8776,0.2241,1.214,1.2137,3.89916
Aaron Civale,CHC,0,0.3457,1,0.143556,0.9759,0.2462,1.292,1.1969,3.87351
Daniel Palencia,CHC,0,0.3889,1,0.117444,1.1014,0.4409,1.057,1.3025,3.80223
Reese Olson,DET,0.1754,0.1754,1,0.114556,0.9307,0.3441,1.031,1.3088,3.94227
Slade Cecconi,CLE,0.03,0.3016,1,0.144444,0.9285,0.2227,1.3,1.2329,4.05666
Tim Herrin,CLE,0,0.3704,1,0.104556,1.0772,0.4757,0.941,1.3657,3.82797
Jack Dreyer,LAD,0,0.358,1,0.125556,1.0564,0.3948,1.13,1.2755,3.67866
Anthony Nunez,BAL,0,0.3642,1,0.115333,1.0911,0.4471,1.038,1.3266,3.83445
Tatsuya Imai,HOU,0.08,0.3393,1,0.112556,1.0939,0.4624,1.013,1.3496,3.94407
Bennett Sousa,HOU,0,0.3765,1,0.125889,1.0864,0.4141,1.133,1.2897,3.8592
Austin Warren,NYM,0,0.3519,1,0.119778,1.0108,0.3773,1.078,1.2927,3.78198
Sean Newcomb,CHW,0,0.3765,1,0.109556,0.9877,0.4019,0.986,1.3076,3.67596
Cooper Criswell,SEA,0.01,0.294,1,0.109556,0.838,0.2991,0.986,1.2825,3.74337
Orion Kerkering,PHI,0,0.1358,1,0.113556,1.0725,0.4362,1.022,1.3011,3.7854
Johan Oviedo,BOS,0.01,0.1581,1,0.116667,1.0288,0.4023,1.05,1.3218,3.98682
Brandt Thompson,STL,0,0.0988,1,0.108444,0.8371,0.3255,0.976,1.2983,3.79125
Luis Medina,ATH,0,0.3827,1,0.120111,1.1306,0.458,1.081,1.3323,3.85659
Jefry Yan,NYM,0,0.2222,1,0.096,1.1766,0.5942,0.864,1.403,3.56625
Kirby Yates,PIT,0,0.358,1,0.119444,1.123,0.4608,1.075,1.3287,3.99996
José Rodríguez,TOR,0,0.2346,1,0.115556,1.082,0.4582,1.04,1.3292,3.83436
Carlos Vargas,SEA,0,0.3642,1,0.103333,0.8624,0.3538,0.93,1.3063,3.71241
Mason Englert,TBR,0.02,0.2669,1,0.143556,0.9249,0.2399,1.292,1.2148,3.97026
Cionel Pérez,NYM,0,0.3395,1,0.0885556,0.9531,0.4907,0.797,1.406,3.65409
Eduard Bazardo,SEA,0,0.3827,1,0.133556,1.0205,0.3474,1.202,1.25,3.8349
Hunter Greene,CIN,0.1754,0.1754,1,0.153,1.1706,0.3484,1.377,1.2083,3.99762
Jordan Wicks,CHC,0,0.0864,1,0.116444,0.8389,0.304,1.048,1.3036,3.82446
Trevor Rogers,BAL,0.1975,0.1975,1.1412,0.14544,1.0244,0.3418,1.147,1.2606,3.90489
Ryan Weiss,HOU,0,0.2346,1,0.116111,0.9835,0.3864,1.045,1.3269,3.97017
Anthony Eyanson,BAL,0.1737,0.1837,1,0.117444,0.9738,0.388,1.057,1.326,3.93444
Joey Cantillo,CLE,0.18,0.2664,1.0118,0.120067,1.0826,0.4573,1.068,1.35056,3.93499
Cade Winquest,STL,0,0.3333,1,0.0995556,0.9131,0.4061,0.896,1.3422,3.76398
Logan Allen,CLE,0.03,0.2152,1,0.127556,0.9389,0.319,1.148,1.2971,3.88944
Hoby Milner,SEA,0,0.3148,1,0.113778,0.8146,0.2938,1.024,1.2875,3.70017
Connelly Early,WSN,0.1,0.1,1,0.118333,0.9981,0.3824,1.065,1.2992,3.86433
Grant Wolfram,BAL,0,0.3086,1,0.117333,0.9893,0.3954,1.056,1.3109,3.75408
Matt Festa,CLE,0,0.358,1,0.130556,1.0034,0.3401,1.175,1.2709,3.98772
Will Dion,WSN,0,0.3457,1,0.131889,0.9481,0.3238,1.187,1.2513,3.75435
Trevor Williams,TEX,0,0.3333,1,0.136556,0.9148,0.2718,1.229,1.243,3.94578
Michael Soroka,ARI,0.18,0.2664,1.0566,0.132075,1.0378,0.3583,1.125,1.30598,4.22538
James McArthur,KCR,0,0.0741,1,0.112111,0.8862,0.3488,1.009,1.3505,4.04262
MacKenzie Gore,TEX,0.1975,0.1975,1.0828,0.137516,1.1473,0.4434,1.143,1.29544,3.88991
Cameron Weston,NYM,0,0.2469,1,0.113667,0.9655,0.3864,1.023,1.3041,3.8142
David Peterson,CHC,0.13,0.2535,1,0.102222,0.8934,0.405,0.92,1.3757,3.77865
Bryan Hudson,CHW,0,0.3951,1,0.115889,0.9376,0.3735,1.043,1.2999,3.69972
Graham Ashcraft,CIN,0,0.3765,1,0.117444,0.9374,0.3596,1.057,1.331,3.96873
Ricky Tiedemann,TOR,0.01,0.2075,1,0.109444,1.0855,0.4942,0.985,1.3689,3.7971
Brenan Hanifee,DET,0,0.216,1,0.102111,0.7111,0.2885,0.919,1.3553,3.96621
Steven Cruz,KCR,0,0.3395,1,0.119222,1.0168,0.4127,1.073,1.3326,3.99843
Zebby Matthews,MIN,0.13,0.2658,1,0.138556,0.9088,0.2735,1.247,1.2607,4.09185
Brandon Walter,HOU,0.1754,0.1754,1,0.127333,0.8474,0.2614,1.146,1.2596,3.95397
Peyton Gray,TEX,0,0.3086,1,0.128,0.974,0.3534,1.152,1.2679,3.87018
Victor Vodnik,MIA,0,0.358,1,0.0928889,0.9533,0.4955,0.836,1.4337,3.88062
Jared Koenig,MIL,0,0.2716,1,0.115778,0.9881,0.4073,1.042,1.3176,3.75849
Brent Suter,ATL,0,0.2963,1,0.118556,0.8298,0.3043,1.067,1.3195,3.87927
Robby Snelling,MIA,0.1754,0.1754,1,0.108222,0.8915,0.395,0.974,1.3501,3.85596
Gerrit Cole,NYY,0.18,0.18,1.0822,0.166899,1.0812,0.2916,1.388,1.2104,4.00892
Ryan Zeferjahn,CHC,0,0.3951,1,0.113556,1.1786,0.5323,1.022,1.3481,3.85623
Matt Svanson,STL,0,0.2716,1,0.104889,0.9016,0.397,0.944,1.3548,3.94389
Cole Wilcox,SEA,0,0.2284,1,0.104889,0.8588,0.3781,0.944,1.3283,3.75525
Jhonathan Díaz,SEA,0,0.1358,1,0.119667,0.7522,0.2404,1.077,1.2374,3.69126
Jake Bird,WSN,0,0.2593,1,0.110889,0.9901,0.4197,0.998,1.3395,3.88521
Steven Okert,HOU,0,0.1358,1,0.147889,1.1041,0.3527,1.331,1.2073,3.89862
Drew Anderson,DET,0.15,0.2117,1,0.119667,1.0058,0.4126,1.077,1.3531,4.10904
Cole Sulser,TBR,0,0.3704,1,0.129444,0.9538,0.3531,1.165,1.2875,3.91356
Kyle Hart,SDP,0,0.1975,1,0.119667,0.9158,0.3572,1.077,1.3129,3.82725
DL Hall,MIL,0,0.358,1,0.112889,1.0738,0.4927,1.016,1.3571,3.76569
Taj Bradley,MIN,0.19,0.19,1.0953,0.146892,1.1586,0.4425,1.207,1.31297,4.09474
Ryan Walker,SFG,0,0.1605,1,0.103889,0.8956,0.4014,0.935,1.3375,3.87333
Gerardo Carrillo,ARI,0,0.1235,1,0.0953333,1.0355,0.5259,0.858,1.4417,4.05072
Bryan King,HOU,0,0.3457,1,0.119889,0.9101,0.3425,1.079,1.311,3.94812
Tylor Megill,NYM,0.1754,0.1754,1,0.125111,1.0238,0.4048,1.126,1.3067,3.92823
Brayan Bello,BOS,0.11,0.3075,1,0.110667,0.8378,0.338,0.996,1.3758,4.25682
Carlos Lagrange,NYY,0,0.1605,1,0.122,1.1144,0.4702,1.098,1.3182,3.83616
Paul Blackburn,NYY,0,0.3889,1,0.125889,0.8856,0.3223,1.133,1.3063,3.90015
Kyle Bradish,BAL,0.1754,0.1754,1,0.124333,0.9774,0.3876,1.119,1.3319,4.00392
Kenley Jansen,DET,0,0.3704,1,0.137333,1.0991,0.4162,1.236,1.2687,4.06296
Freddy Peralta,TBR,0.19,0.19,1.0499,0.145353,1.0966,0.3835,1.246,1.27203,4.04799
Kyle Leahy,STL,0.17,0.17,1,0.116222,0.859,0.3491,1.046,1.3425,4.03137
Aaron Nola,PHI,0.1975,0.1975,1.1103,0.168642,1.1013,0.3222,1.367,1.25128,4.07557
Derek Law,ARI,0,0.0617,1,0.111,0.8509,0.3617,0.999,1.3826,4.19328
Ryan Fernandez,STL,0,0.2469,1,0.109667,0.9643,0.4489,0.987,1.3711,3.94821
Greg Weissert,BOS,0,0.3765,1,0.125444,0.9438,0.3627,1.129,1.3393,4.1616
Jake Bennett,BOS,0.14,0.2141,1,0.128333,0.8078,0.2609,1.155,1.2984,4.16475
Jonathan Pintaro,NYM,0,0.321,1,0.111889,1.0007,0.4446,1.007,1.3462,3.86127
Ryan Pepiot,TBR,0.1754,0.1754,1,0.142222,1.0661,0.3691,1.28,1.2622,4.00401
Jason Foley,SFG,0,0.358,1,0.0976667,0.7655,0.3663,0.879,1.3859,4.04343
Bryce Miller,SEA,0.16,0.2711,1,0.144333,0.9688,0.3077,1.299,1.2363,3.94587
Cade Gibson,MIA,0,0.3333,1,0.0983333,0.847,0.3823,0.885,1.3809,3.92895
Jacob Waguespack,DET,0,0.3642,1,0.113778,0.9582,0.4272,1.024,1.3677,4.0068
Rolddy Muñoz,ATL,0,0.0988,1,0.0955556,0.9591,0.487,0.86,1.4294,3.95064
River Ryan,DET,0.17,0.17,1.0052,0.11638,0.8516,0.3361,1.042,1.3271,4.05618
Hunter Gaddis,CLE,0,0.4074,1,0.139111,0.9819,0.3236,1.252,1.2683,4.06737
Jake Woodford,TBR,0,0.0617,1,0.128667,0.8037,0.2526,1.158,1.2844,4.06089
Josh Hendrickson,HOU,0,0.3086,1,0.138778,0.8715,0.2591,1.249,1.2397,3.95091
Brandon Sproat,MIL,0.02,0.1188,1,0.114444,0.9994,0.4303,1.03,1.3362,3.88908
Griffin Canning,SDP,0.03,0.3263,1,0.128889,0.9836,0.3826,1.16,1.3108,3.86784
Winston Santos,TEX,0,0.2099,1,0.124889,0.9487,0.3552,1.124,1.2822,3.94011
Tyler Rogers,TOR,0,0.4444,1,0.104,0.6567,0.2671,0.936,1.3612,4.05117
Kendry Rojas,MIN,0.01,0.2075,1,0.112778,0.9603,0.4343,1.015,1.3577,3.92337
Alec Gamboa,BOS,0,0.3395,1,0.101667,0.815,0.3936,0.915,1.4155,4.04802
Clay Holmes,CHC,0.19,0.19,1.0506,0.0954879,0.854,0.4433,0.818,1.43394,4.04066
Carson Seymour,SFG,0,0.3333,1,0.0962222,0.8071,0.3964,0.866,1.3787,3.93543
Shane Bieber,TOR,0.1754,0.1754,1,0.134444,0.8615,0.2883,1.21,1.3115,4.167
Reynaldo López,ATL,0.1268,0.4038,1,0.130556,0.9634,0.3707,1.175,1.3242,4.20543
Carlos Rodón,NYY,0.18,0.18,1.0173,0.141292,1.0993,0.413,1.25,1.29018,4.04005
Dustin May,MIL,0.19,0.19,1.0033,0.131209,1.016,0.3794,1.177,1.31227,4.13275
David Festa,MIN,0.1602,0.2472,1,0.130444,0.974,0.3745,1.174,1.317,4.13964
Patrick Sandoval,BOS,0.16,0.2588,1,0.113111,0.9332,0.4253,1.018,1.3774,4.0581
Shota Imanaga,CHC,0.19,0.19,1.1038,0.182986,1.0569,0.2453,1.492,1.17793,3.96007
Jason Adam,SDP,0,0.3457,1,0.123556,0.9719,0.3848,1.112,1.2988,4.00086
Chase Silseth,TEX,0,0.3827,1,0.115222,1.0441,0.4833,1.037,1.3583,3.96909
Marco Raya,MIN,0,0.2346,1,0.108333,0.9053,0.4236,0.975,1.3842,4.05072
Zach Franklin,NYM,0,0.0988,1,0.129444,1.0204,0.4073,1.165,1.3014,3.93696
Noah Murdock,PIT,0,0.2469,1,0.0788889,0.9307,0.5542,0.71,1.5023,3.96297
Josh Fleming,STL,0,0.1481,1,0.100444,0.5903,0.2566,0.904,1.3607,3.84165
Matt Bowman,MIN,0,0.1728,1,0.116667,0.8524,0.3511,1.05,1.3577,4.15242
David Morgan,SDP,0,0.358,1,0.111111,0.9698,0.449,1,1.3659,3.91284
Hancel Rincon,STL,0,0.3086,1,0.123556,0.8651,0.3345,1.112,1.2897,3.94911
Michael King,SDP,0.19,0.19,1.1025,0.142345,1.0699,0.4136,1.162,1.30404,3.95143
Tyler Mahle,ATL,0.1975,0.1975,1.1238,0.150339,1.0289,0.3819,1.204,1.31865,4.13337
Clayton Kershaw,,0.1684,0.2084,1,0.121444,0.8207,0.3257,1.093,1.3299,4.00284
Chad Patrick,MIL,0.02,0.341,1,0.140889,0.9829,0.3411,1.268,1.2581,3.96711
Jonathan Santucci,NYM,0.02,0.02,1,0.109556,0.9487,0.4622,0.986,1.3882,3.85857
José Fermin,LAA,0,0.3704,1,0.121778,1.0776,0.4909,1.096,1.3752,4.01517
Gage Wood,PHI,0.1754,0.1754,1,0.129111,0.9166,0.3502,1.162,1.3164,4.11282
Ian Seymour,TBR,0.19,0.19,1.0059,0.15312,1.0245,0.3173,1.37,1.22497,4.03439
Andre Pallante,STL,0.18,0.18,1.0095,0.093547,0.7084,0.3794,0.834,1.442,4.1836
Bobby Miller,LAD,0,0.2407,1,0.127111,0.9961,0.4136,1.144,1.3352,4.00482
Ryne Stanek,STL,0,0.3889,1,0.121111,1.0459,0.4842,1.09,1.3572,3.97053
Raymond Burgos,BOS,0,0.284,1,0.112889,0.7532,0.3158,1.016,1.3737,4.13568
Rico Garcia,BAL,0,0.3889,1,0.138889,1.0333,0.3985,1.25,1.2833,3.94317
Will Warren,NYY,0.18,0.2664,1.03,0.138707,0.9962,0.3827,1.212,1.32893,4.07752
Jesse Scholtens,TBR,0,0.1852,1,0.143444,0.8488,0.2536,1.291,1.2572,4.07457
Tayler Saucedo,LAA,0,0.3889,1,0.102333,0.9232,0.4632,0.921,1.4003,3.87792
Jhony Brito,SDP,0,0.2716,1,0.123556,0.7554,0.2823,1.112,1.3077,4.01976
Lucas Erceg,KCR,0,0.3765,1,0.100667,0.9081,0.4559,0.906,1.4198,4.03389
Ryne Nelson,ARI,0.08,0.3393,1,0.14,0.8497,0.2707,1.26,1.2973,4.29057
Brad Lord,WSN,0.05,0.3463,1,0.114222,0.8542,0.371,1.028,1.3563,3.99933
Alex Cook,TBR,0,0.2222,1,0.133333,0.965,0.3782,1.2,1.312,4.06539
Drew Rom,ATH,0,0.2593,1,0.131333,0.9564,0.3699,1.182,1.332,4.09446
Enmanuel De Jesus,DET,0,0.2469,1,0.117556,0.8645,0.3684,1.058,1.3293,3.90384
Ryan Watson,LAA,0,0.3827,1,0.129778,0.9057,0.3532,1.168,1.3049,4.00617
Zac Gallen,ARI,0.12,0.3546,1,0.133444,0.8735,0.3188,1.201,1.3701,4.46526
Anthony Gose,KCR,0,0.3642,1,0.132,1.0284,0.4237,1.188,1.3525,4.13361
Wandy Peralta,SDP,0,0.3333,1,0.104889,0.8174,0.3945,0.944,1.3849,3.82401
Andrew Alvarez,WSN,0.1975,0.1975,1.0985,0.109972,0.9297,0.4853,0.901,1.40947,3.91551
Sammy Peralta,LAA,0,0.2716,1,0.124556,0.8147,0.3039,1.121,1.3124,4.00383
Drey Jameson,ARI,0,0.2099,1,0.111111,0.9023,0.4321,1,1.4107,4.23189
Dennis Santana,ARI,0,0.3395,1,0.122111,0.9245,0.3966,1.099,1.3724,4.2858
Joel Kuhnel,SFG,0,0.3704,1,0.0947778,0.6476,0.3284,0.853,1.3932,4.03506
Chayce McDermott,NYM,0,0.2963,1,0.117556,1.1044,0.538,1.058,1.3773,3.89583
Tanner Banks,PHI,0.02,0.341,1,0.139111,0.9426,0.3452,1.252,1.3008,4.06701
Emerson Hancock,SEA,0.07,0.1688,1,0.139556,0.875,0.2849,1.256,1.2607,4.00761
Josh Simpson,SEA,0,0.2037,1,0.112222,0.9883,0.4805,1.01,1.3645,3.76722
Colin Rea,CHC,0.01,0.3063,1,0.142222,0.8627,0.2731,1.28,1.2846,4.17663
Mitch Farris,LAA,0,0.358,1,0.129556,1.0042,0.4267,1.166,1.342,3.93327
Hogan Harris,ATH,0,0.3951,1,0.121778,1.0556,0.4894,1.096,1.3868,4.05693
Braylon Doughty,CLE,0.1754,0.1754,1,0.127889,0.7702,0.2746,1.151,1.3318,4.23963
Yusei Kikuchi,LAA,0.19,0.19,1.0464,0.149054,1.0545,0.4006,1.282,1.30782,4.08079
Shane Drohan,MIL,0.14,0.3869,1,0.132667,0.9832,0.3963,1.194,1.3184,4.04199
Tanner Bibee,CLE,0.18,0.18,1.0394,0.153947,0.9516,0.2958,1.333,1.27689,4.21157
Josh Walker,BAL,0,0.3765,1,0.123667,0.9541,0.4187,1.113,1.3509,3.95658
Kyle Wright,,0.1453,0.3173,1,0.118444,0.8379,0.3561,1.066,1.3621,4.19562
Kyle Backhus,PHI,0,0.0988,1,0.120556,0.8966,0.3823,1.085,1.339,3.97476
Zach Eflin,BAL,0.1754,0.1754,1,0.151222,0.8009,0.208,1.361,1.2484,4.17456
Tyson Hardin,MIL,0.174,0.182,1,0.132222,0.8144,0.2985,1.19,1.3109,4.1562
Travis Adams,MIN,0,0.3333,1,0.125667,0.8807,0.3695,1.131,1.3533,4.18626
Garrett Stallings,MIL,0,0.1852,1,0.138444,0.8244,0.2809,1.246,1.2767,4.0743
Taylor Clarke,ARI,0,0.321,1,0.133333,0.7832,0.2669,1.2,1.3276,4.25079
Jonah Tong,NYM,0.19,0.19,1.0324,0.130656,1.0699,0.4814,1.139,1.35442,4.04024
Tejay Antone,CIN,0,0.3765,1,0.130111,0.9837,0.3964,1.171,1.3467,4.15665
Brody Hopkins,TBR,0,0.321,1,0.105444,1.1065,0.5816,0.949,1.4302,3.95379
Jacob Webb,CHC,0,0.3765,1,0.134444,0.9964,0.4089,1.21,1.3219,4.08897
Nick Mears,KCR,0,0.0617,1,0.126778,0.9804,0.4366,1.141,1.3909,4.29444
Michael McGreevy,STL,0.19,0.19,1.096,0.134199,0.758,0.296,1.102,1.34854,4.20224
Jack Anderson,MIN,0,0.321,1,0.137556,0.7955,0.274,1.238,1.3052,4.22514
Clayton Beeter,WSN,0,0.1728,1,0.113111,1.0929,0.5642,1.018,1.4262,4.03839
Angel Bastardo,BOS,0,0.1358,1,0.116667,0.9848,0.4816,1.05,1.4192,4.22514
Yerry De los Santos,NYY,0,0.3086,1,0.113778,0.825,0.3883,1.024,1.3811,4.01013
Matthew Liberatore,STL,0.19,0.19,1.0133,0.136345,0.9151,0.3561,1.211,1.33435,4.24926
Ty Madden,DET,0,0.3086,1,0.133333,0.9095,0.3559,1.2,1.3213,4.16547
Landen Roupp,SFG,0.1754,0.1754,1,0.105556,0.9068,0.4822,0.95,1.431,4.18797
Yu Darvish,SDP,0.1714,0.1944,1,0.152333,0.9404,0.2872,1.371,1.2443,4.2381
Dylan Smith,SFG,0,0.3765,1,0.109333,0.9277,0.4765,0.984,1.3979,4.03317
Jordan Montgomery,TEX,0.05,0.2228,1,0.127222,0.7649,0.2985,1.145,1.3206,4.10256
Coleman Crow,MIL,0.02,0.1311,1,0.136556,0.8489,0.3053,1.229,1.2975,4.1463
John Klein,TOR,0,0.2716,1,0.131222,0.9474,0.3782,1.181,1.3131,4.13181
Antonio Senzatela,MIL,0,0.3827,1,0.126444,0.7974,0.3186,1.138,1.3407,4.13721
Brandon Pfaadt,ARI,0.19,0.19,1.1029,0.156244,0.8852,0.2811,1.275,1.32333,4.48539
Brooks Raley,PHI,0,0.3765,1,0.131111,0.9571,0.3879,1.18,1.3238,4.03425
Connor Thomas,KCR,0,0.284,1,0.105889,0.687,0.3323,0.953,1.4133,4.15827
Huascar Brazobán,CHW,0,0.3457,1,0.113444,0.911,0.4493,1.021,1.3887,4.00815
Noah Schultz,CHW,0.03,0.2893,1,0.125333,0.934,0.3952,1.128,1.3372,3.99051
Casey Mize,SDP,0.1754,0.1754,1,0.148889,0.8918,0.2977,1.34,1.2728,4.15782
Yosver Zulueta,BAL,0,0.0988,1,0.0928889,0.8905,0.5164,0.836,1.4801,4.03875
Roddery Muñoz,HOU,0,0.1605,1,0.131222,1.0411,0.4609,1.181,1.3803,4.1886
Jakob Junis,TEX,0,0.3827,1,0.135333,0.8226,0.2948,1.218,1.299,4.20219
Shane Smith,CHW,0.02,0.2114,1,0.119556,0.9758,0.4404,1.076,1.3564,4.0797
Jarlin Susana,WSN,0.1754,0.1754,1,0.103556,0.9623,0.5192,0.932,1.4412,4.08915
Connor Brogdon,CLE,0,0.0617,1,0.145111,0.9874,0.3693,1.306,1.3174,4.23954
Sean Manaea,NYM,0.1975,0.1975,1.115,0.16279,1.0805,0.3732,1.314,1.27462,4.13314
Quinn Priester,MIL,0.1409,0.3379,1,0.114444,0.8233,0.3925,1.03,1.4012,4.17249
Bryse Wilson,MIL,0,0.2963,1,0.145333,0.8389,0.2684,1.308,1.294,4.22505
Trent Baker,MIN,0,0.1605,1,0.133889,0.8423,0.3306,1.205,1.322,4.20939
Robert Gasser,MIL,0.16,0.2217,1,0.146667,0.9483,0.3207,1.32,1.2677,4.14162
Josh White,MIA,0,0.1235,1,0.120333,0.9906,0.4819,1.083,1.3969,4.12758
Alex Hoppe,BAL,0,0.3333,1,0.102111,0.8786,0.4883,0.919,1.4577,4.12011
Miguel Ullola,HOU,0,0.3704,1,0.131778,1.1372,0.5244,1.186,1.3513,4.04622
Grayson Rodriguez,LAA,0.16,0.16,1,0.138333,0.9396,0.3709,1.245,1.3363,4.21389
Matthew Boyd,CHC,0.19,0.19,1.0937,0.150809,0.9346,0.344,1.241,1.28993,4.06288
John King,TEX,0,0.0988,1,0.104333,0.6818,0.3537,0.939,1.4113,4.07736
Emilio Pagán,CIN,0,0.4012,1,0.165333,1.0839,0.3548,1.488,1.2537,4.20471
Logan VanWey,HOU,0,0.3272,1,0.125556,0.9625,0.4351,1.13,1.3671,4.16664
Trey Yesavage,TOR,0.18,0.18,1,0.138333,1.0616,0.4631,1.245,1.3586,4.2273
Dean Kremer,MIN,0.18,0.18,1.0026,0.144709,0.9136,0.3429,1.299,1.33004,4.33196
Troy Melton,DET,0.1754,0.1754,1,0.133667,0.8441,0.334,1.203,1.3215,4.18482
Scott Blewett,ATH,0,0.3704,1,0.130333,0.8528,0.3589,1.173,1.3683,4.25079
Colton Gordon,MIL,0.01,0.2199,1,0.154111,0.8315,0.2343,1.387,1.2307,4.06602
Travis Sykora,WSN,0.1754,0.1754,1,0.132333,0.9485,0.408,1.191,1.3549,4.22667
Luis Perales,WSN,0,0.1358,1,0.117778,0.9852,0.4979,1.06,1.3938,4.02111
Mason Fluharty,TOR,0.02,0.3595,1,0.131333,1.0151,0.4574,1.182,1.3633,4.04397
Brett Sears,ATL,0.1719,0.1919,1,0.140111,0.8517,0.2983,1.261,1.3021,4.28598
Alex Lange,KCR,0,0.3395,1,0.110444,1.0178,0.5328,0.994,1.4692,4.33404
Matt Dermody,,0.1754,0.1754,1,0.128556,0.7813,0.3086,1.157,1.37,4.37796
James Karinchak,ATL,0,0.2593,1,0.135444,1.1314,0.519,1.219,1.3917,4.33098
Noah Cameron,KCR,0.19,0.19,1.0955,0.149231,0.9476,0.3762,1.226,1.34797,4.2588
Gage Ziehl,BOS,0.1754,0.1754,1,0.124222,0.6778,0.2578,1.118,1.363,4.4532
Justin Campbell,CLE,0.1754,0.1754,1,0.128444,0.9057,0.4036,1.156,1.3862,4.28265
Gage Jump,ATH,0.1754,0.1754,1,0.135444,0.9897,0.4215,1.219,1.3835,4.32999
Jose Cabrera,ARI,0.02,0.3163,1,0.128,0.8022,0.325,1.152,1.3597,4.42341
George Soriano,STL,0,0.358,1,0.119,0.9393,0.4572,1.071,1.3966,4.14972
Braydon Fisher,TOR,0.02,0.3657,1,0.126667,1.0656,0.5162,1.14,1.4144,4.16763
Mitch Keller,PIT,0.1754,0.1754,1,0.131111,0.8394,0.3316,1.18,1.3605,4.52187
Adam Seminaris,PHI,0.1754,0.1754,1,0.125111,0.726,0.3002,1.126,1.3424,4.12281
Thomas White,MIA,0.1754,0.1754,1,0.115556,0.9796,0.4999,1.04,1.4083,4.06872
Luis De León,BAL,0.04,0.1758,1,0.093,0.8064,0.4853,0.837,1.4831,4.03542
Casey Legumina,TBR,0,0.358,1,0.133556,0.8856,0.357,1.202,1.3384,4.21029
Beau Brieske,DET,0,0.3457,1,0.135556,0.921,0.3928,1.22,1.337,4.14594
Sam Bachman,LAA,0,0.3765,1,0.108444,0.9314,0.4995,0.976,1.4401,4.09941
Eric Orze,MIN,0,0.284,1,0.118444,0.9054,0.4474,1.066,1.4044,4.24278
Dylan Ross,NYM,0,0.1481,1,0.103444,0.9807,0.565,0.931,1.4704,4.02327
Brock Burke,CIN,0,0.3889,1,0.135222,0.9912,0.4332,1.217,1.368,4.14477
Robert Stock,NYM,0.1735,0.1845,1,0.127667,0.8983,0.3792,1.149,1.3384,4.18221
Jack Weisenburger,NYM,0,0.1667,1,0.125111,0.9118,0.4308,1.126,1.3917,4.14279
Julio Urías,LAD,0.1754,0.1754,1,0.164,0.9361,0.276,1.476,1.2512,4.2417
Luis F. Castillo,,0.1754,0.1754,1,0.133222,0.7341,0.2762,1.199,1.3251,4.23909
Stephen Kolek,KCR,0.1754,0.1754,1,0.115889,0.6857,0.3092,1.043,1.4225,4.47471
Yuki Matsui,SDP,0,0.3765,1,0.136111,1.0514,0.4851,1.225,1.3654,4.00365
Luis Ortiz,CLE,0.1754,0.1754,1,0.134222,0.9314,0.4058,1.208,1.4058,4.44987
Mason Marriott,ARI,0.1719,0.1919,1,0.125222,0.8161,0.3678,1.127,1.4156,4.53393
Gus Varland,WSN,0,0.3333,1,0.135333,0.9503,0.4134,1.218,1.3688,4.29156
Justin Bruihl,STL,0,0.321,1,0.103111,0.7666,0.3954,0.928,1.4174,4.13811
Chase Lee,TOR,0,0.2963,1,0.131,0.8805,0.377,1.179,1.3672,4.26114
Tony Gonsolin,KCR,0.03,0.2893,1,0.141778,0.9165,0.3571,1.276,1.3514,4.43079
Carson Spiers,CIN,0,0.3333,1,0.152667,0.9538,0.329,1.374,1.2975,4.28301
Spencer Bivens,KCR,0,0.1728,1,0.120222,0.7772,0.3586,1.082,1.4106,4.35465
Pete Hansen,STL,0.02,0.1311,1,0.121556,0.7132,0.3168,1.094,1.3479,4.09545
Cooper Hjerpe,STL,0.02,0.1928,1,0.109444,1.0571,0.5853,0.985,1.4458,3.98529
Cam Sanders,BAL,0,0.284,1,0.113778,1.1126,0.5987,1.024,1.4463,4.07673
Brennan Bernardino,COL,0,0.3889,1,0.124444,0.8743,0.3907,1.12,1.4405,4.48614
Nick Kingham,,0.1754,0.1754,1,0.132333,0.8044,0.3294,1.191,1.3722,4.41306
J.T. Ginn,ATH,0.1665,0.2175,1,0.130444,0.898,0.387,1.174,1.3894,4.37589
Pierce Johnson,CIN,0,0.3704,1,0.149333,1.0368,0.4227,1.344,1.3633,4.31775
Riley Thompson,,0.1754,0.1754,1,0.135444,0.9016,0.3987,1.219,1.3871,4.38669
Brooks Kriske,ATH,0,0.1111,1,0.13,1.0513,0.5089,1.17,1.4251,4.28058
Shane Baz,BAL,0.1975,0.1975,1.1532,0.162986,1.0605,0.4254,1.272,1.34157,4.3308
AJ Blubaugh,HOU,0,0.3827,1,0.143,0.9833,0.412,1.287,1.3398,4.2732
Brendan Cellucci,TOR,0,0.3086,1,0.106889,0.9545,0.5387,0.962,1.4661,4.041
Jonathan Cannon,CHW,0,0.1481,1,0.146,0.8521,0.3028,1.314,1.2889,4.16628
Danny Coulombe,,0,0.1728,1,0.122333,0.8843,0.4344,1.101,1.3995,4.17051
C.J. Culpepper,MIN,0,0.0988,1,0.106222,0.8336,0.4575,0.956,1.4507,4.24341
T.J. Brock,TOR,0,0.1235,1,0.125333,0.9655,0.4652,1.128,1.4068,4.25655
Yorman Gómez,CLE,0,0.1111,1,0.137556,0.8948,0.3766,1.238,1.3623,4.30938
Kade Strowd,ARI,0,0.1667,1,0.0967778,0.8393,0.5164,0.871,1.5209,4.35069
Lance McCullers Jr.,MIL,0.1547,0.2727,1,0.124444,1.0012,0.4946,1.12,1.4159,4.25475
Carmen Mlodzinski,PIT,0.15,0.3105,1,0.117889,0.7927,0.3951,1.061,1.4287,4.44186
Cade Povich,BAL,0.12,0.2435,1,0.140778,0.9002,0.3745,1.267,1.3387,4.14711
Charlie Morton,,0.1554,0.2694,1,0.128444,0.9987,0.4551,1.156,1.3966,4.29498
Hurston Waldrep,ATL,0.1425,0.3305,1,0.107222,0.8749,0.4917,0.965,1.4742,4.30794
Kumar Rocker,TEX,0.1975,0.1975,1.0081,0.133405,0.8813,0.3941,1.191,1.36673,4.32814
Joe Rock,ATH,0,0.1852,1,0.123333,0.8806,0.4177,1.11,1.4061,4.2435
Michael Fulmer,NYY,0,0.3395,1,0.138444,1.0205,0.4581,1.246,1.3524,4.13064
Zack Thompson,STL,0.1067,0.4987,1,0.118,0.9085,0.4695,1.062,1.4187,4.13748
Tyler Kinley,DET,0,0.3827,1,0.136333,1.0042,0.4561,1.227,1.3614,4.25106
Yaramil Hiraldo,BAL,0,0.1852,1,0.147333,1.0345,0.4329,1.326,1.3098,4.14603
Jackson Jobe,DET,0.16,0.16,1,0.132,0.8936,0.3988,1.188,1.3674,4.30929
Jordan Romano,COL,0,0.3704,1,0.147333,1.0278,0.4223,1.326,1.3977,4.68027
Hunter Stratton,SDP,0,0.3086,1,0.128222,0.8669,0.4009,1.154,1.3664,4.15773
Eduardo Rodriguez,ARI,0.1975,0.1975,1.1603,0.159348,0.9643,0.4146,1.236,1.39085,4.48387
Richard Lovelady,WSN,0,0.321,1,0.115333,0.859,0.4325,1.038,1.4174,4.16961
Blake Weiman,LAA,0,0.3333,1,0.139667,0.8337,0.337,1.257,1.3283,4.12443
Kai-Wei Teng,HOU,0.04,0.2437,1,0.130222,0.9987,0.4384,1.172,1.3612,4.30092
Elvis Alvarado,ATH,0,0.3889,1,0.136556,1.066,0.4932,1.229,1.3979,4.2966
Adrian Houser,SFG,0.1179,0.4459,1,0.113778,0.7071,0.3565,1.024,1.4052,4.35141
Colton Shaw,SEA,0.1739,0.1829,1,0.128111,0.714,0.2957,1.153,1.3359,4.20147
Ricky Vanasco,ATL,0,0.1358,1,0.111667,0.959,0.5377,1.005,1.4808,4.23333
Justin Wrobleski,LAD,0.16,0.3575,1.1158,0.165758,0.9574,0.3498,1.337,1.31403,4.25318
Eric Jokisch,,0.1754,0.1754,1,0.107111,0.6186,0.3322,0.964,1.449,4.31748
Luis Mey,CIN,0,0.358,1,0.105889,1.0464,0.6056,0.953,1.5011,4.12875
Paxton Schultz,WSN,0,0.0988,1,0.149889,0.9317,0.3632,1.349,1.3295,4.33044
Bryce Elder,ATL,0.1754,0.1754,1,0.134667,0.814,0.3482,1.212,1.4084,4.54464
Aaron Rozek,MIN,0,0.0617,1,0.129889,0.7352,0.3005,1.169,1.3394,4.22307
Kyle Gibson,,0.1754,0.1754,1,0.133111,0.8254,0.3609,1.198,1.3903,4.37085
Zak Kent,WSN,0,0.1235,1,0.128556,0.8701,0.4078,1.157,1.3964,4.29678
Gordon Graceffo,STL,0.03,0.4065,1,0.119556,0.7773,0.389,1.076,1.4162,4.3614
Chase Shugart,PHI,0,0.2963,1,0.143444,0.9371,0.3863,1.291,1.338,4.26825
Chad Dallas,TOR,0.04,0.2128,1,0.135889,0.8596,0.3664,1.223,1.3597,4.33971
Taylor Rogers,MIN,0,0.3457,1,0.124444,0.9638,0.4741,1.12,1.4148,4.27275
Janson Junk,MIA,0.19,0.19,1.0362,0.147831,0.7338,0.2526,1.284,1.31394,4.43347
Daniel Eagen,STL,0.1754,0.1754,1,0.129444,0.8548,0.3985,1.165,1.3753,4.28796
Hyun Jin Ryu,,0.1754,0.1754,1,0.133111,0.65,0.2483,1.198,1.3651,4.40262
Yordanny Monegro,BOS,0.1754,0.1754,1,0.125333,0.865,0.418,1.128,1.4293,4.51863
John Holobetz,BOS,0.1711,0.1961,1,0.136778,0.7409,0.2967,1.231,1.3563,4.47237
Hunter Dobbins,STL,0.13,0.389,1,0.122889,0.7575,0.3566,1.106,1.381,4.26744
Geoff Hartlieb,ATH,0,0.3642,1,0.132333,0.8601,0.3925,1.191,1.3963,4.35159
Elmer Rodríguez,NYY,0.1,0.3099,1,0.107778,0.8339,0.472,0.97,1.4491,4.14162
Tyler Bremner,LAA,0.1754,0.1754,1,0.142444,0.9011,0.3785,1.282,1.3532,4.33458
Brandon Clarke,STL,0.1754,0.1754,1,0.107556,0.9006,0.5034,0.968,1.447,4.13595
Paul Sewald,TOR,0,0.321,1,0.173222,1.0399,0.3225,1.559,1.2388,4.3479
Trevor McDonald,SFG,0.1754,0.1754,1,0.0996667,0.7232,0.4064,0.897,1.4358,4.32783
Mason Adams,COL,0.15,0.2611,1,0.131556,0.8039,0.3449,1.184,1.4534,4.80249
Jaden Woods,CHW,0,0.0741,1,0.120556,0.9534,0.4933,1.085,1.4063,4.00347
Zac Thornton,NYM,0.1975,0.1975,1.1419,0.163926,0.9113,0.3454,1.292,1.315,4.19404
Eric Cerantola,SFG,0,0.142,1,0.108111,0.9792,0.5591,0.973,1.4531,4.18221
Grant Anderson,MIL,0,0.1605,1,0.141444,0.9525,0.4162,1.273,1.3576,4.25052
Hayden Wesneski,HOU,0.19,0.19,1.075,0.159817,0.9423,0.3585,1.338,1.344,4.4614
Ryan Rolison,CHC,0,0.3827,1,0.122111,0.8509,0.4414,1.099,1.4348,4.22496
Philip Abner,NYM,0,0.1852,1,0.127556,0.877,0.4264,1.148,1.3894,4.13622
Tekoah Roby,STL,0.1754,0.1754,1,0.134556,0.7696,0.3269,1.211,1.3559,4.37013
Alex McFarlane,PHI,0,0.3333,1,0.120333,0.9462,0.4996,1.083,1.4256,4.18824
Quinn Mathews,STL,0.17,0.2317,1.0191,0.111648,0.9337,0.539,0.986,1.45118,4.07583
Robinson Ortiz,SEA,0,0.2593,1,0.112667,0.9363,0.5205,1.014,1.4315,3.97017
Luis Gil,NYY,0,0.1481,1,0.139556,1.0547,0.4874,1.256,1.3633,4.14189
Michael Wacha,KCR,0.19,0.19,1.1521,0.172687,0.943,0.3444,1.349,1.32922,4.49172
Jon Duplantier,,0.1754,0.1754,1,0.135556,0.9128,0.4119,1.22,1.3901,4.41657
Tyler Alexander,TEX,0.01,0.368,1,0.145444,0.8035,0.3049,1.309,1.3175,4.27572
Nolan Hoffman,KCR,0,0.3704,1,0.104778,0.8585,0.4926,0.943,1.4879,4.36716
AJ Smith-Shawver,ATL,0.1,0.2235,1,0.142444,0.9684,0.4291,1.282,1.3858,4.52592
Nick Frasso,COL,0,0.321,1,0.132889,0.9206,0.4245,1.196,1.4484,4.65021
Cade Horton,CHC,0.1754,0.1754,1,0.142556,0.8692,0.3568,1.283,1.3526,4.40892
Seth Halvorsen,LAD,0,0.2963,1,0.126333,0.9387,0.4746,1.137,1.4193,4.23333
Ryan Gusto,MIA,0.19,0.3381,1.1185,0.158827,0.9289,0.3755,1.278,1.34913,4.41479
Easton McGee,KCR,0,0.1481,1,0.127444,0.7569,0.3457,1.147,1.4041,4.47615
David Hagaman,ARI,0.1754,0.1754,1,0.123889,0.81,0.4019,1.115,1.4351,4.54725
Yoendrys Gómez,MIN,0,0.3889,1,0.136667,0.9957,0.4623,1.23,1.3842,4.36023
Nick Lodolo,CIN,0.1975,0.1975,1.1169,0.162447,1.0326,0.3739,1.309,1.32921,4.45262
Luis Castillo,CHW,0.1539,0.2769,1,0.156,0.8721,0.3078,1.404,1.3051,4.3218
Albert Suárez,BAL,0.02,0.2669,1,0.145444,0.8022,0.3175,1.309,1.3475,4.36437
Lake Bachar,PIT,0.05,0.3586,1,0.137778,0.9668,0.449,1.24,1.3885,4.39137
Walbert Ureña,LAA,0.17,0.17,1,0.102889,0.8472,0.5095,0.926,1.4866,4.24782
Troy Watson,SEA,0,0.1481,1,0.136556,0.7958,0.3495,1.229,1.3395,4.1751
Garrett Acton,MIN,0,0.2593,1,0.145,1.0282,0.4542,1.305,1.3659,4.37796
Chris Murphy,CHW,0,0.2037,1,0.128,0.9586,0.4691,1.152,1.3849,4.10877
Jaden Hill,COL,0,0.3457,1,0.128667,0.9507,0.4576,1.158,1.4736,4.76901
Tyler Samaniego,BOS,0,0.2469,1,0.118333,0.7892,0.4126,1.065,1.4442,4.37535
Yhoiker Fajardo,STL,0.1721,0.1911,1,0.125667,0.766,0.3685,1.131,1.3895,4.34835
Codi Heuer,BAL,0,0.2099,1,0.127778,0.8397,0.4009,1.15,1.3928,4.32261
Seth Lugo,KCR,0.19,0.19,1.0852,0.156389,0.8956,0.3564,1.297,1.38306,4.5632
Davis Martin,CHW,0.19,0.19,1.034,0.142347,0.8456,0.3556,1.239,1.35716,4.3361
Tobias Myers,NYM,0.07,0.354,1,0.154333,0.8344,0.2958,1.389,1.2936,4.27437
John Schreiber,NYY,0,0.3704,1,0.133111,0.8823,0.4171,1.198,1.3911,4.20939
Trenton Denholm,CLE,0.1563,0.2653,1,0.148889,0.7258,0.244,1.34,1.3131,4.43529
Angel Chivilli,NYY,0,0.1852,1,0.137333,0.9001,0.4015,1.236,1.3683,4.25259
Josh Hartle,WSN,0.1739,0.1829,1,0.0997778,0.6668,0.4112,0.898,1.4622,4.15287
Frankie Montas,,0.1528,0.2818,1,0.139556,0.8678,0.3818,1.256,1.3836,4.42611
Luke Murphy,LAA,0,0.3457,1,0.132556,0.876,0.4117,1.193,1.3828,4.23054
Mike Paredes,MIN,0,0.1111,1,0.141778,0.765,0.3004,1.276,1.3378,4.42539
Isaac Mattson,PIT,0,0.2099,1,0.133111,0.9325,0.4572,1.198,1.4139,4.40883
Ben Lively,CLE,0.01,0.1458,1,0.154333,0.8075,0.2835,1.389,1.355,4.58307
DJ Herz,WSN,0.18,0.18,1.0078,0.144227,1.0079,0.4649,1.288,1.36654,4.23897
Nick Martinez,TBR,0.19,0.19,1.1029,0.171072,0.7991,0.255,1.396,1.30991,4.52293
Dylan Brown,BOS,0.1737,0.1837,1,0.114444,0.8002,0.4485,1.03,1.4764,4.41729
Mick Abel,MIN,0.1467,0.3107,1,0.126333,0.9066,0.4681,1.137,1.4309,4.43412
Eduardo Rivera,BOS,0.117,0.45,1,0.108,0.8868,0.5279,0.972,1.4943,4.29831
Tyler Ferguson,CHC,0,0.2654,1,0.134778,0.9397,0.4474,1.213,1.3882,4.2948
Jackson Kent,WSN,0.03,0.03,1,0.127667,0.8145,0.4136,1.149,1.4094,4.27554
Justin Verlander,DET,0.09,0.09,1,0.152778,0.826,0.3063,1.375,1.3022,4.41909
Jace Beck,MIA,0.04,0.1017,1,0.138222,0.9966,0.4727,1.244,1.4042,4.45824
Anthony Kay,CHW,0.19,0.19,1.0032,0.127295,0.79,0.3654,1.142,1.38477,4.27778
Jack Ralston,MIA,0,0.3457,1,0.124444,0.9829,0.5365,1.12,1.4618,4.329
Blake Burkhalter,ATL,0,0.2469,1,0.138111,0.8319,0.3769,1.243,1.3827,4.40496
Tim Hill,NYY,0,0.3765,1,0.102667,0.5437,0.3261,0.924,1.4585,4.20417
Blake Walston,ARI,0,0.1852,1,0.123444,0.8281,0.4247,1.111,1.437,4.42746
Merrill Kelly,ARI,0.19,0.19,1.0889,0.153656,0.8949,0.4022,1.27,1.42511,4.66423
Lance Lynn,,0.1754,0.1754,1,0.156333,0.9085,0.3439,1.407,1.3309,4.50369
Victor Mederos,ATL,0,0.3333,1,0.125778,0.8288,0.3998,1.132,1.3975,4.383
Chris Bassitt,BAL,0.1975,0.1975,1.094,0.148298,0.908,0.3947,1.22,1.37623,4.45566
Caden Hunter,BAL,0.1723,0.1903,1,0.131889,0.9042,0.4513,1.187,1.4043,4.25736
Patrick Corbin,TOR,0.1512,0.2892,1,0.152667,0.8131,0.308,1.374,1.3513,4.48551
Patrick Monteverde,MIA,0,0.1728,1,0.142,0.7348,0.3032,1.278,1.3336,4.28301
Grant Holman,PHI,0,0.1111,1,0.131111,0.8295,0.408,1.18,1.4077,4.35906
Dax Fulton,MIA,0.1,0.384,1,0.106111,0.8504,0.5186,0.955,1.4927,4.24755
Bubba Chandler,PIT,0.18,0.18,1,0.127111,0.9054,0.4673,1.144,1.4347,4.49757
Matt Seelinger,NYM,0,0.0741,1,0.143556,0.9672,0.4562,1.292,1.3793,4.2975
Sean Burke,CHW,0.19,0.19,1.0489,0.160016,1.0436,0.4446,1.373,1.35218,4.38047
Eddy Yean,WSN,0,0.1975,1,0.111,0.7627,0.4463,0.999,1.4682,4.31118
Max Lazar,PHI,0,0.2593,1,0.136556,0.7907,0.366,1.229,1.3857,4.34997
Robert Colina,,0.1251,0.4121,1,0.140111,0.817,0.3597,1.261,1.3807,4.4973
Craig Kimbrel,KCR,0,0.3025,1,0.134778,1.0185,0.5071,1.213,1.4361,4.56894
Adam Macko,TEX,0,0.2469,1,0.136556,0.9145,0.4278,1.229,1.3705,4.21272
Jack Wenninger,NYM,0.1693,0.2043,1,0.127333,0.8486,0.434,1.146,1.4226,4.38192
Erik Tolman,WSN,0,0.3889,1,0.115444,0.9304,0.5447,1.039,1.4711,4.15269
JT Quinn,BAL,0.174,0.182,1,0.121889,0.718,0.3747,1.097,1.4252,4.38813
Josh Ekness,MIA,0,0.3704,1,0.120444,0.922,0.4931,1.084,1.4424,4.37868
Caden Favors,CLE,0.174,0.182,1,0.131667,0.7951,0.3962,1.185,1.431,4.43178
Brandon Young,BAL,0.1975,0.1975,1.0956,0.16434,0.9311,0.3901,1.35,1.35798,4.41859
Luis Severino,ATH,0.1754,0.1754,1,0.146778,0.8742,0.362,1.321,1.3721,4.51404
Nick Dean,CHC,0.1289,0.3939,1,0.147222,0.7955,0.3309,1.325,1.3502,4.45284
Troy Taylor,SEA,0,0.2963,1,0.12,0.88,0.4909,1.08,1.4337,4.18932
Brycen Mautz,STL,0.02,0.2546,1,0.119556,0.8553,0.4667,1.076,1.4296,4.23819
Paul Gervase,LAD,0,0.1728,1,0.131556,1.0751,0.5683,1.184,1.4402,4.27581
Ramon Marquez,SFG,0.1725,0.1895,1,0.115667,0.8048,0.4544,1.041,1.4433,4.42017
Jack Kartsonas,TBR,0.1691,0.2051,1,0.143111,0.7254,0.2872,1.288,1.3471,4.48992
Riley Cornelio,WSN,0.06,0.344,1,0.133333,0.9581,0.503,1.2,1.4133,4.30839
Alex Cornwell,STL,0.1268,0.4038,1,0.103333,0.6097,0.3923,0.93,1.4771,4.2804
Alec Marsh,KCR,0.174,0.182,1,0.148889,0.9238,0.3864,1.34,1.3935,4.67676
Rafe Schlesinger,CLE,0.174,0.182,1,0.120111,0.7595,0.4132,1.081,1.4743,4.482
Jared Shuster,,0,0.1358,1,0.119556,0.7094,0.3906,1.076,1.4306,4.33872
Lucas Elissalt,DET,0.1721,0.1911,1,0.133333,0.7952,0.3844,1.2,1.4026,4.4748
Nolan Perry,TOR,0.1735,0.1845,1,0.137889,0.9217,0.4505,1.241,1.4152,4.48083
Brady Basso,ATH,0.08,0.2281,1,0.141556,0.75,0.3281,1.274,1.4002,4.51953
Isaac Lyon,WSN,0.1582,0.2562,1,0.129778,0.7091,0.3458,1.168,1.4117,4.49073
Joe Whitman,SFG,0.1637,0.2307,1,0.125222,0.7045,0.3631,1.127,1.3966,4.34835
Juan Mejia,COL,0,0.3827,1,0.127667,0.957,0.5033,1.149,1.5046,4.70718
Grant Holmes,ATL,0.1975,0.1975,1.0549,0.146279,0.9093,0.438,1.248,1.43653,4.59274
Zach McCambley,CIN,0,0.284,1,0.128556,0.9581,0.5086,1.157,1.458,4.43682
Trevor Martin,LAA,0,0.3086,1,0.140444,0.8565,0.394,1.264,1.3724,4.31469
Seth Johnson,ATH,0,0.3086,1,0.139778,0.9479,0.4671,1.258,1.4339,4.51917
Joseph Dzierwa,BAL,0.1725,0.1895,1,0.147889,0.7784,0.3111,1.331,1.3359,4.374
Alex Faedo,LAA,0,0.1111,1,0.152556,0.9255,0.3989,1.373,1.3675,4.43943
Luke Little,KCR,0,0.1235,1,0.0922222,1.0001,0.6554,0.83,1.5598,4.21731
Joey Volini,MIA,0.1712,0.1952,1,0.130778,0.7482,0.3697,1.177,1.4239,4.49667
Danny Thompson Jr.,TOR,0.1686,0.2076,1,0.142556,0.8412,0.3801,1.283,1.3841,4.50144
Tyler Phillips,MIA,0.17,0.2688,1,0.123556,0.7406,0.4048,1.112,1.4709,4.61025
JP Sears,SDP,0.03,0.1288,1,0.164,0.8675,0.2993,1.476,1.2852,4.37184
José Berríos,TOR,0.1733,0.1853,1,0.154,0.8368,0.3225,1.386,1.3586,4.55868
Manuel Genao,MIA,0.1675,0.2125,1,0.114333,0.6701,0.3682,1.029,1.4514,4.52205
Carlos Peña,DET,0.1693,0.2043,1,0.139444,0.7032,0.3057,1.255,1.355,4.35312
Yilber Díaz,DET,0,0.1728,1,0.123889,0.9924,0.5687,1.115,1.4836,4.37607
Tanner Rainey,,0,0.0988,1,0.130444,1.003,0.5461,1.174,1.4388,4.32243
Daniel Guerra,TOR,0,0.0864,1,0.142556,0.9407,0.4511,1.283,1.3969,4.42341
Kohei Arihara,,0.1579,0.2579,1,0.128444,0.6004,0.285,1.156,1.435,4.67901
Ronel Blanco,HOU,0.09,0.2381,1,0.154667,0.9586,0.4248,1.392,1.3806,4.53249
Adam Mazur,MIA,0.1754,0.1754,1,0.148,0.7429,0.3047,1.332,1.3701,4.59351
Sixto Sánchez,MIA,0.1393,0.3453,1,0.135222,0.7678,0.3668,1.217,1.4274,4.64346
Nate Pearson,KCR,0,0.3951,1,0.128444,0.9451,0.5064,1.156,1.4626,4.58073
Kona Takahashi,,0.1754,0.1754,1,0.116778,0.6509,0.3717,1.051,1.4857,4.64355
Walker Buehler,SDP,0.19,0.19,1,0.139,0.8476,0.4017,1.251,1.4126,4.51809
Luis Garcia,NYY,0.1754,0.1754,1,0.171111,0.9229,0.3295,1.54,1.296,4.4532
Scott Randall,,0.1204,0.4344,1,0.140667,0.7359,0.3284,1.266,1.4051,4.68099
Easton Lucas,,0.1418,0.3338,1,0.134556,0.8492,0.4344,1.211,1.4185,4.38894
Wikelman González,MIA,0,0.321,1,0.124222,1.0176,0.5654,1.118,1.4645,4.39515
Tanner McDougal,CHW,0,0.1605,1,0.125444,0.9252,0.5012,1.129,1.4406,4.30659
Braxton Roxby,SFG,0,0.321,1,0.120444,0.8172,0.4453,1.084,1.4185,4.38255
Chris Paddack,TEX,0.1263,0.4063,1,0.160556,0.7673,0.275,1.445,1.3247,4.54752
Jameson Taillon,TOR,0.1754,0.1754,1,0.172222,0.8231,0.265,1.55,1.3084,4.65066
Riley Quick,MIN,0.1754,0.1754,1,0.117444,0.8502,0.5028,1.057,1.5027,4.57101
Brian Curley,STL,0.1723,0.1903,1,0.134222,0.7003,0.3344,1.208,1.4213,4.69881
Bailey Ober,MIN,0.19,0.19,1.0703,0.185043,0.8889,0.2805,1.556,1.28805,4.5645
Martín Pérez,ATL,0.1639,0.2299,1,0.129333,0.7757,0.4147,1.164,1.47,4.54806
Sem Robberse,STL,0.1754,0.1754,1,0.133778,0.7296,0.3602,1.204,1.4024,4.5009
Ariel Jurado,,0.1754,0.1754,1,0.130556,0.5701,0.2687,1.175,1.4347,4.71537
Gabriel Hughes,COL,0.04,0.04,1,0.144333,0.8007,0.3612,1.299,1.4658,4.96611
Drew Rucinski,,0.1754,0.1754,1,0.133444,0.6619,0.3128,1.201,1.4323,4.716
Alex Santos II,HOU,0,0.1111,1,0.129556,1.0199,0.5711,1.166,1.4768,4.43736
Ryan Yarbrough,NYY,0,0.321,1,0.148778,0.8093,0.3278,1.339,1.3237,4.28742
Leandro Lopez,TEX,0.1432,0.3272,1,0.116333,0.8192,0.4973,1.047,1.4773,4.37616
Anthony Molina,SFG,0.1975,0.1975,1.1781,0.158913,0.8364,0.415,1.214,1.40599,4.55034
Justin Lamkin,KCR,0.1754,0.1754,1,0.144556,0.8681,0.4049,1.301,1.4081,4.55922
Chris Roycroft,ATH,0,0.3333,1,0.112444,0.7355,0.4488,1.012,1.5106,4.50846
Brandon Knarr,,0.1253,0.4113,1,0.138,0.8588,0.4277,1.242,1.4219,4.46256
Braxton Bragg,BAL,0.1723,0.1903,1,0.148333,0.7927,0.3371,1.335,1.3698,4.53636
Jeff Criswell,COL,0,0.1481,1,0.149333,0.9286,0.428,1.344,1.4429,4.80888
Prelander Berroa,CHW,0,0.1111,1,0.134556,1.0176,0.5514,1.211,1.4501,4.2966
Peter Lambert,HOU,0.1975,0.1975,1.1231,0.167716,1.028,0.4606,1.344,1.40166,4.62493
JR Ritchie,ATL,0.19,0.19,1.0344,0.127691,0.8971,0.4979,1.111,1.46906,4.56412
Nick Margevicius,,0.1072,0.4962,1,0.145,0.6845,0.2891,1.305,1.3605,4.46868
Jared Simpson,WSN,0,0.2346,1,0.0927778,0.948,0.6846,0.835,1.5908,4.10193
Devin Futrell,BOS,0.1681,0.2101,1,0.152333,0.7067,0.2726,1.371,1.3539,4.59306
Garrett Baumann,ATL,0.1754,0.1754,1,0.123556,0.6713,0.3655,1.112,1.4516,4.56822
Michael Lorenzen,TOR,0.1579,0.2579,1,0.146889,0.812,0.3644,1.322,1.4054,4.62546
Josiah Gray,WSN,0,0.3642,1,0.161111,0.9347,0.3787,1.45,1.3404,4.44231
Jack Perkins,ATH,0.19,0.19,1.0174,0.149445,1.0033,0.4707,1.322,1.4198,4.61995
Ronald Herrera,,0.1754,0.1754,1,0.153444,0.8028,0.3302,1.381,1.3687,4.62609
Hayden Birdsong,SFG,0.1132,0.4682,1,0.128333,0.9713,0.5375,1.155,1.4444,4.43115
Jacob Kisting,MIA,0.1721,0.1911,1,0.15,0.7675,0.3188,1.35,1.3611,4.59666
Cal Quantrill,TEX,0.1223,0.4253,1,0.150111,0.7757,0.3184,1.351,1.35,4.58946
Kyle Freeland,COL,0.18,0.18,1.0027,0.166337,0.7664,0.2553,1.493,1.4075,5.03891
Wilkin Ramos,SFG,0,0.1111,1,0.0924444,0.7064,0.4984,0.832,1.52,4.35951
Javier Assad,CHC,0.07,0.2552,1,0.140556,0.7693,0.3678,1.265,1.4219,4.59099
Marcus Stroman,,0.1754,0.1754,1,0.123889,0.7107,0.4006,1.115,1.4834,4.66434
Mason Peters,SEA,0.1754,0.1754,1,0.126333,0.8002,0.4453,1.137,1.4352,4.28967
Blake Wehunt,BOS,0.1754,0.1754,1,0.130444,0.7494,0.3953,1.174,1.4548,4.7061
Max Scherzer,TOR,0.1975,0.1975,1.0512,0.186179,0.9826,0.3388,1.594,1.30356,4.628
Cedric De Grandpre,ATL,0.1739,0.1829,1,0.124667,0.8474,0.4696,1.122,1.4728,4.5801
Franklin Gómez,CLE,0.1754,0.1754,1,0.121444,0.7312,0.422,1.093,1.4872,4.52583
Juan Burgos,ARI,0,0.142,1,0.116667,0.7404,0.4449,1.05,1.5092,4.67199
James Paxton,,0.1754,0.1754,1,0.144444,0.8662,0.4248,1.3,1.4187,4.54464
Kyle Nicolas,WSN,0,0.0741,1,0.118778,1.0046,0.6163,1.069,1.518,4.37895
Andrew Painter,PHI,0.19,0.19,1.0192,0.153446,0.8465,0.3823,1.355,1.37431,4.51404
Jamie Arnold,ATH,0.1754,0.1754,1,0.123667,0.7801,0.443,1.113,1.4768,4.47642
Nico Tellache,SEA,0.1725,0.1895,1,0.126778,0.5908,0.3094,1.141,1.3882,4.26573
Eli Jones,MIN,0.1725,0.1895,1,0.118444,0.6299,0.3662,1.066,1.4794,4.67271
Hunter Barco,PIT,0.09,0.2752,1,0.121333,0.8343,0.4734,1.092,1.4767,4.51251
Trent Thornton,CHC,0,0.0617,1,0.146889,0.8217,0.3733,1.322,1.3914,4.55013
JT Brubaker,SFG,0,0.2222,1,0.129556,0.7756,0.4202,1.166,1.4481,4.50594
Richard Fitts,STL,0.1598,0.2488,1,0.140222,0.7154,0.3368,1.262,1.3975,4.572
Angel Sánchez,,0.1688,0.2068,1,0.140556,0.7254,0.3448,1.265,1.4146,4.63887
Jack Sinclair,WSN,0,0.3704,1,0.121556,0.8631,0.4985,1.094,1.4605,4.38381
Chris Clarke,,0.1398,0.3428,1,0.133556,0.678,0.334,1.202,1.412,4.57992
Carson Palmquist,WSN,0,0.1111,1,0.141333,0.9506,0.4655,1.272,1.3889,4.40784
Christian Zazueta,LAD,0.1739,0.1829,1,0.171222,0.874,0.3006,1.541,1.2851,4.49028
Luinder Avila,KCR,0.1295,0.3915,1,0.118667,0.8355,0.5064,1.068,1.5202,4.63707
Raúl Alcántara,,0.1754,0.1754,1,0.156444,0.6413,0.2233,1.408,1.3692,4.81194
Zack Greinke,,0.1614,0.2414,1,0.160556,0.653,0.2168,1.445,1.3484,4.6791
Justin Hagenman,NYM,0.11,0.2335,1,0.164333,0.766,0.2699,1.479,1.3116,4.54725
Brandon Neeck,PIT,0,0.0864,1,0.116889,0.9638,0.5969,1.052,1.5242,4.40838
Wade Miley,,0.1461,0.3131,1,0.131444,0.692,0.361,1.183,1.4411,4.51053
Mitch Bratt,ARI,0.02,0.02,1,0.148889,0.7971,0.3633,1.34,1.3984,4.69296
Keider Montero,DET,0.12,0.12,1,0.152222,0.7721,0.3283,1.37,1.3707,4.5819
Andrew Sears,DET,0.06,0.1958,1,0.136556,0.797,0.3922,1.229,1.3916,4.41513
Hayden Harris,COL,0,0.2716,1,0.135556,0.9805,0.5308,1.22,1.5115,4.70502
Jake Irvin,WSN,0.18,0.18,1,0.154111,0.8464,0.368,1.387,1.3792,4.599
Bryce Mayer,HOU,0.1707,0.1977,1,0.154444,0.955,0.4345,1.39,1.372,4.55625
Gavin Hollowell,CHC,0,0.3086,1,0.133222,0.9911,0.5467,1.199,1.4593,4.48119
Brady Singer,CIN,0.1975,0.1975,1.0771,0.170541,0.934,0.3754,1.425,1.39811,4.72602
Jackson Ferris,LAD,0.1723,0.1903,1,0.120444,0.8379,0.5017,1.084,1.4874,4.36338
Chase Centala,SEA,0.1595,0.2505,1,0.122778,0.6425,0.3571,1.105,1.4604,4.65966
Trevor Richards,CHW,0,0.3148,1,0.166111,0.9581,0.4072,1.495,1.3596,4.47093
Ethan Pecko,HOU,0.19,0.19,1.0184,0.147102,0.8212,0.4041,1.3,1.41604,4.63132
Josh Stephan,TOR,0.1728,0.1878,1,0.149556,0.7198,0.2992,1.346,1.3649,4.6296
Tsuyoshi Wada,,0.1567,0.2637,1,0.149667,0.7275,0.3177,1.347,1.4031,4.68117
Orlando Ribalta,WSN,0,0.1296,1,0.144444,0.9419,0.4856,1.3,1.4238,4.47219
Chih-Jung Liu,,0.1372,0.3552,1,0.140556,0.8618,0.4393,1.265,1.436,4.63374
Jurrangelo Cijntje,STL,0.1754,0.1754,1,0.121111,0.8109,0.4756,1.09,1.4681,4.50369
David Davalillo,TEX,0.174,0.182,1,0.130889,0.7632,0.4084,1.178,1.4238,4.50783
Tyler Schlaffer,CHC,0.1332,0.3742,1,0.117556,0.7977,0.4926,1.058,1.4949,4.50297
Zach Root,LAD,0.1754,0.1754,1,0.145556,0.8855,0.4432,1.31,1.436,4.5234
Ricardo Sánchez,,0.1754,0.1754,1,0.128778,0.679,0.3632,1.159,1.4544,4.61214
Wilber Dotel,PIT,0.03,0.1781,1,0.134556,0.7999,0.4267,1.211,1.4446,4.6548
Tanner Franklin,STL,0.1754,0.1754,1,0.133111,0.8065,0.4309,1.198,1.4353,4.57146
Andrew Heaney,,0.167,0.215,1,0.161111,0.8622,0.3422,1.45,1.3469,4.62006
Antwone Kelly,PIT,0,0.2593,1,0.134667,0.7875,0.4103,1.212,1.4387,4.64256
Luke Gabrysh,NYM,0.1739,0.1829,1,0.126,0.7743,0.4305,1.134,1.4492,4.51134
Brandon White,MIA,0.1723,0.1903,1,0.152556,0.7269,0.299,1.373,1.3512,4.61331
Parker Mushinski,,0,0.0494,1,0.125444,0.7973,0.455,1.129,1.5343,4.79961
Connor McCullough,CHW,0.1754,0.1754,1,0.15,0.7159,0.3116,1.35,1.3751,4.55265
Joander Suarez,NYM,0.1688,0.2068,1,0.148778,0.7678,0.3505,1.339,1.3766,4.53708
Bowden Francis,TOR,0.1754,0.1754,1,0.172889,0.8922,0.32,1.556,1.3231,4.63887
Wyatt Olds,BOS,0,0.2099,1,0.120667,0.9708,0.5657,1.086,1.5144,4.68531
Cameron Foster,BAL,0,0.1481,1,0.144444,0.8538,0.4348,1.3,1.4209,4.50738
Alejandro Rosario,WSN,0.1732,0.1862,1,0.139,0.7613,0.3894,1.251,1.4308,4.62483
Jake Miller,DET,0.1754,0.1754,1,0.139556,0.7207,0.3593,1.256,1.4031,4.48218
Gray Fenter,,0.1754,0.1754,1,0.146444,0.7939,0.382,1.318,1.4181,4.6899
Ross Stripling,,0.1488,0.3008,1,0.159778,0.6888,0.2621,1.438,1.3641,4.70457
Jake Knapp,CHC,0.1754,0.1754,1,0.135889,0.8376,0.4526,1.223,1.4577,4.63698
Gary Gill Hill,NYM,0.1754,0.1754,1,0.140444,0.6034,0.2703,1.264,1.3817,4.57902
TJ Nichols,TBR,0.1754,0.1754,1,0.142667,0.7472,0.365,1.284,1.405,4.59594
Mason Molina,STL,0.01,0.01,1,0.135,0.8364,0.4421,1.215,1.4008,4.36095
Luke Sinnard,ATL,0.1754,0.1754,1,0.145556,0.7937,0.3821,1.31,1.4188,4.68279
Tyler Stuart,WSN,0.1707,0.1977,1,0.138556,0.7297,0.3721,1.247,1.4218,4.60269
Bryan Mata,,0.1754,0.1754,1,0.108444,0.8264,0.5422,0.976,1.5385,4.55319
Trevor Bauer,,0.1754,0.1754,1,0.157667,0.8109,0.3476,1.419,1.4026,4.74093
Logan Evans,SEA,0.1689,0.2059,1,0.142667,0.756,0.3661,1.284,1.3957,4.48722
Carlos Duran,KCR,0,0.2469,1,0.116222,0.9742,0.6158,1.046,1.5445,4.545
Tyler Schweitzer,CHW,0,0.2346,1,0.138556,0.6776,0.3487,1.247,1.4035,4.3245
Jason Alexander,,0.01,0.01,1,0.136556,0.6981,0.36,1.229,1.4431,4.67469
Kaleb Ort,LAA,0,0.0741,1,0.149,0.9749,0.4971,1.341,1.4254,4.51368
Simeon Woods Richardson,SEA,0.1232,0.4212,1,0.156111,0.8615,0.3957,1.405,1.3659,4.47705
Matt Wilkinson,SFG,0.1975,0.1975,1.0991,0.159247,0.8698,0.4322,1.304,1.38986,4.55273
Jimmy Herget,COL,0,0.4136,1,0.159889,0.8841,0.3767,1.439,1.4211,4.93884
Ryan Johnson,LAA,0.16,0.3205,1.0179,0.162977,0.8556,0.3622,1.441,1.36074,4.57931
Andrew Baker,COL,0,0.0864,1,0.128778,0.9581,0.5697,1.159,1.5724,4.88133
Alex Wood,,0.1754,0.1754,1,0.137889,0.776,0.3912,1.241,1.439,4.62087
Garrett Hawkins,SDP,0,0.1358,1,0.135556,0.9243,0.5235,1.22,1.4553,4.41225
Ethan Flanagan,CHC,0.1335,0.3725,1,0.138222,0.7533,0.391,1.244,1.4118,4.45023
David Shields,KCR,0.1754,0.1754,1,0.134444,0.7118,0.376,1.21,1.453,4.66794
Josh Grosz,ARI,0.1232,0.4212,1,0.120778,0.829,0.5084,1.087,1.5265,4.76208
Colten Schmidt,,0.1275,0.4005,1,0.138556,0.7327,0.376,1.247,1.4271,4.56291
Robby Ahlstrom,TEX,0,0.2963,1,0.133333,0.8589,0.4855,1.2,1.4442,4.35582
John Parke,,0.1526,0.2826,1,0.131556,0.7099,0.3926,1.184,1.4569,4.58469
Yonny Chirinos,,0.1754,0.1754,1,0.128,0.6137,0.3403,1.152,1.4675,4.74561
Carson Whisenhunt,SFG,0.1754,0.1754,1,0.129,0.7595,0.4439,1.161,1.4574,4.5306
Emiliano Teodo,TEX,0,0.0741,1,0.110444,0.9667,0.6418,0.994,1.5369,4.35114
Hayden Mullins,BOS,0.1721,0.1911,1,0.128556,0.9156,0.5312,1.157,1.5069,4.65417
Lael Lockhart,SEA,0.1565,0.2645,1,0.130444,0.7787,0.4399,1.174,1.4269,4.32315
Duncan Davitt,SFG,0.1975,0.321,1.2889,0.170851,0.9029,0.4941,1.193,1.42369,4.6215
Ethan Roberts,CHC,0,0.1358,1,0.140778,0.8555,0.4446,1.267,1.4326,4.56516
Landon Harper,ATL,0.1498,0.2958,1,0.155222,0.6897,0.2928,1.397,1.3846,4.73337
Connor Wietgrefe,PIT,0.1742,0.1812,1,0.138444,0.6682,0.3526,1.246,1.4277,4.60917
Guillo Zuñiga,NYM,0,0.0617,1,0.135667,0.8949,0.4993,1.221,1.4533,4.4793
Gabe Davis,NYM,0.1739,0.1829,1,0.145444,0.8074,0.4064,1.309,1.4234,4.62726
Hayden Minton,DET,0.1526,0.2826,1,0.135444,0.734,0.3844,1.219,1.4249,4.62339
Brandan Bidois,MIA,0,0.1605,1,0.138556,0.9961,0.5644,1.247,1.4886,4.6152
Lucas Braun,KCR,0.02,0.02,1,0.146333,0.6965,0.3293,1.317,1.4133,4.77378
George Klassen,LAA,0.1754,0.1754,1,0.128111,0.8245,0.4994,1.153,1.4907,4.51962
Davis Daniel,,0.1579,0.2579,1,0.145111,0.7689,0.3859,1.306,1.4244,4.71978
Brian Gonzalez,SDP,0.1461,0.3131,1,0.15,0.8362,0.4107,1.35,1.4063,4.50216
Matt Osterberg,,0.1754,0.1754,1,0.136556,0.6152,0.3236,1.229,1.4315,4.61241
Jackson Wolf,DET,0.1754,0.1754,1,0.141556,0.7553,0.3803,1.274,1.4063,4.52799
Jose Franco,CIN,0,0.1605,1,0.144111,0.8963,0.4731,1.297,1.4428,4.5603
Josh Trentadue,TEX,0.1067,0.4987,1,0.130444,0.8267,0.4715,1.174,1.4447,4.428
Yovanny Cruz,WSN,0,0.3765,1,0.128444,0.9321,0.5437,1.156,1.4899,4.5702
Cody Bradford,TEX,0.1975,0.1975,1.0992,0.183322,0.8,0.3033,1.501,1.33051,4.63371
Blas Castaño,COL,0,0.2099,1,0.136667,0.705,0.3562,1.23,1.5064,5.0256
Randy Dobnak,KCR,0.18,0.18,1,0.118778,0.6046,0.381,1.069,1.5411,4.89924
Cam Caminiti,ATL,0.1739,0.1829,1,0.125556,0.7701,0.4641,1.13,1.4908,4.55661
Jack Cebert,WSN,0.1679,0.2109,1,0.143333,0.7652,0.3913,1.29,1.4227,4.64643
Tristan Beck,SFG,0.05,0.3093,1,0.136556,0.7374,0.4074,1.229,1.44,4.67496
David Sandlin,CHW,0.16,0.16,1,0.152667,0.8252,0.4038,1.374,1.4008,4.53123
Blade Tidwell,SFG,0.1382,0.3502,1,0.135444,0.8078,0.4499,1.219,1.421,4.57164
Rorik Maltrud,CLE,0.1663,0.2183,1,0.151444,0.7637,0.3613,1.363,1.4218,4.75803
Riley Maddox,WSN,0.1723,0.1903,1,0.126111,0.6636,0.3986,1.135,1.4824,4.67433
Davis Polo,ATL,0.1725,0.1895,1,0.137,0.7185,0.3889,1.233,1.4578,4.73112
Corey Kluber,,0.133,0.375,1,0.171222,0.7283,0.2455,1.541,1.3244,4.761
Austin Gomber,DET,0.1754,0.1754,1,0.158889,0.6655,0.2806,1.43,1.3765,4.66731
Santiago Suarez,TBR,0.174,0.182,1,0.162667,0.6352,0.234,1.464,1.3392,4.69071
Wilmer Flores,DET,0.1349,0.3659,1,0.130444,0.7365,0.4322,1.174,1.484,4.70223
Brett Kerry,LAA,0.01,0.2693,1,0.165778,0.7184,0.276,1.492,1.3361,4.60944
Owen Murphy,ATL,0.07,0.2675,1,0.164111,0.8781,0.3821,1.477,1.3713,4.69098
Walker Powell,,0.1754,0.1754,1,0.150333,0.6623,0.3026,1.353,1.3937,4.72239
Jojo Ingrassia,DET,0.1688,0.2068,1,0.122111,0.7893,0.5064,1.099,1.5189,4.53942
Bradley Hanner,NYY,0,0.1111,1,0.149667,0.9173,0.4598,1.347,1.4084,4.4901
Bradley Blalock,MIA,0.08,0.3146,1,0.142667,0.7195,0.3816,1.284,1.4583,4.77414
Nestor German,BAL,0.02,0.02,1,0.156778,0.8061,0.3819,1.411,1.4009,4.65876
Andrew Abbott,CIN,0.1975,0.1975,1.0884,0.182247,0.9441,0.4186,1.507,1.39728,4.73434
Brody McCullough,CHC,0.1754,0.1754,1,0.151222,0.8079,0.3927,1.361,1.4096,4.70169
Dylan Ray,ARI,0.1444,0.3214,1,0.140444,0.7079,0.3747,1.264,1.4654,4.91067
Ryan Lambert,NYM,0,0.0864,1,0.135778,1.0648,0.6254,1.222,1.4964,4.4793
Drew Thorpe,CHW,0.03,0.03,1,0.151222,0.7598,0.3728,1.361,1.4045,4.59747
Marcus Johnson,TBR,0.1723,0.1903,1,0.162556,0.6326,0.2383,1.463,1.3506,4.73571
Lucas Giolito,SDP,0.1223,0.4253,1,0.159222,0.885,0.4239,1.433,1.4053,4.63518
Eliazar Dishmey,MIA,0.1754,0.1754,1,0.139667,0.8577,0.4679,1.257,1.4559,4.69611
Antoine Kelly,,0,0.1605,1,0.105556,0.8528,0.6125,0.95,1.5808,4.38714
Kenny Hernandez,,0.173,0.187,1,0.129,0.6543,0.3937,1.161,1.4756,4.62555
Thomas Harrington,PIT,0.03,0.1411,1,0.157333,0.7669,0.3423,1.416,1.3835,4.77342
Mark Manfredi,COL,0,0.2963,1,0.132,0.937,0.55,1.188,1.5549,4.82958
Julio Robaina,ATL,0.1653,0.2233,1,0.140444,0.6999,0.3799,1.264,1.4545,4.6692
Sean Boyle,SDP,0.1418,0.3338,1,0.136,0.6684,0.3503,1.224,1.4083,4.5531
Alimber Santa,HOU,0,0.284,1,0.123667,0.8419,0.5398,1.113,1.531,4.6278
J.D. Thompson,MIL,0.1754,0.1754,1,0.139556,0.8972,0.5071,1.256,1.4678,4.54014
Rony García,,0.1272,0.4022,1,0.163556,0.8803,0.3843,1.472,1.3882,4.79421
Ryan Magdic,ATH,0.1437,0.3247,1,0.157556,0.6392,0.2585,1.418,1.3774,4.69854
Ben Casparius,LAD,0,0.0741,1,0.159222,0.9261,0.4437,1.433,1.4102,4.65975
Beck Way,KCR,0,0.2037,1,0.119556,0.7946,0.4992,1.076,1.5352,4.75191
Rory Fox,NYY,0.1721,0.1911,1,0.151556,0.682,0.32,1.364,1.3865,4.59513
Gage Stanifer,TOR,0.1546,0.2736,1,0.131111,0.9246,0.565,1.18,1.5171,4.64697
Tate Kuehner,MIL,0.167,0.215,1,0.119667,0.7696,0.5009,1.077,1.5098,4.4865
Nabil Crismatt,,0.1342,0.3692,1,0.151667,0.6572,0.3061,1.365,1.4098,4.81113
Rhett Lowder,CIN,0.1975,0.2592,1.0931,0.167244,0.8528,0.4108,1.377,1.43839,4.85223
Blake Money,BAL,0.1605,0.2455,1,0.157667,0.7825,0.3633,1.419,1.3957,4.69089
Jose Gonzalez,LAA,0.1218,0.4278,1,0.159111,0.7663,0.3273,1.432,1.3549,4.62618
Connor Schultz,CHC,0.1691,0.2051,1,0.149222,0.7236,0.3615,1.343,1.423,4.74345
James Hicks,HOU,0.1754,0.1754,1,0.143889,0.6503,0.3277,1.295,1.4362,4.81788
Connor Seabold,KCR,0,0.0988,1,0.155333,0.7977,0.3609,1.398,1.4085,4.81374
Sebastian Gongora,BAL,0.1675,0.2125,1,0.135556,0.6642,0.3769,1.22,1.4432,4.54815
James Marvel,,0.1465,0.3115,1,0.134333,0.6514,0.3724,1.209,1.4773,4.79799
Braydon Risley,PIT,0.1416,0.3346,1,0.127889,0.6924,0.4217,1.151,1.5004,4.73877
Kent Emanuel,CIN,0.1754,0.1754,1,0.143889,0.7038,0.3542,1.295,1.4487,4.72041
Robbie Ray,SDP,0.18,0.18,1,0.164,0.9844,0.477,1.476,1.4218,4.66983
Marcus Walden,,0.1682,0.2092,1,0.145333,0.6716,0.3461,1.308,1.4167,4.64301
Dawson Netz,CHC,0.1621,0.2381,1,0.155444,0.8727,0.4252,1.399,1.396,4.65795
Kyle Hendricks,,0.1754,0.1754,1,0.160111,0.6882,0.298,1.441,1.3953,4.83174
Trenton Wallace,TOR,0.1254,0.4104,1,0.147667,0.8847,0.4715,1.329,1.4353,4.54797
Ryan Feltner,COL,0.14,0.3005,1,0.154444,0.8048,0.4005,1.39,1.5034,5.24655
Spencer Arrighetti,TOR,0.18,0.18,1,0.152222,0.9745,0.49,1.37,1.4426,4.85802
Luis De Avila,,0.1754,0.1754,1,0.115778,0.6707,0.4707,1.042,1.5321,4.5657
Adam Oller,MIA,0.1754,0.1754,1,0.152778,0.8429,0.4257,1.375,1.4598,4.87962
Thomas Pannone,MIL,0.1754,0.1754,1,0.156111,0.6758,0.3051,1.405,1.3718,4.59153
Liam Doyle,STL,0.1754,0.1754,1,0.135889,0.8309,0.4958,1.223,1.4832,4.60197
Jaxon Wiggins,CHC,0.1411,0.3371,1,0.134333,0.8931,0.5459,1.209,1.5049,4.64769
Aaron Wilkerson,,0.1754,0.1754,1,0.166556,0.6391,0.2484,1.499,1.3705,4.86855
Daviel Hurtado,NYM,0.1702,0.2002,1,0.124111,0.6961,0.4589,1.117,1.5037,4.50306
Ben Shields,COL,0.1754,0.1754,1,0.150889,0.7923,0.3946,1.358,1.4999,5.08806
Ben Hansen,ATH,0.1074,0.4954,1,0.134667,0.7389,0.4264,1.212,1.4947,4.80096
Chase Solesky,CIN,0.02,0.1681,1,0.158778,0.7346,0.3402,1.429,1.4057,4.72608
Luis Gutierrez,SDP,0.1754,0.1754,1,0.133556,0.6997,0.4152,1.202,1.464,4.53942
Josh Randall,WSN,0.1707,0.1977,1,0.138,0.6315,0.3412,1.242,1.4331,4.70853
Richard Gallardo,TOR,0.1649,0.2249,1,0.146111,0.6911,0.3553,1.315,1.4368,4.79331
Chen-Wei Lin,STL,0.1586,0.2546,1,0.120222,0.7488,0.4988,1.082,1.5127,4.62186
Cristian Javier,HOU,0.1382,0.3502,1,0.173667,0.9539,0.4208,1.563,1.3719,4.83057
Jacob Lopez,ATH,0.1975,0.1975,1.0482,0.173302,0.9791,0.4574,1.488,1.41223,4.81795
Jack Bowery,SEA,0.1535,0.2785,1,0.122,0.5981,0.4087,1.098,1.4866,4.45365
Joe Gunkel,,0.166,0.22,1,0.141444,0.5316,0.2801,1.273,1.4619,4.93893
Seth Hernandez,PIT,0.1754,0.1754,1,0.138111,0.857,0.5111,1.243,1.5132,4.86135
Rodney Boone,CLE,0.1754,0.1754,1,0.158444,0.7603,0.3579,1.426,1.4159,4.77684
Wande Torres,MIL,0.1535,0.2785,1,0.123111,0.7184,0.4597,1.108,1.4932,4.54707
Braylon Owens,MIL,0.1595,0.2505,1,0.158,0.8718,0.4381,1.422,1.4162,4.70142
Dominic Niman,TBR,0.1382,0.3502,1,0.147444,0.608,0.3122,1.327,1.424,4.68594
Rafael Sanchez,TOR,0.1651,0.2241,1,0.149111,0.6373,0.3273,1.342,1.4394,4.83543
Odrisamer Despaigne,,0.1742,0.1812,1,0.129111,0.5752,0.3619,1.162,1.5012,4.78818
Khal Stephen,CLE,0.1754,0.1754,1,0.166,0.7472,0.326,1.494,1.4016,4.87836
Yu-Min Lin,ARI,0.1728,0.1878,1,0.121444,0.6588,0.4425,1.093,1.5443,4.85145
José Urquidy,,0.07,0.1317,1,0.175889,0.7313,0.2738,1.583,1.3291,4.7673
Erick Leal,,0.1728,0.1878,1,0.149,0.7861,0.4145,1.341,1.4404,4.78917
Mario Sanchez,,0.1723,0.1903,1,0.162889,0.7232,0.3188,1.466,1.4125,4.95747
Joe Miller,DET,0.1672,0.2142,1,0.139556,0.6509,0.3666,1.256,1.437,4.62312
Seth Lonsway,SFG,0.1,0.3778,1,0.093,0.5771,0.5077,0.837,1.5934,4.54581
Julio Teheran,,0.1754,0.1754,1,0.156444,0.7087,0.3291,1.408,1.4083,4.84983
Najer Victor,LAA,0,0.2222,1,0.137222,0.958,0.587,1.235,1.5259,4.66668
Wilmer Font,,0.1754,0.1754,1,0.168111,0.7074,0.2907,1.513,1.4075,5.03595
Ben Jacobs,DET,0.1688,0.2068,1,0.144889,0.8557,0.4912,1.304,1.4649,4.61151
Max Green,NYM,0.1461,0.3131,1,0.155,0.7231,0.3565,1.395,1.4006,4.60962
Austin Love,STL,0,0.1975,1,0.118778,0.7858,0.5532,1.069,1.5574,4.65111
Mavis Graves,PHI,0.1326,0.3766,1,0.135222,0.8976,0.5435,1.217,1.4908,4.54428
Daniel Missaki,TEX,0.1132,0.4682,1,0.139222,0.8011,0.4671,1.253,1.4734,4.72311
Dakota Hawkins,NYM,0.1354,0.3634,1,0.148778,0.7189,0.3878,1.339,1.4462,4.752
Jean Pinto,,0.1628,0.2348,1,0.138222,0.7037,0.4184,1.244,1.4924,4.84695
Chris Clark,TBR,0.1128,0.4698,1,0.148111,0.7726,0.4064,1.333,1.433,4.75173
Drue Hackenberg,ATL,0.166,0.22,1,0.121111,0.7495,0.5065,1.09,1.5533,4.79916
Elieser Hernández,,0.04,0.2684,1,0.176444,0.8423,0.3479,1.588,1.384,4.8519
Ethan Hankins,,0.1754,0.1754,1,0.141778,0.7653,0.4449,1.276,1.4884,4.84407
Jacob Bresnahan,SFG,0.1754,0.1754,1,0.132667,0.7578,0.4854,1.194,1.4908,4.65669
Masahiro Tanaka,,0.1754,0.1754,1,0.137889,0.5887,0.3537,1.241,1.5072,4.94271
Blake Adams,COL,0,0.2469,1,0.164222,0.6715,0.2932,1.478,1.4543,5.15043
John Michael Bertrand,SFG,0.1702,0.2002,1,0.111556,0.5106,0.4172,1.004,1.5444,4.66848
Tom Cosgrove,WSN,0,0.0617,1,0.137778,0.8302,0.4782,1.24,1.4605,4.58046
Won-Jun Chang,,0.1719,0.1919,1,0.134556,0.5871,0.3578,1.211,1.4934,4.81392
Yohander Méndez,,0.1754,0.1754,1,0.142333,0.7494,0.4315,1.281,1.4914,4.80519
Lucas Knowles,LAA,0.133,0.375,1,0.136,0.6407,0.385,1.224,1.4582,4.58352
Johnny King,TOR,0.1754,0.1754,1,0.140333,0.9014,0.5401,1.263,1.5,4.63545
Peyton Plumlee,,0.1363,0.3593,1,0.151,0.7723,0.4101,1.359,1.4566,4.87107
Eiberson Castellano,COL,0.02,0.2052,1,0.135889,0.7768,0.4551,1.223,1.5553,5.13423
Cesar Perdomo,SFG,0.1975,0.1975,1.1084,0.155053,0.7212,0.4304,1.259,1.44235,4.66792
Jose Cuas,KCR,0,0.321,1,0.131667,0.8515,0.5306,1.185,1.5325,4.82112
Will Watson,NYM,0.1754,0.1754,1,0.139444,0.7834,0.4703,1.255,1.4849,4.71582
Chase Petty,CIN,0.02,0.2299,1,0.155,0.7667,0.395,1.395,1.4486,4.80294
Ryan Watson,TOR,0.1714,0.1944,1,0.154444,0.6202,0.302,1.39,1.4263,4.8897
Brandon Beckel,PHI,0.1082,0.4912,1,0.150111,0.7477,0.4044,1.351,1.4412,4.73958
Kelvis Salcedo,DET,0.1688,0.2068,1,0.123222,0.7249,0.5007,1.109,1.5472,4.78098
Logan Workman,TBR,0.1477,0.3057,1,0.170667,0.8048,0.3545,1.536,1.3656,4.76298
Alexander Cornielle,NYY,0,0.2593,1,0.158444,0.8829,0.4441,1.426,1.4,4.59711
Zach Brzykcy,MIA,0,0.2593,1,0.140333,0.8414,0.5091,1.263,1.5112,4.80024
Tyler Davis,CHW,0,0.2469,1,0.148222,0.8755,0.5015,1.334,1.4656,4.60593
Ryan Gallagher,MIN,0.1712,0.1952,1,0.160778,0.7858,0.3948,1.447,1.4313,4.90032
Ricky Castro,MIN,0.124,0.417,1,0.158,0.759,0.3888,1.422,1.4398,4.90662
Randy Vásquez,SDP,0.17,0.3305,1.0488,0.16,0.7183,0.3628,1.373,1.41667,4.79477
Kyle Carr,NYY,0.174,0.182,1,0.125667,0.7122,0.4932,1.131,1.5176,4.50801
Rich Hill,,0.1754,0.1754,1,0.153667,0.7842,0.414,1.383,1.4527,4.87692
Kyle Luckham,WSN,0.1289,0.3939,1,0.137889,0.5504,0.3185,1.241,1.4454,4.76397
Jose Atencio,LAA,0.11,0.483,1,0.148556,0.6043,0.3191,1.337,1.4293,4.76334
Brandon Birdsell,CHC,0.1754,0.1754,1,0.162,0.7075,0.3266,1.458,1.3943,4.84191
Dallas Keuchel,ATH,0.1754,0.1754,1,0.126,0.607,0.4225,1.134,1.5761,4.90563
Jack Kochanowicz,LAA,0.1754,0.1754,1,0.124667,0.6452,0.4274,1.122,1.5234,4.75695
Matt Manning,,0.1754,0.1754,1,0.147667,0.774,0.4418,1.329,1.4717,4.83534
Grant Kipp,CHC,0.1588,0.2538,1,0.144444,0.8284,0.4674,1.3,1.4639,4.78602
Ashton Izzi,ARI,0.1754,0.1754,1,0.144667,0.6459,0.3648,1.302,1.4923,5.09391
Jake Brooks,COL,0.01,0.0841,1,0.167444,0.5906,0.2215,1.507,1.4257,5.22135
CJ Van Eyk,TOR,0.1,0.2296,1,0.145444,0.6191,0.334,1.309,1.4418,4.82985
Connor Noland,CHC,0.1665,0.2175,1,0.140444,0.6059,0.368,1.264,1.4862,4.8735
Rio Gomez,,0.1391,0.3461,1,0.157111,0.8066,0.4196,1.414,1.4408,4.78539
Jackson Tetreault,,0.1754,0.1754,1,0.162,0.7399,0.3579,1.458,1.4283,4.92543
Will Sanders,CHC,0.17,0.201,1,0.152889,0.7611,0.3988,1.376,1.4395,4.85217
Griffin Herring,COL,0.1177,0.4467,1,0.136222,0.8521,0.5436,1.226,1.5927,5.02596
Yunior Tur,ATH,0,0.321,1,0.152556,0.8844,0.4853,1.373,1.4693,4.77612
Blair Henley,,0.1754,0.1754,1,0.127556,0.7005,0.4553,1.148,1.5246,4.86747
Ryan Bergert,KCR,0.1663,0.2183,1,0.153667,0.7927,0.4312,1.383,1.4801,5.01921
Adam Wainwright,,0.1754,0.1754,1,0.148333,0.5944,0.3262,1.335,1.475,4.98267
Adam Leverett,SEA,0.1737,0.1837,1,0.156,0.6603,0.326,1.404,1.3996,4.7304
Cody Bowker,PHI,0.1726,0.1886,1,0.172889,0.8303,0.3578,1.556,1.3785,4.87035
Jaden Hamm,DET,0.1754,0.1754,1,0.159,0.7462,0.3748,1.431,1.4099,4.80438
Garrett McMillan,PIT,0.1754,0.1754,1,0.160222,0.7001,0.3453,1.442,1.4226,4.94316
Luis Palacios,MIA,0.1453,0.3173,1,0.133667,0.6367,0.4115,1.203,1.4889,4.71789
Charlie Christensen,DET,0.1574,0.2604,1,0.145444,0.7947,0.4654,1.309,1.4948,4.89294
Josh Knoth,MIL,0.1716,0.1936,1,0.143,0.7197,0.4334,1.287,1.4873,4.81887
Landon Knack,LAD,0.04,0.1758,1,0.181444,0.8819,0.3791,1.633,1.3746,4.81563
John O'Reilly,,0.14,0.342,1,0.140556,0.6316,0.3687,1.265,1.4662,4.85235
Michael Plassmeyer,,0.1754,0.1754,1,0.156111,0.7315,0.3623,1.405,1.4104,4.76532
Alemao Hernandez,,0.1582,0.2562,1,0.156111,0.6074,0.3007,1.405,1.4061,4.74354
Luis Morales,ATH,0.02,0.1805,1,0.151444,0.8402,0.4758,1.363,1.4948,4.88961
Daniel Lynch IV,KCR,0.17,0.17,1,0.146222,0.6776,0.3875,1.316,1.4976,5.00499
Junior Sanchez,ARI,0.17,0.201,1,0.144778,0.7138,0.4272,1.303,1.5124,5.07141
Dominic Fritton,TBR,0.1754,0.1754,1,0.125667,0.7196,0.5112,1.131,1.5669,4.75641
Chris Archer,,0.1754,0.1754,1,0.152111,0.7873,0.441,1.369,1.4906,4.98339
Ty Langenberg,MIN,0.1605,0.2455,1,0.141333,0.6592,0.3948,1.272,1.4856,4.93137
Michael Forret,BAL,0.1737,0.1837,1,0.153556,0.8024,0.4391,1.382,1.4539,4.80573
Matt Shoemaker,,0.1474,0.3074,1,0.148333,0.6239,0.3453,1.335,1.4781,4.97943
Yunior Marte,SFG,0.05,0.05,1,0.140556,0.6563,0.413,1.265,1.4735,4.83948
Carter Baumler,TEX,0,0.2716,1,0.138222,0.8393,0.534,1.244,1.5091,4.71825
Troy Miller,,0.1646,0.2266,1,0.161556,0.7852,0.4002,1.454,1.4412,4.89033
Kwang Hyun Kim,,0.1589,0.2529,1,0.132556,0.6867,0.4656,1.193,1.5575,4.88574
Levi Wells,BAL,0.1754,0.1754,1,0.153556,0.7363,0.3935,1.382,1.4424,4.82283
Zach Maxwell,CIN,0,0.2593,1,0.144333,0.977,0.6065,1.299,1.546,4.80213
Coleman Picard,KCR,0.1184,0.4434,1,0.146,0.6732,0.3908,1.314,1.5055,5.07339
Andrew Quezada,,0.1595,0.2505,1,0.128222,0.5392,0.3773,1.154,1.5182,4.87377
Jake Bloss,TOR,0.1754,0.1754,1,0.159444,0.717,0.3682,1.435,1.443,4.94964
Ryan Webb,CLE,0.1407,0.3387,1,0.125556,0.8149,0.5577,1.13,1.5805,4.79889
Connor Phillips,CIN,0,0.3086,1,0.147889,1.0633,0.6242,1.331,1.528,4.82031
John Gant,,0.1432,0.3272,1,0.143556,0.6934,0.42,1.292,1.5035,4.96188
Kyle Tyler,,0.1644,0.2274,1,0.137333,0.6209,0.3982,1.236,1.506,4.88286
Jamie Hitt,SDP,0.1696,0.2026,1,0.136556,0.6432,0.4105,1.229,1.4944,4.70322
Garrett Burhenn,DET,0.1726,0.1886,1,0.159889,0.6598,0.3269,1.439,1.4066,4.8492
Dylan File,DET,0.1742,0.1812,1,0.159778,0.5828,0.2642,1.438,1.3944,4.91085
TJ Shook,COL,0,0.1358,1,0.163,0.7987,0.3913,1.467,1.4832,5.19597
Cole Hertzler,HOU,0.1739,0.1829,1,0.153111,0.8644,0.4852,1.378,1.4839,4.93128
Ryan Carpenter,,0.1754,0.1754,1,0.143,0.6714,0.4062,1.287,1.4919,4.78944
Adam Maier,SEA,0.1719,0.1919,1,0.142,0.6253,0.3654,1.278,1.4437,4.71942
Kade Morris,ATH,0.12,0.1817,1,0.139444,0.5962,0.3489,1.255,1.4879,4.95378
José De León,,0.1754,0.1754,1,0.154889,0.8422,0.4592,1.394,1.4677,4.91391
Jake Kalish,,0.1688,0.2068,1,0.146111,0.608,0.3488,1.315,1.4592,4.824
R.J. Gordon,NYM,0.1754,0.1754,1,0.156444,0.7541,0.4146,1.408,1.4559,4.84569
Grant Rogers,TOR,0.1754,0.1754,1,0.146444,0.5233,0.2883,1.318,1.4486,4.92804
Nick Dombkowski,PIT,0.1419,0.3329,1,0.151444,0.6903,0.3946,1.363,1.4722,4.90491
Davis Feldman,,0.1372,0.3552,1,0.148333,0.7129,0.4156,1.335,1.4902,4.96269
Jeffrey Springs,ATH,0.1975,0.1975,1.0697,0.196231,0.8886,0.379,1.651,1.41965,5.0171
Kohl Drake,ARI,0.1754,0.1754,1,0.154667,0.7564,0.4181,1.392,1.4824,5.01435
Pedro Fernandez,,0.1439,0.3239,1,0.162667,0.7079,0.3543,1.464,1.4311,4.95459
Gavin Collyer,TEX,0,0.216,1,0.128444,0.9482,0.6327,1.156,1.5465,4.68756
Evan McKendry,MIA,0.1542,0.2752,1,0.160667,0.621,0.2951,1.446,1.4085,4.95387
T.J. Sikkema,,0.1754,0.1754,1,0.132111,0.637,0.4174,1.189,1.496,4.75407
Dasan Hill,TOR,0.1754,0.1754,1,0.125889,0.8814,0.6246,1.133,1.5912,4.70268
Connor Fenlong,DET,0.1658,0.2208,1,0.133778,0.6564,0.4429,1.204,1.5284,4.91328
Hunter Bigge,ATH,0,0.2099,1,0.151889,0.9114,0.541,1.367,1.5336,4.93803
Manuel Espinoza,,0.1253,0.4113,1,0.162667,0.763,0.3917,1.464,1.4487,4.99725
Grant Gambrell,KCR,0.1574,0.2604,1,0.152222,0.6655,0.3705,1.37,1.4812,5.08329
Ronald Medrano,,0.1577,0.2587,1,0.163111,0.7222,0.3587,1.468,1.4536,5.12388
Caden Dana,LAA,0.07,0.2552,1,0.156667,0.8466,0.4747,1.41,1.4779,4.86207
David Parkinson,,0.1532,0.2802,1,0.146556,0.6567,0.3877,1.319,1.4655,4.806
Wei-En Lin,ATH,0.1754,0.1754,1,0.169333,0.8042,0.3889,1.524,1.437,4.93776
Ben Peoples,TEX,0,0.1605,1,0.145333,0.8456,0.5248,1.308,1.4877,4.71609
Khristian Curtis,PIT,0.1,0.2358,1,0.140444,0.7998,0.518,1.264,1.5263,4.93569
Noah Bremer,,0.1493,0.2983,1,0.151556,0.6812,0.3902,1.364,1.4863,5.02497
Charlie McDaniel,SFG,0.1754,0.1754,1,0.142556,0.565,0.3614,1.283,1.4651,4.83003
Darien Smith,SFG,0.156,0.267,1,0.131556,0.6133,0.4282,1.184,1.5187,4.94577
Shane Murphy,CHW,0.1695,0.2035,1,0.162778,0.5848,0.2843,1.465,1.3956,4.72509
Tanner Gillis,MIL,0.1493,0.2983,1,0.159,0.6173,0.324,1.431,1.4364,4.9203
Gabe Mosser,SEA,0.1728,0.1878,1,0.162667,0.6449,0.3221,1.464,1.3942,4.76892
Beau Burrows,PIT,0,0.0988,1,0.154111,0.7937,0.4558,1.387,1.4801,4.95306
Koyo Aoyagi,,0.126,0.408,1,0.123556,0.6137,0.4488,1.112,1.5725,5.01543
Nate Snead,LAA,0.1754,0.1754,1,0.160333,0.6485,0.3351,1.443,1.4357,4.92192
Michael Pineda,,0.1754,0.1754,1,0.178667,0.6479,0.2598,1.608,1.4016,5.11569
Riley Davis,,0.1223,0.4253,1,0.154444,0.6901,0.3873,1.39,1.4472,4.81086
Patrick Forbes,ARI,0.1663,0.2183,1,0.140444,0.7411,0.4742,1.264,1.559,5.20326
Bishop Letson,MIL,0.1754,0.1754,1,0.146889,0.7549,0.4523,1.322,1.4985,4.9383
Chandler Champlain,WSN,0.1602,0.2472,1,0.157111,0.6148,0.3245,1.414,1.4278,4.89744
Patrick Reilly,BAL,0.1754,0.1754,1,0.161556,0.8273,0.4506,1.454,1.4613,4.90617
Jackson Nezuh,HOU,0.1628,0.2348,1,0.164111,0.8342,0.4416,1.477,1.4323,4.87377
Carlos Luna,,0.1604,0.2464,1,0.170444,0.7013,0.3206,1.534,1.3991,4.97763
Luis Cessa,,0.1688,0.2068,1,0.145889,0.6306,0.3934,1.313,1.507,5.01183
Tanner Gordon,COL,0.15,0.2488,1,0.195,0.7253,0.2496,1.755,1.4115,5.36787
Alex Williams,MIA,0.1716,0.1936,1,0.141111,0.6653,0.4201,1.27,1.5045,4.96377
Jose Chacin,,0.1626,0.2356,1,0.168444,0.6827,0.3257,1.516,1.4149,4.99248
Brett Wichrowski,MIL,0.1453,0.3173,1,0.141778,0.7004,0.4339,1.276,1.4954,4.89429
Colton Eastman,,0.1414,0.3354,1,0.151,0.6964,0.4101,1.359,1.4889,4.99167
Zack Godley,,0.1579,0.2579,1,0.161556,0.7228,0.3757,1.454,1.4564,5.0256
Konner Eaton,COL,0.1754,0.1754,1,0.125556,0.6914,0.4948,1.13,1.6302,5.19777
Emmett Olson,MIA,0.1754,0.1754,1,0.133556,0.664,0.4589,1.202,1.5338,4.85955
Jacob Miller,MIA,0.1754,0.1754,1,0.131111,0.6247,0.4494,1.18,1.5558,4.986
Zack Littell,,0.05,0.05,1,0.181889,0.6848,0.2745,1.637,1.3879,5.05755
Spenser Watkins,,0.1754,0.1754,1,0.153333,0.6214,0.3515,1.38,1.4727,4.99752
Kohl Franklin,CHC,0.1721,0.1911,1,0.146556,0.7102,0.4339,1.319,1.5059,4.99788
Jimmy Endersby,,0.1472,0.3082,1,0.156,0.6934,0.3907,1.404,1.4608,4.9446
Adam Laskey,COL,0.1754,0.1754,1,0.130778,0.5957,0.4265,1.177,1.6282,5.31405
Alek Jacob,SDP,0,0.0864,1,0.152667,0.8247,0.4721,1.374,1.4656,4.81599
Kash Mayfield,DET,0.1754,0.1754,1,0.140222,0.7788,0.5109,1.262,1.5248,4.7907
Karson Milbrandt,MIA,0.04,0.04,1,0.131222,0.8065,0.565,1.181,1.5672,4.88709
John Means,KCR,0.1754,0.1754,1,0.177889,0.7196,0.3125,1.601,1.3954,5.00787
Dameivi Tineo,MIA,0.1739,0.1829,1,0.114444,0.8033,0.6357,1.03,1.6401,4.79934
Jackson Cox,COL,0.1735,0.1845,1,0.165778,0.7952,0.4113,1.492,1.5133,5.36013
Noah Syndergaard,,0.1754,0.1754,1,0.175333,0.6272,0.2597,1.578,1.3957,5.25663
Johnny Cueto,,0.1754,0.1754,1,0.173778,0.6364,0.2762,1.564,1.4083,5.03595
Joseph Montalvo,DET,0.1719,0.1919,1,0.159111,0.72,0.3993,1.432,1.4542,4.95612
Landon Marceaux,,0.1754,0.1754,1,0.153111,0.6323,0.3682,1.378,1.4895,5.07807
Julio Mendez,MIA,0.1679,0.2109,1,0.125556,0.7446,0.5479,1.13,1.5755,4.81806
Seth Nordlin,,0.1235,0.4195,1,0.156889,0.6176,0.3404,1.412,1.4635,5.03991
Tomoyuki Sugano,COL,0.17,0.17,1,0.184667,0.6401,0.2416,1.662,1.4688,5.54697
Morgan McSweeney,BOS,0.1595,0.2505,1,0.154667,0.6786,0.396,1.392,1.495,5.14611
Braden Davis,STL,0.1754,0.1754,1,0.124778,0.8244,0.6174,1.123,1.5925,4.73373
Ben Hess,NYY,0.1754,0.1754,1,0.161,0.8433,0.4728,1.449,1.4674,4.8591
Jake Lee,,0.1312,0.3832,1,0.171778,0.6714,0.3202,1.546,1.4224,5.0517
Tyler Anderson,LAA,0.1754,0.1754,1,0.166444,0.7763,0.4106,1.498,1.4431,4.90194
Ben Kudrna,KCR,0.1754,0.1754,1,0.137111,0.7019,0.4862,1.234,1.5721,5.11965
Max Alba,DET,0.1754,0.1754,1,0.161667,0.5919,0.3166,1.455,1.4298,4.94748
Sam Benschoter,CIN,0.1179,0.4459,1,0.156333,0.6953,0.3926,1.407,1.4835,5.00022
Brooks Caple,CHC,0.1737,0.1837,1,0.160444,0.7052,0.3906,1.444,1.4632,5.01219
Erick Fedde,CHW,0.18,0.3035,1.0803,0.177649,0.7905,0.4338,1.48,1.48255,5.0291
Ryan Harbin,PIT,0.1754,0.1754,1,0.118556,0.7753,0.6109,1.067,1.6472,5.05044
Irving Cota,NYM,0.1637,0.2307,1,0.160556,0.6184,0.3288,1.445,1.4327,4.92894
Alex Troop,,0.133,0.375,1,0.158889,0.7063,0.3971,1.43,1.4567,4.89348
Brett Gillis,HOU,0.1714,0.1944,1,0.159667,0.6742,0.3679,1.437,1.467,5.09157
Danny Wirchansky,,0.1419,0.3329,1,0.158556,0.6735,0.3829,1.427,1.4254,4.68612
Jackson Baumeister,TBR,0.1754,0.1754,1,0.151667,0.803,0.4935,1.365,1.5088,4.96881
Anders Tolhurst,,0.1754,0.1754,1,0.162111,0.6654,0.3543,1.459,1.4741,5.16915
Garrett Edwards,TBR,0.174,0.182,1,0.161556,0.6248,0.3325,1.454,1.4415,5.00805
Henry Baez,ATH,0.1754,0.1754,1,0.137556,0.6698,0.4498,1.238,1.5484,5.05386
Brady Smith,DET,0.1754,0.1754,1,0.142444,0.7648,0.5092,1.282,1.539,4.9734
Garrett Gainey,TBR,0.1289,0.3939,1,0.177111,0.7221,0.335,1.594,1.3828,4.83696
Aaron Leasher,,0.1175,0.4475,1,0.138667,0.7399,0.5146,1.248,1.5438,4.76442
Kevin Valdez,CHC,0.164,0.229,1,0.130444,0.6559,0.4835,1.174,1.566,4.97133
Dylan Jordan,LAA,0.1754,0.1754,1,0.135667,0.7782,0.5475,1.221,1.5711,4.91769
Hunter Parks,CIN,0,0.1111,1,0.137667,0.9489,0.6325,1.239,1.5831,4.87908
Nathan Dettmer,ATH,0.1658,0.2208,1,0.152333,0.5917,0.3606,1.371,1.503,5.07546
Taijuan Walker,,0.1446,0.3206,1,0.160778,0.6782,0.3781,1.447,1.4736,4.96647
Malachi Witherspoon,DET,0.1754,0.1754,1,0.126444,0.6368,0.4813,1.138,1.5733,4.9887
Dakota Hudson,,0.1754,0.1754,1,0.129333,0.5336,0.4073,1.164,1.5633,5.08131
Zach Davies,,0.1754,0.1754,1,0.163444,0.7077,0.3957,1.471,1.4946,5.09013
Nick Bennett,,0.1096,0.4846,1,0.155222,0.6854,0.4032,1.397,1.4665,4.84416
Hayden Juenger,ATH,0,0.2469,1,0.156556,0.7371,0.4355,1.409,1.5118,5.06826
Brian Holiday,STL,0.1721,0.1911,1,0.146556,0.6118,0.3969,1.319,1.5164,5.08239
Konnor Ash,,0.117,0.45,1,0.152444,0.8028,0.5032,1.372,1.5261,5.02281
Ben Wereski,CIN,0.1754,0.1754,1,0.177556,0.8407,0.4171,1.598,1.4405,4.95567
Brock Selvidge,NYY,0.1733,0.1853,1,0.138889,0.6706,0.4715,1.25,1.5355,4.78638
Jacob Denner,SEA,0.1754,0.1754,1,0.141556,0.6747,0.462,1.274,1.5182,4.77927
Taylor Dollard,SEA,0.1737,0.1837,1,0.166444,0.6188,0.3048,1.498,1.3932,4.85928
Brendan Girton,NYM,0.1414,0.3354,1,0.134111,0.7875,0.5558,1.207,1.5707,4.90581
Isaac Coffey,BOS,0.1611,0.2431,1,0.158444,0.8006,0.4319,1.426,1.4714,5.17644
Lachlan Wells,,0.1754,0.1754,1,0.167222,0.6745,0.3544,1.505,1.4553,5.04675
Blake Aita,STL,0.1735,0.1845,1,0.156222,0.6197,0.3578,1.406,1.4555,4.99743
John Swanda,,0.1481,0.3041,1,0.139222,0.6499,0.4376,1.253,1.5326,5.04108
Jose Quintana,COL,0.14,0.14,1,0.157667,0.6781,0.3976,1.419,1.5784,5.49351
Leonel Sequera,STL,0.1754,0.1754,1,0.121444,0.5734,0.4733,1.093,1.5851,4.96053
Wellington Aracena,ARI,0.1709,0.1969,1,0.118333,0.6884,0.5779,1.065,1.6587,5.13423
Jaron DeBerry,MIL,0.1754,0.1754,1,0.159444,0.7582,0.438,1.435,1.4744,4.97484
Nick Hull,SEA,0.1461,0.3131,1,0.144889,0.6942,0.4559,1.304,1.4943,4.81302
Marcos Tineo,ARI,0.1754,0.1754,1,0.147111,0.719,0.4717,1.324,1.5673,5.30082
Michael Morales,SEA,0.1754,0.1754,1,0.153889,0.6702,0.4061,1.385,1.454,4.81266
Hunter Owen,KCR,0.1561,0.2661,1,0.161778,0.7433,0.415,1.456,1.4677,5.00778
Adam Scott,,0.1393,0.3453,1,0.137444,0.7439,0.507,1.237,1.5452,4.90869
Jack Mahoney,COL,0.1754,0.1754,1,0.142444,0.5968,0.408,1.282,1.5937,5.40279
Boston Bateman,BAL,0.1705,0.1985,1,0.126778,0.7299,0.5611,1.141,1.594,4.81707
Adrian Alcantara,,0.13,0.389,1,0.153556,0.7229,0.4453,1.382,1.5192,5.11344
Ixan Henderson,STL,0.1686,0.2076,1,0.146333,0.6935,0.4605,1.317,1.5089,4.88088
Cy Sneed,,0.1739,0.1829,1,0.173667,0.6286,0.302,1.563,1.4589,5.28075
Chuck King,PHI,0.174,0.182,1,0.161,0.6121,0.3403,1.449,1.4571,5.03352
Bryce Conley,NYM,0.1558,0.2678,1,0.168222,0.7646,0.4074,1.514,1.4185,4.85496
Cam Leiter,LAD,0.1754,0.1754,1,0.145,0.7687,0.5175,1.305,1.5593,4.99491
Jacob Watters,TBR,0.1754,0.1754,1,0.138111,0.7121,0.5027,1.243,1.5568,4.99329
Nolan DeVos,HOU,0.1688,0.2068,1,0.164778,0.7582,0.4239,1.483,1.4763,5.09751
Christian Herberholz,BAL,0.1451,0.3181,1,0.160111,0.6511,0.3803,1.441,1.4838,5.04423
Trent Sellers,NYY,0.1275,0.4005,1,0.150889,0.8458,0.5396,1.358,1.5239,4.87683
Tyler Switalski,SFG,0.1739,0.1829,1,0.134778,0.6524,0.4799,1.213,1.5316,4.878
Nate Payne,MIA,0.1737,0.1837,1,0.146778,0.8077,0.5336,1.321,1.528,4.88088
Johan Moreno,SDP,0,0.0617,1,0.144333,0.8276,0.5551,1.299,1.5357,4.82265
Austin Gordon,LAA,0.1754,0.1754,1,0.179889,0.7653,0.3583,1.619,1.4071,5.02677
Ethan Lindow,,0.164,0.229,1,0.160556,0.6668,0.3851,1.445,1.4726,4.99275
Michael Sansone,BOS,0.1565,0.2645,1,0.159444,0.6141,0.353,1.435,1.4648,5.03613
Eybersson Polanco,LAA,0.1477,0.3057,1,0.149889,0.7048,0.4524,1.349,1.5158,4.98852
Joelvis Del Rosario,,0.1754,0.1754,1,0.156,0.6359,0.382,1.404,1.4912,5.10588
Niko Mazza,SFG,0.1632,0.2332,1,0.124222,0.693,0.5492,1.118,1.5918,5.00607
Nate Dohm,STL,0.1465,0.3115,1,0.143778,0.7252,0.4975,1.294,1.5276,4.94343
Eric Yost,SDP,0.1626,0.2356,1,0.133556,0.6619,0.4779,1.202,1.5384,4.88619
Henry Lalane,SFG,0.1737,0.1837,1,0.125111,0.6474,0.519,1.126,1.5783,4.90959
Chris McMahon,,0.1754,0.1754,1,0.172667,0.7091,0.3605,1.554,1.4416,5.12739
Jake Dykhoff,BAL,0.1289,0.3939,1,0.172111,0.6825,0.3509,1.549,1.4466,5.0823
Evan Fitterer,SDP,0.1625,0.2365,1,0.112333,0.6189,0.5465,1.011,1.6095,4.78944
Gunnar Hoglund,ATH,0.1754,0.1754,1,0.177667,0.7071,0.3394,1.599,1.4431,5.17545
Luke Russo,PHI,0.1725,0.1895,1,0.155667,0.7204,0.4387,1.401,1.4906,4.99662
Zach Willeman,,0.1723,0.1903,1,0.146222,0.6075,0.4124,1.316,1.5272,5.08896
Bryson Hammer,COL,0.1647,0.2257,1,0.126889,0.639,0.5038,1.142,1.6693,5.3451
Sam Armstrong,MIN,0.1567,0.2637,1,0.15,0.6177,0.3805,1.35,1.485,5.0958
Kenya Huggins,ATH,0.1286,0.3956,1,0.146,0.7334,0.5039,1.314,1.5754,5.12487
Jackson Steensma,SEA,0.167,0.215,1,0.153556,0.7411,0.4728,1.382,1.5034,4.92516
Ryan Hawks,SEA,0.1723,0.1903,1,0.151667,0.5701,0.3536,1.365,1.4585,4.90239
Juan Hillman,,0.1435,0.3255,1,0.150333,0.6166,0.4032,1.353,1.6067,5.49126
Rio Britton,ARI,0.1614,0.2414,1,0.121,0.7128,0.5938,1.089,1.6653,5.10534
Enny Romero,,0.1754,0.1754,1,0.157333,0.6107,0.3761,1.416,1.5172,5.16258
Greg Farone,SFG,0.1754,0.1754,1,0.137333,0.6636,0.495,1.236,1.5453,4.93695
Yon Castro,,0.1112,0.4772,1,0.162,0.7452,0.4402,1.458,1.4917,5.09004
Miguel Sime Jr.,WSN,0.1754,0.1754,1,0.128444,0.9519,0.7288,1.156,1.6697,4.9905
Drew Hutchison,,0.1493,0.2983,1,0.149444,0.6646,0.4458,1.345,1.5423,5.15385
Curtis Taylor,,0.1754,0.1754,1,0.140556,0.653,0.4544,1.265,1.5592,5.16663
R.J. Sales,WSN,0.1628,0.2348,1,0.146444,0.6647,0.456,1.318,1.5501,5.1165
Drew Beam,KCR,0.1754,0.1754,1,0.157778,0.5577,0.3288,1.42,1.4867,5.22621
Jeff Bain,,0.1307,0.3857,1,0.175333,0.7012,0.3487,1.578,1.4405,5.17527
Fernando Sanchez,SDP,0.1633,0.2323,1,0.127889,0.7034,0.5463,1.151,1.5844,4.80276
Brayan Mendoza,MIA,0.1349,0.3659,1,0.125667,0.6468,0.5208,1.131,1.5889,4.90014
Nick Neidert,,0.1754,0.1754,1,0.173778,0.6443,0.327,1.564,1.4401,5.15862
Javier Perez,HOU,0.1721,0.1911,1,0.172222,0.6875,0.3659,1.55,1.4532,5.14242
Herick Hernandez,ATL,0.1754,0.1754,1,0.146556,0.8983,0.6087,1.319,1.5743,4.95126
Adrian Sampson,,0.166,0.22,1,0.161333,0.6054,0.3485,1.452,1.4698,5.12109
Germán Márquez,MIN,0.02,0.02,1,0.164222,0.6877,0.4015,1.478,1.5139,5.28786
McCade Brown,COL,0.1754,0.1754,1,0.173556,0.862,0.4595,1.562,1.5295,5.51907
Kendry Chourio,KCR,0.1754,0.1754,1,0.160333,0.6338,0.3716,1.443,1.4999,5.26572
Will Schomberg,MIA,0.1754,0.1754,1,0.154444,0.8204,0.5015,1.39,1.5139,5.1102
Shawn Semple,,0.156,0.267,1,0.162222,0.5723,0.3312,1.46,1.4788,5.17518
Juaron Watts-Brown,BAL,0.17,0.201,1,0.159333,0.82,0.5101,1.434,1.527,5.07006
Mason Black,KCR,0.02,0.1064,1,0.156,0.7121,0.4391,1.404,1.5224,5.22342
Aaron Sanchez,,0.1296,0.3906,1,0.143111,0.658,0.4525,1.288,1.5398,5.09193
Moisés Chace,PHI,0.1754,0.1754,1,0.157444,0.8945,0.5619,1.417,1.5318,5.02011
Brandon McPherson,HOU,0.1684,0.2084,1,0.157222,0.7434,0.4675,1.415,1.5266,5.15934
Trystan Vrieling,SFG,0.1754,0.1754,1,0.138556,0.6507,0.4871,1.247,1.5532,5.08239
Cory Lewis,MIN,0.167,0.215,1,0.143778,0.7863,0.5641,1.294,1.5838,5.09535
Grant Gavin,,0.1453,0.3173,1,0.175333,0.7751,0.4129,1.578,1.4764,5.14683
Dylan Carmouche,CHW,0.1235,0.4195,1,0.145778,0.6665,0.4636,1.312,1.524,4.82697
Liomar Martinez,MIA,0.1721,0.1911,1,0.144,0.8108,0.5561,1.296,1.5619,5.05971
Iván Nova,COL,0.1754,0.1754,1,0.142556,0.5398,0.3908,1.283,1.56,5.22603
Alan Rangel,PHI,0.02,0.02,1,0.183889,0.7691,0.3792,1.655,1.4144,5.02848
Steven Zobac,KCR,0.1754,0.1754,1,0.173222,0.6834,0.3561,1.559,1.4522,5.21613
Matt Frisbee,,0.1558,0.2678,1,0.155778,0.6792,0.434,1.402,1.52,5.14215
Zach Agnos,COL,0,0.3333,1,0.168556,0.726,0.408,1.517,1.5613,5.54859
Jared Lyons,CIN,0.1323,0.3783,1,0.160778,0.7143,0.4405,1.447,1.5184,5.10156
Luke Fox,LAD,0.1712,0.1952,1,0.164222,0.8301,0.4961,1.478,1.5111,4.9806
Logan Martin,SFG,0.1074,0.4954,1,0.142,0.6764,0.4936,1.278,1.5368,5.02479
Andrew Taylor,HOU,0.1535,0.2785,1,0.168222,0.7689,0.4454,1.514,1.4954,5.17212
Jackson Nove,ATH,0.1089,0.4879,1,0.142889,0.7113,0.5094,1.286,1.5913,5.07456
Trey Dombroski,HOU,0.1705,0.1985,1,0.153556,0.6985,0.458,1.382,1.5139,4.98312
Austin Bergner,,0.1477,0.3057,1,0.155667,0.7469,0.4884,1.401,1.5283,5.0778
Joel Hurtado,LAA,0.1754,0.1754,1,0.137778,0.5964,0.4494,1.24,1.5555,5.01516
T.J. Zeuch,,0.1754,0.1754,1,0.148444,0.5329,0.3634,1.336,1.5304,5.20506
Dylan Bundy,,0.1754,0.1754,1,0.190111,0.6233,0.2575,1.711,1.4041,5.29047
Austin Cates,TOR,0.1754,0.1754,1,0.172,0.7127,0.3941,1.548,1.4543,5.07357
Nolan Watson,,0.1754,0.1754,1,0.166556,0.6351,0.3593,1.499,1.4747,5.18535
Ethan Bagwell,ATL,0.1754,0.1754,1,0.144333,0.6101,0.4311,1.299,1.5584,5.18931
Aidan Foeller,LAD,0.1675,0.2125,1,0.156333,0.8165,0.5078,1.407,1.5092,4.9761
Johan Dominguez,,0.1688,0.2068,1,0.151222,0.6665,0.4442,1.361,1.5451,5.20497
Braden Scott,ATL,0.1712,0.1952,1,0.154444,0.7727,0.5014,1.39,1.5538,5.12991
Jackson Finley,ATH,0.1726,0.1886,1,0.158222,0.74,0.4631,1.424,1.5395,5.20614
Luis Martinez-Gomez,CHC,0.1565,0.2645,1,0.149222,0.7676,0.5149,1.343,1.5469,5.09139
Dalton Pence,TEX,0.1725,0.1895,1,0.167778,0.7629,0.4458,1.51,1.4332,4.79754
Christian Romero,LAD,0.1635,0.2315,1,0.162444,0.6673,0.3815,1.462,1.4657,5.04261
Bryson Van Sickle,COL,0.1093,0.4863,1,0.147778,0.6152,0.4172,1.33,1.6074,5.46237
Brooks Gosswein,,0.1544,0.2744,1,0.136778,0.6983,0.5322,1.231,1.5947,5.01831
AJ Russell,TEX,0.1714,0.1944,1,0.152667,0.8308,0.5494,1.374,1.5471,5.07564
Chase Chaney,,0.1395,0.3445,1,0.154,0.541,0.348,1.386,1.493,5.1327
Dylan Cumming,CHW,0.174,0.182,1,0.152111,0.6279,0.3934,1.369,1.4947,5.03406
Juan Valera,BOS,0.1754,0.1754,1,0.144556,0.7332,0.5202,1.301,1.5993,5.33835
Juan Daniel Encarnacion,,0.1691,0.2051,1,0.167556,0.703,0.3986,1.508,1.4687,5.13792
Sterling Sharp,,0.1716,0.1936,1,0.161111,0.6197,0.3786,1.45,1.5218,5.37687
Connor O'Hara,TEX,0.1567,0.2637,1,0.143889,0.6699,0.4833,1.295,1.5646,5.12505
Matt Swarmer,,0.1272,0.4022,1,0.166556,0.782,0.4702,1.499,1.5225,5.19552
Chad Donato,,0.1693,0.2043,1,0.167667,0.6679,0.3838,1.509,1.4833,5.20164
Rodney Theophile,,0.1754,0.1754,1,0.150222,0.7299,0.4939,1.352,1.5505,5.15079
Dean Livingston,ARI,0.173,0.187,1,0.132,0.5954,0.484,1.188,1.6386,5.40837
Chandler Murphy,TBR,0.1461,0.3131,1,0.153556,0.6572,0.4312,1.382,1.5267,5.15385
Mike Montgomery,,0.1712,0.1952,1,0.158667,0.73,0.4588,1.428,1.5295,5.06151
Andrew Herbert,BAL,0.1305,0.3865,1,0.148,0.6369,0.4463,1.332,1.5581,5.1525
Juan Mercedes,,0.1284,0.3964,1,0.170778,0.6571,0.3625,1.537,1.4247,5.09076
Connor Overton,,0.1754,0.1754,1,0.165556,0.6092,0.3544,1.49,1.4848,5.20857
Zach Royse,ATL,0.1721,0.1911,1,0.145222,0.6117,0.4495,1.307,1.5829,5.24601
Rayner Castillo,DET,0.1754,0.1754,1,0.132667,0.5845,0.4822,1.194,1.604,5.15178
Cesar Gomez,,0.1209,0.4319,1,0.150444,0.6214,0.4324,1.354,1.5479,5.1831
Paul Bonzagni,TEX,0.1595,0.2505,1,0.135,0.6401,0.5028,1.215,1.5846,5.06961
Kiefer Lord,BAL,0.173,0.187,1,0.145556,0.7802,0.5518,1.31,1.5923,5.14287
Harrison Bodendorf,CLE,0.1718,0.1928,1,0.143444,0.7377,0.5309,1.291,1.6045,5.1561
Christian Mejias,,0.1712,0.1952,1,0.165111,0.6898,0.4043,1.486,1.4791,5.14305
Preston Johnson,MIN,0.1646,0.2266,1,0.157667,0.8086,0.526,1.419,1.5454,5.18499
Eriq Swan,WSN,0.1298,0.3898,1,0.14,0.8111,0.5994,1.26,1.6062,5.07276
Adrian Bohorquez,MIN,0.1733,0.1853,1,0.153778,0.7797,0.5065,1.384,1.5361,5.17446
Jake Odorizzi,,0.1705,0.1985,1,0.177667,0.7331,0.3869,1.599,1.4568,5.17356
Alex Valverde,,0.1593,0.2513,1,0.164333,0.6738,0.4029,1.479,1.4958,5.19885
Spencer Adams,,0.167,0.215,1,0.162667,0.581,0.3553,1.464,1.5071,5.27292
Ismael Agreda,TEX,0.1686,0.2076,1,0.142333,0.7475,0.5454,1.281,1.5708,5.04819
J'Briell Easley,TEX,0.1232,0.4212,1,0.161222,0.7243,0.4529,1.451,1.5025,5.09805
Trey Supak,TEX,0.1721,0.1911,1,0.163333,0.6227,0.3678,1.47,1.4512,5.03469
Izack Tiger,TEX,0.1654,0.2224,1,0.149667,0.7195,0.5051,1.347,1.5586,5.12145
Nick Fraze,,0.1607,0.2447,1,0.153333,0.6652,0.4306,1.38,1.5202,5.17716
Argenis Cayama,SFG,0.1742,0.1812,1,0.121667,0.5777,0.524,1.095,1.6314,5.15934
Kenny Serwa,DET,0.1754,0.1754,1,0.138778,0.5477,0.4323,1.249,1.5714,5.16528
Trent Palmer,,0.1198,0.4368,1,0.143111,0.7517,0.5417,1.288,1.5909,5.17257
Hyun-il Choi,,0.1591,0.2521,1,0.165,0.6217,0.3493,1.485,1.4519,5.13765
Anderson Brito,TBR,0.1754,0.1754,1,0.148444,0.8178,0.5661,1.336,1.5732,5.11605
Patrick Copen,LAD,0.1711,0.1961,1,0.138,0.8116,0.6006,1.242,1.6008,5.00112
Yonleg Gaetano,PIT,0.1735,0.1845,1,0.136778,0.5557,0.4453,1.231,1.5977,5.30163
Yoel Tejeda Jr.,WSN,0.174,0.182,1,0.154556,0.7006,0.466,1.391,1.5312,5.13486
Sam Aldegheri,LAA,0.05,0.1858,1,0.157,0.7424,0.479,1.413,1.4989,4.92039
Derek Clark,LAA,0.1721,0.1911,1,0.163444,0.6191,0.3888,1.471,1.5003,5.06736
Wyatt Crowell,LAD,0.1507,0.2917,1,0.115444,0.777,0.6594,1.039,1.6747,4.87935
Tim Brennan,,0.1533,0.2793,1,0.149667,0.629,0.4429,1.347,1.559,5.23899
Dylan DeLucia,CLE,0.1537,0.2777,1,0.177111,0.7376,0.3946,1.594,1.4774,5.26086
Manuel Urias,,0.1609,0.2439,1,0.165889,0.6488,0.3954,1.493,1.5036,5.24259
Dominic Perachi,PIT,0.1754,0.1754,1,0.139111,0.6159,0.4741,1.252,1.5772,5.13207
Sean Sullivan,COL,0.1754,0.1754,1,0.188333,0.7138,0.3344,1.695,1.466,5.44356
Stephen Still,BAL,0.1682,0.2092,1,0.142111,0.7044,0.5205,1.279,1.5786,5.02938
Jean Cabrera,PIT,0.1737,0.1837,1,0.143111,0.5988,0.4453,1.288,1.5654,5.25312
Henry Williams,KCR,0.01,0.01,1,0.152111,0.6528,0.4388,1.369,1.5499,5.319
Jagger Haynes,SDP,0.1742,0.1812,1,0.136444,0.6943,0.5335,1.228,1.5764,4.9023
Brandon Williamson,CIN,0.16,0.16,1,0.17,0.773,0.454,1.53,1.5151,5.14152
Grant Umberger,CHW,0.1693,0.2043,1,0.151333,0.6041,0.419,1.362,1.5159,4.94568
Enmanuel Pinales,SDP,0.1667,0.2167,1,0.164667,0.6962,0.4349,1.482,1.4958,5.07474
Jackson Wentworth,TOR,0.174,0.182,1,0.168556,0.6069,0.3643,1.517,1.4798,5.16609
Dominic Pipkin,PIT,0.143,0.328,1,0.140889,0.7606,0.5757,1.268,1.6278,5.28723
Adam Serwinowski,LAD,0.1754,0.1754,1,0.157444,0.8154,0.5276,1.417,1.5357,4.98825
Stu Flesland III,COL,0.1393,0.3453,1,0.157111,0.6209,0.4047,1.414,1.5882,5.50656
Ky Bush,CHW,0.1754,0.1754,1,0.151556,0.7007,0.4938,1.364,1.551,4.99383
Corey Avant,ATH,0.1714,0.1944,1,0.147,0.7635,0.5534,1.323,1.6072,5.22171
Brody Brecht,COL,0.1754,0.1754,1,0.144667,0.7904,0.5825,1.302,1.6851,5.59404
Yorman Galindez,MIL,0.1528,0.2818,1,0.144889,0.7205,0.5289,1.304,1.5773,5.10759
Noah Hall,NYM,0.1709,0.1969,1,0.147,0.7484,0.5372,1.323,1.5644,5.05296
Miguel Mendez,SFG,0.1754,0.1754,1,0.143222,0.7388,0.5316,1.289,1.5462,5.12046
Ivran Romero,MIN,0.1384,0.3494,1,0.138778,0.6458,0.5072,1.249,1.6188,5.3163
Jace Kaminska,MIN,0.1733,0.1853,1,0.153444,0.6392,0.4455,1.381,1.5637,5.33394
Felix Arronde,KCR,0.1723,0.1903,1,0.144222,0.5853,0.4401,1.298,1.5829,5.34078
Adrian Chaidez,,0.1253,0.4113,1,0.170222,0.8035,0.475,1.532,1.5153,5.28228
Luis Serna,NYY,0.1754,0.1754,1,0.164,0.724,0.4484,1.476,1.4921,5.03523
Ryan Ramsey,KCR,0.1646,0.2266,1,0.149444,0.6996,0.4867,1.345,1.5432,5.09103
Juan Nuñez,BAL,0.1754,0.1754,1,0.165667,0.7971,0.4985,1.491,1.5241,5.15466
Blake Beers,ATH,0.1577,0.2587,1,0.171,0.6825,0.3853,1.539,1.4871,5.26068
Peyton Stumbo,PIT,0.174,0.182,1,0.154556,0.5915,0.4046,1.391,1.5337,5.29677
Sterling Patick,LAD,0.1723,0.1903,1,0.141,0.6652,0.5077,1.269,1.5919,5.04252
Orlando Ortiz-Mayr,MIA,0.1719,0.1919,1,0.141444,0.6395,0.4799,1.273,1.5651,5.16195
Conner Loeprich,,0.1754,0.1754,1,0.174333,0.6907,0.389,1.569,1.4776,5.26104
Braeden Fausnaught,PHI,0.1688,0.2068,1,0.168111,0.6761,0.4134,1.513,1.4825,5.04333
Tony Dibrell,,0.1595,0.2505,1,0.173333,0.7147,0.4152,1.56,1.499,5.29335
Tyler Boudreau,NYY,0.1705,0.1985,1,0.174556,0.7432,0.4308,1.571,1.4805,5.10426
Norwith Gudiño,,0.13,0.389,1,0.164444,0.6174,0.3897,1.48,1.5355,5.44599
Dan Straily,,0.1733,0.1853,1,0.161333,0.6962,0.4452,1.452,1.5428,5.31045
Derek Vartanian,ATL,0.1737,0.1837,1,0.144778,0.5605,0.4432,1.303,1.6008,5.31423
Mike Minor,,0.1754,0.1754,1,0.175111,0.707,0.3977,1.576,1.4866,5.24673
Jose Montero,CIN,0.1398,0.3428,1,0.145222,0.6174,0.4727,1.307,1.5926,5.19795
Eric Lauer,LAD,0.146,0.314,1,0.201889,0.7976,0.3548,1.817,1.4174,5.1435
Nick Sando,CIN,0.17,0.201,1,0.161556,0.8088,0.5285,1.454,1.5618,5.13801
Channing Austin,NYM,0.1754,0.1754,1,0.158,0.7763,0.5153,1.422,1.5323,5.08869
Blake Morgan,TBR,0.1754,0.1754,1,0.159333,0.6141,0.413,1.434,1.5246,5.13531
Xavier Rivas,NYY,0.1628,0.2348,1,0.162444,0.8916,0.5891,1.462,1.5508,4.96197
Fernando Perez,TOR,0.1625,0.2365,1,0.169111,0.6673,0.4015,1.522,1.4944,5.23125
Justin West,NYY,0.1704,0.1994,1,0.139,0.6149,0.5026,1.251,1.5999,5.01723
Jay Groome,,0.1754,0.1754,1,0.150778,0.7379,0.5356,1.357,1.5869,5.15457
Cade Smith,NYY,0.174,0.182,1,0.159222,0.6872,0.4622,1.433,1.5321,5.11092
Alex Clemmey,WSN,0.1714,0.1944,1,0.133222,0.7728,0.6325,1.199,1.6369,4.96485
Jaime Arias,,0.1263,0.4063,1,0.169667,0.6903,0.4227,1.527,1.4818,5.07249
Jack Anker,PIT,0.1598,0.2488,1,0.154889,0.5823,0.4152,1.394,1.5663,5.40666
Caden Scarborough,TEX,0.1754,0.1754,1,0.161889,0.6969,0.4458,1.457,1.5084,5.1786
Anhuar Garcia,CHC,0.127,0.403,1,0.155222,0.6709,0.4701,1.397,1.5607,5.25078
Brad Pacheco,PHI,0.1721,0.1911,1,0.156222,0.5968,0.4182,1.406,1.5346,5.18571
Joe Elbis,,0.1754,0.1754,1,0.154,0.6161,0.4325,1.386,1.5674,5.45157
Jake Walters,,0.1316,0.3816,1,0.158222,0.6996,0.4629,1.424,1.5375,5.25087
Ian Mejia,ATL,0.1412,0.3362,1,0.161556,0.6413,0.4193,1.454,1.5253,5.26248
Duncan Snider,,0.1695,0.2035,1,0.156556,0.6621,0.4583,1.409,1.5603,5.31117
Ian Koenig,SDP,0.1754,0.1754,1,0.175333,0.5988,0.3265,1.578,1.4377,5.13414
Troy Guthrie,TOR,0.1726,0.1886,1,0.165889,0.5625,0.3553,1.493,1.5146,5.33187
Jacob Zibin,CLE,0.1754,0.1754,1,0.156444,0.6911,0.4773,1.408,1.5748,5.31522
Aidan Curry,TEX,0.1739,0.1829,1,0.161889,0.8015,0.5388,1.457,1.5413,5.13963
Dylan MacLean,TEX,0.1675,0.2125,1,0.168778,0.6085,0.3837,1.519,1.4601,4.9986
Sean Paul Liñan,NYY,0.1721,0.1911,1,0.168,0.7762,0.4729,1.512,1.5048,5.14134
Yenrri Rojas,CHC,0.1233,0.4203,1,0.150667,0.6161,0.4537,1.356,1.5593,5.22342
Williander Moreno,,0.1351,0.3651,1,0.167556,0.5919,0.3695,1.508,1.5056,5.31045
Aaron Brown,,0.1646,0.2266,1,0.171111,0.623,0.3822,1.54,1.4986,5.29227
Nestor Lorant,CIN,0.1668,0.2158,1,0.183667,0.7761,0.4283,1.653,1.4748,5.21262
Jacob Odle,STL,0.1723,0.1903,1,0.130889,0.8105,0.665,1.178,1.6604,5.14944
Justin Jarvis,,0.1654,0.2224,1,0.167556,0.6832,0.4379,1.508,1.5132,5.24313
Cole Reynolds,CHC,0.1482,0.3032,1,0.129,0.6664,0.5716,1.161,1.6314,5.0265
Po-Yu Chen,PIT,0.1502,0.2942,1,0.147,0.6248,0.4635,1.323,1.5796,5.37651
Travis Smith,MIL,0.1167,0.4517,1,0.141778,0.5622,0.4677,1.276,1.5958,5.20218
Manuel Rodriguez,MIL,0.174,0.182,1,0.202667,0.6518,0.2704,1.824,1.3597,5.13873
Deyni Olivero,,0.1754,0.1754,1,0.152111,0.5567,0.4218,1.369,1.5991,5.55831
Juan Carela,CHW,0.1754,0.1754,1,0.166889,0.7276,0.4545,1.502,1.5095,5.15916
Chase Shores,LAA,0.1754,0.1754,1,0.147444,0.6681,0.5115,1.327,1.6025,5.25222
Victor Munoz,,0.1377,0.3527,1,0.173556,0.6775,0.4031,1.562,1.4997,5.33124
Zach King,,0.1561,0.2661,1,0.147222,0.6737,0.511,1.325,1.5952,5.21307
Jervis Alfaro,CLE,0.1128,0.4698,1,0.156444,0.5791,0.4183,1.408,1.5756,5.36733
Isaac Ayon,LAD,0.144,0.323,1,0.16,0.6455,0.4432,1.44,1.5484,5.23206
Trevor Harrison,TBR,0.1754,0.1754,1,0.163444,0.7406,0.5013,1.471,1.5471,5.23458
Danny Duffy,,0.1726,0.1886,1,0.164111,0.8141,0.5463,1.477,1.5457,5.13576
Bryce Cunningham,NYY,0.1719,0.1919,1,0.177333,0.6667,0.3923,1.596,1.4733,5.14098
Zach Plesac,,0.1754,0.1754,1,0.175,0.5982,0.3673,1.575,1.5003,5.26176
Mason Barnett,ATH,0.17,0.2564,1,0.168,0.7563,0.4888,1.512,1.5528,5.31522
Aiven Cabral,ATL,0.1565,0.2645,1,0.155,0.5358,0.4033,1.395,1.5704,5.36148
Ryan Costeiu,LAA,0.1754,0.1754,1,0.170778,0.6948,0.4336,1.537,1.5022,5.20317
Darius Vines,CIN,0.124,0.417,1,0.184111,0.6763,0.369,1.657,1.4758,5.28588
Kyle Robinson,LAA,0.1739,0.1829,1,0.159556,0.6062,0.4398,1.436,1.5553,5.23782
Jordan Gottesman,SFG,0.1721,0.1911,1,0.144222,0.5746,0.4731,1.298,1.5802,5.21577
Tyler Ivey,,0.1754,0.1754,1,0.168333,0.678,0.4414,1.515,1.5349,5.35032
Caedmon Parker,CHW,0.1405,0.3395,1,0.145333,0.6613,0.5222,1.308,1.6066,5.1732
Ryan Degges,CLE,0.1682,0.2092,1,0.161556,0.7164,0.494,1.454,1.5887,5.40225
Aidan Haugh,TBR,0.1739,0.1829,1,0.161889,0.5715,0.3984,1.457,1.5396,5.32665
John West,ARI,0.1304,0.3874,1,0.134222,0.5759,0.5003,1.208,1.6545,5.50278
Aaron Davenport,CLE,0.1693,0.2043,1,0.174778,0.7228,0.4334,1.573,1.5159,5.35239
Max Banks,CHW,0.1428,0.3288,1,0.159667,0.5866,0.414,1.437,1.5367,5.18355
Josh Bostick,SFG,0.1739,0.1829,1,0.155,0.6655,0.4806,1.395,1.5386,5.26572
Mike Ruff,,0.1423,0.3313,1,0.165444,0.6842,0.4477,1.489,1.5387,5.35572
Luis Moreno,MIA,0.1577,0.2587,1,0.142778,0.6029,0.4923,1.285,1.6092,5.32431
Jordan Woods,KCR,0.1458,0.3148,1,0.151,0.6885,0.5263,1.359,1.6082,5.29434
Ryan Cusick,PHI,0.1202,0.4352,1,0.135667,0.7158,0.5987,1.221,1.6422,5.16852
Cale Wetwiska,DET,0.1642,0.2282,1,0.149778,0.6634,0.514,1.348,1.6121,5.3712
Tommy Sommer,,0.17,0.201,1,0.160667,0.7002,0.4983,1.446,1.5649,5.22576
Evan Truitt,SEA,0.1754,0.1754,1,0.163556,0.5698,0.3855,1.472,1.4833,5.08212
Connor Oliver,PIT,0.1646,0.2266,1,0.141556,0.7026,0.5727,1.274,1.6308,5.23917
Keyner Martinez,SFG,0.1754,0.1754,1,0.139889,0.6916,0.5771,1.259,1.6149,5.24205
Garrett Horn,MIN,0.1677,0.2117,1,0.143889,0.7357,0.5907,1.295,1.652,5.32998
Logan Tabeling,LAD,0.1688,0.2068,1,0.146444,0.7375,0.578,1.318,1.6306,5.23944
Aníbal Sánchez,,0.1754,0.1754,1,0.175889,0.6956,0.4264,1.583,1.5236,5.44014
Jordan Geber,,0.1246,0.4146,1,0.164111,0.6743,0.465,1.477,1.5502,5.27904
Aldrin Batista,CHW,0.117,0.45,1,0.154444,0.678,0.4956,1.39,1.5615,5.14674
Colin Daniel,ATL,0.1654,0.2224,1,0.156222,0.6713,0.4917,1.406,1.6003,5.43537
Darwin Rodriguez,KCR,0.1688,0.2068,1,0.136889,0.5545,0.492,1.232,1.6463,5.36517
Briggs McKenzie,ATL,0.1754,0.1754,1,0.143111,0.6994,0.5758,1.288,1.6595,5.31423
Luis Angel Rodriguez,,0.1423,0.3313,1,0.159111,0.7313,0.5169,1.432,1.5576,5.18319
Edgar Escobar,,0.1158,0.4558,1,0.172222,0.6992,0.4487,1.55,1.5285,5.34888
Mitch Myers,ATH,0.1363,0.3593,1,0.178444,0.6086,0.3648,1.606,1.5075,5.3928
Zach Fruit,BAL,0.1726,0.1886,1,0.157,0.6833,0.5037,1.413,1.5829,5.28282
Lucas Gordon,CHW,0.1754,0.1754,1,0.163222,0.7348,0.5126,1.469,1.5342,5.00832
Jairo Solis,,0.166,0.22,1,0.178333,0.6797,0.4067,1.605,1.4977,5.36193
Kevin Miranda,,0.1263,0.4063,1,0.172333,0.5741,0.3637,1.551,1.5006,5.34213
Emilio Obispo,NYM,0.167,0.215,1,0.147778,0.6419,0.51,1.33,1.6028,5.2641
Nick Payero,,0.1614,0.2414,1,0.173444,0.6376,0.4088,1.561,1.5112,5.33007
Nicolas Carreno,NYM,0.1637,0.2307,1,0.129444,0.757,0.6568,1.165,1.6673,5.00328
Kyle McCoy,CIN,0.1621,0.2381,1,0.140222,0.6207,0.5329,1.262,1.6545,5.25213
Bryce Osmond,LAA,0.1114,0.4764,1,0.169222,0.7212,0.4732,1.523,1.538,5.28732
Sean Hunley,,0.1481,0.3041,1,0.166556,0.5648,0.3744,1.499,1.5229,5.39712
Bryan Garcia,,0.1754,0.1754,1,0.166222,0.7039,0.4732,1.496,1.5643,5.43276
Chris Kachmar,,0.1616,0.2406,1,0.174333,0.7396,0.4705,1.569,1.5105,5.26905
Johnathan Harmon,CIN,0.1707,0.1977,1,0.169444,0.6109,0.4073,1.525,1.5464,5.38398
Chen Zhong-Ao Zhuang,ATH,0.1693,0.2043,1,0.194889,0.6356,0.3251,1.754,1.4554,5.38065
Merit Jones,MIN,0.1477,0.3057,1,0.146889,0.5997,0.4943,1.322,1.6245,5.4441
Riley Eikhoff,CHW,0.1705,0.1985,1,0.173111,0.6036,0.3898,1.558,1.5144,5.27004
Avery Short,ARI,0.1754,0.1754,1,0.159333,0.5284,0.3842,1.434,1.5498,5.4333
Justin Mitrovich,MIN,0.1733,0.1853,1,0.144333,0.6649,0.5512,1.299,1.6435,5.41296
Ty Van Dyke,STL,0.1698,0.2018,1,0.153556,0.624,0.4856,1.382,1.5794,5.3064
Carlos Medina,SDP,0.1274,0.4014,1,0.173556,0.6475,0.4135,1.562,1.5047,5.24997
Chase Hampton,STL,0.1754,0.1754,1,0.175444,0.7184,0.4586,1.579,1.5263,5.34312
Jostin Florentino,CHC,0.1754,0.1754,1,0.158111,0.7006,0.5066,1.423,1.5747,5.33637
Reed Moring,MIN,0.1656,0.2216,1,0.157111,0.6325,0.4785,1.414,1.5955,5.46012
Alonzo Tredwell,HOU,0.1754,0.1754,1,0.147333,0.7628,0.5952,1.326,1.6351,5.35338
Payton Martin,LAD,0.1721,0.1911,1,0.164556,0.6096,0.4378,1.481,1.5597,5.31414
Ryan Dromboski,PHI,0.1735,0.1845,1,0.170556,0.6717,0.437,1.535,1.5286,5.34915
Carson Fischer,WSN,0.1719,0.1919,1,0.151556,0.4642,0.3915,1.364,1.5776,5.36283
Scott Rouse,SEA,0.1375,0.3535,1,0.152889,0.6152,0.4853,1.376,1.5798,5.20659
Will McCausland,CLE,0.15,0.295,1,0.175889,0.6687,0.4227,1.583,1.5485,5.49504
Jorge Bautista,,0.1719,0.1919,1,0.147778,0.59,0.4938,1.33,1.6195,5.38542
Zane Mills,CHC,0.1754,0.1754,1,0.164111,0.6289,0.4454,1.477,1.557,5.39001
Tommy Milone,,0.1754,0.1754,1,0.183222,0.6408,0.3799,1.649,1.4902,5.34042
Zane Taylor,ATH,0.1705,0.1985,1,0.176444,0.6532,0.4114,1.588,1.5353,5.45085
Kyle Ayers,ARI,0.1393,0.3453,1,0.155,0.5033,0.4039,1.395,1.6054,5.63454
Angel Jimenez,COL,0.174,0.182,1,0.167889,0.6905,0.4784,1.511,1.6379,5.80779
Brady Parker,COL,0.156,0.267,1,0.140111,0.7157,0.6033,1.261,1.7347,5.65155
Kyle Brnovich,,0.1709,0.1969,1,0.175444,0.6825,0.4285,1.579,1.5008,5.2875
Moises Morales,TEX,0.1533,0.2793,1,0.154889,0.6011,0.4649,1.394,1.5633,5.27679
Tommy Parsons,,0.1637,0.2307,1,0.190222,0.6422,0.352,1.712,1.4697,5.42475
Dalton Rogers,BOS,0.1672,0.2142,1,0.143,0.7464,0.623,1.287,1.6709,5.33799
Marcus Phillips,BOS,0.1735,0.1845,1,0.126444,0.6973,0.6546,1.138,1.7448,5.5341
Wyatt Hudepohl,NYM,0.1754,0.1754,1,0.155556,0.6595,0.511,1.4,1.6044,5.34654
Nick Brink,MIA,0.1461,0.3131,1,0.155333,0.5799,0.463,1.398,1.5991,5.42934
Humberto Mejía,,0.1754,0.1754,1,0.175222,0.5892,0.3811,1.577,1.5435,5.55021
Jason Gilman,BOS,0.163,0.234,1,0.154,0.7956,0.6107,1.386,1.6439,5.38677
Parker Smith,HOU,0.1739,0.1829,1,0.139667,0.5119,0.4732,1.257,1.6399,5.43159
Levi Stoudt,PHI,0.1188,0.4418,1,0.171778,0.6969,0.4694,1.546,1.5372,5.30424
Huascar Ynoa,,0.1754,0.1754,1,0.154889,0.6288,0.4894,1.394,1.6054,5.45508
Chung-Hsiang Huang,ARI,0.1682,0.2092,1,0.146333,0.5277,0.4568,1.317,1.6389,5.62869
Keyner Benitez,MIA,0.167,0.215,1,0.125,0.6297,0.6196,1.125,1.7113,5.26167
Andrew Thurman,,0.1133,0.4673,1,0.158111,0.704,0.527,1.423,1.6001,5.39829
Caden Grice,ARI,0.1718,0.1928,1,0.131556,0.6428,0.5974,1.184,1.7128,5.47902
Madison Bumgarner,,0.1754,0.1754,1,0.184333,0.6637,0.3898,1.659,1.5018,5.46057
Charlee Soto,MIN,0.1754,0.1754,1,0.147222,0.6486,0.5382,1.325,1.6502,5.52267
Gabriel Reyes,DET,0.1712,0.1952,1,0.131556,0.5909,0.5713,1.184,1.679,5.2425
Cade Crossland,STL,0.174,0.182,1,0.136,0.7688,0.6664,1.224,1.6759,5.18481
Joey Estes,ATH,0.02,0.1558,1,0.206,0.6946,0.3102,1.854,1.4177,5.39541
Braden Nett,ATH,0.1705,0.1985,1,0.148444,0.7766,0.625,1.336,1.6655,5.38407
Hunter Patteson,KCR,0.1674,0.2134,1,0.172556,0.6075,0.4158,1.553,1.5273,5.337
Talon Haley,LAA,0.1737,0.1837,1,0.142556,0.7475,0.6344,1.283,1.6701,5.20722
Jared Kollar,,0.146,0.314,1,0.180556,0.571,0.3621,1.625,1.4941,5.31855
Juan Amarante,PHI,0.114,0.464,1,0.145333,0.6803,0.5738,1.308,1.6383,5.211
Sean Hermann,SEA,0.1619,0.2389,1,0.138,0.5636,0.5142,1.242,1.6239,5.21721
Cameron Keshock,PIT,0.1754,0.1754,1,0.137556,0.6363,0.58,1.238,1.6989,5.56011
Carson Dorsey,BAL,0.1419,0.3329,1,0.138444,0.6359,0.5793,1.246,1.6679,5.23377
Liam Sullivan,WSN,0.16,0.248,1,0.149778,0.6949,0.5744,1.348,1.6251,5.20515
Kevin Abel,CIN,0.1491,0.2991,1,0.159444,0.7552,0.5638,1.435,1.6129,5.34843
Reese Dutton,PHI,0.1591,0.2521,1,0.155556,0.562,0.437,1.4,1.5676,5.35059
Michael Prosecky,COL,0.1277,0.3997,1,0.164556,0.6936,0.494,1.481,1.6362,5.69178
Levi Sterling,PIT,0.1754,0.1754,1,0.150111,0.6598,0.5373,1.351,1.631,5.49162
Matthew Thompson,,0.1705,0.1985,1,0.154111,0.7551,0.5938,1.387,1.6316,5.38218
Jose Urbina,TBR,0.1754,0.1754,1,0.175556,0.6884,0.4521,1.58,1.52,5.34807
Wilkin Paredes,ARI,0.1393,0.3453,1,0.143222,0.4618,0.4496,1.289,1.6565,5.55102
Brandon Dufault,,0.1411,0.3371,1,0.143556,0.6428,0.5593,1.292,1.658,5.4243
Nelson Keljo,CLE,0.1735,0.1845,1,0.158222,0.8321,0.6296,1.424,1.658,5.41125
Allen Facundo,NYY,0.1754,0.1754,1,0.139556,0.7639,0.6478,1.256,1.6625,5.12442
Trace Bright,BAL,0.1728,0.1878,1,0.173667,0.7592,0.514,1.563,1.5595,5.37633
Jose Chirinos,NYM,0.1721,0.1911,1,0.162333,0.6776,0.4928,1.461,1.5625,5.31837
Dominick Reid,CHC,0.1754,0.1754,1,0.154556,0.6112,0.4971,1.391,1.6246,5.50026
Brandon Schaeffer,,0.167,0.215,1,0.150111,0.5624,0.4704,1.351,1.6061,5.36517
Jesus A. Castro,SDP,0.1719,0.1919,1,0.155222,0.6213,0.4946,1.397,1.5927,5.32728
Carson Montgomery,SDP,0.1739,0.1829,1,0.160556,0.6535,0.502,1.445,1.58,5.29992
Jack Nedrow,TOR,0.1249,0.4129,1,0.182667,0.6434,0.4038,1.644,1.517,5.4504
Ian McKinney,,0.1754,0.1754,1,0.163556,0.6559,0.495,1.472,1.6086,5.47299
Carlos Rodriguez,DET,0.1561,0.2661,1,0.135556,0.5352,0.5361,1.22,1.6704,5.28165
Brandon Barriera,TOR,0.1467,0.3107,1,0.126444,0.6427,0.6291,1.138,1.7104,5.2209
Hunter Riggins,,0.1309,0.3849,1,0.142444,0.5637,0.527,1.282,1.6854,5.53284
Aidan Deakins,TEX,0.1674,0.2134,1,0.149778,0.6215,0.5251,1.348,1.6127,5.27787
Jamison Hill,,0.1423,0.3313,1,0.165556,0.6618,0.4826,1.49,1.5746,5.44536
Edgar Barclay,NYY,0.1661,0.2191,1,0.171778,0.6869,0.4773,1.546,1.5415,5.20875
Ubaldo Soto,LAA,0.1739,0.1829,1,0.147556,0.6654,0.5644,1.328,1.6502,5.37912
Edgar Moreta,NYM,0.1646,0.2266,1,0.152,0.6024,0.4956,1.368,1.6075,5.36769
Logan Clayton,,0.1663,0.2183,1,0.155556,0.5603,0.4614,1.4,1.6432,5.76351
Anyer Laureano,CIN,0.1172,0.4492,1,0.155889,0.8285,0.6436,1.403,1.6706,5.42475
Braydon Tucker,PHI,0.1739,0.1829,1,0.184556,0.611,0.3769,1.661,1.4844,5.34834
Jakob Wright,LAD,0.1619,0.2389,1,0.131444,0.6962,0.6549,1.183,1.7236,5.24439
Jagger Beck,HOU,0.1605,0.2455,1,0.145889,0.6759,0.5907,1.313,1.6771,5.47119
Jared Karros,LAD,0.1754,0.1754,1,0.193556,0.6704,0.3846,1.742,1.4858,5.39316
Braylon Myers,CHC,0.1407,0.3387,1,0.158444,0.6436,0.5121,1.426,1.6019,5.39541
Michael Carpenter,MIN,0.1691,0.2051,1,0.143111,0.6263,0.5712,1.288,1.6782,5.43987
Juan Bello,HOU,0.1489,0.2999,1,0.158444,0.667,0.5219,1.426,1.617,5.49567
Drake George,SFG,0.1726,0.1886,1,0.146556,0.5736,0.519,1.319,1.6398,5.5152
Jacob Steinmetz,ARI,0.1705,0.1985,1,0.144444,0.6548,0.5703,1.3,1.679,5.62617
Peyton Battenfield,,0.1653,0.2233,1,0.185,0.5936,0.3701,1.665,1.5162,5.52744
Matthew Watson,SDP,0.1681,0.2101,1,0.166444,0.6104,0.4506,1.498,1.5688,5.41404
Tommy Romero,,0.1216,0.4286,1,0.172111,0.6851,0.485,1.549,1.5684,5.42529
Matt Duffy,BOS,0.1463,0.3123,1,0.169556,0.671,0.4818,1.526,1.6071,5.7177
Peter Heubeck,LAD,0.1754,0.1754,1,0.168556,0.8491,0.602,1.517,1.5743,5.21865
Hunter Dryden,SFG,0.167,0.215,1,0.148444,0.6191,0.5313,1.336,1.6134,5.43915
Blake Townsend,TEX,0.1721,0.1911,1,0.159778,0.6314,0.4766,1.438,1.5362,5.18031
Pico Kohn,NYY,0.1688,0.2068,1,0.163111,0.7487,0.5682,1.468,1.6148,5.2911
Ryan Prager,CLE,0.143,0.328,1,0.149444,0.7644,0.6312,1.345,1.6956,5.46606
Jake Lyons,,0.117,0.45,1,0.162778,0.6359,0.4933,1.465,1.6111,5.53464
Bryan Balzer,SDP,0.1721,0.1911,1,0.138889,0.6133,0.547,1.25,1.6366,5.30361
Chris Ellis,,0.1754,0.1754,1,0.176667,0.6647,0.4549,1.59,1.5598,5.50521
Luke Lashutka,MIA,0.1754,0.1754,1,0.164333,0.6196,0.4774,1.479,1.6043,5.57145
Evan Yates,BAL,0.1723,0.1903,1,0.171111,0.6167,0.4395,1.54,1.546,5.3928
Wilkel Hernandez,,0.1754,0.1754,1,0.171,0.5958,0.4289,1.539,1.554,5.49108
Wilfredo Pereira,STL,0.1135,0.4665,1,0.175556,0.6094,0.421,1.58,1.5284,5.43753
Aidan Major,CLE,0.1735,0.1845,1,0.166,0.6177,0.4745,1.494,1.6232,5.62005
Kyson Witherspoon,BAL,0.1754,0.1754,1,0.166556,0.6982,0.5216,1.499,1.6051,5.48541
Luichi Casilla,COL,0.1507,0.2917,1,0.143,0.6853,0.6161,1.287,1.7676,5.79546
D.J. McCarty,TEX,0.1682,0.2092,1,0.159778,0.719,0.5163,1.438,1.5593,5.38434
Ronaldo Gallo,PIT,0.1723,0.1903,1,0.161111,0.5918,0.4779,1.45,1.6327,5.70204
Aiden May,COL,0.1754,0.1754,1,0.150778,0.5244,0.4697,1.357,1.7142,5.96862
Chia-Shi Shen,SEA,0.1621,0.2381,1,0.159556,0.5879,0.4785,1.436,1.5868,5.33529
Carlson Reed,PIT,0.1384,0.3494,1,0.133889,0.63,0.6219,1.205,1.7247,5.53176
Evan Aschenbeck,CHC,0.1667,0.2167,1,0.163556,0.5479,0.4394,1.472,1.5737,5.35869
Drake Fellows,PHI,0.1737,0.1837,1,0.173222,0.5571,0.4074,1.559,1.5528,5.4711
Brody Fowler,ATL,0.1567,0.2637,1,0.161333,0.6028,0.4844,1.452,1.6321,5.62464
Kannon Kemp,SDP,0.1551,0.2711,1,0.151222,0.5589,0.4983,1.361,1.6261,5.38434
Rayven Antonio,ATL,0.1737,0.1837,1,0.142111,0.5725,0.5456,1.279,1.6926,5.56407
Ben Braymer,,0.1732,0.1862,1,0.186444,0.6095,0.3819,1.678,1.5962,5.9202
Andrew Healy,MIL,0.1481,0.3041,1,0.149667,0.5997,0.538,1.347,1.6388,5.30604
William Cuevas,,0.1754,0.1754,1,0.173778,0.6223,0.4479,1.564,1.6005,5.70096
Holden Wilkerson,TOR,0.1232,0.4212,1,0.162333,0.607,0.4891,1.461,1.6021,5.45652
Melvin Hernandez,,0.1621,0.2381,1,0.160444,0.5388,0.442,1.444,1.5935,5.48577
Ethan Dorchies,MIL,0.1754,0.1754,1,0.156111,0.5913,0.4973,1.405,1.616,5.45805
Jerad Eickhoff,,0.1754,0.1754,1,0.185556,0.5756,0.3599,1.67,1.5254,5.60367
Alex Bouchard,BOS,0.1614,0.2414,1,0.165667,0.6769,0.5237,1.491,1.6293,5.69331
Denis Samudio,TOR,0.1574,0.2604,1,0.164444,0.7315,0.565,1.48,1.6361,5.55291
Carlos Marcano,DET,0.1582,0.2562,1,0.153111,0.5576,0.4897,1.378,1.6203,5.47524
Abraham Parra,SDP,0.1623,0.2373,1,0.150444,0.6236,0.5395,1.354,1.6268,5.35743
Matt Ager,PIT,0.1507,0.2917,1,0.165889,0.5355,0.4222,1.493,1.5853,5.62797
Jaime Melendez,,0.1095,0.4855,1,0.152889,0.7158,0.5941,1.376,1.6708,5.5692
Michael Dominguez,,0.1119,0.4739,1,0.175778,0.7871,0.553,1.582,1.574,5.44392
Frank Elissalt,STL,0.1277,0.3997,1,0.158,0.6609,0.5468,1.422,1.6339,5.50836
Chris McElvain,,0.1733,0.1853,1,0.169,0.5834,0.45,1.521,1.5632,5.44455
Victor Vargas,,0.1754,0.1754,1,0.190444,0.6427,0.3913,1.714,1.5295,5.58999
Kohl Simas,,0.1675,0.2125,1,0.163556,0.6832,0.5323,1.472,1.6211,5.57019
Blaine Wynk,CHW,0.1304,0.3874,1,0.152222,0.5275,0.4883,1.37,1.6381,5.40279
Brooks Fowler,TEX,0.1593,0.2513,1,0.151556,0.6045,0.5435,1.364,1.6507,5.47713
Edinson Batista,,0.11,0.483,1,0.137111,0.6155,0.5824,1.234,1.6895,5.49333
Roque Gutierrez,LAD,0.1232,0.4212,1,0.185222,0.6563,0.4337,1.667,1.5315,5.43168
Sadbiel Delzine,BOS,0.1644,0.2274,1,0.156111,0.6505,0.5498,1.405,1.679,5.77863
Connor Gillispie,PHI,0.1754,0.1754,1,0.193556,0.7045,0.4207,1.742,1.4899,5.47362
Kendall Williams,,0.1754,0.1754,1,0.153222,0.5478,0.4836,1.379,1.6275,5.54184
Kolten Smith,MIN,0.1475,0.3065,1,0.158,0.6967,0.5664,1.422,1.6485,5.60862
Jordan Fowler,,0.1535,0.2785,1,0.159111,0.5382,0.472,1.432,1.6208,5.47002
Christian Young,,0.1249,0.4129,1,0.181111,0.6285,0.4333,1.63,1.5562,5.53131
Simon Gregersen,ARI,0.1253,0.4113,1,0.146667,0.6025,0.5631,1.32,1.7119,5.7771
Drew McDaniel,CHW,0.1725,0.1895,1,0.177556,0.6391,0.4575,1.598,1.5667,5.46471
Bryan Mena,PIT,0.1574,0.2604,1,0.140333,0.5128,0.5251,1.263,1.6988,5.67045
Cesar Lares,MIN,0.1754,0.1754,1,0.144,0.6068,0.5481,1.296,1.6625,5.51907
Luis De La Torre,SFG,0.1754,0.1754,1,0.129556,0.717,0.7058,1.166,1.712,5.25258
Ty Weatherly,,0.1428,0.3288,1,0.152667,0.6537,0.5676,1.374,1.6585,5.52492
Nick Potter,HOU,0.1754,0.1754,1,0.170778,0.7446,0.5599,1.537,1.6346,5.66091
Jose Romero,SEA,0.1754,0.1754,1,0.165333,0.5029,0.4127,1.488,1.5505,5.33835
Luke Jackson,TBR,0.1598,0.2488,1,0.161778,0.669,0.5482,1.456,1.6488,5.59638
Cade Obermueller,PHI,0.1754,0.1754,1,0.144667,0.7346,0.656,1.302,1.6969,5.36193
Cole Tolbert,BOS,0.1677,0.2117,1,0.145333,0.5967,0.5587,1.308,1.7112,5.80068
Ryjeteri Merite,CIN,0.163,0.234,1,0.147778,0.7379,0.6533,1.33,1.7167,5.43915
Austin Ehrlicher,,0.1461,0.3131,1,0.154,0.725,0.6144,1.386,1.6717,5.53644
Christian Rodriguez,BAL,0.1707,0.1977,1,0.175222,0.5731,0.4268,1.577,1.5786,5.59035
Noah Edders,CHC,0.1472,0.3082,1,0.163778,0.6435,0.5218,1.474,1.6248,5.57154
Aaron Haase,,0.1253,0.4113,1,0.164333,0.6266,0.5145,1.479,1.6374,5.63031
James Kaprielian,,0.1677,0.2117,1,0.191222,0.7115,0.454,1.721,1.5658,5.73687
Leighton Finley,BOS,0.1679,0.2109,1,0.148778,0.6027,0.5603,1.339,1.7052,5.78898
Aidan Cremarosa,TBR,0.1733,0.1853,1,0.189222,0.6958,0.4524,1.703,1.5459,5.61483
Matt Tiberia,SEA,0.1754,0.1754,1,0.157556,0.61,0.5325,1.418,1.6298,5.42025
Jake Clemente,MIA,0.1695,0.2035,1,0.134556,0.6813,0.6719,1.211,1.7545,5.58873
Trey Gregory-Alford,LAA,0.1739,0.1829,1,0.146667,0.572,0.553,1.32,1.6936,5.5746
Jack Martinez,STL,0.1737,0.1837,1,0.165333,0.689,0.5446,1.488,1.5867,5.42268
Juan Reyes,WSN,0.1682,0.2092,1,0.159444,0.5982,0.5225,1.435,1.6269,5.42133
Connor Foley,ARI,0.1754,0.1754,1,0.144444,0.7361,0.679,1.3,1.7538,5.78097
Brooks Auger,LAD,0.1754,0.1754,1,0.173,0.6862,0.5264,1.557,1.6041,5.49108
Nate Peterson,CIN,0.1458,0.3148,1,0.171222,0.6566,0.5217,1.541,1.6279,5.50107
Jeremy Lee,,0.1225,0.4245,1,0.153667,0.5755,0.5313,1.383,1.6546,5.55138
Hung-Leng Chang,PIT,0.1444,0.3214,1,0.153222,0.5557,0.5037,1.379,1.6381,5.62563
Walter Ford,SEA,0.1739,0.1829,1,0.182889,0.4512,0.3289,1.646,1.5054,5.43141
Brian Edgington,CIN,0.1609,0.2439,1,0.186889,0.651,0.4488,1.682,1.5694,5.60646
Tanner Jones,KCR,0.1614,0.2414,1,0.174111,0.5374,0.4238,1.567,1.5922,5.72238
Jose Olivares,MIN,0.1649,0.2249,1,0.161222,0.69,0.5884,1.451,1.6583,5.60466
Barrett Morgan,BOS,0.1609,0.2439,1,0.170444,0.6644,0.5261,1.534,1.6586,5.8941
Cody Delvecchio,SFG,0.1754,0.1754,1,0.154556,0.6057,0.5569,1.391,1.6575,5.64228
Anderson Cardenas,ARI,0.1612,0.2422,1,0.154333,0.6607,0.5918,1.389,1.7056,5.81742
Winyer Chourio,SDP,0.1702,0.2002,1,0.157222,0.7139,0.6053,1.415,1.6507,5.44887
Mason Albright,COL,0.1726,0.1886,1,0.191667,0.5797,0.3882,1.725,1.6015,5.94801
Steven Echavarria,ATH,0.1754,0.1754,1,0.183333,0.6438,0.4592,1.65,1.577,5.63634
Shane Van Dam,KCR,0.1661,0.2191,1,0.157111,0.5038,0.4777,1.414,1.6709,5.79933
Michael Ross,MIN,0.1253,0.4113,1,0.177,0.5553,0.4278,1.593,1.5701,5.63265
Aiden Jimenez,KCR,0.1077,0.4937,1,0.150667,0.5114,0.494,1.356,1.6862,5.79942
Ben Anderson,TEX,0.1656,0.2216,1,0.158222,0.4741,0.4622,1.424,1.6279,5.54796
Noah Skirrow,,0.1604,0.2464,1,0.175,0.573,0.444,1.575,1.5844,5.60268
Conner Ware,NYM,0.1461,0.3131,1,0.161222,0.7129,0.5987,1.451,1.6448,5.37066
Emmanuel Reyes,KCR,0.1739,0.1829,1,0.163667,0.5164,0.4573,1.473,1.6346,5.74857
Zachary Redner,LAA,0.1179,0.4459,1,0.17,0.5475,0.4538,1.53,1.6041,5.57595
Mason McGwire,LAA,0.1607,0.2447,1,0.164222,0.6735,0.5565,1.478,1.6364,5.54004
Beau Blanchard,CIN,0.1532,0.2802,1,0.204556,0.6771,0.399,1.841,1.4958,5.54274
Justin Dunn,,0.1754,0.1754,1,0.163667,0.7012,0.573,1.473,1.6526,5.75703
Frank Camarillo,NYM,0.1754,0.1754,1,0.174889,0.5515,0.4472,1.574,1.6029,5.64102
Hyun-Seok Jang,LAD,0.1714,0.1944,1,0.178444,0.7436,0.5446,1.606,1.6026,5.5692
Jonathan Jimenez,NYM,0.1461,0.3131,1,0.153778,0.5781,0.5384,1.384,1.6637,5.56452
Everett Catlett,COL,0.1725,0.1895,1,0.171444,0.5942,0.4881,1.543,1.6856,5.96592
Matthew Dalquist,MIN,0.1556,0.2686,1,0.161,0.5559,0.5087,1.449,1.6735,5.80212
Nick Nastrini,,0.1591,0.2521,1,0.167444,0.7986,0.632,1.507,1.6486,5.64957
Jose Bello,BOS,0.1546,0.2736,1,0.139778,0.5027,0.5611,1.258,1.7564,5.88096
Ryan Cardona,,0.1711,0.1961,1,0.167556,0.6328,0.5258,1.508,1.6118,5.55291
Wuilberth Mendez,DET,0.1598,0.2488,1,0.156444,0.5017,0.4845,1.408,1.6606,5.70123
Erigaldi Perez,CLE,0.1711,0.1961,1,0.168444,0.5987,0.5023,1.516,1.6582,5.77566
Cole Patten,,0.1225,0.4245,1,0.150111,0.5483,0.5507,1.351,1.7007,5.67432
Victor Lizarraga,SDP,0.1702,0.2002,1,0.162333,0.6394,0.5357,1.461,1.6154,5.49045
Teddy Stankiewicz,,0.1647,0.2257,1,0.193,0.6388,0.4244,1.737,1.5723,5.75586
Sam Highfill,PHI,0.1274,0.4014,1,0.179333,0.6209,0.4714,1.614,1.5757,5.56443
Alexander Meckley,WSN,0.1623,0.2373,1,0.139222,0.5597,0.6047,1.253,1.7323,5.58657
Will Rudy,MIL,0.1739,0.1829,1,0.181556,0.6036,0.4516,1.634,1.5763,5.63517
Mervin Fell,ARI,0.1661,0.2191,1,0.140556,0.6401,0.6435,1.265,1.7548,5.80752
Kellan Oakes,HOU,0.1326,0.3766,1,0.172556,0.6798,0.5482,1.553,1.6386,5.69484
Roberto Perez,SEA,0.156,0.267,1,0.166222,0.6178,0.5304,1.496,1.6229,5.49423
Gabriel Chinchilla,STL,0.153,0.281,1,0.151778,0.6185,0.5966,1.366,1.702,5.65776
Travis Sthele,,0.1286,0.3956,1,0.173222,0.4613,0.4045,1.559,1.5929,5.66289
Wyatt Wendell,,0.1461,0.3131,1,0.152222,0.5607,0.5419,1.37,1.6796,5.66973
Pierce Coppola,CHC,0.1709,0.1969,1,0.162778,0.685,0.5783,1.465,1.6344,5.46372
Jacob Mayers,BOS,0.1574,0.2604,1,0.139556,0.7581,0.7424,1.256,1.8055,5.8329
Twine Palmer,BAL,0.1461,0.3131,1,0.157111,0.6245,0.5713,1.414,1.6759,5.59989
Junior Ciprian,ARI,0.1754,0.1754,1,0.161667,0.6497,0.5795,1.455,1.691,5.84946
Jackson Humphries,CLE,0.1737,0.1837,1,0.151,0.8197,0.7235,1.359,1.7407,5.56002
Joey Oakie,CLE,0.1754,0.1754,1,0.152222,0.7148,0.6559,1.37,1.7393,5.71338
Mason Moore,CHW,0.1754,0.1754,1,0.160111,0.6081,0.5597,1.441,1.6822,5.61222
Aiden Butler,SEA,0.1739,0.1829,1,0.180111,0.506,0.4068,1.621,1.5592,5.53185
Jose Gutierrez,KCR,0.1688,0.2068,1,0.158444,0.4994,0.4932,1.426,1.6906,5.87943
Connor O'Halloran,TOR,0.1519,0.2859,1,0.153,0.621,0.5858,1.377,1.6871,5.53752
Dylan Watts,TOR,0.156,0.267,1,0.156778,0.6183,0.5759,1.411,1.7038,5.75442
Jose Guevara,NYM,0.1274,0.4014,1,0.167,0.6909,0.5821,1.503,1.6551,5.60412
Danny Macchiarola,SEA,0.1679,0.2109,1,0.163,0.6095,0.5498,1.467,1.6589,5.5881
Jason Doktorczyk,MIN,0.1535,0.2785,1,0.165889,0.5694,0.4898,1.493,1.6313,5.76009
Carlos Castillo,PIT,0.1677,0.2117,1,0.146,0.519,0.556,1.314,1.7241,5.81229
Carson Laws,MIA,0.1739,0.1829,1,0.169444,0.7516,0.6094,1.525,1.6678,5.75073
Cameron Nohos,SDP,0.157,0.262,1,0.168444,0.6783,0.5733,1.516,1.6497,5.59485
Luke Hayden,CIN,0.166,0.22,1,0.161667,0.7152,0.6159,1.455,1.6897,5.65416
Yeferson Vargas,LAA,0.1719,0.1919,1,0.145667,0.547,0.5805,1.311,1.7078,5.55858
Koen Moreno,,0.1593,0.2513,1,0.160556,0.6892,0.6107,1.445,1.6849,5.68008
Caleb Leys,DET,0.167,0.215,1,0.134667,0.542,0.6336,1.212,1.766,5.5413
Justin Sinibaldi,CHW,0.1725,0.1895,1,0.168889,0.5546,0.4835,1.52,1.6147,5.49126
Deylen Miley,,0.1481,0.3041,1,0.169111,0.7365,0.6116,1.522,1.6809,5.76711
Tyler Gough,LAD,0.173,0.187,1,0.182111,0.7135,0.5414,1.639,1.609,5.60448
Cullen Kafka,,0.1144,0.4624,1,0.157444,0.565,0.5448,1.417,1.6885,5.733
Peyton Olejnik,LAA,0.1754,0.1754,1,0.174333,0.6485,0.5154,1.569,1.5937,5.54625
Yujanyer Herrera,COL,0.1739,0.1829,1,0.154111,0.5695,0.5567,1.387,1.772,6.15618
Eiver Mosquera,MIA,0.1632,0.2332,1,0.148111,0.54,0.5683,1.333,1.7287,5.78664
Tanner Hall,MIN,0.1712,0.1952,1,0.141889,0.5257,0.5667,1.277,1.7297,5.80122
Joel Díaz,NYM,0.1646,0.2266,1,0.180222,0.6177,0.4904,1.622,1.5894,5.58279
Juan Fraide,HOU,0.1614,0.2414,1,0.169778,0.6346,0.5389,1.528,1.652,5.76108
Thomas Ponticelli,,0.167,0.215,1,0.178111,0.575,0.4688,1.603,1.7043,6.24987
Ricardo Estrada,SFG,0.1586,0.2546,1,0.129111,0.5047,0.6373,1.162,1.7621,5.5413
Adrian Ardines,HOU,0.1642,0.2282,1,0.166889,0.6579,0.577,1.502,1.6853,5.80239
Jose Acuna,CIN,0.1742,0.1812,1,0.201667,0.7675,0.504,1.815,1.5529,5.6259
Iker Redona,CIN,0.1612,0.2422,1,0.165556,0.6724,0.5923,1.49,1.7027,5.6889
Reinold Navarro,PIT,0.1616,0.2406,1,0.132556,0.8881,0.8708,1.193,1.845,5.59026
Jose Salvador,,0.1384,0.3494,1,0.169667,0.573,0.5069,1.527,1.6424,5.66541
Josh Hansell,KCR,0.1316,0.3816,1,0.153333,0.6228,0.605,1.38,1.7262,5.82138
Landon Harmon,WSN,0.1677,0.2117,1,0.152889,0.5867,0.5915,1.376,1.7235,5.7402
Miguel Flores,CLE,0.1404,0.3404,1,0.140556,0.6799,0.6924,1.265,1.784,5.64678
Charlie Weber,HOU,0.1361,0.3601,1,0.161556,0.6291,0.5753,1.454,1.689,5.76225
Michael Lombardi,KCR,0.1661,0.2191,1,0.162667,0.7242,0.6383,1.464,1.7088,5.8104
Christian Fernandez,,0.1132,0.4682,1,0.164556,0.6286,0.5639,1.481,1.6762,5.75037
Hiro Wyatt,KCR,0.1754,0.1754,1,0.148667,0.5424,0.5611,1.338,1.7368,5.93217
Gabriel Cotto,,0.1679,0.2109,1,0.148333,0.5378,0.5723,1.335,1.7177,5.65767
Miguelangel Boadas,MIN,0.1542,0.2752,1,0.162889,0.655,0.5732,1.466,1.6743,5.80977
Mikey Tepper,WSN,0.1546,0.2736,1,0.150222,0.6062,0.6096,1.352,1.7224,5.70186
In-beom Kim,,0.1637,0.2307,1,0.179333,0.5698,0.4613,1.614,1.6349,5.92668
Deivi Villafana,CIN,0.1642,0.2282,1,0.192333,0.5586,0.41,1.731,1.5809,5.7717
Connor Wilford,LAA,0.1721,0.1911,1,0.177333,0.5582,0.4628,1.596,1.6271,5.79465
Lan-Hong Su,SDP,0.1732,0.1862,1,0.172778,0.6556,0.551,1.555,1.6458,5.68566
Lorenzo Encarnacion,,0.1681,0.2101,1,0.170778,0.5908,0.5089,1.537,1.6497,5.82804
Grayson Grinsell,DET,0.1526,0.2826,1,0.159333,0.6335,0.5983,1.434,1.6912,5.60907
Sam Stuhr,ATH,0.1253,0.4113,1,0.166333,0.5825,0.5319,1.497,1.6925,5.85873
Matt Allan,,0.1672,0.2142,1,0.168778,0.6416,0.5625,1.519,1.683,5.85873
Harrison Kreiling,BAL,0.1754,0.1754,1,0.177667,0.6388,0.5307,1.599,1.6523,5.79357
Jose Luis Reyes,,0.1754,0.1754,1,0.172444,0.534,0.4746,1.552,1.6397,5.82381
Jan Cabrera,STL,0.1489,0.2999,1,0.157,0.5252,0.5416,1.413,1.6947,5.76522
Andrew Dutkanych IV,STL,0.1598,0.2488,1,0.150444,0.6337,0.6426,1.354,1.7426,5.7609
Jacob Meador,,0.1309,0.3849,1,0.161111,0.6879,0.6164,1.45,1.6743,5.65002
Jesus Lafalaise,TEX,0.1675,0.2125,1,0.134556,0.5625,0.662,1.211,1.7748,5.63436
Mikell Manzano,,0.1151,0.4591,1,0.170667,0.5503,0.5008,1.536,1.6554,5.80437
Matt Walker,,0.1574,0.2604,1,0.149333,0.5137,0.5732,1.344,1.7322,5.69367
David Lorduy,CIN,0.1353,0.3643,1,0.184667,0.6491,0.5119,1.662,1.629,5.75721
Walin Castillo,MIA,0.1709,0.1969,1,0.148778,0.4951,0.5602,1.339,1.7311,5.79663
Orlando Rodriguez,,0.137,0.356,1,0.176778,0.5819,0.4953,1.591,1.6373,5.81823
Cam Tilly,NYM,0.1726,0.1886,1,0.164778,0.5829,0.5447,1.483,1.6744,5.72715
Edrwin Veras,TOR,0.1342,0.3692,1,0.158778,0.5661,0.5667,1.429,1.7139,5.80365
Angel Roman,,0.1384,0.3494,1,0.141333,0.468,0.5663,1.272,1.7323,5.6214
Silvano Hechavarria,TOR,0.1733,0.1853,1,0.185889,0.5773,0.4584,1.673,1.5968,5.77332
Chipper Menard,,0.1316,0.3816,1,0.147111,0.6495,0.6744,1.324,1.7644,5.66163
Yanquiel Sanchez,,0.1137,0.4657,1,0.144556,0.659,0.6941,1.301,1.7755,5.63553
Xzavion Curry,NYM,0.01,0.01,1,0.207556,0.5826,0.3774,1.868,1.5113,5.71752
Daniel Keaney,TEX,0.1675,0.2125,1,0.167556,0.5982,0.5484,1.508,1.6662,5.76234
Leandro Rodriguez,SFG,0.1718,0.1928,1,0.152556,0.5773,0.596,1.373,1.6945,5.67063
Jayden Dubanewicz,MIL,0.1649,0.2249,1,0.190444,0.6013,0.4561,1.714,1.5807,5.74065
Frank Mozzicato,KCR,0.1191,0.4401,1,0.150111,0.7841,0.7573,1.351,1.7697,5.61609
Luis Aguilar,HOU,0.1595,0.2505,1,0.181556,0.6176,0.5077,1.634,1.6406,5.88978
Alejandro Chiquillo,TEX,0.1653,0.2233,1,0.156444,0.5687,0.5847,1.408,1.7042,5.71896
Jacob Frost,LAD,0.1074,0.4954,1,0.162556,0.7818,0.692,1.463,1.7119,5.52672
Harold Melenge,,0.1719,0.1919,1,0.159556,0.4386,0.4789,1.436,1.6654,5.69178
Ethan Walker,BOS,0.1237,0.4187,1,0.148444,0.6906,0.7066,1.336,1.8005,5.85891
J.T. Etheridge,NYY,0.1584,0.2554,1,0.171,0.7259,0.6105,1.539,1.6661,5.66091
Carlos Calderon,,0.1384,0.3494,1,0.152333,0.5793,0.6046,1.371,1.7396,5.83191
Trey Seeley,SFG,0.1388,0.3478,1,0.159444,0.5805,0.5857,1.435,1.7018,5.85036
Giacomo Taschin,TOR,0.1607,0.2447,1,0.166333,0.6643,0.6116,1.497,1.6915,5.65641
Ryan Garcia,CIN,0.1754,0.1754,1,0.201333,0.7347,0.5077,1.812,1.5846,5.7834
Ethan Young,STL,0.1754,0.1754,1,0.162667,0.5783,0.5741,1.464,1.7043,5.83929
Kolton Curtis,TEX,0.1691,0.2051,1,0.156444,0.6517,0.6451,1.408,1.7178,5.7015
Riely Hunsaker,CHC,0.1211,0.4311,1,0.171333,0.586,0.5376,1.542,1.6789,5.87979
Franyer Herrera,NYY,0.1675,0.2125,1,0.176889,0.6743,0.5772,1.592,1.6439,5.56155
Nathan Hall,NYM,0.1754,0.1754,1,0.165111,0.589,0.5746,1.486,1.7091,5.82138
Ethan Cole,COL,0.1479,0.3049,1,0.165444,0.5289,0.5346,1.489,1.7775,6.23466
Davian Garcia,WSN,0.1754,0.1754,1,0.170222,0.662,0.5951,1.532,1.6832,5.79465
Mikey Cascino,LAA,0.1725,0.1895,1,0.169556,0.6143,0.5711,1.526,1.6945,5.82057
Jacob Morrison,MIL,0.1596,0.2496,1,0.188222,0.6937,0.547,1.694,1.6339,5.81724
Austin Newton,COL,0.1602,0.2472,1,0.155556,0.4707,0.5336,1.4,1.8052,6.32682
Josiah Romeo,ATH,0.1721,0.1911,1,0.162333,0.4795,0.514,1.461,1.7179,5.92794
Starlyn Castillo,,0.1705,0.1985,1,0.152889,0.5771,0.6115,1.376,1.7447,5.85909
Blake Wolters,KCR,0.174,0.182,1,0.156222,0.5888,0.6105,1.406,1.7593,6.01542
Sam Weatherly,COL,0.1067,0.4987,1,0.179778,0.7816,0.6351,1.618,1.7481,6.16851
Corey Braun,ATH,0.1663,0.2183,1,0.17,0.6152,0.57,1.53,1.7139,5.88357
Daniel Corniel,MIL,0.1509,0.2909,1,0.175,0.5783,0.5274,1.575,1.6548,5.78394
Norge Vera,,0.144,0.323,1,0.147889,0.6612,0.6984,1.331,1.7931,5.85981
Alexander Martinez,CHW,0.1595,0.2505,1,0.164444,0.6065,0.5945,1.48,1.7036,5.70546
Gavin Bruni,WSN,0.1211,0.4311,1,0.158444,0.665,0.6617,1.426,1.7373,5.68215
Jefferson Moran,STL,0.1598,0.2488,1,0.152556,0.5877,0.6324,1.373,1.7446,5.80869
Carson Messina,TOR,0.1735,0.1845,1,0.157,0.6638,0.666,1.413,1.7687,5.90985
Kaleb Wing,CHC,0.1754,0.1754,1,0.167778,0.6689,0.6257,1.51,1.7245,5.91543
Nick Pinto,CHW,0.1716,0.1936,1,0.167333,0.5436,0.5433,1.506,1.6848,5.679
Carter Holton,KCR,0.1677,0.2117,1,0.157,0.5614,0.604,1.413,1.7665,5.96205
Adler Cecil,SDP,0.1488,0.3008,1,0.158889,0.794,0.7383,1.43,1.7443,5.58153
Hendrick Caña,STL,0.1544,0.2744,1,0.148444,0.5933,0.6581,1.336,1.7634,5.73048
Devin Kirby-Williams,,0.1289,0.3939,1,0.155778,0.5226,0.5678,1.402,1.7356,5.92812
Luis Reyes,CHW,0.1754,0.1754,1,0.163111,0.5765,0.5849,1.468,1.7108,5.74452
Adam Shoemaker,HOU,0.153,0.281,1,0.136111,0.7406,0.8003,1.225,1.8329,5.65695
Tanner Gresham,PHI,0.1742,0.1812,1,0.180667,0.6272,0.5387,1.626,1.6478,5.83137
Dylan Howard,HOU,0.1754,0.1754,1,0.181556,0.6108,0.5233,1.634,1.6368,5.86764
Jefrem Leon,,0.1644,0.2274,1,0.169778,0.5781,0.5658,1.528,1.7149,5.9796
Jorge Marcheco,ATH,0.1228,0.4228,1,0.211444,0.6133,0.406,1.903,1.5361,5.8302
Gabriel Aguilera,,0.144,0.323,1,0.157111,0.5503,0.5983,1.414,1.7395,5.87943
Evan Siary,TEX,0.1754,0.1754,1,0.191889,0.5423,0.4495,1.727,1.5997,5.86062
Jace Hampson,NYM,0.1644,0.2274,1,0.168667,0.5855,0.58,1.518,1.7129,5.86746
Ryan Verdugo,HOU,0.1253,0.4113,1,0.140222,0.6484,0.7391,1.262,1.8315,5.85603
Eric Hammond,MIN,0.133,0.375,1,0.161222,0.6063,0.6178,1.451,1.7525,6.02037
Miguel Toscano,TBR,0.1207,0.4327,1,0.162778,0.5059,0.5509,1.465,1.7191,5.89419
Noble Meyer,MIA,0.1754,0.1754,1,0.161444,0.7043,0.6762,1.453,1.7477,5.91669
Jarrette Bonet,MIL,0.1611,0.2431,1,0.172667,0.5798,0.5596,1.554,1.6913,5.87214
Bryan Polanco,WSN,0.1274,0.4014,1,0.176556,0.5739,0.5266,1.589,1.6434,5.79186
Jeter Martinez,PIT,0.1691,0.2051,1,0.137444,0.5339,0.6751,1.237,1.8345,6.01425
Jhonan Coba,DET,0.1754,0.1754,1,0.167333,0.6333,0.6202,1.506,1.7329,5.95305
Connor Staine,COL,0.1707,0.1977,1,0.196889,0.6432,0.4999,1.772,1.66,6.20397
Angel Rivero,LAA,0.1674,0.2134,1,0.169778,0.5909,0.575,1.528,1.7105,5.90346
Neiker Palacios,ARI,0.1282,0.3972,1,0.148556,0.5966,0.672,1.337,1.8248,6.16203
Julio  Marte,HOU,0.1484,0.3024,1,0.169,0.6214,0.6037,1.521,1.7296,5.99301
Landon Beidelschies,ATL,0.1719,0.1919,1,0.148111,0.5508,0.6478,1.333,1.804,5.90454
Noah Millikan,WSN,0.1453,0.3173,1,0.166333,0.6022,0.6064,1.497,1.7322,5.92299
Jonas Uzcategui,MIA,0.1211,0.4311,1,0.138556,0.7184,0.781,1.247,1.8269,5.73048
Ricardo Brizuela,,0.1754,0.1754,1,0.176444,0.5245,0.5025,1.588,1.6688,5.96817
Maikel Miralles,SDP,0.1605,0.2455,1,0.162556,0.5652,0.6054,1.463,1.7252,5.77737
Owen Hall,DET,0.116,0.455,1,0.153556,0.6277,0.6736,1.382,1.7762,5.88636
Braunny Munoz,,0.107,0.497,1,0.173889,0.5423,0.5388,1.565,1.697,5.9535
Riley Kelly,COL,0.173,0.187,1,0.188556,0.6847,0.5698,1.697,1.7447,6.41817
Cristian Nunez,,0.1588,0.2538,1,0.165556,0.5524,0.5731,1.49,1.7306,6.00354
Myles Patton,BOS,0.1461,0.3131,1,0.154889,0.6029,0.6582,1.394,1.8019,6.04278
Javi Rivera,CIN,0.1754,0.1754,1,0.203667,0.6268,0.457,1.833,1.5941,5.93847
Holden deJong,BAL,0.1693,0.2043,1,0.163667,0.5855,0.6082,1.473,1.7371,5.84136
Aaron Watson,CIN,0.1549,0.2719,1,0.167667,0.5955,0.6022,1.509,1.7556,6.00039
Alexander Fuentes,SFG,0.1426,0.3296,1,0.153889,0.5594,0.6299,1.385,1.7542,5.97411
Luis Rodriguez,HOU,0.1754,0.1754,1,0.176,0.5169,0.5029,1.584,1.6701,5.97447
Hayden Frank,CHC,0.1275,0.4005,1,0.154889,0.5449,0.6246,1.394,1.7497,5.73624
Jeremy Pilon,TBR,0.124,0.417,1,0.142556,0.6985,0.7755,1.283,1.8331,5.72067
Keiverson Ramírez,STL,0.1574,0.2604,1,0.153111,0.4414,0.5595,1.378,1.7495,5.93739
CJ Gray,LAA,0.1616,0.2406,1,0.162222,0.6156,0.6377,1.46,1.7614,5.93658
Clevari Tejada,PIT,0.1646,0.2266,1,0.145333,0.4956,0.6278,1.308,1.8026,6.04125
Yeiber Cartaya,BAL,0.166,0.22,1,0.166333,0.6823,0.6439,1.497,1.7237,5.87853
Cole Kirschsieper,,0.1567,0.2637,1,0.162667,0.5402,0.5886,1.464,1.726,5.82822
Zuher Yousuf,PHI,0.1567,0.2637,1,0.167889,0.5303,0.5599,1.511,1.7062,5.8095
Callan Fang,MIN,0.1335,0.3725,1,0.154444,0.663,0.6983,1.39,1.8009,6.04134
Jaiker Garcia,PIT,0.1716,0.1936,1,0.159111,0.5546,0.616,1.432,1.7773,6.11784
Alex Wallace,TBR,0.1604,0.2464,1,0.173444,0.5666,0.5515,1.561,1.6936,5.95575
Jordy Vargas,COL,0.1754,0.1754,1,0.179556,0.6635,0.59,1.616,1.7468,6.30999
Anthony Mena,NYY,0.1196,0.4376,1,0.171556,0.5429,0.5597,1.544,1.7095,5.84622
Gabel Pentecost,HOU,0.1461,0.3131,1,0.172778,0.6235,0.6086,1.555,1.7421,6.07806
Casey Steward,PHI,0.1651,0.2241,1,0.173556,0.5967,0.5755,1.562,1.7026,5.93928
Cash Kuiper,DET,0.1677,0.2117,1,0.165889,0.5359,0.5702,1.493,1.7229,5.97429
Lebarron Johnson Jr.,COL,0.1653,0.2233,1,0.181333,0.5683,0.5396,1.632,1.7538,6.38037
Landen Maroudis,TOR,0.174,0.182,1,0.159556,0.5594,0.6104,1.436,1.7612,6.01659
Ryan DeSanto,CLE,0.1735,0.1845,1,0.177,0.6807,0.6253,1.593,1.7292,5.98446
Will Hynes,CLE,0.1702,0.2002,1,0.167,0.5034,0.5566,1.503,1.7686,6.15456
Mason Morris,CIN,0.1607,0.2447,1,0.166,0.5724,0.6081,1.494,1.7565,5.96466
Zach Murray,,0.1349,0.3659,1,0.166556,0.5326,0.5786,1.499,1.7419,6.02478
Blake Gillespie,NYY,0.1754,0.1754,1,0.180778,0.5904,0.5595,1.627,1.7024,5.95404
Jason Woodward,MIL,0.1325,0.3775,1,0.180667,0.6558,0.594,1.626,1.7077,6.0165
Ben Bybee,SFG,0.1461,0.3131,1,0.174556,0.4465,0.4933,1.571,1.6679,5.99103
Jesus Tillero,LAD,0.1404,0.3404,1,0.172889,0.5185,0.5428,1.556,1.7036,5.88663
Thatcher Hurd,NYY,0.1754,0.1754,1,0.173889,0.6518,0.6281,1.565,1.7257,5.88096
Adriano Marrero,LAD,0.1714,0.1944,1,0.163444,0.5754,0.6146,1.471,1.7583,5.95683
Cristopher Castro,,0.1621,0.2381,1,0.151444,0.583,0.6831,1.363,1.8044,5.88177
Chase Allsup,BAL,0.1725,0.1895,1,0.160556,0.604,0.6518,1.445,1.776,5.96637
Grant Judkins,,0.1754,0.1754,1,0.200889,0.5283,0.4402,1.808,1.6239,6.03567
Elvis Soto,,0.1691,0.2051,1,0.170444,0.5699,0.5907,1.534,1.7372,6.0525
Dayne Pengelly,TOR,0.1754,0.1754,1,0.173889,0.589,0.5871,1.565,1.7388,6.10551
Blake Purnell,TOR,0.1723,0.1903,1,0.189778,0.5266,0.4793,1.708,1.6625,6.09003
Daniel Avitia,CHC,0.1307,0.3857,1,0.155,0.5739,0.6565,1.395,1.7904,5.98797
Braden Osbolt,CIN,0.1579,0.2579,1,0.171556,0.4899,0.5394,1.544,1.7439,6.06312
Diustin Mayorquin,MIL,0.1186,0.4426,1,0.179889,0.5821,0.5645,1.619,1.6917,5.92974
Payton Graham,STL,0.1735,0.1845,1,0.169556,0.5516,0.5917,1.526,1.7266,5.98428
Ethan Lanthier,NYM,0.1754,0.1754,1,0.166889,0.5857,0.6239,1.502,1.7567,5.9805
Miqueas Mercedes,MIL,0.1653,0.2233,1,0.164778,0.6078,0.6393,1.483,1.7555,5.96439
Luis Gamez,LAD,0.1456,0.3156,1,0.179778,0.6823,0.6273,1.618,1.7224,5.96322
Jordi Infante,TBR,0.1104,0.4814,1,0.159111,0.6387,0.6906,1.432,1.7963,5.9967
Christian Oppor,CHW,0.1454,0.3164,1,0.147,0.7705,0.8075,1.323,1.8132,5.6295
Brennan Stuprich,NYY,0.1498,0.2958,1,0.185,0.5848,0.5465,1.665,1.6843,5.93829
Sabier Marte,NYY,0.1728,0.1878,1,0.172111,0.5226,0.5647,1.549,1.7246,5.92659
Humberto Cruz,SDP,0.1754,0.1754,1,0.169222,0.5724,0.6054,1.523,1.7366,5.94405
Jacob Johnson,TEX,0.1726,0.1886,1,0.161556,0.5737,0.6411,1.454,1.7654,5.98032
Luis Valdez,,0.1253,0.4113,1,0.154444,0.601,0.6865,1.39,1.803,5.92767
Alton Davis II,LAA,0.1577,0.2587,1,0.161444,0.5765,0.6346,1.453,1.7598,5.86341
Freddy Rodriguez,CHC,0.1533,0.2793,1,0.172667,0.5883,0.6064,1.554,1.7444,6.07302
Jubrayker Salaya,CHC,0.1546,0.2736,1,0.163889,0.6112,0.6582,1.475,1.7782,6.04035
Grant Shepardson,MIA,0.124,0.417,1,0.154778,0.6079,0.6857,1.393,1.8135,6.08427
Francisco Morao,BAL,0.1428,0.3288,1,0.159111,0.6189,0.6814,1.432,1.7762,5.83065
Josh Owens,TEX,0.1565,0.2645,1,0.169778,0.6026,0.6312,1.528,1.7523,6.03261
Denny Larrondo,,0.1689,0.2059,1,0.173889,0.6696,0.6371,1.565,1.7272,6.04053
Hamlet Garcia,MIA,0.124,0.417,1,0.156333,0.6214,0.6927,1.407,1.8023,6.03324
Wyatt Parliament,NYY,0.1732,0.1862,1,0.198,0.5934,0.5049,1.782,1.6441,5.97312
Joel Garcia,MIN,0.1754,0.1754,1,0.178889,0.5618,0.5591,1.61,1.72,6.19191
Nazier Mulé,CHC,0.1665,0.2175,1,0.153,0.6846,0.7368,1.377,1.8078,5.98428
Jeremy Reyes,ATL,0.1754,0.1754,1,0.150444,0.5829,0.6954,1.354,1.8306,6.07635
Juan Martinez,,0.1486,0.3016,1,0.168444,0.5277,0.5931,1.516,1.7538,6.09039
Ty Floyd,CIN,0.1667,0.2167,1,0.199778,0.6977,0.5743,1.798,1.6804,6.09111
Enderson Mercado,MIL,0.133,0.375,1,0.145,0.5209,0.6802,1.305,1.8182,5.84712
Camden Lohman,NYM,0.1614,0.2414,1,0.165,0.6266,0.681,1.485,1.7883,6.00669
Mac Heuer,NYY,0.1688,0.2068,1,0.174444,0.6323,0.647,1.57,1.7651,6.0318
Truman Pauley,CHW,0.174,0.182,1,0.166778,0.6208,0.6645,1.501,1.7685,5.93163
Karson Ligon,TOR,0.166,0.22,1,0.176444,0.6161,0.6192,1.588,1.7477,6.12864
Hayden Robinson,MIL,0.1402,0.3412,1,0.158889,0.5766,0.6719,1.43,1.8022,6.03783
Jacob Kuhn,TBR,0.1218,0.4278,1,0.165889,0.6661,0.7099,1.493,1.7988,6.04854
Jeronimo Palmeros,SDP,0.1391,0.3461,1,0.159667,0.5822,0.6772,1.437,1.7896,5.8518
Kruz Schoolcraft,SDP,0.1754,0.1754,1,0.150444,0.5951,0.7293,1.354,1.8289,5.81976
Leuris Portorreal,WSN,0.1584,0.2554,1,0.177333,0.4584,0.5231,1.596,1.711,6.0561
Brayden Heidel,TOR,0.1121,0.4731,1,0.165889,0.5382,0.6177,1.493,1.789,6.16365
Julio Gonzalez,NYM,0.1405,0.3395,1,0.174333,0.5852,0.6187,1.569,1.7495,6.03846
Bryce Meccage,MIL,0.1754,0.1754,1,0.187444,0.6401,0.5987,1.687,1.7135,6.10074
Eddy Felix,DET,0.1754,0.1754,1,0.160111,0.5635,0.6668,1.441,1.8107,6.13692
Branneli Franco,STL,0.1495,0.2975,1,0.153556,0.5234,0.6529,1.382,1.8043,6.08679
Xavier Lopez,TBR,0.1505,0.2925,1,0.168556,0.5262,0.6043,1.517,1.7699,6.12846
Adolfo Ramirez,,0.1218,0.4278,1,0.180444,0.6047,0.5997,1.624,1.7428,6.10704
Gensi Angeles,ATL,0.163,0.234,1,0.171333,0.5064,0.5768,1.542,1.765,6.19974
Dualvert Gutierrez,,0.1547,0.2727,1,0.177111,0.5451,0.5859,1.594,1.7483,6.17463
Fabian Ysalla,CHW,0.1618,0.2398,1,0.164222,0.4026,0.5414,1.478,1.7592,6.01128
Josh Wolf,,0.1214,0.4294,1,0.140333,0.6562,0.8064,1.263,1.8774,5.95359
Matthew Fisher,PHI,0.1726,0.1886,1,0.190556,0.6095,0.5617,1.715,1.695,6.12729
Drew Gray,CHC,0.1754,0.1754,1,0.156222,0.7469,0.8048,1.406,1.8313,5.86692
Joel Lara,NYM,0.1561,0.2661,1,0.145556,0.6409,0.7614,1.31,1.8369,5.90229
Aleiman Cruz,DET,0.1174,0.4484,1,0.181444,0.6245,0.618,1.633,1.7374,6.13683
Cristian Hernandez,MIN,0.1372,0.3552,1,0.163,0.6192,0.6919,1.467,1.822,6.25392
Williams Montero,BOS,0.153,0.281,1,0.165222,0.5814,0.6607,1.487,1.8279,6.40494
Alfredo Romero,CHC,0.1535,0.2785,1,0.165556,0.572,0.6573,1.49,1.7809,6.06348
Reynardo Cruz,CIN,0.1754,0.1754,1,0.170778,0.6429,0.6682,1.537,1.7891,6.13566
Paul Wilson,DET,0.1574,0.2604,1,0.139222,0.6388,0.8042,1.253,1.8865,5.91984
Griffin Tobias,MIL,0.1253,0.4113,1,0.185667,0.5589,0.5685,1.671,1.7268,6.16041
Joel Cruz,LAD,0.1375,0.3535,1,0.177778,0.5937,0.6212,1.6,1.7629,6.12
Enrique Segura,TEX,0.1719,0.1919,1,0.168333,0.5888,0.6287,1.515,1.7229,5.97267
Tyler Schmitt,SDP,0.1704,0.1994,1,0.181889,0.6233,0.6267,1.637,1.7339,6.0543
Alex Vallecillo,,0.1754,0.1754,1,0.176556,0.5871,0.6278,1.589,1.7622,6.18282
Jesus Carrera,HOU,0.1119,0.4739,1,0.191889,0.5816,0.5549,1.727,1.6879,6.13152
David Bracho,CHC,0.137,0.356,1,0.150889,0.5753,0.7345,1.358,1.8606,6.09849
Earle Zulueta,STL,0.1342,0.3692,1,0.160889,0.5581,0.677,1.448,1.8175,6.16167
Luis Gonzalez,PHI,0.1726,0.1886,1,0.185778,0.4853,0.5132,1.672,1.7018,6.15537
Samuel Dutton,ATH,0.1739,0.1829,1,0.189889,0.3967,0.4449,1.709,1.7024,6.26976
David Sanchez,ARI,0.1726,0.1886,1,0.157778,0.4748,0.6346,1.42,1.8492,6.44409
Tzu-Chen Sha,ATH,0.1398,0.3428,1,0.208556,0.4838,0.4084,1.877,1.6288,6.25536
Alex Ayala Jr.,,0.1586,0.2546,1,0.171778,0.5597,0.6263,1.546,1.7563,6.04017
Yordanis Guerra,PHI,0.1575,0.2595,1,0.163778,0.5718,0.67,1.474,1.7879,5.96601
Dillon Stiltner,NYM,0.1147,0.4607,1,0.153556,0.6324,0.7556,1.382,1.8566,6.05493
Luis Maracara,SDP,0.1702,0.2002,1,0.176778,0.6436,0.6626,1.591,1.7574,6.0606
Juan Cazarez,SEA,0.1716,0.1936,1,0.169778,0.5595,0.6441,1.528,1.7714,6.01893
Kamdyn Perry,TEX,0.1642,0.2282,1,0.167556,0.541,0.6109,1.508,1.7418,6.0723
Cade Kuehler,ATL,0.174,0.182,1,0.175667,0.4983,0.5638,1.581,1.7459,6.22107
Nomar Medina,,0.1516,0.2876,1,0.167556,0.5059,0.6229,1.508,1.7871,6.10308
Edinzo Marquez,NYY,0.1077,0.4937,1,0.177778,0.5445,0.6077,1.6,1.752,6.03234
Johnny Slawinski,LAA,0.1754,0.1754,1,0.161111,0.6225,0.726,1.45,1.8338,6.03342
Yohanfer Santana,MIA,0.1342,0.3692,1,0.145,0.6973,0.8392,1.305,1.9175,6.17814
Edgar Colon,CIN,0.1732,0.1862,1,0.189444,0.651,0.6153,1.705,1.7237,6.12702
Samuel Sanchez,LAD,0.1574,0.2604,1,0.198556,0.5312,0.5138,1.787,1.6954,6.1884
Sheng-En Lin,CIN,0.173,0.187,1,0.188333,0.6222,0.608,1.695,1.7466,6.22062
Jesus Rivero,,0.1253,0.4113,1,0.170667,0.681,0.7052,1.536,1.785,6.15672
Jefferson Jean,,0.1688,0.2068,1,0.156222,0.5974,0.7142,1.406,1.8322,6.17436
Brock Jones,,0.1435,0.3255,1,0.162889,0.5298,0.6611,1.466,1.8088,6.09156
JeanPierre Ortiz,CIN,0.1754,0.1754,1,0.198333,0.588,0.5398,1.785,1.7008,6.24321
Victor Rodriguez,MIA,0.1225,0.4245,1,0.158778,0.5844,0.7101,1.429,1.8452,6.23592
Marlon Nieves,LAD,0.1702,0.2002,1,0.162556,0.6203,0.707,1.463,1.8158,6.08913
Samuel Colmenares,TOR,0.1253,0.4113,1,0.181,0.6029,0.6373,1.629,1.7646,6.19317
Stharlin Torres,CIN,0.1658,0.2208,1,0.202222,0.5124,0.4867,1.82,1.682,6.22566
Dylan Wilson,LAA,0.1709,0.1969,1,0.176222,0.5607,0.6199,1.586,1.7648,6.16212
Braxton Hyde,COL,0.127,0.403,1,0.183,0.5133,0.5714,1.647,1.8337,6.73083
Yeriel Santos,HOU,0.1625,0.2365,1,0.166111,0.6136,0.7025,1.495,1.818,6.22422
Barrett Kent,LAA,0.1732,0.1862,1,0.183778,0.5981,0.6204,1.654,1.7513,6.18624
Yordan Nodal,,0.1398,0.3428,1,0.154778,0.5295,0.6963,1.393,1.846,6.12351
Yoscar Pimentel,,0.1754,0.1754,1,0.177778,0.5351,0.6058,1.6,1.7731,6.2991
Kevin Camacho,CHC,0.167,0.215,1,0.169667,0.5894,0.675,1.527,1.8076,6.25266
Mason McConnaughey,TEX,0.1705,0.1985,1,0.183222,0.524,0.5856,1.649,1.7475,6.23097
Jaitoine Kelly,ARI,0.1754,0.1754,1,0.166333,0.5285,0.6589,1.497,1.854,6.55209
JB Middleton,COL,0.1754,0.1754,1,0.176444,0.5319,0.6151,1.588,1.8709,6.79122
Joey Broughton,MIL,0.1547,0.2727,1,0.159111,0.5686,0.7146,1.432,1.8431,6.08607
Ruben Castillo,,0.1096,0.4846,1,0.173444,0.5783,0.6588,1.561,1.7995,6.26409
Enniel Cortez,MIL,0.1526,0.2826,1,0.188556,0.5548,0.5858,1.697,1.7404,6.23034
Kendy Richard,ATL,0.1307,0.3857,1,0.175111,0.5284,0.6242,1.576,1.8037,6.33825
Adan Moreno,,0.1646,0.2266,1,0.175778,0.5279,0.616,1.582,1.7851,6.30486
Ovis Portes,CIN,0.1718,0.1928,1,0.183889,0.7,0.6924,1.655,1.7894,6.24771
Brayan Romero,WSN,0.1675,0.2125,1,0.156333,0.4452,0.6455,1.407,1.8376,6.21081
Wilton Castillo,,0.137,0.356,1,0.181889,0.5328,0.5952,1.637,1.7712,6.34248
Raúl Rangel,,0.1289,0.3939,1,0.171556,0.4947,0.6209,1.544,1.8026,6.29019
Carlos Carra,MIL,0.1567,0.2637,1,0.179333,0.5896,0.6457,1.614,1.7698,6.18669
Ryan McDonagh,KCR,0.1707,0.1977,1,0.186444,0.5771,0.6145,1.678,1.7724,6.42069
Alberto Toribio,KCR,0.1575,0.2595,1,0.173667,0.5598,0.6551,1.563,1.829,6.47658
Alistair Tanner,DET,0.1349,0.3659,1,0.177556,0.5822,0.6551,1.598,1.794,6.29667
Wifrailyn Jaquez,PIT,0.1212,0.4302,1,0.158889,0.4929,0.6785,1.43,1.8742,6.45579
Juan Nunez,HOU,0.117,0.45,1,0.171556,0.6171,0.7038,1.544,1.8326,6.34302
Daury Vasquez,ARI,0.1754,0.1754,1,0.165111,0.5389,0.6744,1.486,1.8506,6.52572
Jose Parra,ATH,0.1658,0.2208,1,0.161,0.5972,0.7367,1.449,1.8845,6.28686
Dalvinson Reyes,BOS,0.1349,0.3659,1,0.159444,0.5672,0.7251,1.435,1.8956,6.53508
Edgardo Ibarra,,0.1682,0.2092,1,0.160222,0.5477,0.7147,1.442,1.8473,6.15069
Cole Gilley,PHI,0.1228,0.4228,1,0.189556,0.5292,0.5835,1.706,1.7547,6.29577
Matt Barr,MIN,0.1733,0.1853,1,0.181444,0.5466,0.6239,1.633,1.796,6.45579
Po-Chun Lin,SEA,0.1723,0.1903,1,0.169889,0.5915,0.7055,1.529,1.8164,6.13044
Miguel Pantoja,TOR,0.1582,0.2562,1,0.177444,0.586,0.6699,1.597,1.8083,6.31305
Bernard Mack,,0.1516,0.2876,1,0.152444,0.6025,0.7867,1.372,1.8817,6.10506
Irwin Ramirez,PIT,0.1707,0.1977,1,0.138,0.5174,0.794,1.242,1.9645,6.41286
Javier Atencio,,0.153,0.281,1,0.164556,0.5311,0.6882,1.481,1.8389,6.21963
Jhon Almonte,LAA,0.1726,0.1886,1,0.160333,0.5049,0.6828,1.443,1.8505,6.25095
Ethan Storm,TBR,0.1516,0.2876,1,0.179667,0.5714,0.6558,1.617,1.8071,6.36723
Gabriel Agostini,,0.1384,0.3494,1,0.164444,0.5323,0.697,1.48,1.8421,6.20064
German Nunez,,0.1384,0.3494,1,0.172556,0.5911,0.6989,1.553,1.8294,6.33096
Donny Troconis,ATH,0.1614,0.2414,1,0.185778,0.5285,0.6019,1.672,1.7808,6.3747
Sean Youngerman,PHI,0.1698,0.2018,1,0.192556,0.5212,0.5686,1.733,1.7328,6.2838
Adrian Herrera,,0.1325,0.3775,1,0.186444,0.6301,0.6641,1.678,1.8013,6.36129
Alejandro Rivera,CIN,0.1511,0.2901,1,0.198111,0.6242,0.6214,1.783,1.7643,6.37245
Yander Pinero,ATL,0.1312,0.3832,1,0.165222,0.5464,0.7044,1.487,1.8682,6.39918
Jack O'Connor,LAD,0.1595,0.2505,1,0.188222,0.6354,0.6709,1.694,1.7958,6.32007
Berny Ortiz,BOS,0.1646,0.2266,1,0.176889,0.5353,0.6496,1.592,1.8354,6.59961
Juan Soto,,0.1461,0.3131,1,0.175556,0.539,0.6645,1.58,1.8289,6.40728
Victor Farias,,0.1095,0.4855,1,0.163778,0.5644,0.7222,1.474,1.8688,6.39243
Jason Reitz,MIN,0.1721,0.1911,1,0.184889,0.5108,0.6138,1.664,1.8067,6.54714
Enyel Lopez,TEX,0.1423,0.3313,1,0.153778,0.5873,0.7927,1.384,1.8954,6.16338
Pedro Marquez,,0.1328,0.3758,1,0.167222,0.5865,0.737,1.505,1.8716,6.3918
Mason Pelio,,0.1754,0.1754,1,0.166333,0.5026,0.6816,1.497,1.8447,6.35454
Jose Lopez,NYM,0.1347,0.3667,1,0.173,0.5652,0.7008,1.557,1.8368,6.28632
Francisco Pazos,SEA,0.1595,0.2505,1,0.171111,0.515,0.6708,1.54,1.8139,6.18921
Kaleb Sophy,,0.1732,0.1862,1,0.155111,0.4823,0.7258,1.396,1.8973,6.28776
Christian Foutch,BOS,0.1679,0.2109,1,0.158889,0.6678,0.8373,1.43,1.9479,6.57963
Riley Bauman,,0.1737,0.1837,1,0.186444,0.5494,0.6189,1.678,1.7719,6.35184
Angel Liranzo,PHI,0.1596,0.2496,1,0.186222,0.5244,0.6259,1.676,1.7786,6.25572
Roberto Castellanos,TOR,0.1754,0.1754,1,0.176889,0.4706,0.6334,1.592,1.8297,6.4647
Marcos Herrera,COL,0.1709,0.1969,1,0.178,0.5266,0.6577,1.602,1.8964,6.86358
Ma'Kale Holden,MIL,0.1295,0.3915,1,0.174778,0.6271,0.7455,1.573,1.8635,6.39765
Carlos De La Rosa,SFG,0.1461,0.3131,1,0.140556,0.5147,0.8256,1.265,1.9521,6.26121
Tyler Renz,MIL,0.1547,0.2727,1,0.189556,0.5608,0.6461,1.706,1.7803,6.31971
Dheygler Gimenez,,0.1728,0.1878,1,0.194444,0.5516,0.6099,1.75,1.7751,6.51429
Diego Arroyo,COL,0.1547,0.2727,1,0.159444,0.5343,0.7578,1.435,1.9004,6.30783
Reynell Ramos,KCR,0.1754,0.1754,1,0.171667,0.5051,0.6861,1.545,1.8651,6.50196
Jackson Phipps,ATH,0.1639,0.2299,1,0.167556,0.5163,0.6968,1.508,1.882,6.44229
Jose Feliz,WSN,0.1728,0.1878,1,0.175778,0.479,0.6573,1.582,1.8459,6.47154
Jank Pichardo,HOU,0.1598,0.2488,1,0.183778,0.5482,0.6669,1.654,1.8415,6.59682
Esteban Mejia,BAL,0.1754,0.1754,1,0.143778,0.6,0.8687,1.294,1.9771,6.30909
Jose Paulino,MIA,0.1404,0.3404,1,0.150556,0.5969,0.8441,1.355,1.9756,6.49692
Gabe Tanner,CHW,0.1675,0.2125,1,0.186556,0.3783,0.5444,1.679,1.7776,6.3576
Sandy Ozuna,COL,0.1754,0.1754,1,0.200778,0.5348,0.5909,1.807,1.8451,6.9957
Jake Brink,CIN,0.1547,0.2727,1,0.193,0.4762,0.5781,1.737,1.7917,6.51699
Brayan Orrantia,BAL,0.1689,0.2059,1,0.161778,0.5002,0.7422,1.456,1.9098,6.41988
Jose Silvestre,TEX,0.1754,0.1754,1,0.157333,0.5362,0.7825,1.416,1.9388,6.51708
Develson Aria,,0.1442,0.3222,1,0.149889,0.5914,0.8484,1.349,1.9564,6.30369
Rafael Gonzalez,,0.113,0.469,1,0.158222,0.5927,0.8083,1.424,1.9235,6.41691
Wilner Berroteran,LAA,0.1723,0.1903,1,0.165556,0.5018,0.729,1.49,1.9067,6.55101
Wisler Infante,SEA,0.1754,0.1754,1,0.162778,0.4159,0.685,1.465,1.9046,6.56046
Will Frisch,,0.1754,0.1754,1,0.182222,0.5655,0.6928,1.64,1.8406,6.53463
Spencer Green,LAD,0.1307,0.3857,1,0.175889,0.6157,0.7583,1.583,1.8904,6.46812
Dusty Revis,CIN,0.164,0.229,1,0.187778,0.5105,0.6346,1.69,1.8317,6.55803
Ramiro Villanueva,MIN,0.1709,0.1969,1,0.183,0.5312,0.6652,1.647,1.8467,6.67917
Ty Bothwell,,0.1646,0.2266,1,0.158444,0.5067,0.7681,1.426,1.9293,6.41205
Cole Schoenwetter,CIN,0.1688,0.2068,1,0.184222,0.6298,0.741,1.658,1.8698,6.5025
Ricardo Osorio,ATH,0.1754,0.1754,1,0.164778,0.4908,0.7319,1.483,1.9123,6.55029
Alvin Nova,,0.1646,0.2266,1,0.192444,0.5486,0.645,1.732,1.8375,6.67386
Adan Vallenilla,SEA,0.1754,0.1754,1,0.177778,0.5486,0.7185,1.6,1.8755,6.56892
Madinson Frias,BOS,0.1646,0.2266,1,0.180111,0.4629,0.6497,1.621,1.8784,6.83595
Alex Barr,ATH,0.1651,0.2241,1,0.180333,0.5634,0.7189,1.623,1.8788,6.50898
Jesus Escobar,ARI,0.1461,0.3131,1,0.172222,0.4042,0.6455,1.55,1.8935,6.81399
Justin Fuson,CHW,0.1688,0.2068,1,0.177,0.4807,0.6803,1.593,1.8798,6.64317
Jose Andrades,TOR,0.167,0.215,1,0.161556,0.4882,0.7532,1.454,1.9281,6.54102
Randry De Leon,SFG,0.1754,0.1754,1,0.167778,0.5381,0.7546,1.51,1.9095,6.56253
Kelvin Zapata,BAL,0.1754,0.1754,1,0.143667,0.5829,0.8871,1.293,1.9971,6.33816
Martires Polanco,ATL,0.1754,0.1754,1,0.161889,0.5852,0.8155,1.457,1.9501,6.57135
Erick Lanza,SEA,0.1754,0.1754,1,0.160556,0.4896,0.763,1.445,1.9409,6.57054
Ronny Lopez,,0.1677,0.2117,1,0.173889,0.5004,0.7066,1.565,1.8818,6.57612
Abner Meza,NYM,0.1754,0.1754,1,0.184333,0.4894,0.6571,1.659,1.8457,6.62355
Cesar Acosta,NYY,0.1754,0.1754,1,0.166222,0.5898,0.7984,1.496,1.9307,6.58683
Jeyver Manaure,ARI,0.1716,0.1936,1,0.175222,0.4879,0.7001,1.577,1.89,6.63471
Danny Flatt,NYY,0.1509,0.2909,1,0.202,0.5293,0.6134,1.818,1.7827,6.47091
Gregori Ramirez,ARI,0.116,0.455,1,0.162444,0.5945,0.8215,1.462,1.9719,6.79428
Connor Gehr,BAL,0.1165,0.4525,1,0.193556,0.4974,0.6317,1.742,1.8243,6.58611
KK Clark,BAL,0.1528,0.2818,1,0.177667,0.5406,0.7303,1.599,1.8935,6.56919
Franco Zabaleta,ATH,0.156,0.267,1,0.158111,0.4802,0.7698,1.423,1.9379,6.45138
Andre Sanchez,,0.1461,0.3131,1,0.185333,0.5246,0.6811,1.668,1.8391,6.49503
Luke Roupe,MIL,0.1475,0.3065,1,0.177444,0.5295,0.726,1.597,1.8949,6.59997
Franklin Gil,,0.1504,0.2934,1,0.18,0.522,0.7141,1.62,1.8823,6.62265
Rubender Pena,TBR,0.1625,0.2365,1,0.177778,0.5066,0.7082,1.6,1.8798,6.588
Jhosneyker Colina,NYY,0.1754,0.1754,1,0.172111,0.4515,0.7003,1.549,1.9079,6.67665
Zander Mueth,PIT,0.1618,0.2398,1,0.147222,0.5224,0.8222,1.325,1.9905,6.70428
Juan García,STL,0.1754,0.1754,1,0.187889,0.4552,0.638,1.691,1.8444,6.66864
Jack Bushell,DET,0.1712,0.1952,1,0.173111,0.5356,0.7535,1.558,1.9176,6.66081
Jesús  Palacios,,0.1574,0.2604,1,0.166444,0.5544,0.7889,1.498,1.936,6.61698
Jhoniel Serrano,,0.1535,0.2785,1,0.164778,0.5773,0.8004,1.483,1.9344,6.60312
Melvin Robles,KCR,0.1754,0.1754,1,0.164667,0.498,0.7654,1.482,1.9273,6.50034
Mason Estrada,LAD,0.1586,0.2546,1,0.186889,0.6282,0.754,1.682,1.8877,6.62166
Aubrey Smith,HOU,0.1554,0.2694,1,0.189889,0.4266,0.6141,1.709,1.8368,6.70428
Geovanny Villarroel,CHC,0.1688,0.2068,1,0.166222,0.463,0.7328,1.496,1.929,6.67206
Reiver Camacho,COL,0.1196,0.4376,1,0.172444,0.4872,0.7333,1.552,1.9121,6.61968
Cristhian Duarte,TOR,0.1754,0.1754,1,0.177778,0.4491,0.6836,1.6,1.887,6.67458
Jhosued Marcano,CHC,0.1723,0.1903,1,0.173333,0.5661,0.7867,1.56,1.9379,6.69906
Jeury Espinal,ARI,0.1616,0.2406,1,0.172444,0.4705,0.7257,1.552,1.9129,6.65523
Keeler Morfe,BAL,0.1754,0.1754,1,0.174333,0.5636,0.7704,1.569,1.9227,6.63993
Mario Gonzalez,SFG,0.1754,0.1754,1,0.164333,0.4766,0.7604,1.479,1.9489,6.69141
Luis Burgos,ATH,0.1253,0.4113,1,0.180222,0.4514,0.6631,1.622,1.8888,6.74757
Osiris Calvo,,0.1679,0.2109,1,0.174222,0.4986,0.7421,1.568,1.9043,6.5457
Halton Hardy,MIN,0.1526,0.2826,1,0.175111,0.5083,0.7473,1.576,1.9406,6.84144
Jose Menes,TBR,0.1723,0.1903,1,0.175556,0.4267,0.6858,1.58,1.9013,6.71562
Heriberto Ron,ARI,0.1719,0.1919,1,0.175556,0.5213,0.7543,1.58,1.914,6.60114
Deiry Gonzalez,PHI,0.1253,0.4113,1,0.174556,0.5112,0.7537,1.571,1.9182,6.59565
Dariel Jaquez,MIL,0.1386,0.3486,1,0.174667,0.5864,0.7975,1.572,1.9294,6.6258
Carlos Gonzalez,KCR,0.1719,0.1919,1,0.172444,0.4004,0.6951,1.552,1.9184,6.71598
David Medina,BAL,0.1754,0.1754,1,0.17,0.4578,0.7383,1.53,1.9376,6.7356
Yadier Zamora,LAD,0.1716,0.1936,1,0.169556,0.5178,0.7849,1.526,1.9564,6.74649
Cristian Rego,PHI,0.1754,0.1754,1,0.171889,0.5266,0.7827,1.547,1.9533,6.77061
Daniel Gómez,STL,0.1719,0.1919,1,0.184444,0.4843,0.7036,1.66,1.893,6.75891
Derlin Garcia,MIL,0.1646,0.2266,1,0.181,0.4931,0.7219,1.629,1.8988,6.71436
Eliezer Pena,COL,0.1693,0.2043,1,0.164889,0.5305,0.8116,1.484,1.967,6.70761
Marcos Pimentel,COL,0.1646,0.2266,1,0.183,0.4621,0.6967,1.647,1.895,6.75585
Cesar Sanchez,LAD,0.1547,0.2727,1,0.175111,0.5288,0.7785,1.576,1.947,6.77133
Alexander Mercedes,MIL,0.1574,0.2604,1,0.151556,0.5358,0.8833,1.364,2.0236,6.55785
Ysaias Escalona,CIN,0.1663,0.2183,1,0.182444,0.5058,0.7281,1.642,1.9067,6.76827
Luke Mensik,SFG,0.1611,0.2431,1,0.159667,0.4454,0.787,1.437,1.9639,6.74919
Juan Medina,TEX,0.1754,0.1754,1,0.181778,0.5039,0.7303,1.636,1.9094,6.77313
Yhosneiber Torres,PIT,0.1754,0.1754,1,0.160333,0.5144,0.8305,1.443,1.9866,6.61419
Jose Trevizo,SFG,0.1461,0.3131,1,0.171111,0.4824,0.766,1.54,1.951,6.75846
Antonio Morales,HOU,0.137,0.356,1,0.166889,0.4122,0.7425,1.502,1.9614,6.77484
Eduardo Robles,,0.1719,0.1919,1,0.178444,0.4587,0.7268,1.606,1.9238,6.78366
Gabriel Rodriguez,CHW,0.1561,0.2661,1,0.205667,0.497,0.6219,1.851,1.7986,6.60501
Marlon De La Cruz,WSN,0.1723,0.1903,1,0.160889,0.5148,0.8236,1.448,1.9751,6.66288
Chalniel Arias,NYY,0.1754,0.1754,1,0.187111,0.5036,0.7247,1.684,1.9027,6.68367
Raymond Sarmiento,MIL,0.1504,0.2934,1,0.180667,0.4608,0.7182,1.626,1.9194,6.81849
Xavier Mitchell,LAA,0.1754,0.1754,1,0.164444,0.5521,0.8568,1.48,2.0007,6.61617
Samuel Carmona,KCR,0.1616,0.2406,1,0.174333,0.4659,0.7527,1.569,1.9436,6.79608
Darrel Lunar,WSN,0.1625,0.2365,1,0.175556,0.4856,0.7644,1.58,1.951,6.80193
Kevin Velasco,BAL,0.1253,0.4113,1,0.188,0.5295,0.7446,1.692,1.9177,6.77664
Anthony Feliz,CHC,0.1546,0.2736,1,0.168,0.4695,0.7916,1.512,1.9821,6.81291
Justin Henschel,CIN,0.1616,0.2406,1,0.202,0.5142,0.6791,1.818,1.8764,6.82893
Robinson Smith,PIT,0.1504,0.2934,1,0.164222,0.4801,0.8126,1.478,2.0158,6.98382
Freddy Hernandez,LAA,0.1504,0.2934,1,0.159778,0.4562,0.8229,1.438,2.0013,6.65208
Zhiorman Imbriano,,0.1646,0.2266,1,0.154,0.4518,0.8418,1.386,2.0248,6.66576
Jesus Cova,ATL,0.1754,0.1754,1,0.174,0.4611,0.7587,1.566,1.9593,6.86241
Emanuel Jimenez,BOS,0.1712,0.1952,1,0.172778,0.5336,0.8207,1.555,1.9802,6.8274
Ben Abeldt,TEX,0.1754,0.1754,1,0.165556,0.502,0.8308,1.49,1.9739,6.60996
Miguel Molina,DET,0.1595,0.2505,1,0.151889,0.4976,0.8867,1.367,2.0448,6.65181
Gregory Sipion,ARI,0.1754,0.1754,1,0.175778,0.4189,0.7263,1.582,1.949,6.88545
Luis Aguayo,MIL,0.1754,0.1754,1,0.186556,0.4783,0.7283,1.679,1.9259,6.90237
Enmanuel Talavera,,0.1754,0.1754,1,0.189667,0.4916,0.7237,1.707,1.913,6.8868
Nelvis Ochoa,,0.166,0.22,1,0.187222,0.4712,0.7191,1.685,1.9238,6.91776
Marlon Quintana,PIT,0.1195,0.4385,1,0.174778,0.4908,0.7867,1.573,1.9674,6.83352
Kendri Fana,LAA,0.1754,0.1754,1,0.184333,0.466,0.7306,1.659,1.9296,6.88653
Edelvis Perez,CLE,0.1688,0.2068,1,0.176556,0.5101,0.7919,1.589,1.9589,6.82902
Jose Gonzalez,CHC,0.1723,0.1903,1,0.178889,0.4514,0.7473,1.61,1.9511,6.88608
Jesus Lopez,SFG,0.1096,0.4846,1,0.166333,0.4282,0.7746,1.497,1.9842,6.83928
Jose Navarrete,CIN,0.1663,0.2183,1,0.179222,0.4983,0.7758,1.613,1.9606,6.89985
Junior Tavera,NYY,0.1646,0.2266,1,0.161778,0.539,0.8789,1.456,2.0126,6.65937
Anthony Gantes,HOU,0.1595,0.2505,1,0.172556,0.4517,0.7757,1.553,1.9782,6.8814
Luis Delgado,CIN,0.1674,0.2134,1,0.174778,0.4989,0.7992,1.573,1.9786,6.87987
Jose Serva,CHC,0.1754,0.1754,1,0.167,0.521,0.8456,1.503,2.0005,6.74226
Alvin Veras,ATH,0.1723,0.1903,1,0.180333,0.4176,0.7209,1.623,1.9422,6.9003
Juan Villamizar,COL,0.1719,0.1919,1,0.174333,0.4624,0.7771,1.569,1.9713,6.87294
Jharold Clemente,,0.1461,0.3131,1,0.187333,0.4566,0.7109,1.686,1.9147,6.89184
Yoenis Morales,TOR,0.1754,0.1754,1,0.171889,0.5053,0.8172,1.547,1.994,6.89049
Luis Garces,KCR,0.1754,0.1754,1,0.165,0.5255,0.8601,1.485,2.0142,6.75009
Angelo Ladera,BOS,0.1646,0.2266,1,0.174556,0.5007,0.8023,1.571,2.0038,7.11036
Eric Veras,COL,0.1349,0.3659,1,0.163,0.4326,0.807,1.467,1.9938,6.6924
Santiago Lopez,CHC,0.1719,0.1919,1,0.169111,0.5173,0.8383,1.522,2.008,6.89526
Yilmar Samudio,PHI,0.1723,0.1903,1,0.170111,0.5482,0.8566,1.531,2.0106,6.88698
Frank Moreno,,0.1404,0.3404,1,0.171556,0.4577,0.7901,1.544,1.9862,6.87726
Paul Hoff,MIL,0.1349,0.3659,1,0.171111,0.4928,0.8185,1.54,1.9939,6.85377
Yunny Tovar,SDP,0.1679,0.2109,1,0.157556,0.4706,0.8539,1.418,2.0273,6.7266
Denny Lima,CHW,0.1716,0.1936,1,0.186889,0.4522,0.7153,1.682,1.923,6.93207
Noelin Cuevas,,0.1514,0.2884,1,0.163333,0.4556,0.8246,1.47,2.0109,6.76323
Samuel Perez,,0.1595,0.2505,1,0.189556,0.4263,0.6949,1.706,1.9149,6.92613
Kevin Colmenares,TEX,0.1463,0.3123,1,0.165,0.555,0.8861,1.485,2.0189,6.71715
Carlos Ochoa,MIA,0.1754,0.1754,1,0.179556,0.5129,0.7949,1.616,1.9711,6.92874
Orlando Suarez,CHW,0.1654,0.2224,1,0.178111,0.532,0.8096,1.603,1.9726,6.90345
Alexander Garcia,CLE,0.1754,0.1754,1,0.185222,0.5058,0.765,1.667,1.9419,6.91074
Robert Cruz,,0.13,0.389,1,0.184,0.4523,0.7341,1.656,1.9422,6.92982
Luis Bermudez,,0.1526,0.2826,1,0.175222,0.4634,0.7853,1.577,1.9834,6.92064
Daniel Gentile,CLE,0.1754,0.1754,1,0.184778,0.4967,0.764,1.663,1.9408,6.89058
Anderson Carias,LAD,0.1754,0.1754,1,0.171667,0.4592,0.7941,1.545,1.9955,6.939
Leonel Murrieta,HOU,0.1646,0.2266,1,0.177778,0.4125,0.7374,1.6,1.9572,6.91668
Sebastian Castillo,NYY,0.1504,0.2934,1,0.172667,0.4653,0.7984,1.554,1.9965,6.93468
Enderson Amaya,CLE,0.167,0.215,1,0.178444,0.4614,0.7759,1.606,1.9728,6.9273
Jhostin Betances,LAA,0.167,0.215,1,0.159333,0.4552,0.8389,1.434,2.0308,6.885
Maxgregori Harvey,NYM,0.1754,0.1754,1,0.173333,0.5656,0.8623,1.56,2.0049,6.90228
Williams Salazar,LAD,0.1754,0.1754,1,0.167,0.4794,0.8323,1.503,1.9991,6.75288
Christian Lopez,CIN,0.1384,0.3494,1,0.180444,0.5394,0.8147,1.624,1.9842,6.79455
Allan Griman,BOS,0.1754,0.1754,1,0.175556,0.5374,0.8317,1.58,1.9918,6.92451
Diego Lanzosa,TEX,0.1096,0.4846,1,0.175444,0.5523,0.8485,1.579,1.9821,6.79581
Keisther Castillo,KCR,0.1654,0.2224,1,0.174667,0.5295,0.8348,1.572,2.0244,7.12017
Angel Herrera,PIT,0.1682,0.2092,1,0.167444,0.4299,0.8024,1.507,2.0108,6.92244
Maique Basanta,COL,0.1711,0.1961,1,0.156333,0.4489,0.8618,1.407,2.0487,6.78375
Derek Munoz,CLE,0.1688,0.2068,1,0.178556,0.501,0.8,1.607,1.9836,6.97536
Salvador Casado,BAL,0.1625,0.2365,1,0.165778,0.4544,0.8243,1.492,2.0237,6.87213
Jhony Osoria,NYM,0.1349,0.3659,1,0.173,0.5082,0.8354,1.557,2.0081,6.92568
Anderson Beltre,,0.1688,0.2068,1,0.176889,0.4473,0.774,1.592,1.9827,6.97896
David Hernandez,PHI,0.1579,0.2579,1,0.177889,0.5589,0.8482,1.601,1.9815,6.7392
Max Poirier,KCR,0.1646,0.2266,1,0.167556,0.4356,0.8122,1.508,2.0485,7.16202
Ricardo Reyes,ATH,0.1754,0.1754,1,0.183556,0.4433,0.7433,1.652,1.9495,6.96402
Oliver Gonzalez,LAD,0.1754,0.1754,1,0.181222,0.5035,0.7995,1.631,1.9789,6.97896
Juan Cota,,0.1404,0.3404,1,0.182444,0.4727,0.7736,1.642,1.9661,6.95565
Sammy Zarraga,DET,0.1754,0.1754,1,0.187667,0.4653,0.7505,1.689,1.9516,6.99732
Jordin Jhonni,KCR,0.1754,0.1754,1,0.174333,0.3906,0.7557,1.569,1.9913,7.0038
Diomer Gonzalez,ATH,0.1096,0.4846,1,0.173,0.4546,0.8068,1.557,2.0013,6.92091
Luisberth Valdez,ATL,0.1616,0.2406,1,0.155111,0.4968,0.9106,1.396,2.0808,6.82704
Ronny Oliver,,0.1504,0.2934,1,0.176,0.5005,0.8149,1.584,1.9851,6.92442
Jezler Baules,,0.1616,0.2406,1,0.178444,0.5072,0.818,1.606,1.9961,6.98967
Jhoangel Marquez,NYM,0.1288,0.3948,1,0.165667,0.4999,0.8651,1.491,2.0392,6.93882
Samuel Ortiz,PHI,0.1754,0.1754,1,0.171556,0.4901,0.8369,1.544,2.0061,6.84774
Juan Pinto,SEA,0.1526,0.2826,1,0.157111,0.5114,0.9077,1.414,2.0322,6.54093
Kenyer Penaloza,KCR,0.1754,0.1754,1,0.178556,0.4177,0.7594,1.607,1.9813,7.01388
Jeffrey German,,0.1498,0.2958,1,0.176444,0.4446,0.7812,1.588,1.9889,6.99831
Biembenido  Brito,,0.166,0.22,1,0.174444,0.5117,0.8358,1.57,2.0088,6.98706
Keuri Almonte,PIT,0.1754,0.1754,1,0.157667,0.5461,0.9293,1.419,2.0631,6.78933
Raymel Belliard,SDP,0.1754,0.1754,1,0.178333,0.4554,0.7873,1.605,1.9932,7.03287
Carlos Alvarez,SDP,0.1754,0.1754,1,0.160778,0.4662,0.8681,1.447,2.036,6.78276
Angel Bello,CHW,0.1595,0.2505,1,0.183889,0.4583,0.7674,1.655,1.9731,7.02855
Marco Eluscat,SDP,0.1242,0.4162,1,0.162667,0.532,0.9048,1.464,2.0313,6.61383
Anderson Alvarez,TBR,0.1723,0.1903,1,0.183778,0.4276,0.7503,1.654,1.9627,6.99327
Randy Guzman,NYM,0.1595,0.2505,1,0.185889,0.4674,0.7683,1.673,1.9706,7.03503
Kendal Meza,SEA,0.1625,0.2365,1,0.166889,0.557,0.8999,1.502,2.0195,6.723
Darling Perez,NYM,0.1754,0.1754,1,0.176444,0.4499,0.8007,1.588,2.0075,7.03881
Esteban Luna,BAL,0.13,0.389,1,0.174222,0.4616,0.8149,1.568,2.0042,6.8895
German Arvayo,SEA,0.1423,0.3313,1,0.181556,0.461,0.7879,1.634,1.9883,7.01946
Jose Taveras,CHW,0.133,0.375,1,0.168667,0.476,0.8506,1.518,2.0381,6.99228
Gustavo Garcia,MIL,0.1595,0.2505,1,0.176889,0.4152,0.78,1.592,2.0022,7.04016
Diego Dugarte,,0.1535,0.2785,1,0.186111,0.4513,0.759,1.675,1.9679,7.05132
Anderson Ozuna,NYM,0.1709,0.1969,1,0.178444,0.4402,0.7891,1.606,1.9974,7.03197
Josias Figuereo,SDP,0.1723,0.1903,1,0.175556,0.4347,0.7867,1.58,1.9976,7.0371
Kevin Concepcion,COL,0.1616,0.2406,1,0.188111,0.4449,0.7496,1.693,1.9615,7.05456
Denton Biller,BAL,0.1654,0.2224,1,0.211444,0.4571,0.6431,1.903,1.8616,7.01604
Yeison Martinez,PIT,0.133,0.375,1,0.165111,0.4297,0.836,1.486,2.062,7.16643
Alberto Arias,BAL,0.1504,0.2934,1,0.170667,0.4957,0.861,1.536,2.0272,6.87609
Wander Ventura,,0.137,0.356,1,0.174556,0.4372,0.8012,1.571,2.0116,7.03008
Albert Ramos,DET,0.1719,0.1919,1,0.189444,0.4535,0.7429,1.705,1.948,7.04709
Simon Colmenares,SFG,0.1754,0.1754,1,0.182778,0.4638,0.784,1.645,1.9885,7.08183
Christopher Rochin,,0.1544,0.2744,1,0.179444,0.457,0.802,1.615,2.0047,7.04628
Axel Perez,BAL,0.1646,0.2266,1,0.176111,0.4839,0.827,1.585,2.013,7.03098
Deybi Salcedo,,0.1574,0.2604,1,0.182444,0.4793,0.803,1.642,1.9951,7.04772
Roderic Ramirez,CHW,0.1754,0.1754,1,0.179111,0.4287,0.7816,1.612,2.0018,7.08435
Jose Taveras,LAD,0.1595,0.2505,1,0.178111,0.4324,0.7894,1.603,2.0014,7.04898
Jordany Chirinos,CHW,0.1726,0.1886,1,0.185111,0.4674,0.7882,1.666,1.9839,7.05393
Edwarlys Hidalgo,,0.1512,0.2892,1,0.163556,0.4605,0.8727,1.472,2.0527,6.8823
Jose Sanchez,NYY,0.1616,0.2406,1,0.175,0.5348,0.8778,1.575,2.031,6.93216
Luke LaCourse,LAA,0.1253,0.4113,1,0.186444,0.5015,0.8031,1.678,1.9821,6.9579
Francis Aquino,ARI,0.1719,0.1919,1,0.174,0.4799,0.8459,1.566,2.0332,7.05123
Michell Chirinos,,0.167,0.215,1,0.182556,0.5,0.8167,1.643,1.9981,7.07049
Greudis De Los Santos,ARI,0.1489,0.2999,1,0.175222,0.5274,0.8627,1.577,2.0222,7.01424
Oswaldo Aponte,MIA,0.1719,0.1919,1,0.178444,0.4573,0.8058,1.606,2.0027,7.05141
Angel Peralta,HOU,0.133,0.375,1,0.183778,0.5372,0.8384,1.654,1.9997,7.04538
Alfonso Perez,SFG,0.1595,0.2505,1,0.184333,0.4264,0.76,1.659,1.9758,7.06716
Luis Morellis,,0.1547,0.2727,1,0.183778,0.5117,0.8209,1.654,1.994,7.05249
Alexander Lopez,TBR,0.167,0.215,1,0.186444,0.4743,0.7882,1.678,1.986,7.09668
Gregg Ferrera,LAD,0.1595,0.2505,1,0.185778,0.5135,0.8185,1.672,1.9862,7.03044
Geremias Pena,ARI,0.1316,0.3816,1,0.176,0.519,0.8564,1.584,2.0176,7.00407
Pedro Belisario,,0.1688,0.2068,1,0.165556,0.4988,0.8896,1.49,2.0477,6.88356
Yojansy Perez,SDP,0.1537,0.2777,1,0.171,0.438,0.8357,1.539,2.0332,6.95448
Damian Jimenez,,0.1458,0.3148,1,0.165778,0.4369,0.86,1.492,2.0653,7.0542
Yolcar Garcia,MIN,0.1414,0.3354,1,0.177444,0.4706,0.8342,1.597,2.0308,7.09128
Raminel Almonte,ARI,0.1461,0.3131,1,0.181556,0.5028,0.8315,1.634,2.0094,7.07301
Daniel Garcia,MIL,0.1754,0.1754,1,0.164778,0.4312,0.8562,1.483,2.048,6.91605
Christopher Hernandez,TEX,0.1144,0.4624,1,0.169778,0.5803,0.9373,1.528,2.0685,7.00614
Ezequiel Martinez,TBR,0.146,0.314,1,0.188444,0.4531,0.7743,1.696,1.9722,7.05771
Alvaro Pineda,,0.164,0.229,1,0.190667,0.426,0.748,1.716,1.9704,7.13214
Jean Robles,WSN,0.1512,0.2892,1,0.176444,0.4806,0.8375,1.588,2.0191,7.02774
Jose D. Gonzalez,SFG,0.1595,0.2505,1,0.190556,0.4432,0.7601,1.715,1.9718,7.11792
Seojun Moon,TOR,0.1632,0.2332,1,0.190556,0.5073,0.8046,1.715,1.9964,7.14681
Albert Castillo,TEX,0.1349,0.3659,1,0.173556,0.4796,0.8609,1.562,2.0477,7.07805
Frederik Dolsi,TEX,0.1754,0.1754,1,0.177556,0.4547,0.8174,1.598,2.0168,7.0992
Adrian Aray,,0.1595,0.2505,1,0.178111,0.4738,0.8365,1.603,2.0277,7.09911
Junior Medina,BAL,0.1723,0.1903,1,0.180556,0.4466,0.8019,1.625,2.0067,7.10811
Jhose Brea,ATH,0.1754,0.1754,1,0.174444,0.4549,0.8439,1.57,2.0411,7.09371
Carlos Lara,TEX,0.1714,0.1944,1,0.179333,0.4849,0.838,1.614,2.0283,7.13043
Yunior Villavicencio,BAL,0.1632,0.2332,1,0.169,0.5173,0.9051,1.521,2.0607,6.95295
Joshue De La Cruz,,0.1712,0.1952,1,0.190111,0.4502,0.7671,1.711,1.9777,7.14303
Santiago Guerrero,SFG,0.1754,0.1754,1,0.165,0.5072,0.9161,1.485,2.069,6.91983
Marwys Cabrera,KCR,0.1595,0.2505,1,0.175667,0.4659,0.8364,1.581,2.0529,7.28055
Alving Campusano,KCR,0.1625,0.2365,1,0.167556,0.4466,0.8652,1.508,2.0656,7.09281
Carlos Lopez,,0.1593,0.2513,1,0.176778,0.4697,0.8445,1.591,2.025,6.984
Edwin Gonzalez,,0.133,0.375,1,0.161556,0.4795,0.9083,1.454,2.0858,7.03647
Gabriel Rivero,,0.117,0.45,1,0.172778,0.5191,0.9,1.555,2.0674,7.09164
Juan Lopez,WSN,0.1423,0.3313,1,0.184889,0.5521,0.8645,1.664,2.0097,7.03017
Jorge Geraldo,,0.1096,0.4846,1,0.172222,0.5168,0.8992,1.55,2.0674,7.08921
Wilmer Ramirez,,0.1611,0.2431,1,0.165889,0.476,0.9017,1.493,2.0766,6.97473
Brendan Morse,,0.133,0.375,1,0.176333,0.4423,0.8317,1.587,2.0406,7.13286
Ryan Forcucci,HOU,0.1654,0.2224,1,0.170222,0.4856,0.8729,1.532,2.0591,7.13484
Luis Diaz,CHC,0.1632,0.2332,1,0.178778,0.4344,0.818,1.609,2.0349,7.17417
Jonathan Batista,,0.1253,0.4113,1,0.181333,0.4819,0.84,1.632,2.0296,7.13115
Angel Vizcaino,ATH,0.1688,0.2068,1,0.189222,0.418,0.7625,1.703,1.9903,7.18542
Joneiker Arellano,,0.1461,0.3131,1,0.185,0.4453,0.8002,1.665,2.0128,7.16931
Joan Gonzalez,MIL,0.1253,0.4113,1,0.171333,0.4826,0.8833,1.542,2.0674,7.10811
Justin Batista,MIA,0.1719,0.1919,1,0.185,0.5182,0.8492,1.665,2.0204,7.14312
Sebastian Estiven,,0.167,0.215,1,0.181444,0.453,0.8163,1.633,2.021,7.16013
Angel Montero,NYM,0.1754,0.1754,1,0.165889,0.4867,0.9121,1.493,2.0779,6.97437
Sheroky Rodriguez,DET,0.1723,0.1903,1,0.178889,0.4108,0.8038,1.61,2.0275,7.16589
Tom Apfelbaum,LAD,0.1754,0.1754,1,0.160667,0.4535,0.9033,1.446,2.085,6.97662
Yosniel Menendez,TBR,0.1595,0.2505,1,0.181556,0.4518,0.8168,1.634,2.0229,7.16787
Robinson Martinez,TBR,0.1719,0.1919,1,0.191111,0.4414,0.7722,1.72,1.9869,7.18578
Gabriel Colmenarez,MIL,0.1118,0.4748,1,0.180778,0.4823,0.8427,1.627,2.025,7.05294
Rafi Santo,KCR,0.1096,0.4846,1,0.166333,0.4181,0.8673,1.497,2.0813,7.10847
Yorvi Pirela,,0.1384,0.3494,1,0.180667,0.4033,0.7956,1.626,2.022,7.15167
Josh Perez,CLE,0.1754,0.1754,1,0.185,0.4179,0.7841,1.665,2.0028,7.15905
Jhoriel De La Rosa,CHW,0.1096,0.4846,1,0.177667,0.4712,0.8539,1.599,2.0462,7.13268
Cesar Navarro,ATL,0.1754,0.1754,1,0.193111,0.4454,0.7728,1.738,1.9842,7.18137
Oscar Romero,,0.1754,0.1754,1,0.180444,0.4373,0.8167,1.624,2.0293,7.18236
Jose Rosal,MIA,0.1444,0.3214,1,0.172556,0.5016,0.8967,1.553,2.0707,7.12764
Moises Lira,,0.1461,0.3131,1,0.185,0.4372,0.8037,1.665,2.0229,7.20594
Juan Mieses,HOU,0.1461,0.3131,1,0.184667,0.5288,0.8584,1.662,2.0284,7.18182
Beiker Rodríguez,STL,0.1253,0.4113,1,0.183556,0.4374,0.8126,1.652,2.0243,7.16652
Jorge Guzman,,0.1574,0.2604,1,0.178444,0.4754,0.858,1.606,2.0356,7.03665
Frandel Pineda,TEX,0.1754,0.1754,1,0.188778,0.4508,0.791,1.699,1.9988,7.19946
Kendry Castro,SFG,0.1198,0.4368,1,0.147444,0.3999,0.9415,1.327,2.1253,7.0479
Henderson Hernandez,NYM,0.114,0.464,1,0.174444,0.4705,0.8662,1.57,2.0538,7.12854
Darcy Longstaff,,0.1512,0.2892,1,0.191444,0.4544,0.7924,1.723,2.0007,7.20531
Evan Da Souza,MIA,0.1612,0.2422,1,0.168889,0.5387,0.9403,1.52,2.0971,7.15257
Ranger Sarit,WSN,0.156,0.267,1,0.179111,0.4764,0.8504,1.612,2.0392,7.16697
Ronald Kelly,CHW,0.1632,0.2332,1,0.183111,0.5019,0.8565,1.648,2.0361,7.18326
Jose Saldana,CIN,0.1642,0.2282,1,0.175556,0.4443,0.8512,1.58,2.0531,7.16085
Melky Ventura,COL,0.1461,0.3131,1,0.181444,0.4414,0.8323,1.633,2.0436,7.20468
Randy Angomas,NYY,0.1679,0.2109,1,0.165111,0.4731,0.9052,1.486,2.0885,7.14465
Miguel Herrera,LAD,0.1698,0.2018,1,0.168667,0.4934,0.9187,1.518,2.0826,7.02432
Luis Martinez,CHC,0.1754,0.1754,1,0.189889,0.4567,0.8068,1.709,2.0117,7.22142
Frederi Altagracia,HOU,0.1096,0.4846,1,0.170667,0.4779,0.8952,1.536,2.0758,7.12296
Yosangel Braffit,MIN,0.1504,0.2934,1,0.172667,0.4718,0.8892,1.554,2.0785,7.17102
Luciano Prince,CHC,0.1754,0.1754,1,0.180333,0.4827,0.8629,1.623,2.0579,7.24896
Jeremy Martinez,,0.1316,0.3816,1,0.180778,0.4646,0.8495,1.627,2.0447,7.1847
Dalvin Marte,COL,0.1498,0.2958,1,0.180556,0.4073,0.8143,1.625,2.0404,7.21584
Jakson Gamboa,BOS,0.1461,0.3131,1,0.181889,0.4836,0.8583,1.637,2.0758,7.46064
Carlos Galindo,MIL,0.1535,0.2785,1,0.198,0.4031,0.7357,1.782,1.966,7.21242
Gabriel Torres,,0.1679,0.2109,1,0.182111,0.4327,0.8239,1.639,2.042,7.24482
Yannelbinson Lugo,,0.1646,0.2266,1,0.182778,0.409,0.8065,1.645,2.0354,7.24212
Delni Uribe,,0.1719,0.1919,1,0.188667,0.411,0.7781,1.698,2.0057,7.23861
Jareth Rayo,ATH,0.1679,0.2109,1,0.195556,0.4841,0.8055,1.76,1.9975,7.22358
Victor De La Cruz,LAA,0.1461,0.3131,1,0.180778,0.4609,0.8507,1.627,2.05,7.20621
Caleb Nieman,,0.1144,0.4624,1,0.182333,0.4965,0.8669,1.641,2.0459,7.12269
Michel Cervantes,SDP,0.1754,0.1754,1,0.178556,0.4921,0.8829,1.607,2.0672,7.22223
Alexander Diaz,BAL,0.1754,0.1754,1,0.189667,0.4478,0.804,1.707,2.0163,7.25436
Jhoan Thomas,WSN,0.1754,0.1754,1,0.176444,0.4655,0.8723,1.588,2.0672,7.21503
Iverson Paulino,SFG,0.1461,0.3131,1,0.183556,0.4697,0.8458,1.652,2.0391,7.20144
Jhon Nunez,,0.1277,0.3997,1,0.184778,0.4426,0.8226,1.663,2.0295,7.20225
Jeicol Surumay,,0.1595,0.2505,1,0.186222,0.4667,0.8299,1.676,2.0301,7.2387
Emilio Jiménez,STL,0.1504,0.2934,1,0.159222,0.4932,0.9686,1.433,2.1267,6.9984
Yoslaniel Hernandez,PIT,0.1719,0.1919,1,0.159111,0.4775,0.9619,1.432,2.1332,7.04313
Oscar Montero,NYM,0.1754,0.1754,1,0.171556,0.4875,0.9104,1.544,2.0944,7.21656
Juan Rivera,KCR,0.1754,0.1754,1,0.189667,0.3937,0.7705,1.707,2.0068,7.25787
Alexis Marinez,DET,0.1754,0.1754,1,0.170444,0.563,0.9612,1.534,2.0949,7.0641
Henry Alcantara,SEA,0.1719,0.1919,1,0.175444,0.4305,0.8538,1.579,2.0654,7.22898
Cesar Ayala,,0.1719,0.1919,1,0.190444,0.4334,0.7995,1.714,2.0168,7.25841
Anderson Encarnacion,LAA,0.1504,0.2934,1,0.189111,0.424,0.7918,1.702,2.0108,7.2369
Derik Aquino,LAD,0.1284,0.3964,1,0.171222,0.5073,0.9221,1.541,2.0926,7.18281
Omar Gonzalez,NYY,0.166,0.22,1,0.199889,0.5079,0.8055,1.799,1.9851,7.10055
Carlos Hampshire,NYY,0.1096,0.4846,1,0.166333,0.5058,0.943,1.497,2.1042,7.11891
Adrianyer Lopez,HOU,0.1535,0.2785,1,0.181889,0.4472,0.847,1.637,2.0512,7.22529
Gleiderson Mendoza,COL,0.1512,0.2892,1,0.179333,0.4639,0.8609,1.614,2.0505,7.191
Omar Damian,HOU,0.1688,0.2068,1,0.186889,0.5394,0.884,1.682,2.0428,7.22169
Santiago De Freitas,DET,0.1081,0.4921,1,0.162444,0.5025,0.9684,1.462,2.1255,7.02846
Stiveen Rojas,MIA,0.1421,0.3321,1,0.161556,0.4809,0.9565,1.454,2.121,7.02945
Maximo Martinez,,0.1253,0.4113,1,0.178556,0.4837,0.8875,1.607,2.074,7.23258
Deimer Rodriguez,BAL,0.1149,0.4599,1,0.173222,0.4351,0.8764,1.559,2.0793,7.19874
Juan Archbold,,0.1567,0.2637,1,0.185889,0.4592,0.8391,1.673,2.0447,7.28919
Kahley Chan,COL,0.1498,0.2958,1,0.189667,0.4016,0.7855,1.707,2.0183,7.2819
Yordany Marte,CHW,0.1754,0.1754,1,0.193778,0.4612,0.8088,1.744,2.0219,7.34526
Harlin Naut,BAL,0.1253,0.4113,1,0.189667,0.4197,0.8042,1.707,2.0316,7.23411
Amauri Otero,,0.1196,0.4376,1,0.162333,0.4619,0.9515,1.461,2.1261,7.05411
Victor De Leon,NYY,0.1719,0.1919,1,0.184222,0.4626,0.8572,1.658,2.0568,7.28847
Dalvin Taveras,NYY,0.1646,0.2266,1,0.172889,0.4271,0.8757,1.556,2.0867,7.25778
Roberto Urdaneta,ATH,0.1474,0.3074,1,0.203222,0.4982,0.7967,1.829,2.0036,7.32843
Yonaiker Perez,TBR,0.1595,0.2505,1,0.179889,0.461,0.8731,1.619,2.0713,7.28001
Juan Collado,MIN,0.1253,0.4113,1,0.173778,0.4915,0.9217,1.564,2.1052,7.26399
Irvin Gonzalez,CIN,0.1526,0.2826,1,0.202333,0.4777,0.7897,1.821,2.0113,7.31511
Jhordari Jimenez,CLE,0.1754,0.1754,1,0.177111,0.4639,0.8833,1.594,2.0782,7.27632
Kenyer Navarro,TOR,0.1423,0.3313,1,0.184111,0.4108,0.8299,1.657,2.056,7.29972
Alexander Pichardo,LAD,0.1539,0.2769,1,0.182444,0.4567,0.8617,1.642,2.0646,7.29567
Jose Vega,STL,0.1719,0.1919,1,0.182333,0.4119,0.8288,1.641,2.054,7.30881
Erick Matos,ATH,0.1461,0.3131,1,0.181889,0.464,0.869,1.637,2.0633,7.26561
Julio M Rossi,CLE,0.1754,0.1754,1,0.185556,0.4557,0.846,1.67,2.0486,7.2999
Fabian Soto,LAA,0.1754,0.1754,1,0.185222,0.475,0.8624,1.667,2.0584,7.31601
Jose De La Rosa,,0.1754,0.1754,1,0.185778,0.4295,0.8296,1.672,2.051,7.33932
Stijn Van Der Schaaf,,0.1461,0.3131,1,0.184111,0.455,0.8524,1.657,2.0552,7.2936
Jesus Mejia,,0.133,0.375,1,0.184222,0.4674,0.8579,1.658,2.0561,7.29324
Lazaro Mena,CHC,0.1535,0.2785,1,0.184556,0.461,0.8609,1.661,2.067,7.32429
Steven Garcia,BOS,0.1719,0.1919,1,0.183667,0.4493,0.8581,1.653,2.0629,7.30395
Gabriel Paez,TBR,0.16,0.248,1,0.174556,0.5133,0.9392,1.571,2.1004,7.11549
Joshawn Lampson,,0.1525,0.2835,1,0.182556,0.4547,0.8543,1.643,2.0566,7.29765
Emannoel Madeira,,0.1688,0.2068,1,0.185444,0.4497,0.8464,1.669,2.0459,7.27569
Luis Perdomo,BAL,0.163,0.234,1,0.207222,0.4538,0.7616,1.865,1.9837,7.31277
Carlos Barrientos,CHC,0.1754,0.1754,1,0.170556,0.4853,0.9393,1.535,2.1096,7.14564
Yander Maria,CHC,0.1461,0.3131,1,0.179444,0.5026,0.9129,1.615,2.0858,7.24959
Justin Burgos,PHI,0.1719,0.1919,1,0.184444,0.4388,0.8489,1.66,2.0622,7.32978
Marcos Veras,MIL,0.1547,0.2727,1,0.184333,0.4868,0.8814,1.659,2.0721,7.32213
Jose Puello,ARI,0.1754,0.1754,1,0.187889,0.353,0.7811,1.691,2.0319,7.31529
Oscar Vaamonde,BOS,0.1688,0.2068,1,0.176444,0.4662,0.8992,1.588,2.0841,7.24581
Paul Chacon,ATH,0.1754,0.1754,1,0.185111,0.4128,0.8243,1.666,2.0481,7.32708
Miguel Martinez,MIN,0.1144,0.4624,1,0.177444,0.5077,0.929,1.597,2.1019,7.27146
Isaac Brujan,BOS,0.1679,0.2109,1,0.191556,0.4227,0.8097,1.724,2.0308,7.33302
Jean Rivero,MIL,0.1349,0.3659,1,0.180111,0.4919,0.9034,1.621,2.0849,7.28748
Emmanuel Hernandez,TBR,0.1723,0.1903,1,0.194556,0.4454,0.8137,1.751,2.0211,7.3161
Johander Rubio,,0.1754,0.1754,1,0.185556,0.5099,0.8967,1.67,2.0654,7.27848
Yohandry Gonzalez,,0.1349,0.3659,1,0.183889,0.461,0.8688,1.655,2.0702,7.32528
Jeison Sanchez,,0.1307,0.3857,1,0.184111,0.4354,0.8525,1.657,2.0701,7.3467
Jerson Alejandro,NYY,0.1461,0.3131,1,0.189778,0.5546,0.8954,1.708,2.0442,7.14357
Victor Vizcaya,HOU,0.1196,0.4376,1,0.183222,0.4579,0.876,1.649,2.0741,7.29477
Baldemix Cabrera,,0.1096,0.4846,1,0.184778,0.4591,0.8704,1.663,2.0689,7.29801
Ismael Contreras,COL,0.1337,0.3717,1,0.174333,0.4561,0.9099,1.569,2.1087,7.30242
Jose Cedeño,CLE,0.1574,0.2604,1,0.185778,0.4364,0.8493,1.672,2.0641,7.34751
Chase Mobley,CLE,0.1339,0.3709,1,0.170556,0.6257,1.0334,1.535,2.1787,7.36236
Wilson Betemit Jr.,,0.156,0.267,1,0.196222,0.435,0.8041,1.766,2.0225,7.353
Franyer Mendez,CIN,0.1725,0.1895,1,0.186667,0.4254,0.8408,1.68,2.06,7.35552
Yeremi Mendez,COL,0.1654,0.2224,1,0.188778,0.4392,0.841,1.699,2.0544,7.36047
Luis Martinez,COL,0.1716,0.1936,1,0.189556,0.4239,0.8291,1.706,2.0469,7.34715
Manuel Marchan,CIN,0.1625,0.2365,1,0.183111,0.4425,0.8677,1.648,2.0747,7.33932
Franiel Severino,TOR,0.1493,0.2983,1,0.186111,0.4607,0.8677,1.675,2.0681,7.34022
Yobanny Sanchez,NYM,0.1754,0.1754,1,0.190778,0.4436,0.8348,1.717,2.0459,7.36299
Adrian Martinez,MIN,0.1719,0.1919,1,0.189667,0.4968,0.8774,1.707,2.0635,7.36695
Hector Moreno,NYY,0.1754,0.1754,1,0.173111,0.5338,0.9654,1.558,2.1215,7.29936
Wuilinyer Tovar,ATL,0.1574,0.2604,1,0.184222,0.4109,0.839,1.658,2.0812,7.43355
Angel Brito,HOU,0.1502,0.2942,1,0.188444,0.4551,0.8571,1.696,2.0593,7.34328
Langston Burkett,,0.1512,0.2892,1,0.187778,0.4276,0.8364,1.69,2.0551,7.36533
Anyel Manzueta,WSN,0.156,0.267,1,0.176444,0.4663,0.9088,1.588,2.1049,7.3494
Antony Carela,CLE,0.1679,0.2109,1,0.180444,0.4631,0.8951,1.624,2.091,7.34778
Emmanuel Pena,BAL,0.1754,0.1754,1,0.176333,0.4828,0.9301,1.587,2.1132,7.33221
Anthony Herrera,BOS,0.1144,0.4624,1,0.180333,0.5012,0.9234,1.623,2.0991,7.31214
Luis Cepeda,ARI,0.1632,0.2332,1,0.177222,0.4632,0.9134,1.595,2.0933,7.20333
Maickol Reyes,PIT,0.1595,0.2505,1,0.184444,0.3972,0.8412,1.66,2.0728,7.37901
Isaias Acosta,TEX,0.1632,0.2332,1,0.181222,0.4352,0.8785,1.631,2.0881,7.36209
Andres Herrera,COL,0.1754,0.1754,1,0.190778,0.4349,0.8349,1.717,2.0518,7.40187
Rickelby Ramos,SDP,0.1719,0.1919,1,0.168889,0.4223,0.922,1.52,2.1241,7.22826
Edwin Marte,BAL,0.1461,0.3131,1,0.194556,0.4797,0.8513,1.751,2.0507,7.33473
Rudit Pina,,0.1632,0.2332,1,0.179,0.45,0.8958,1.611,2.0968,7.35966
Randy Soto,SDP,0.167,0.215,1,0.184222,0.4216,0.8606,1.658,2.0853,7.41708
Steven Duran,MIL,0.1679,0.2109,1,0.177222,0.4321,0.8897,1.595,2.0999,7.38252
Carlos Martinez,DET,0.1754,0.1754,1,0.170778,0.3591,0.8743,1.537,2.1166,7.37361
Oniel Diaz,CIN,0.1698,0.2018,1,0.198444,0.4288,0.8039,1.786,2.0193,7.38783
Erick Batista,SDP,0.1289,0.3939,1,0.174556,0.5482,0.986,1.571,2.1189,7.1676
Antwan Montana,CLE,0.167,0.215,1,0.182556,0.4363,0.8843,1.643,2.0994,7.43085
Jesus Vasquez,MIL,0.1196,0.4376,1,0.177778,0.455,0.9247,1.6,2.1227,7.37073
Johan Cabeza,CIN,0.147,0.309,1,0.211444,0.4791,0.7955,1.903,2.0189,7.43562
Luis Hernandez,SFG,0.1688,0.2068,1,0.182333,0.414,0.8653,1.641,2.0909,7.43931
Dennison Rodriguez,PIT,0.1611,0.2431,1,0.184556,0.4569,0.8949,1.661,2.0947,7.40376
Diego Palmero,,0.1688,0.2068,1,0.176778,0.4302,0.9052,1.591,2.1213,7.44372
Leonardo Rondon,,0.1144,0.4624,1,0.189556,0.4783,0.8863,1.706,2.0771,7.40349
Luis Reyes,HOU,0.1289,0.3939,1,0.166444,0.4501,0.9751,1.498,2.1507,7.18578
Javier Rojas,KCR,0.1414,0.3354,1,0.187889,0.4352,0.8731,1.691,2.0899,7.45533
Yohn Melendez,SDP,0.1132,0.4682,1,0.187,0.4293,0.8753,1.683,2.0937,7.443
Yadier Concepcion,CHC,0.1719,0.1919,1,0.194556,0.3747,0.8064,1.751,2.054,7.47963
Abraham Hernandez,MIA,0.1323,0.3783,1,0.158222,0.4738,1.0276,1.424,2.1928,7.19253
Miguel Movilio,HOU,0.1349,0.3659,1,0.175333,0.4725,0.9532,1.578,2.1407,7.40439
Josue Perez,SFG,0.1754,0.1754,1,0.178889,0.4723,0.935,1.61,2.1244,7.43166
Miguel Vargas,ARI,0.1754,0.1754,1,0.190222,0.4317,0.8645,1.712,2.0844,7.49844
Enmanuel Carela,WSN,0.156,0.267,1,0.200667,0.4158,0.811,1.806,2.0364,7.46694
Darian Rivero,CHC,0.1504,0.2934,1,0.192,0.4191,0.8483,1.728,2.0744,7.48179
Alfredo Guzman,ARI,0.1481,0.3041,1,0.188222,0.4441,0.887,1.694,2.1038,7.50591
Jhendry Ciriaco,TBR,0.1716,0.1936,1,0.193444,0.3799,0.8138,1.741,2.0576,7.49466
Lionel Prevosti,ATL,0.1574,0.2604,1,0.185,0.443,0.8953,1.665,2.0978,7.43112
Agustin Campusano,MIN,0.1574,0.2604,1,0.191556,0.4155,0.8532,1.724,2.0777,7.48125
Angel Alcantara,HOU,0.1096,0.4846,1,0.180889,0.4391,0.9151,1.628,2.125,7.44813
Jorman Santana,HOU,0.1316,0.3816,1,0.184556,0.4256,0.8878,1.661,2.1015,7.443
Ricardo Heredia,,0.1461,0.3131,1,0.180222,0.464,0.9276,1.622,2.1142,7.39521
Alexander De Los Santos,PHI,0.1384,0.3494,1,0.197778,0.4875,0.874,1.78,2.0634,7.41141
Andres Ortiz,DET,0.1754,0.1754,1,0.196333,0.4488,0.8588,1.767,2.0669,7.49223
Cristopher Silvestre,BOS,0.1723,0.1903,1,0.168667,0.3943,0.9429,1.518,2.157,7.33338
Gensil Rosario,NYM,0.1754,0.1754,1,0.190111,0.4772,0.9078,1.711,2.1033,7.50717
Carlos Toro,SFG,0.1595,0.2505,1,0.188333,0.4184,0.8723,1.695,2.0969,7.5123
Wilfred Paca,SDP,0.1349,0.3659,1,0.191333,0.4244,0.8605,1.722,2.0785,7.48206
Andres Perez,CLE,0.1611,0.2431,1,0.184556,0.412,0.8853,1.661,2.1119,7.51761
Alison Zacarias,COL,0.1211,0.4311,1,0.178444,0.4413,0.9339,1.606,2.1301,7.42167
Alex Gonzalez,,0.1211,0.4311,1,0.179778,0.4897,0.9689,1.618,2.1501,7.46532
Jhon Beltre,NYY,0.1719,0.1919,1,0.182111,0.4374,0.9142,1.639,2.1293,7.54155
Jostin Alcantara,TEX,0.1274,0.4014,1,0.180111,0.4608,0.9406,1.621,2.14,7.49628
Leyvi Rodriguez,NYM,0.1632,0.2332,1,0.177889,0.4776,0.9511,1.601,2.1333,7.461
Diego Perez,CHW,0.1461,0.3131,1,0.183222,0.4744,0.9375,1.649,2.134,7.52904
Cristopher Alburquerque,COL,0.1316,0.3816,1,0.166333,0.4565,0.9973,1.497,2.1777,7.31556
Angel De Jesus,BAL,0.1723,0.1903,1,0.193111,0.4131,0.8617,1.738,2.0837,7.5213
Jesus Colmenarez,CLE,0.13,0.389,1,0.186444,0.3965,0.888,1.678,2.1159,7.51572
Yoandres Valdiviezo,SDP,0.1754,0.1754,1,0.187444,0.4154,0.8924,1.687,2.1174,7.56855
Freilyn Silverio,,0.1461,0.3131,1,0.190556,0.4319,0.8901,1.715,2.1093,7.57044
Yeferson Gonzalez,,0.1316,0.3816,1,0.171333,0.4747,0.998,1.542,2.1778,7.45992
Anferni Gonzalez,,0.1595,0.2505,1,0.198333,0.4294,0.8554,1.785,2.0707,7.54515
Victor Jimenez,HOU,0.1574,0.2604,1,0.198111,0.4148,0.8581,1.783,2.0846,7.58259
Greison Acosta,NYM,0.1579,0.2579,1,0.171556,0.4443,0.9839,1.544,2.1763,7.41843
Juan Medina,,0.1579,0.2579,1,0.196444,0.4249,0.8633,1.768,2.0914,7.62534
Raudi Perez,,0.1344,0.3684,1,0.190444,0.4045,0.8872,1.714,2.1129,7.59285
Franchel Crisostomo,CHW,0.1504,0.2934,1,0.186222,0.4663,0.9542,1.676,2.1555,7.62822
Franniel Reynoso,WSN,0.1719,0.1919,1,0.184778,0.4322,0.9251,1.663,2.1387,7.632
Hamlet Santos,PIT,0.1754,0.1754,1,0.181556,0.4331,0.9562,1.634,2.1689,7.63785
Stanly Alcantara,,0.1096,0.4846,1,0.165556,0.4353,1.0153,1.49,2.2161,7.57656
Cristofer Brujan,CLE,0.1754,0.1754,1,0.189889,0.4244,0.9303,1.709,2.1529,7.71102
Ramces Camargo,CIN,0.1321,0.3791,1,0.181778,0.4604,0.9925,1.636,2.186,7.63686
Adrian Pena,MIA,0.1484,0.3024,1,0.177667,0.5197,1.042,1.599,2.2071,7.63623
Jordy Brache,MIL,0.137,0.356,1,0.182111,0.4719,1.0033,1.639,2.1954,7.66944
Hector Aguilar,ATL,0.167,0.215,1,0.174556,0.3936,0.9932,1.571,2.2223,7.72461
Luis Velasquez,,0.13,0.389,1,0.190556,0.4416,0.9613,1.715,2.1708,7.73334
Daniel Munoz,MIL,0.1196,0.4376,1,0.183889,0.48,1.0196,1.655,2.2058,7.71345
Hayden Vucinovich,MIL,0.1144,0.4624,1,0.191111,0.5043,1.0124,1.72,2.1914,7.70535
Franklin Mejia,MIA,0.136,0.361,1,0.172667,0.4371,1.0798,1.554,2.2703,7.69644
Bryan Regalado,MIL,0.1096,0.4846,1,0.201889,0.4285,0.9702,1.817,2.1837,7.86195
Joe Corbett,,0,1,1,0.139556,0.9508,0.4407,1.256,1.3848,4.34376
Dillon Tate,LAA,0,1,1,0.117111,0.7565,0.3967,1.054,1.4316,4.33737
Cameron Cotter,CIN,0,1,1,0.135778,0.7196,0.3761,1.222,1.4473,4.57236
Joe Record,,0.0454,0.7864,1,0.116222,0.8473,0.4296,1.046,1.4192,4.22505
Mike Baumann,,0,1,1,0.125222,0.9177,0.4723,1.127,1.4346,4.37841
Matt Andriese,,0,1,1,0.137556,0.7241,0.2969,1.238,1.3638,4.43295
Richard Bleier,,0,1,1,0.113222,0.6046,0.3188,1.019,1.4303,4.27797
Zac Houston,,0,1,1,0.126556,0.9899,0.4934,1.139,1.4126,4.31676
Jackson Rees,BAL,0,1,1,0.118778,0.9604,0.4975,1.069,1.4399,4.24692
Logan Allen,,0,1,1,0.121,0.7232,0.3658,1.089,1.4257,4.32702
Michael Giacone,,0,1,1,0.125444,0.9098,0.4691,1.129,1.4213,4.22091
T.J. McFarland,,0,1,1,0.102444,0.6882,0.3808,0.922,1.4488,4.16178
Luke Jackson,,0,1,1,0.114889,0.9037,0.4978,1.034,1.4637,4.34187
Johan Simon,DET,0,1,1,0.0928889,0.8091,0.5017,0.836,1.4886,4.0248
Emmanuel Ramirez,,0,1,1,0.132333,0.8875,0.4257,1.191,1.4075,4.4064
Roenis Elías,,0,1,1,0.129111,0.8074,0.2795,1.162,1.2837,3.94731
Brad Deppermann,,0,1,1,0.133889,0.815,0.3757,1.205,1.3854,4.37427
Al Pesto,,0,1,1,0.132556,0.8945,0.3938,1.193,1.3753,4.30974
Tucker Davidson,PHI,0,1,1,0.130667,0.7694,0.4144,1.176,1.429,4.42152
Tyler Jay,MIL,0,1,1,0.122778,0.7823,0.3978,1.105,1.4021,4.19346
Tyler Chatwood,,0,1,1,0.116667,0.8139,0.4452,1.05,1.4551,4.36122
Seth Martinez,,0,1,1,0.137889,0.8067,0.3442,1.241,1.3757,4.51476
Drew Steckenrider,ATH,0,1,1,0.154,0.8446,0.3903,1.386,1.4097,4.67847
Doug Nikhazy,CHC,0,1,1,0.136444,0.902,0.4769,1.228,1.4156,4.29372
Justin Anderson,,0,1,1,0.117778,0.9341,0.5096,1.06,1.4586,4.3542
Tony Santillan,CIN,0,1,1,0.154222,1.014,0.5116,1.388,1.4529,4.63788
Dillon Peters,,0.0402,0.8112,1,0.131222,0.7345,0.3336,1.181,1.3919,4.36338
Charlie Beilenson,SEA,0,1,1,0.123889,0.9033,0.3715,1.115,1.3135,3.924
Rubby De La Rosa,,0,1,1,0.132,0.8652,0.4139,1.188,1.4165,4.4604
Darien Núñez,,0.0458,0.7848,1,0.146667,0.9948,0.4868,1.32,1.4248,4.41711
Brock Moore,BAL,0,1,1,0.114111,0.9942,0.5579,1.027,1.4733,4.21218
Kolby Allard,PHI,0,1,1,0.153556,0.7687,0.278,1.382,1.3063,4.2822
Jacob Kmatz,LAD,0,1,1,0.159111,0.8076,0.3178,1.432,1.3303,4.42854
Jackson Rose,,0,1,1,0.132667,0.9329,0.4354,1.194,1.3982,4.37247
Jake Jewell,,0,1,1,0.132889,0.8829,0.4108,1.196,1.3923,4.35195
Yerry Rodríguez,NYY,0,1,1,0.138,0.938,0.4614,1.242,1.4039,4.31352
José Leclerc,,0,1,1,0.140556,0.9818,0.4647,1.265,1.3768,4.35843
Will Johnston,ATH,0.0119,0.9439,1,0.129556,0.9135,0.5493,1.166,1.515,4.49118
Noe Toribio,,0,1,1,0.116444,0.8413,0.474,1.048,1.4837,4.51359
Bailey Falter,,0.0649,0.6949,1,0.153222,0.8206,0.3264,1.379,1.3468,4.46706
Zach Thompson,,0,1,1,0.141444,0.7409,0.3622,1.273,1.4114,4.57731
Josh Staumont,,0,1,1,0.126667,0.9815,0.5173,1.14,1.4372,4.34853
Dominic Leone,,0,1,1,0.132,0.9432,0.4762,1.188,1.432,4.41396
Cody Laweryson,MIN,0,1,1,0.139111,0.8417,0.3866,1.252,1.3941,4.48956
Luis Vargas,ATL,0,1,1,0.127556,0.9727,0.5042,1.148,1.4339,4.31883
Collin McHugh,,0.0049,0.9769,1,0.134444,0.8136,0.3701,1.21,1.3902,4.41324
Tyler Gilbert,CHW,0.0195,0.9085,1,0.140778,0.8354,0.3748,1.267,1.3648,4.22469
Mason Thompson,,0,1,1,0.121444,0.8534,0.4512,1.093,1.4387,4.37913
Cory Abbott,,0,1,1,0.149,0.9491,0.4025,1.341,1.3519,4.401
Bryce Jenkins,NYM,0,1,1,0.114778,0.8955,0.4881,1.033,1.447,4.19886
Brad Hand,,0,1,1,0.129556,0.927,0.4599,1.166,1.4131,4.34835
Tanner Andrews,TOR,0,1,1,0.127778,0.8777,0.4851,1.15,1.454,4.41009
Sam McWilliams,BOS,0,1,1,0.126667,0.9533,0.4848,1.14,1.4544,4.51197
Raffi Vizcaíno,,0,1,1,0.111222,0.9241,0.5276,1.001,1.4834,4.30326
Royber Salinas,,0.0509,0.7609,1,0.127333,0.9471,0.4968,1.146,1.4299,4.33206
Jordan Lyles,,0,1,1,0.161333,0.8107,0.2615,1.452,1.2994,4.51269
Justin Garza,NYM,0,1,1,0.142444,0.8256,0.3887,1.282,1.3952,4.46913
Pierson Ohl,COL,0.0468,0.7798,1,0.173444,0.7366,0.2286,1.561,1.3636,4.9662
Hagen Danner,,0,1,1,0.118111,0.8304,0.461,1.063,1.4652,4.39542
Tommy Doyle,,0,1,1,0.141889,0.8209,0.4387,1.277,1.527,5.02092
Brooks Wilson,,0,1,1,0.126556,0.9484,0.503,1.139,1.4407,4.34844
Andry Lara,WSN,0,1,1,0.132556,0.7385,0.3495,1.193,1.3853,4.36113
Avery Weems,,0,1,1,0.129667,0.828,0.4374,1.167,1.4174,4.28319
Jacob Barnes,,0,1,1,0.145,0.8115,0.3731,1.305,1.4032,4.54707
Francis Peña,SDP,0.0191,0.9101,1,0.101556,0.797,0.5133,0.914,1.4954,4.17726
Andrew Walters,CLE,0,1,1,0.128889,1.1618,0.4973,1.16,1.3605,4.06872
Mason Olson,TOR,0.0996,0.5316,1,0.125444,0.7806,0.3466,1.129,1.3702,4.22397
Durbin Feltman,,0,1,1,0.138333,0.916,0.4313,1.245,1.3972,4.42305
Sean Doolittle,,0,1,1,0.153778,0.9845,0.412,1.384,1.3365,4.33242
Carson Fulmer,SEA,0,1,1,0.129222,0.7963,0.3342,1.163,1.3328,4.05324
Robbie Erlin,,0,1,1,0.128333,0.7471,0.3635,1.155,1.3993,4.30506
John Rooney,TBR,0,1,1,0.102556,0.9469,0.5092,0.923,1.4352,3.96963
Bobby Olsen,STL,0.0112,0.9472,1,0.113778,0.7639,0.4227,1.024,1.4431,4.31118
Joey Wentz,ATL,0.1051,0.5061,1,0.139,0.9292,0.434,1.251,1.4069,4.45959
Sam Gardner,TOR,0,1,1,0.132111,0.9508,0.4567,1.189,1.3978,4.27815
Blake Brown,WSN,0,1,1,0.132556,0.8791,0.4748,1.193,1.4553,4.509
Brian Hendry,NYY,0.0721,0.6611,1,0.139556,0.8835,0.4318,1.256,1.4152,4.43826
Riley Gowens,CHW,0.0333,0.8433,1,0.148667,0.8644,0.365,1.338,1.3431,4.33683
Brad Wieck,,0,1,1,0.135,0.8741,0.4198,1.215,1.3925,4.31271
Kirby Snead,PHI,0,1,1,0.120444,0.7647,0.4664,1.084,1.4849,4.40334
Francisco Morales,,0,1,1,0.120444,0.9831,0.5928,1.084,1.5094,4.43853
Justin Courtney,,0,1,1,0.131667,0.8991,0.4267,1.185,1.3964,4.29516
Andrew McInvale,,0,1,1,0.132889,0.9141,0.456,1.196,1.4262,4.44906
Chad Smith,,0,1,1,0.116444,0.9055,0.5171,1.048,1.486,4.37994
Justin Topa,NYY,0,1,1,0.121,0.7307,0.3866,1.089,1.4374,4.37022
Ricardo Pinto,,0,1,1,0.128111,0.7187,0.4039,1.153,1.4615,4.55247
Alan Busenitz,,0,1,1,0.129222,0.7576,0.3741,1.163,1.4069,4.39416
RJ Petit,COL,0.0312,0.8532,1,0.146778,0.8261,0.4143,1.321,1.4974,5.04405
Chris Campos,LAD,0,1,1,0.163333,0.7988,0.303,1.47,1.3213,4.46868
Jimmy Joyce,SEA,0,1,1,0.115778,0.8935,0.3977,1.042,1.3415,3.93723
Kyle Jones,,0,1,1,0.129111,0.7859,0.3965,1.162,1.4221,4.43106
Clayton Andrews,,0,1,1,0.127444,0.9509,0.5283,1.147,1.4609,4.23585
Carlos Rodriguez,MIL,0,1,1,0.149889,0.8902,0.4376,1.349,1.3887,4.46427
Mike Vasil,CHW,0.0191,0.9101,1,0.128556,0.8153,0.3971,1.157,1.3908,4.33719
Jean Henriquez,,0,1,1,0.133111,0.8919,0.4261,1.198,1.4101,4.38192
Chasen Shreve,,0,1,1,0.139556,0.8459,0.3901,1.256,1.3854,4.33773
Jose Quezada,,0,1,1,0.129667,0.8627,0.4451,1.167,1.4258,4.36725
Yoan López,,0,1,1,0.132889,0.9406,0.4506,1.196,1.3999,4.28886
Conner Menez,,0,1,1,0.119111,0.8679,0.473,1.072,1.4546,4.27365
Ben Peterson,SFG,0.0035,0.9835,1,0.110889,0.8432,0.4864,0.998,1.4527,4.31433
Bryan Rodriguez,,0,1,1,0.105556,0.6931,0.4349,0.95,1.5064,4.42179
McKinley Moore,,0,1,1,0.109111,0.9963,0.6079,0.982,1.5141,4.29417
Miguel Díaz,,0,1,1,0.130444,0.8991,0.4305,1.174,1.3991,4.32819
Ben Bowden,ATH,0,1,1,0.160889,0.8722,0.4541,1.448,1.4444,4.71564
José Quijada,,0,1,1,0.125778,1.1182,0.5858,1.132,1.4379,4.1733
Domingo Tapia,,0,1,1,0.118111,0.9095,0.531,1.063,1.4742,4.29489
Leon Hunter Jr.,,0.0165,0.9225,1,0.131111,0.8906,0.4571,1.18,1.4377,4.46157
Hayden Seig,LAA,0,1,1,0.121556,0.7642,0.3803,1.094,1.4152,4.30434
Vince Velasquez,KCR,0,1,1,0.147222,0.8752,0.4331,1.325,1.4245,4.5954
Steffon Moore,CIN,0,1,1,0.131444,1.0318,0.6257,1.183,1.5445,4.50648
Dakota Chalmers,,0,1,1,0.123222,1.0199,0.5658,1.109,1.4795,4.41297
Johan Quezada,,0,1,1,0.126222,0.9427,0.4871,1.136,1.4406,4.39173
Tyler Bryant,MIL,0,1,1,0.132333,0.9574,0.5016,1.191,1.4468,4.42737
Sam Coonrod,,0,1,1,0.118556,0.9074,0.5106,1.067,1.4747,4.41351
Ethan Small,,0,1,1,0.134,0.8981,0.4533,1.206,1.402,4.25367
Lyon Richardson,,0.0658,0.6908,1,0.112667,0.8833,0.501,1.014,1.4634,4.24269
Luis Frías,,0,1,1,0.127111,0.9166,0.4544,1.144,1.4138,4.31586
Nathan Blasick,COL,0,1,1,0.115889,0.7523,0.5072,1.043,1.6112,4.97115
Isaac Gallegos,ATL,0.0393,0.8153,1,0.117444,0.7977,0.4348,1.057,1.4667,4.46103
Shohei Tomioka,ATH,0,1,1,0.121556,0.7649,0.4995,1.094,1.5449,4.67829
Matt Peacock,,0,1,1,0.116889,0.7711,0.4414,1.052,1.4761,4.37166
Marco Gonzales,,0,1,1,0.147111,0.6765,0.2847,1.324,1.3615,4.43088
Austin Pope,,0,1,1,0.117,0.8022,0.4063,1.053,1.4425,4.43178
Josh Sborz,TEX,0,1,1,0.134,0.9232,0.5001,1.206,1.4347,4.40658
Gabe Klobosits,CHC,0,1,1,0.129222,0.9121,0.4695,1.163,1.4314,4.38975
Garrett Wright,CHW,0,1,1,0.121333,0.9266,0.5395,1.092,1.4849,4.32162
Lucas Mahlstedt,LAA,0,1,1,0.130889,0.867,0.4138,1.178,1.3831,4.24053
Andrew Suárez,,0,1,1,0.132556,0.7891,0.393,1.193,1.418,4.38588
Luis Perdomo,,0,1,1,0.119556,0.6767,0.3785,1.076,1.4648,4.46148
Brandon Komar,,0.0798,0.6248,1,0.112889,0.6176,0.3599,1.016,1.4667,4.47399
Vinny Nittoli,,0,1,1,0.138111,0.8342,0.387,1.243,1.3861,4.43889
Nick Ramirez,,0,1,1,0.135222,0.6796,0.3532,1.217,1.4281,4.4658
Ty Blach,,0,1,1,0.129778,0.6544,0.2585,1.168,1.3504,4.25979
Caleb Bolden,BOS,0.0533,0.7493,1,0.111667,0.7966,0.4394,1.005,1.4749,4.52835
Jakob Hernandez,,0,1,1,0.132889,0.908,0.4671,1.196,1.4244,4.32504
Anthony Castro,,0,1,1,0.127889,0.9073,0.4828,1.151,1.4458,4.40901
Kyle Crick,,0,1,1,0.129444,0.9408,0.4946,1.165,1.4468,4.48569
Shintaro Fujinami,,0.0407,0.8087,1,0.111111,0.9713,0.5886,1,1.5066,4.36842
Tommy Henry,ARI,0,1,1,0.129556,0.7979,0.3533,1.166,1.3874,4.29543
Phillips Valdez,,0,1,1,0.109111,0.7276,0.4109,0.982,1.4816,4.53285
John McMillon,,0,1,1,0.121111,1.0133,0.5883,1.09,1.4924,4.35294
Conner Greene,,0.007,0.967,1,0.140444,0.9347,0.4325,1.264,1.3974,4.42413
Anthony Misiewicz,CIN,0,1,1,0.147556,0.8363,0.4077,1.328,1.4229,4.49217
Tyler Ras,CHC,0,1,1,0.138444,0.8681,0.3958,1.246,1.3788,4.40163
Bryce Jarvis,ARI,0,1,1,0.131333,0.823,0.4383,1.182,1.46,4.7043
Sean Sullivan,PIT,0,1,1,0.138111,0.7681,0.3692,1.243,1.4104,4.58406
Antonio Santos,,0,1,1,0.154778,0.8752,0.4265,1.393,1.4677,4.98564
Nick Merkel,MIL,0,1,1,0.127111,0.8081,0.4273,1.144,1.4297,4.38984
Max Kranick,,0,1,1,0.155333,0.7416,0.3719,1.398,1.4061,4.62951
Mason Burns,STL,0,1,1,0.111778,0.8488,0.5053,1.006,1.485,4.33926
Michael Darrell-Hicks,PIT,0,1,1,0.123556,0.8329,0.4169,1.112,1.4261,4.47696
Tim Naughton,,0,1,1,0.132667,0.8722,0.4501,1.194,1.4287,4.43439
Shaun Anderson,LAA,0,1,1,0.150333,0.7567,0.2874,1.353,1.3293,4.38354
Lazaro Estrada,TOR,0,1,1,0.151444,0.9103,0.3274,1.363,1.2842,4.22514
Gabriel Yanez,,0,1,1,0.122556,0.7311,0.3989,1.103,1.4347,4.3146
Robert Corniel,,0,1,1,0.126222,0.7681,0.4059,1.136,1.4552,4.54023
J.B. Wendelken,,0,1,1,0.122778,0.8221,0.4535,1.105,1.4614,4.46823
Tink Hence,STL,0.0849,0.6009,1,0.123556,0.8399,0.4498,1.112,1.4354,4.3902
Jake Walkinshaw,MIA,0,1,1,0.111889,0.7257,0.4132,1.007,1.4638,4.38471
Michael Perez,MIA,0.0163,0.9233,1,0.112333,0.9045,0.5159,1.011,1.4712,4.32369
Giovanny Gallegos,,0,1,1,0.153889,0.9243,0.3997,1.385,1.3703,4.48407
Kelvin Cáceres,LAA,0,1,1,0.117111,0.9566,0.5301,1.054,1.4659,4.27635
Christian Roa,HOU,0,1,1,0.127778,0.9648,0.5383,1.15,1.4652,4.45923
Bubby Rossman,,0,1,1,0.141778,0.9337,0.4498,1.276,1.4064,4.47858
Kevin Gowdy,,0,1,1,0.100444,0.776,0.4806,0.904,1.4855,4.19274
Cristian Hernandez,,0.0195,0.9085,1,0.138778,0.8508,0.4029,1.249,1.3904,4.4442
José Marte,NYM,0,1,1,0.118778,0.9285,0.5167,1.069,1.456,4.24971
Wen-Hui Pan,PHI,0,1,1,0.141222,0.8244,0.4257,1.271,1.4192,4.53501
Ryan Jennings,,0,1,1,0.127111,0.9443,0.4729,1.144,1.4182,4.33098
Brendan White,,0.0086,0.9596,1,0.116444,0.8059,0.4586,1.048,1.4725,4.46922
Tyler Matzek,,0,1,1,0.134444,0.9326,0.5248,1.21,1.4729,4.48398
Albert Abreu,,0,1,1,0.115333,0.9066,0.5383,1.038,1.5047,4.42755
Jackson Kowar,BAL,0,1,1,0.137,0.9145,0.4843,1.233,1.461,4.58073
Nick Sandlin,DET,0,1,1,0.132333,0.9362,0.4766,1.191,1.4037,4.34952
Colin Fields,DET,0.0725,0.6595,1,0.138556,0.8335,0.3511,1.247,1.34,4.35087
Brian Howard,,0,1,1,0.134667,0.8661,0.4378,1.212,1.4275,4.48812
Roansy Contreras,,0,1,1,0.149556,0.7889,0.3905,1.346,1.4206,4.67109
Aaron Shortridge,PIT,0,1,1,0.141222,0.7475,0.3534,1.271,1.4063,4.6098
Jack O'Loughlin,,0,1,1,0.124111,0.8172,0.4422,1.117,1.4493,4.37715
Jaime Barria,,0.0582,0.7262,1,0.149556,0.7562,0.3103,1.346,1.3738,4.52043
Darrell Thompson,,0,1,1,0.138111,0.934,0.4704,1.243,1.4182,4.35132
Chris Kean,NYY,0,1,1,0.152333,0.8362,0.3633,1.371,1.3508,4.40037
Melvin Adón,,0,1,1,0.112778,0.8519,0.518,1.015,1.5063,4.43313
Nick Nelson,,0,1,1,0.126444,0.7411,0.3809,1.138,1.4091,4.42611
Peter Solomon,,0,1,1,0.137444,0.8401,0.4165,1.237,1.4155,4.48794
Aaron Combs,PHI,0,1,1,0.141111,0.8638,0.4621,1.27,1.4436,4.58073
Chris Stratton,,0,1,1,0.131667,0.8585,0.4505,1.185,1.4437,4.45707
Efrain Contreras,,0,1,1,0.142778,0.9228,0.4118,1.285,1.3672,4.34295
Tayler Montiel,ARI,0,1,1,0.101667,0.8358,0.5364,0.915,1.5406,4.36734
Joey Gerber,NYM,0,1,1,0.147889,0.9111,0.3738,1.331,1.3396,4.31955
Brian Moran,,0,1,1,0.139556,0.8059,0.3401,1.256,1.342,4.22343
James Gonzalez,ATH,0.0679,0.6809,1,0.133556,0.7318,0.4436,1.202,1.4993,4.64535
Blair Calvo,,0,1,1,0.117667,0.8353,0.4779,1.059,1.4759,4.46121
Anderson Pilar,ATL,0.0516,0.7576,1,0.135778,0.8003,0.3625,1.222,1.3785,4.45527
Nick Kennedy,,0,1,1,0.105778,0.7598,0.4909,0.952,1.512,4.30164
Ty Adcock,SDP,0,1,1,0.140556,0.8996,0.4164,1.265,1.3794,4.32873
Hansel Robles,,0,1,1,0.134444,0.9201,0.464,1.21,1.4566,4.64085
Kyle Cody,,0,1,1,0.133667,0.7741,0.3853,1.203,1.4211,4.53645
Wil Jensen,,0,1,1,0.141444,0.8622,0.414,1.273,1.3987,4.47507
Evan Taylor,CHC,0.0491,0.7691,1,0.110778,0.8747,0.5187,0.997,1.4778,4.22595
Noah Denoyer,,0.0975,0.5415,1,0.131333,0.8645,0.4589,1.182,1.4526,4.54068
Luis Romero,,0,1,1,0.128111,0.8425,0.4526,1.153,1.4546,4.51152
Juan Minaya,,0,1,1,0.129,0.8568,0.4519,1.161,1.4439,4.52304
Tyler Duffey,,0,1,1,0.134556,0.853,0.4393,1.211,1.4395,4.50027
Adrián Martinez,,0.0074,0.9654,1,0.156889,0.7805,0.3716,1.412,1.4392,4.86954
Roberto Osuna,,0,1,1,0.149222,0.7804,0.3214,1.343,1.3828,4.65282
Kodi Whitley,TBR,0,1,1,0.149556,0.8538,0.3419,1.346,1.3234,4.33368
Mike Clevinger,,0,1,1,0.146333,0.8425,0.3432,1.317,1.327,4.39434
Roel Ramírez,SDP,0,1,1,0.128667,0.7981,0.4135,1.158,1.4271,4.44627
Sean Nolin,,0,1,1,0.142889,0.8215,0.3814,1.286,1.3932,4.45014
Garrett McDaniels,LAD,0,1,1,0.0985556,0.7873,0.5611,0.887,1.5688,4.28067
Jake McSteen,,0,1,1,0.136667,0.7695,0.3685,1.23,1.4,4.38408
Alejandro Mateo,,0.0184,0.9134,1,0.134444,0.8439,0.4335,1.21,1.4314,4.50405
Nash Walters,,0,1,1,0.126333,0.8637,0.4746,1.137,1.4637,4.49784
Anthony Solometo,PIT,0,1,1,0.118111,0.7799,0.4677,1.063,1.4902,4.47102
Lucas Kelly,SEA,0,1,1,0.129111,1.0665,0.4949,1.162,1.3537,3.99024
Peyton Alford,SEA,0.0168,0.9208,1,0.125333,0.9694,0.4492,1.128,1.3451,3.87666
Daniel Norris,,0,1,1,0.129778,0.8319,0.4365,1.168,1.4381,4.42269
José Mujica,,0.0042,0.9802,1,0.151444,0.8396,0.4007,1.363,1.4076,4.63797
Manuel Castro,SDP,0,1,1,0.137556,0.8957,0.4683,1.238,1.4281,4.4163
Austin Cox,ATL,0.0028,0.9868,1,0.129444,0.8435,0.4168,1.165,1.429,4.33188
César Vargas,,0.0732,0.6562,1,0.137444,0.817,0.4057,1.237,1.431,4.59162
Jack Choate,SFG,0.0428,0.7988,1,0.119,0.8667,0.4803,1.071,1.4177,4.2399
Reid Morgan,,0,1,1,0.131556,0.7494,0.386,1.184,1.4309,4.51926
Tommy Hunter,,0,1,1,0.145111,0.7937,0.3559,1.306,1.3906,4.57164
Gregory Santos,,0,1,1,0.101556,0.8366,0.4922,0.914,1.4794,4.23189
Jack Neely,CHC,0,1,1,0.139556,0.9659,0.4735,1.256,1.4029,4.40622
Jerming Rosario,LAD,0,1,1,0.130889,0.9408,0.5493,1.178,1.4919,4.50612
Brett Schulze,,0.0193,0.9093,1,0.128556,0.9214,0.5077,1.157,1.4654,4.48794
José Ureña,,0.0698,0.6718,1,0.134667,0.7207,0.4018,1.212,1.4703,4.7169
Julio Rodriguez,HOU,0,1,1,0.0986667,0.8785,0.5484,0.888,1.513,4.28895
Nick Avila,,0,1,1,0.136778,0.8498,0.4324,1.231,1.432,4.5288
Trevor Bettencourt,,0.0168,0.9208,1,0.127111,0.7712,0.422,1.144,1.455,4.51629
Cole Henry,,0,1,1,0.156,0.9119,0.4639,1.404,1.4226,4.77612
Anthony Vizcaya,,0,1,1,0.141444,0.8442,0.3948,1.273,1.4109,4.56345
Ryan Anderson,,0,1,1,0.125111,0.7785,0.4484,1.126,1.4589,4.32954
Jordi Martinez,,0,1,1,0.126667,0.8626,0.484,1.14,1.4597,4.36482
Samuel Strickland,ATL,0.0244,0.8854,1,0.142667,0.735,0.3217,1.284,1.3714,4.41135
Corey Knebel,,0,1,1,0.129,0.9228,0.5134,1.161,1.4724,4.50144
Lucas Wepf,LAD,0,1,1,0.145778,0.9389,0.4947,1.312,1.4476,4.56606
Kirk McCarty,,0.0419,0.8029,1,0.139556,0.8038,0.3965,1.256,1.4273,4.48434
Geronimo Franzua,,0.0314,0.8524,1,0.131333,0.8695,0.4804,1.182,1.4712,4.55031
Jack Sellinger,MIA,0,1,1,0.108556,0.882,0.5345,0.977,1.4869,4.21002
Miguel Sánchez,,0,1,1,0.131778,0.8539,0.4581,1.186,1.4478,4.48767
Anthony Veneziano,TEX,0.0142,0.9332,1,0.130444,0.7675,0.3923,1.174,1.4092,4.38732
Miguel Castro,,0,1,1,0.132333,0.8632,0.4344,1.191,1.4142,4.3893
Nick Zwack,SFG,0,1,1,0.127222,0.8216,0.4396,1.145,1.4112,4.31883
Archie Bradley,,0,1,1,0.128778,0.761,0.4035,1.159,1.4509,4.57065
Barrett Loseke,NYY,0,1,1,0.15,0.9252,0.4503,1.35,1.4088,4.49838
Landry Jurecka,SDP,0.0254,0.8804,1,0.134333,0.832,0.4413,1.209,1.4382,4.46562
Cy Nielson,PIT,0,1,1,0.106444,0.8022,0.522,0.958,1.5344,4.45851
Mathias LaCombe,CHW,0.0268,0.8738,1,0.131778,0.91,0.4895,1.186,1.441,4.3992
Austin Krob,,0.1035,0.5135,1,0.106222,0.7038,0.46,0.956,1.5108,4.37769
Saul Garcia,NYM,0.0132,0.9382,1,0.128333,0.9433,0.4917,1.155,1.4036,4.21029
Bear Bellomy,,0,1,1,0.136556,0.876,0.45,1.229,1.4377,4.54752
Oddanier Mosqueda,,0,1,1,0.120667,0.8683,0.4907,1.086,1.4482,4.2867
Jesse Hahn,,0,1,1,0.0966667,0.816,0.5471,0.87,1.5401,4.2903
Blake Workman,,0,1,1,0.142444,0.854,0.4116,1.282,1.4144,4.57038
Teddy McGraw,SEA,0.0188,0.9118,1,0.12,0.8036,0.3616,1.08,1.3495,4.04478
Logan Whitaker,MIA,0,1,1,0.128111,0.8019,0.4198,1.153,1.4473,4.5144
Matt Moore,KCR,0,1,1,0.137444,0.9219,0.4873,1.237,1.4582,4.48281
Moises Lugo,,0,1,1,0.139444,0.9586,0.4977,1.255,1.4344,4.46265
Nick Starr,DET,0,1,1,0.139556,0.8279,0.38,1.256,1.3906,4.46805
Yefri Del Rosario,,0,1,1,0.138444,0.8975,0.4591,1.246,1.4274,4.5072
CD Pelham,PIT,0.0281,0.8681,1,0.127333,0.7921,0.5245,1.146,1.5466,4.65246
Will Brian,NYY,0.0175,0.9175,1,0.129556,0.9038,0.53,1.166,1.4837,4.3542
Phil Bickford,,0,1,1,0.150778,0.9043,0.4053,1.357,1.3668,4.54275
Darlin Saladin,STL,0,1,1,0.113,0.7701,0.4683,1.017,1.475,4.36563
Seth Shuman,SEA,0,1,1,0.129667,0.7617,0.2965,1.167,1.2997,4.03542
Marco Jimenez,DET,0,1,1,0.119333,0.7454,0.4094,1.074,1.4393,4.37049
Cole Roland,TEX,0,1,1,0.141111,0.8571,0.454,1.27,1.4254,4.50747
Ryan Weber,,0,1,1,0.136778,0.6409,0.2999,1.231,1.4106,4.57542
Max Kuhns,,0,1,1,0.140778,0.8803,0.5003,1.267,1.4767,4.63716
Logan Gillaspie,SDP,0,1,1,0.138222,0.714,0.3174,1.244,1.3612,4.34772
Samuel Reyes,,0.0488,0.7708,1,0.138444,0.7631,0.4217,1.246,1.4595,4.65417
Sam Long,KCR,0,1,1,0.133556,0.7832,0.4505,1.202,1.5026,4.69503
PJ Poulin,WSN,0.0718,0.6628,1,0.124889,0.8218,0.5003,1.124,1.4925,4.4586
Paulshawn Pasqualotto,MIN,0,1,1,0.128,0.8208,0.4211,1.152,1.4291,4.47489
Garrett Davila,,0,1,1,0.138222,0.8221,0.4089,1.244,1.3948,4.35996
Trevor Clifton,,0,1,1,0.133889,0.8797,0.4345,1.205,1.4275,4.48335
Andrew Cabezas,,0,1,1,0.138,0.8575,0.4377,1.242,1.4338,4.56102
Hans Crouse,SDP,0,1,1,0.131778,0.9836,0.5617,1.186,1.465,4.36482
Keylan Killgore,,0,1,1,0.125,0.869,0.5014,1.125,1.471,4.36842
Joe Harvey,,0,1,1,0.138111,0.878,0.4399,1.243,1.4377,4.59522
Zach Peek,,0.0358,0.8318,1,0.125444,0.8348,0.4442,1.129,1.4341,4.36383
Matt Cronin,,0,1,1,0.130556,0.8556,0.4768,1.175,1.4538,4.38516
Jhancarlos Lara,WSN,0,1,1,0.0955556,1.0366,0.7675,0.86,1.6438,4.37517
Carson Ragsdale,,0,1,1,0.142,0.887,0.4116,1.278,1.3743,4.39029
Logan Sawyer,,0,1,1,0.135333,0.8084,0.4191,1.218,1.4365,4.55643
Trevor Brigden,,0,1,1,0.150222,0.9444,0.4111,1.352,1.3634,4.43358
Jairo Iriarte,CHW,0,1,1,0.120222,0.8336,0.4953,1.082,1.4771,4.38516
Michael Walsh,PIT,0.0056,0.9736,1,0.134778,0.725,0.3719,1.213,1.4432,4.70979
Jesse Bergin,,0,1,1,0.135333,0.8424,0.4425,1.218,1.4378,4.52772
Bailey Horn,DET,0,1,1,0.124222,0.8904,0.4633,1.118,1.4181,4.18662
Josh Dye,,0.0568,0.7328,1,0.132333,0.7665,0.4075,1.191,1.4444,4.49073
Chris Flexen,,0.0161,0.9241,1,0.150889,0.7725,0.35,1.358,1.3978,4.57893
Elvis Luciano,,0,1,1,0.134667,0.8996,0.4863,1.212,1.4661,4.58487
Estibenzon Jimenez,PHI,0,1,1,0.153222,0.7637,0.3657,1.379,1.3948,4.64517
Tyson Guerrero,KCR,0.0263,0.8763,1,0.135333,0.8427,0.4357,1.218,1.4442,4.56426
Nick Howard,,0,1,1,0.130444,0.8204,0.4505,1.174,1.4641,4.56678
Jake Fishman,,0,1,1,0.127556,0.7339,0.3761,1.148,1.4351,4.4694
A.J. Block,,0.0246,0.8846,1,0.114556,0.8119,0.5018,1.031,1.4986,4.3722
Josh Green,,0.0411,0.8071,1,0.118333,0.6831,0.4067,1.065,1.4842,4.56795
Stephen Jones,MIA,0,1,1,0.118,0.871,0.5041,1.062,1.4802,4.43214
Pedro Garcia,,0,1,1,0.148222,0.965,0.5384,1.334,1.4981,4.77342
Brett de Geus,,0,1,1,0.119889,0.6795,0.426,1.079,1.4928,4.55166
Sawyer Hawks,ARI,0,1,1,0.121778,0.8935,0.5114,1.096,1.4981,4.59414
Joey Marciano,,0.0449,0.7889,1,0.114333,0.8381,0.5302,1.029,1.5166,4.3848
Billy Lescher,,0,1,1,0.140556,0.8503,0.398,1.265,1.3929,4.46958
Raul Brito,,0,1,1,0.119889,0.8326,0.4932,1.079,1.48,4.45815
Thaddeus Ward,,0,1,1,0.115889,0.8634,0.5624,1.043,1.5236,4.47048
Zack Weiss,,0,1,1,0.139111,0.9055,0.474,1.252,1.4463,4.55688
Javy Guerra,,0.0142,0.9332,1,0.129222,0.84,0.4735,1.163,1.4774,4.57047
Alfredo Zarraga,TBR,0,1,1,0.131111,0.9407,0.4899,1.18,1.4366,4.40298
Alex Speas,,0,1,1,0.114111,1.0658,0.6499,1.027,1.532,4.35843
Cole McDonald,,0,1,1,0.128778,0.8764,0.4632,1.159,1.4472,4.46931
Skylar Arias,,0.0488,0.7708,1,0.130444,0.8858,0.4765,1.174,1.4792,4.59504
Joel Valdez,,0,1,1,0.107889,0.824,0.5238,0.971,1.5106,4.33836
Fraser Ellard,,0.0379,0.8219,1,0.119556,0.9633,0.5708,1.076,1.485,4.19067
Kevin Warunek,PHI,0,1,1,0.137556,0.8561,0.509,1.238,1.4906,4.554
Brendan Nail,,0.0607,0.7147,1,0.130222,0.7973,0.4305,1.172,1.4504,4.49325
Graeme Stinson,TBR,0.044,0.793,1,0.117667,0.8573,0.4858,1.059,1.4656,4.29471
Luis Velasquez,NYY,0,1,1,0.120111,0.8728,0.5542,1.081,1.515,4.41702
Camden Minacci,LAA,0,1,1,0.128444,0.8457,0.4552,1.156,1.4425,4.38138
Collin Wiles,,0,1,1,0.155,0.7871,0.4121,1.395,1.4792,4.95117
Chase Wallace,,0,1,1,0.124111,0.7522,0.4327,1.117,1.4697,4.53663
Chase Cohen,ATH,0,1,1,0.141111,0.825,0.4994,1.27,1.5355,4.89402
Woo-Suk Go,,0,1,1,0.119556,0.8831,0.4794,1.076,1.4664,4.42431
Joan Adon,,0.0658,0.6908,1,0.132667,0.8037,0.4596,1.194,1.4738,4.63311
A.J. Puckett,,0,1,1,0.123556,0.7415,0.425,1.112,1.4598,4.50144
Jason Blanchard,,0.0244,0.8854,1,0.125444,0.8086,0.4693,1.129,1.4738,4.43205
Bryan Sammons,,0,1,1,0.153889,0.8459,0.3763,1.385,1.3732,4.48632
Miguel Cienfuegos,,0.0449,0.7889,1,0.115444,0.6485,0.4036,1.039,1.4819,4.42863
Jacob Wallace,CHC,0,1,1,0.135667,0.8656,0.4526,1.221,1.4279,4.4595
Jack Dallas,PHI,0,1,1,0.159222,0.7799,0.359,1.433,1.3829,4.66758
Jose Espada,BAL,0,1,1,0.144444,0.8868,0.494,1.3,1.4672,4.62771
Lincoln Henzman,ATH,0,1,1,0.148222,0.7299,0.3989,1.334,1.4814,4.90464
Shane McCarthy,,0,1,1,0.139444,0.8374,0.4313,1.255,1.436,4.58379
Jake Reindl,,0,1,1,0.129889,0.9486,0.5297,1.169,1.47,4.51602
William Woods,,0,1,1,0.149222,0.8956,0.4275,1.343,1.4099,4.60908
Luis Amaya,,0,1,1,0.127111,0.7948,0.4494,1.144,1.4636,4.45149
Génesis Cabrera,,0,1,1,0.135111,0.8759,0.4836,1.216,1.4491,4.45761
Jesus Cruz,,0,1,1,0.140667,0.8359,0.4142,1.266,1.4284,4.58415
Adam Kolarek,,0,1,1,0.106444,0.7341,0.4957,0.958,1.5362,4.41252
Domingo Robles,ATH,0.0219,0.8969,1,0.146556,0.6763,0.3774,1.319,1.459,4.71816
Cory Wall,ATL,0,1,1,0.146,0.8403,0.39,1.314,1.3974,4.56939
Matt Ruppenthal,,0.0226,0.8936,1,0.128,0.8177,0.4497,1.152,1.4518,4.53078
Haylen Green,,0.0139,0.9349,1,0.124111,0.8084,0.4726,1.117,1.476,4.43142
Mitch Mueller,MIN,0,1,1,0.136333,0.8687,0.4353,1.227,1.4234,4.51989
Eric Stout,,0,1,1,0.138444,0.8925,0.4614,1.246,1.4306,4.46472
Beau Sulser,,0,1,1,0.148556,0.7112,0.3108,1.337,1.3813,4.61502
Christian McGowan,PHI,0.017,0.92,1,0.135444,0.7785,0.4542,1.219,1.4792,4.68657
Carlos Guzman,NYM,0,1,1,0.130444,0.9014,0.4793,1.174,1.4304,4.34907
Jose Corniell,TEX,0,1,1,0.144111,0.8183,0.3894,1.297,1.3747,4.43457
Duane Underwood Jr.,,0,1,1,0.127,0.7981,0.4511,1.143,1.4662,4.58559
Patrick Ruotolo,,0,1,1,0.146778,0.8674,0.4215,1.321,1.402,4.54653
Oscar Rayo,KCR,0.0254,0.8804,1,0.129,0.6822,0.3639,1.161,1.4292,4.49964
Jeurys Familia,,0,1,1,0.125,0.8496,0.5025,1.125,1.4981,4.54761
Noah Davis,PIT,0,1,1,0.130556,0.8184,0.402,1.175,1.4169,4.52619
Alexis Díaz,TEX,0,1,1,0.136111,0.9858,0.6098,1.225,1.5026,4.69638
Rylan Kaufman,,0,1,1,0.123778,0.9098,0.5487,1.114,1.5041,4.41999
Max Castillo,,0,1,1,0.149222,0.7252,0.3218,1.343,1.4054,4.74318
Nick Gallagher,,0,1,1,0.131556,0.8849,0.484,1.184,1.4528,4.52277
Eric Hanhold,,0,1,1,0.127889,0.8535,0.491,1.151,1.4859,4.59333
Jacob Stretch,,0,1,1,0.134667,0.8961,0.4945,1.212,1.4708,4.58649
Carter Loewen,,0,1,1,0.135222,0.8755,0.484,1.217,1.4506,4.46661
Jake Lemoine,,0,1,1,0.143111,0.8438,0.4238,1.288,1.4375,4.64724
Ryan Tepera,,0,1,1,0.144222,0.8249,0.4007,1.298,1.4162,4.62744
Tyler Baum,WSN,0.0135,0.9365,1,0.130111,0.8274,0.5038,1.171,1.4952,4.60179
Jake Higginbotham,,0,1,1,0.136556,0.8233,0.4032,1.229,1.4055,4.4163
A.J. Causey,ATH,0,1,1,0.147556,0.7924,0.4487,1.328,1.4898,4.8636
Andrew Hoffmann,PHI,0,1,1,0.136111,0.8547,0.4245,1.225,1.4062,4.39029
Max Roberts,,0,1,1,0.118444,0.9044,0.5729,1.066,1.5211,4.36707
Marcel Rentería,,0,1,1,0.135444,0.8318,0.4468,1.219,1.4543,4.59657
Aaron Perry,,0.0895,0.5795,1,0.133111,0.7709,0.4189,1.198,1.4578,4.62843
Ty Tice,,0,1,1,0.130667,0.8951,0.5089,1.176,1.4777,4.54842
Jacob Bosiokovic,,0,1,1,0.125444,0.8727,0.5144,1.129,1.4933,4.54302
Keegan Batka,PHI,0,1,1,0.151778,0.9076,0.4825,1.366,1.438,4.64859
Ryan Och,SDP,0,1,1,0.124333,0.8803,0.5368,1.119,1.4935,4.34115
Anderson Paulino,,0,1,1,0.118,0.7217,0.4439,1.062,1.489,4.51998
Chase Costello,MIL,0,1,1,0.125444,0.7846,0.4622,1.129,1.4812,4.53339
Roy Garcia,,0,1,1,0.116444,0.8096,0.5118,1.048,1.5165,4.51998
Austin Davis,,0,1,1,0.122333,0.9575,0.5686,1.101,1.4843,4.36977
Carlo Reyes,,0,1,1,0.140111,0.88,0.4583,1.261,1.4352,4.56237
Austin Roberts,TEX,0.0184,0.9134,1,0.130111,0.8623,0.5182,1.171,1.4818,4.52763
Griff McGarry,LAD,0,1,1,0.120111,1.096,0.7275,1.081,1.5909,4.4991
Jack Little,DET,0,1,1,0.153889,0.7898,0.3784,1.385,1.3832,4.58847
Alex Segal,,0,1,1,0.127556,0.9044,0.516,1.148,1.491,4.47867
Bailey Dees,,0,1,1,0.137889,0.8623,0.4526,1.241,1.4128,4.44834
Caleb Baragar,,0,1,1,0.132778,0.8753,0.4801,1.195,1.4206,4.37607
Glenn Otto Jr.,HOU,0,1,1,0.141222,0.9162,0.4372,1.271,1.4105,4.56597
Jake Walsh,,0,1,1,0.132889,0.8748,0.4889,1.196,1.472,4.58406
Jonah Scolaro,,0,1,1,0.127111,0.8802,0.5121,1.144,1.4861,4.46256
Wil Crowe,,0,1,1,0.132556,0.7957,0.444,1.193,1.4732,4.57461
David Phelps,,0.0028,0.9868,1,0.135333,0.8877,0.4861,1.218,1.4696,4.63077
Ryan Nutof,,0,1,1,0.123,0.783,0.4726,1.107,1.4932,4.5522
Mitchell Kilkenny,,0,1,1,0.137,0.8028,0.424,1.233,1.449,4.626
Osiris German,,0,1,1,0.135778,0.8313,0.4478,1.222,1.4563,4.61007
Matt Pushard,MIA,0,1,1,0.131667,0.8495,0.3929,1.185,1.3892,4.3722
Kyle Hill,,0,1,1,0.137778,0.8734,0.47,1.24,1.4451,4.54653
Darren O'Day,,0,1,1,0.149667,0.8483,0.4019,1.347,1.4084,4.68576
Ryan Dollar,NYM,0,1,1,0.129556,0.9482,0.5274,1.166,1.46,4.37832
Derrick Edington,TBR,0,1,1,0.123556,0.7827,0.4328,1.112,1.4541,4.4424
Nick Jones,,0,1,1,0.129,0.8116,0.457,1.161,1.4551,4.43682
Alex Claudio,,0,1,1,0.119111,0.6234,0.3926,1.072,1.4875,4.46598
Zach Vennaro,,0,1,1,0.109444,0.8335,0.552,0.985,1.5446,4.5081
Christian Montes De Oca,,0,1,1,0.131889,0.7743,0.3931,1.187,1.4192,4.48227
David Leal,,0.017,0.92,1,0.147667,0.709,0.393,1.329,1.4713,4.79943
Enoli Paredes,,0,1,1,0.122222,0.8785,0.531,1.1,1.4896,4.47552
Andrew Walling,PHI,0.0584,0.7254,1,0.120111,0.826,0.5719,1.081,1.5479,4.48794
Cruz Noriega,,0.0282,0.8672,1,0.137556,0.7396,0.3841,1.238,1.4334,4.6134
Tim Cate,,0.0154,0.9274,1,0.126222,0.8422,0.503,1.136,1.4921,4.46256
Hayden Deal,,0.0895,0.5795,1,0.127222,0.734,0.4183,1.145,1.4596,4.49469
Jake Sanchez,,0,1,1,0.146667,0.865,0.4379,1.32,1.4219,4.55076
Nelson L. Alvarez,,0,1,1,0.132778,0.8485,0.4717,1.195,1.4553,4.53744
Lane Ramsey,,0,1,1,0.143778,0.9185,0.4806,1.294,1.4456,4.63356
Anderson Munoz,,0,1,1,0.138444,0.8892,0.4759,1.246,1.4555,4.61277
Jackson Goddard,,0,1,1,0.134333,0.8768,0.4651,1.209,1.4807,4.75542
Keynan Middleton,LAD,0,1,1,0.143222,0.8951,0.5149,1.289,1.4868,4.6683
Robert Gsellman,,0,1,1,0.129889,0.7462,0.4068,1.169,1.4548,4.57587
Jonathan Holder,,0.0665,0.6875,1,0.137778,0.8438,0.4197,1.24,1.431,4.54284
Seth Mayberry,,0,1,1,0.137889,0.8936,0.488,1.241,1.447,4.49694
Gerardo Reyes,,0,1,1,0.163111,0.9494,0.5012,1.468,1.4741,4.9095
Jeremy Walker,,0.0319,0.8499,1,0.144444,0.7347,0.4121,1.3,1.4624,4.74471
Erich Uelmen,,0,1,1,0.138111,0.7593,0.44,1.243,1.4747,4.71924
Drew Dowd,TBR,0,1,1,0.133,0.8455,0.4343,1.197,1.4104,4.30794
Kolton Ingram,,0,1,1,0.117778,0.8657,0.5543,1.06,1.5208,4.39497
Connor Lunn,,0,1,1,0.155444,0.7702,0.3002,1.399,1.3361,4.49784
Jeff Brigham,,0,1,1,0.139667,0.9836,0.4752,1.257,1.4243,4.59747
Ofreidy Gómez,NYM,0.0626,0.7056,1,0.115333,0.8842,0.5307,1.038,1.4894,4.37184
Dalton Moats,,0,1,1,0.132556,0.8981,0.5136,1.193,1.4755,4.46922
Ryan Brady,,0,1,1,0.132,0.7205,0.3948,1.188,1.4481,4.58928
R.J. Dabovich,SFG,0,1,1,0.123444,0.9021,0.5447,1.111,1.4911,4.53105
Angel Obando,TOR,0,1,1,0.133111,0.8783,0.4677,1.198,1.4468,4.47714
Chris Villaman,,0,1,1,0.146444,0.8103,0.3969,1.318,1.401,4.49046
Daniel Wright,CHW,0.0233,0.8903,1,0.145556,0.7488,0.374,1.31,1.4176,4.56255
Robert Cranz,WSN,0,1,1,0.142222,0.9183,0.5253,1.28,1.472,4.62303
Ryder Ryan,LAD,0,1,1,0.146,0.7613,0.4072,1.314,1.4467,4.68405
Josh Mallitz,SDP,0,1,1,0.145333,0.8086,0.4153,1.308,1.416,4.51539
Patrick Halligan,BOS,0.0346,0.8376,1,0.136667,0.8549,0.4454,1.23,1.4454,4.65093
Luis Contreras,,0,1,1,0.146556,0.8637,0.4709,1.319,1.4568,4.71222
Jeff Belge,,0,1,1,0.128889,0.8565,0.509,1.16,1.4775,4.40901
Owen White,,0,1,1,0.132667,0.6994,0.3408,1.194,1.4182,4.54041
Rodolfo Martinez,,0,1,1,0.131889,0.8786,0.5057,1.187,1.4897,4.61772
Tyler Owens,DET,0,1,1,0.116778,0.741,0.4199,1.051,1.4589,4.38948
Norge Ruiz,,0,1,1,0.134,0.6961,0.378,1.206,1.4592,4.67037
Ryan Sherriff,,0,1,1,0.130444,0.7909,0.4326,1.174,1.467,4.62195
Michael Stryffeler,,0,1,1,0.130111,0.8799,0.5176,1.171,1.4955,4.5936
Antonio Velez,,0,1,1,0.139667,0.8044,0.4272,1.257,1.445,4.54896
Jimmy Yacabonis,,0,1,1,0.135778,0.852,0.439,1.222,1.4333,4.47669
Mike Morin,,0.0439,0.7939,1,0.148444,0.8526,0.4062,1.336,1.4232,4.6746
Ben Holmes,,0,1,1,0.141778,0.8619,0.4496,1.276,1.4364,4.53006
Luke Taggart,DET,0.0523,0.7543,1,0.134667,0.7896,0.4079,1.212,1.4315,4.54266
Eury Ramos,,0,1,1,0.147111,0.8511,0.4858,1.324,1.4826,4.75686
J.B. Olson,,0.0461,0.7831,1,0.138667,0.7386,0.3848,1.248,1.4406,4.66353
Trey Cobb,,0,1,1,0.125,0.8574,0.5146,1.125,1.4974,4.563
Trevin Michael,DET,0.0209,0.9019,1,0.135444,0.8716,0.4522,1.219,1.4109,4.4082
Eric Pardinho,TOR,0.0205,0.9035,1,0.126,0.8713,0.5,1.134,1.4795,4.47255
Jake Garland,ATH,0.0407,0.8087,1,0.132778,0.5371,0.3628,1.195,1.5362,4.97916
Brett Kennedy,,0.0975,0.5415,1,0.152333,0.7268,0.3168,1.371,1.3818,4.74138
Jordan Marks,,0,1,1,0.128667,0.7497,0.4399,1.158,1.4788,4.59918
Dariel Fregio,DET,0.063,0.704,1,0.137778,0.7942,0.392,1.24,1.4008,4.49118
Jeong-Hyeon Yoon,,0,1,1,0.111556,0.7618,0.5122,1.004,1.54,4.46868
Trevor Gott,SDP,0,1,1,0.145111,0.7954,0.3933,1.306,1.3982,4.54581
Matt Minnick,,0,1,1,0.139444,0.8472,0.4524,1.255,1.4422,4.51404
Peyton Williams,,0,1,1,0.137,0.863,0.4717,1.233,1.4662,4.64499
Edwar Colina,,0.0516,0.7576,1,0.141556,0.8371,0.4654,1.274,1.457,4.6548
Tanner Kiest,,0,1,1,0.141333,0.8357,0.4806,1.272,1.4826,4.67595
Carlos Torres,COL,0,1,1,0.148222,0.6276,0.3572,1.334,1.5526,5.32881
Joshua Quezada,MIL,0,1,1,0.138333,0.8252,0.441,1.245,1.4391,4.56804
Andy Fisher,,0,1,1,0.150667,0.811,0.4557,1.356,1.4829,4.75308
Patrick Weigel,COL,0,1,1,0.145,0.8579,0.5079,1.305,1.5724,5.22801
Connor Van Scoyoc,,0.0868,0.5918,1,0.124,0.5713,0.38,1.116,1.4959,4.69206
Bernie Martinez,,0,1,1,0.142444,0.7703,0.3928,1.282,1.4276,4.63527
Kyle McGowin,,0,1,1,0.153333,0.7871,0.3593,1.38,1.3851,4.65039
Marty Gair,SFG,0,1,1,0.110333,0.9492,0.6393,0.993,1.5537,4.46679
Ryan Hennen,,0,1,1,0.14,0.8093,0.4308,1.26,1.4394,4.52493
Félix Peña,,0,1,1,0.132778,0.7593,0.4175,1.195,1.4769,4.73157
Michael Bienlien,,0.0195,0.9085,1,0.134444,0.7926,0.436,1.21,1.4513,4.59774
Nik Turley,,0,1,1,0.126667,0.8175,0.4923,1.14,1.5065,4.5612
Travis MacGregor,NYY,0.0716,0.6636,1,0.129333,0.7367,0.4362,1.164,1.4676,4.54662
Chris Veach,NYY,0,1,1,0.147,0.9043,0.4852,1.323,1.4508,4.5936
Nicholas Padilla,,0,1,1,0.119556,0.8378,0.5378,1.076,1.5243,4.54365
Trevor Kuncl,CIN,0,1,1,0.147333,0.873,0.5247,1.326,1.5268,4.85442
Adonis Medina,,0,1,1,0.108889,0.7138,0.4546,0.98,1.4962,4.40685
Tristan Stivors,,0,1,1,0.124,0.8752,0.5384,1.116,1.5214,4.61394
Listher Sosa,,0.0154,0.9274,1,0.125444,0.7413,0.4315,1.129,1.4776,4.62744
Eddy Demurias,,0,1,1,0.157444,0.8313,0.4535,1.417,1.481,4.88511
Justin Grimm,,0,1,1,0.141333,0.803,0.4196,1.272,1.4475,4.66497
Mat Olsen,,0,1,1,0.140222,0.817,0.4297,1.262,1.4522,4.68837
Moises Rodriguez,DET,0,1,1,0.114778,0.7151,0.4343,1.033,1.4827,4.48398
Yoelvin Silven,,0,1,1,0.138111,0.7944,0.4327,1.243,1.4585,4.65597
Andrew Magno,BAL,0.0319,0.8499,1,0.119889,0.8302,0.5126,1.079,1.5013,4.37418
Joey Krehbiel,,0,1,1,0.133556,0.717,0.4051,1.202,1.4655,4.63707
Andrew Politi,,0,1,1,0.142111,0.8104,0.4222,1.279,1.439,4.64967
Josh Roberson,,0,1,1,0.124444,0.8296,0.5113,1.12,1.5138,4.61547
Clark Candiotti,,0,1,1,0.127333,0.8818,0.5288,1.146,1.4977,4.57047
Cole Percival,MIN,0,1,1,0.117889,0.7686,0.462,1.061,1.4931,4.55661
Andrew Misiaszek,,0,1,1,0.130111,0.8402,0.4938,1.171,1.4812,4.49019
Andre Granillo,DET,0,1,1,0.156444,0.8541,0.4698,1.408,1.4481,4.76721
Ivan Oviedo,,0,1,1,0.121667,0.8429,0.5264,1.095,1.5256,4.62618
Jace Vines,,0,1,1,0.14,0.8191,0.4406,1.26,1.4532,4.65201
Gustavo Rodriguez,ATH,0.0232,0.8912,1,0.137111,0.7772,0.5082,1.234,1.561,4.95243
Kyle Johnston,,0.0435,0.7955,1,0.125444,0.7862,0.4815,1.129,1.512,4.6647
Aaron McGarity,,0,1,1,0.142111,0.7802,0.3827,1.279,1.3958,4.56705
Sean Poppen,,0,1,1,0.131556,0.7786,0.4442,1.184,1.4796,4.64319
Hever Bueno,,0,1,1,0.133556,0.8836,0.5138,1.202,1.4915,4.62681
Hansel Rincon,NYY,0,1,1,0.138889,0.8768,0.4991,1.25,1.4681,4.55832
Luis Ledo,,0.0656,0.6916,1,0.117889,0.7358,0.4504,1.061,1.4927,4.47957
Jake McGee,,0,1,1,0.157889,0.8486,0.3892,1.421,1.3837,4.5738
Brian Keller,PHI,0,1,1,0.164556,0.793,0.3468,1.481,1.3744,4.69845
Connor Cooke,,0,1,1,0.140778,0.9192,0.5085,1.267,1.4585,4.57848
Konnor Pilkington,,0,1,1,0.123222,0.9097,0.5545,1.109,1.504,4.37454
Taylor Lehman,,0,1,1,0.129556,0.8192,0.5476,1.166,1.5357,4.57821
Hunter Parsons,,0,1,1,0.140556,0.93,0.5057,1.265,1.4487,4.56966
Justin Wilson,,0,1,1,0.14,0.8516,0.4815,1.26,1.4678,4.58973
Triston Polley,,0,1,1,0.115222,0.7337,0.4889,1.037,1.5209,4.45914
Jarret Whorff,ATL,0,1,1,0.134333,0.7416,0.4034,1.209,1.4565,4.63464
Zach Greene,,0,1,1,0.137222,0.8505,0.476,1.235,1.476,4.67055
Chad Kuhl,,0.0098,0.9538,1,0.142333,0.835,0.4367,1.281,1.4455,4.61205
Collin Snider,CHC,0,1,1,0.149333,0.7468,0.3993,1.344,1.4474,4.78116
Zach Muckenhirn,,0,1,1,0.131556,0.7402,0.3996,1.184,1.4357,4.40586
Daniel Bard,,0,1,1,0.143111,0.9161,0.5697,1.288,1.5945,5.19678
Gabriel Sequeira,,0,1,1,0.126778,0.8339,0.4952,1.141,1.4864,4.50477
Benito Garcia,STL,0,1,1,0.137667,0.6686,0.3359,1.239,1.4058,4.56786
Braden Zarbnisky,,0,1,1,0.147889,0.8592,0.4386,1.331,1.4306,4.65489
John Creel,,0,1,1,0.136556,0.8665,0.4885,1.229,1.4761,4.64823
Jose Adames,,0,1,1,0.134,0.8626,0.474,1.206,1.4923,4.7907
Justin Armbruester,NYM,0,1,1,0.161222,0.9177,0.3809,1.451,1.3231,4.43448
Buck Farmer,,0.0049,0.9769,1,0.139444,0.8631,0.4698,1.255,1.452,4.63725
Nick Allgeyer,,0,1,1,0.145111,0.8603,0.4426,1.306,1.4214,4.52304
Angel Perdomo,,0,1,1,0.143,0.9452,0.5589,1.287,1.5131,4.68369
Angel De Jesus,,0,1,1,0.146,0.8583,0.4439,1.314,1.4419,4.68612
Will Smith,,0,1,1,0.153778,0.8779,0.427,1.384,1.411,4.61619
Collin Lowe,,0.077,0.638,1,0.136333,0.6088,0.319,1.227,1.426,4.65714
Touki Toussaint,,0,1,1,0.114778,0.9248,0.5487,1.033,1.5026,4.31622
Jorge Guzmán,,0,1,1,0.13,0.8274,0.4823,1.17,1.4857,4.63491
Lucas Jacobsen,,0.0337,0.8417,1,0.126556,0.7907,0.48,1.139,1.4974,4.54707
Nate Garkow,,0,1,1,0.135889,0.9511,0.5504,1.223,1.4777,4.5459
Peter Strzelecki,,0,1,1,0.137778,0.8109,0.3805,1.24,1.3972,4.56489
Dawson Brown,ARI,0,1,1,0.0973333,0.7893,0.5666,0.876,1.5995,4.63581
Ryan Murphy,STL,0.0174,0.9184,1,0.124,0.7643,0.4469,1.116,1.4643,4.5387
Brandon Hughes,,0.0165,0.9225,1,0.150667,0.9035,0.4439,1.356,1.4145,4.58289
Jimmy Kingsbury,SEA,0,1,1,0.126222,0.7661,0.3425,1.136,1.3356,4.10463
Logan Rinehart,BAL,0,1,1,0.132556,0.8311,0.4691,1.193,1.4722,4.55058
Chris Muller,,0,1,1,0.136778,0.8836,0.4679,1.231,1.4515,4.55526
Jasseel De La Cruz,,0.0318,0.8508,1,0.143,0.8089,0.425,1.287,1.4527,4.72626
Jacob Maton,,0,1,1,0.142889,0.7702,0.4027,1.286,1.4334,4.64769
Yanlun Zhang,,0,1,1,0.138,0.8846,0.4717,1.242,1.4546,4.54311
Josan Méndez,,0,1,1,0.135,0.7318,0.4127,1.215,1.4656,4.66551
Mark Melancon,,0,1,1,0.129444,0.6649,0.395,1.165,1.4813,4.65165
Skylar Hales,STL,0,1,1,0.122889,0.788,0.4794,1.106,1.4833,4.52034
Andrew Vasquez,,0,1,1,0.124889,0.735,0.3983,1.124,1.4406,4.44033
Denny Bentley,,0,1,1,0.129,0.8153,0.46,1.161,1.4706,4.51647
Cole Irvin,LAD,0,1,1,0.148667,0.7223,0.3412,1.338,1.4053,4.58019
Peter Van Loon,,0.0221,0.8961,1,0.146556,0.8604,0.4148,1.319,1.397,4.52952
Evan Gates,PHI,0.0332,0.8442,1,0.141667,0.7399,0.4542,1.275,1.4984,4.78368
Nate Ackenhausen,KCR,0.0304,0.8574,1,0.131556,0.8459,0.506,1.184,1.5109,4.66137
Eduardo Salazar,,0,1,1,0.119111,0.7224,0.444,1.072,1.4844,4.55004
Grant Hartwig,,0,1,1,0.129333,0.7938,0.448,1.164,1.4686,4.62474
Tayler Scott,,0,1,1,0.129,0.9289,0.5138,1.161,1.474,4.64571
Andrew Wantz,CHC,0,1,1,0.154889,0.8703,0.4586,1.394,1.4409,4.76793
Brayan De Paula,,0,1,1,0.101,0.8735,0.6353,0.909,1.5889,4.35564
Paul Campbell,,0.024,0.887,1,0.155778,0.7671,0.3383,1.402,1.3773,4.68477
Douglas Orellana,NYM,0,1,1,0.133111,0.9254,0.525,1.198,1.4581,4.40235
Edgar Navarro,,0,1,1,0.125667,0.7814,0.488,1.131,1.5094,4.57362
Bryce Bonnin,,0.0223,0.8953,1,0.144556,0.876,0.468,1.301,1.4527,4.67505
Jake Wong,,0,1,1,0.131667,0.7429,0.4382,1.185,1.4834,4.66371
Layne Henderson,,0,1,1,0.137444,0.8749,0.5017,1.237,1.475,4.61205
Joshua Cornielly,NYM,0.0211,0.9011,1,0.149444,0.8771,0.4136,1.345,1.3772,4.46103
Brandon Bielak,HOU,0,1,1,0.132111,0.6925,0.3607,1.189,1.4421,4.65201
Cody Bolton,HOU,0.0672,0.6842,1,0.141111,0.8912,0.4522,1.27,1.4418,4.63221
Aaron Hernandez,,0,1,1,0.129889,0.841,0.5075,1.169,1.5087,4.67091
Jake Shirk,PIT,0.0205,0.9035,1,0.115556,0.6149,0.4303,1.04,1.5542,4.83516
Nolan Clenney,,0,1,1,0.137444,0.771,0.4263,1.237,1.4598,4.6719
Miguel Pena,,0,1,1,0.135111,0.8464,0.4903,1.216,1.4807,4.63428
Cade Denton,COL,0.0505,0.7625,1,0.146556,0.7048,0.4174,1.319,1.5558,5.30073
Jordan Weems,,0,1,1,0.141444,0.8269,0.5212,1.273,1.528,4.83255
Amos Willingham,MIA,0,1,1,0.136444,0.8048,0.4423,1.228,1.4626,4.61538
Kyle Wilcox,,0,1,1,0.130444,0.881,0.5327,1.174,1.5077,4.635
Sean Mellen,,0.0444,0.7914,1,0.147111,0.8506,0.4447,1.324,1.4402,4.60755
Yongchan Lee,,0,1,1,0.133333,0.7156,0.4059,1.2,1.4881,4.78242
Edwin Jimenez,MIL,0,1,1,0.150778,0.7411,0.3608,1.357,1.4122,4.67955
Jharel Cotton,,0,1,1,0.156444,0.8702,0.4162,1.408,1.4035,4.71249
Garrett Williams,,0.0191,0.9101,1,0.117,0.8997,0.5922,1.053,1.5518,4.4991
Zack Mack,NYM,0,1,1,0.129778,0.8072,0.4618,1.168,1.4671,4.49487
Steven Brooks,BOS,0.027,0.873,1,0.121222,0.8637,0.5364,1.091,1.5223,4.65093
Derek True,HOU,0,1,1,0.142111,0.8247,0.4157,1.279,1.4231,4.58667
Mychal Givens,,0,1,1,0.140556,0.8608,0.4698,1.265,1.4658,4.66137
Deivi García,,0,1,1,0.136889,0.8641,0.4933,1.232,1.4714,4.63194
Magnus Ellerts,CLE,0,1,1,0.119556,1.0156,0.5643,1.076,1.491,4.3488
Luis Reyes,,0.0244,0.8854,1,0.122556,0.6875,0.4773,1.103,1.5347,4.7061
Jared Southard,LAA,0.0279,0.8689,1,0.117444,0.7376,0.4473,1.057,1.4774,4.45068
Fisher Jameson,COL,0.0246,0.8846,1,0.146444,0.6301,0.3963,1.318,1.5773,5.33781
Alex Pham,BAL,0,1,1,0.150111,0.8784,0.441,1.351,1.415,4.54644
Robbie Baker,,0,1,1,0.149667,0.7962,0.4015,1.347,1.4314,4.72437
Kendeglys Virguez,WSN,0.0172,0.9192,1,0.137,0.8531,0.5251,1.233,1.5096,4.7367
Robert Dugger,,0.0439,0.7939,1,0.134556,0.7292,0.4267,1.211,1.4753,4.67523
Steven Wilson,TBR,0,1,1,0.167556,0.9495,0.4468,1.508,1.3894,4.71042
Marques Johnson,SFG,0,1,1,0.108444,0.8475,0.5984,0.976,1.5614,4.53204
Gabriel Ponce,,0,1,1,0.144222,0.9433,0.4841,1.298,1.4431,4.60215
Bryan Magdaleno,TEX,0.0182,0.9142,1,0.103444,0.9299,0.7065,0.931,1.6175,4.36878
Adam McKillican,,0,1,1,0.142333,0.8177,0.444,1.281,1.4643,4.73076
Wilian Bormie,TEX,0.0149,0.9299,1,0.131,0.8813,0.5579,1.179,1.504,4.58217
Joe Wieland,,0.0325,0.8475,1,0.153111,0.7553,0.4499,1.378,1.5259,5.0634
Kelena Sauer,TOR,0,1,1,0.137,0.7925,0.4152,1.233,1.4418,4.5918
Justin King,MIA,0,1,1,0.115333,0.9814,0.6445,1.038,1.5601,4.40748
Joe Jones,,0.0302,0.8582,1,0.136889,0.8086,0.4572,1.232,1.4699,4.68279
Damian Mendoza,,0.0254,0.8804,1,0.136667,0.7512,0.4284,1.23,1.4719,4.70088
Trevor May,,0,1,1,0.151,0.9141,0.4755,1.359,1.4401,4.68117
Cristofer Gomez,NYM,0.0177,0.9167,1,0.129556,0.9693,0.5666,1.166,1.4813,4.43205
Ryan Boyer,,0,1,1,0.155667,0.8325,0.3891,1.401,1.3857,4.65327
Connor Sadzeck,,0,1,1,0.136111,0.8676,0.5023,1.225,1.4825,4.63437
Emailin Montilla,,0,1,1,0.122556,0.7676,0.4748,1.103,1.5272,4.6845
Gabriel Barbosa,PHI,0.0804,0.6224,1,0.155556,0.6554,0.345,1.4,1.4283,4.81698
Diego Barrera,ATH,0,1,1,0.140889,0.7247,0.4764,1.268,1.5412,4.86369
Bryce Tassin,,0.0707,0.6677,1,0.135778,0.7145,0.4044,1.222,1.4658,4.71375
Joe Barlow,,0,1,1,0.152889,0.8161,0.408,1.376,1.4225,4.71114
Randel Clemente,STL,0,1,1,0.1,1.0136,0.7422,0.9,1.6306,4.41684
Ryan Jensen,,0,1,1,0.110444,0.9052,0.6345,0.994,1.5852,4.55283
Michael Fowler,MIL,0,1,1,0.132111,0.8413,0.5112,1.189,1.5055,4.64751
Dale Stanavich,SFG,0,1,1,0.105333,0.852,0.6134,0.948,1.5614,4.37751
Jake Thompson,,0,1,1,0.137444,0.8094,0.4567,1.237,1.4747,4.70673
Nick Garcia,SEA,0.0186,0.9126,1,0.126111,0.8672,0.4335,1.135,1.3835,4.15818
Antonio Jimenez,,0.0642,0.6982,1,0.115222,0.769,0.5238,1.037,1.5156,4.45635
Spencer Bengard,MIN,0.0209,0.9019,1,0.131333,0.7471,0.4186,1.182,1.4647,4.6467
Hayden Durke,,0,1,1,0.105444,0.9871,0.6829,0.949,1.6162,4.63077
Austin Kitchen,SEA,0.0502,0.7642,1,0.115444,0.6512,0.3414,1.039,1.396,4.09689
Andrew Moore,PIT,0,1,1,0.102222,1.0061,0.7539,0.92,1.6585,4.60053
Parker Dunshee,,0,1,1,0.143,0.8496,0.4547,1.287,1.4374,4.62213
Bradley Brehmer,BAL,0,1,1,0.128,0.7125,0.4138,1.152,1.4742,4.5945
Erik Martinez,,0.09,0.577,1,0.149111,0.7944,0.4032,1.342,1.4293,4.7322
Hansel Marcelino,,0,1,1,0.141667,0.8976,0.4981,1.275,1.4857,4.76478
Taylor Williams,,0,1,1,0.130778,0.7549,0.4344,1.177,1.4786,4.66128
Zach Neal,,0.0649,0.6949,1,0.149778,0.6662,0.3155,1.348,1.4153,4.74624
Phoenix Sanders,,0,1,1,0.148,0.7695,0.3977,1.332,1.4383,4.73643
Sam Selman,,0,1,1,0.155,0.8528,0.4191,1.395,1.4188,4.66218
Will Ethridge,,0.0279,0.8689,1,0.142444,0.8331,0.4543,1.282,1.464,4.73148
Drew Smith,,0,1,1,0.159667,0.8918,0.4229,1.437,1.3952,4.62852
Blake Cederlind,,0,1,1,0.117444,0.834,0.5368,1.057,1.5617,4.78197
Logan Mercado,ARI,0.0458,0.7848,1,0.127778,0.7982,0.4752,1.15,1.52,4.82148
Austin Schulfer,PHI,0.0605,0.7155,1,0.144111,0.7326,0.443,1.297,1.4883,4.81887
Brody Rodning,,0.0523,0.7543,1,0.136333,0.7879,0.4566,1.227,1.467,4.56327
Alex Colomé,,0,1,1,0.128,0.6949,0.4478,1.152,1.527,4.70745
Matt Willrodt,,0,1,1,0.127,0.9158,0.4667,1.143,1.4095,4.22721
Zach Linginfelter,,0,1,1,0.129111,0.8627,0.5386,1.162,1.5292,4.69566
Nick Altermatt,CHW,0,1,1,0.151,0.7609,0.3911,1.359,1.4216,4.61493
Reinaldo De Paula,,0,1,1,0.135,0.8025,0.4655,1.215,1.4828,4.69566
Hunter McMahon,,0,1,1,0.127444,0.6939,0.3958,1.147,1.4767,4.69431
Clay Aguilar,,0,1,1,0.138444,0.8689,0.5106,1.246,1.4824,4.53105
Tyson Neighbors,BAL,0,1,1,0.130444,0.9616,0.5737,1.174,1.5095,4.55184
Justin Lawson,NYM,0,1,1,0.132,0.8241,0.4717,1.188,1.4644,4.50117
Carlos Betancourt,,0,1,1,0.136556,0.8106,0.4736,1.229,1.4807,4.66677
J.P. France,,0,1,1,0.134556,0.8236,0.4515,1.211,1.4591,4.62429
Cole Stasio,TEX,0.0739,0.6529,1,0.159556,0.842,0.4167,1.436,1.4087,4.74642
Justin Maese,,0,1,1,0.153333,0.8681,0.4638,1.38,1.4529,4.69728
Cristhian Tortosa,PIT,0.0226,0.8936,1,0.118333,0.9177,0.6323,1.065,1.5821,4.60791
Jacob Edwards,CIN,0.0298,0.8598,1,0.132,0.6625,0.4769,1.188,1.5718,4.83048
Dusten Knight,,0,1,1,0.148444,0.7763,0.4018,1.336,1.4374,4.72482
Matt Koch,,0,1,1,0.156333,0.6929,0.3109,1.407,1.4027,4.78656
Emilio Marquez,,0,1,1,0.147889,0.8496,0.4504,1.331,1.4656,4.76973
Keagan Gillies,BAL,0,1,1,0.148889,0.7866,0.3892,1.34,1.417,4.61916
Ben Vespi,BAL,0.0356,0.8326,1,0.140222,0.7294,0.3861,1.262,1.444,4.64229
Kyle Crigger,,0.0253,0.8813,1,0.133444,0.7352,0.4372,1.201,1.484,4.69818
Taylor Floyd,CIN,0.0232,0.8912,1,0.15,0.7302,0.4343,1.35,1.4923,4.88934
Seongmin Kim,BAL,0,1,1,0.118111,0.734,0.4884,1.063,1.5391,4.61466
Leonardo Pestana,,0.0237,0.8887,1,0.128333,0.8668,0.5386,1.155,1.5123,4.63536
Chris Vallimont,MIN,0,1,1,0.149333,0.8008,0.3759,1.344,1.3929,4.64553
Taylor Widener,,0,1,1,0.154222,0.7954,0.3826,1.388,1.4181,4.71186
Luis Oviedo,,0.006,0.972,1,0.132222,0.8106,0.4806,1.19,1.4909,4.71015
Steven Jennings,,0,1,1,0.147444,0.7947,0.424,1.327,1.4394,4.68405
Seth Elledge,ATH,0,1,1,0.170556,0.7693,0.3906,1.535,1.4659,5.10048
Nathan Burns,,0,1,1,0.135889,0.8603,0.5091,1.223,1.4931,4.67775
Jarod Bayless,PIT,0.0279,0.8689,1,0.153556,0.701,0.3115,1.382,1.3856,4.84182
Brendan Hardy,COL,0,1,1,0.154111,0.8524,0.5094,1.387,1.5799,5.34546
Seth Corry,,0,1,1,0.117111,0.7886,0.53,1.054,1.542,4.55256
Nick Vespi,,0,1,1,0.128222,0.7543,0.4577,1.154,1.4902,4.49946
Taylor Broadway,,0.0304,0.8574,1,0.151667,0.8001,0.4097,1.365,1.4475,4.81284
Trey McGough,,0.0798,0.6248,1,0.133667,0.7828,0.479,1.203,1.4967,4.61034
Enmanuel Mejia,,0.0707,0.6677,1,0.134111,0.8598,0.4795,1.207,1.4618,4.56975
Fitz Stadler,,0,1,1,0.129444,0.8637,0.5405,1.165,1.5286,4.7016
Cade Feeney,,0.056,0.737,1,0.139667,0.7006,0.3761,1.257,1.4826,4.92957
Myung-Ho Jin,,0,1,1,0.145222,0.8146,0.4417,1.307,1.4726,4.80906
Hayden Merda,NYY,0.0249,0.8829,1,0.140556,0.9344,0.563,1.265,1.5035,4.62906
Claudio Estelie,PIT,0.0544,0.7444,1,0.138556,0.7846,0.4659,1.247,1.5042,4.87602
Ty Cummings,SEA,0,1,1,0.128889,0.7203,0.3328,1.16,1.3563,4.20516
José Davila,STL,0,1,1,0.122556,0.7375,0.4548,1.103,1.468,4.51485
Adam Cimber,,0,1,1,0.133556,0.6968,0.3872,1.202,1.4547,4.72923
Diosmerky Taveras,,0,1,1,0.141778,0.8063,0.4479,1.276,1.462,4.7097
Reggie Lawson,,0,1,1,0.133667,0.8864,0.5381,1.203,1.5141,4.70196
Daniel Mengden,,0.0668,0.6858,1,0.141889,0.7406,0.4089,1.277,1.4848,4.91049
Tanner Myatt,,0,1,1,0.139111,0.8775,0.5115,1.252,1.4916,4.70628
Chance Kirby,,0.0467,0.7807,1,0.143444,0.8023,0.4132,1.291,1.4376,4.6755
Abdiel Mendoza,,0.0732,0.6562,1,0.135556,0.6687,0.3711,1.22,1.4503,4.73157
Wilmy Sanchez,NYY,0,1,1,0.123556,0.9015,0.6275,1.112,1.58,4.59495
Jose Betances,,0,1,1,0.132111,0.8831,0.5418,1.189,1.5213,4.71105
Jason Savacool,,0,1,1,0.119556,0.7205,0.4968,1.076,1.5363,4.62996
Chi Chi González,,0,1,1,0.152111,0.6128,0.2836,1.369,1.4115,4.77531
Thomas Ireland,TEX,0.0437,0.7947,1,0.130444,0.6831,0.4472,1.174,1.4806,4.53438
Andrew Bellatti,,0,1,1,0.145222,0.9106,0.5047,1.307,1.463,4.66164
Luis R. Rodriguez,NYM,0.0832,0.6092,1,0.122889,0.9034,0.5709,1.106,1.5256,4.42908
Daniel Camarena,,0,1,1,0.144111,0.7043,0.3838,1.297,1.4258,4.52115
Austin Brice,,0,1,1,0.127333,0.8406,0.5457,1.146,1.5587,4.86855
Devin Conn,,0,1,1,0.136222,0.8544,0.5101,1.226,1.4998,4.70421
Kade Bragg,MIA,0.0258,0.8788,1,0.112333,0.8985,0.6134,1.011,1.5724,4.48326
Colin Peluse,,0,1,1,0.149111,0.71,0.3663,1.342,1.4248,4.71078
Parker Carlson,NYM,0.0454,0.7864,1,0.138556,0.7384,0.4026,1.247,1.445,4.58658
Trayson Kubo,,0,1,1,0.143333,0.885,0.5048,1.29,1.4942,4.77639
Hugh Fisher,,0,1,1,0.124444,0.8448,0.5507,1.12,1.5382,4.58172
Jeremy Wu-Yelland,BOS,0.0726,0.6586,1,0.118444,0.872,0.5691,1.066,1.5599,4.6575
Nick Kuzia,,0,1,1,0.133333,0.7796,0.4667,1.2,1.4911,4.70484
Peyton Pallette,CHW,0,1,1,0.135667,0.9568,0.5262,1.221,1.4483,4.41972
Travis Lakins,,0,1,1,0.153778,0.8581,0.4189,1.384,1.4248,4.70097
Ben Johnson,,0,1,1,0.126889,0.7684,0.4986,1.142,1.5315,4.71987
Tommy McCollum,TBR,0,1,1,0.134667,0.835,0.4568,1.212,1.4488,4.55526
Ben Madison,,0,1,1,0.120556,0.9159,0.6141,1.085,1.5629,4.62366
Hunter Mann,COL,0,1,1,0.140778,0.7636,0.5052,1.267,1.617,5.36319
Ryan Loutos,SEA,0,1,1,0.127444,0.8392,0.4236,1.147,1.4021,4.22406
Walker Brockhouse,,0.0484,0.7724,1,0.122444,0.793,0.5299,1.102,1.5481,4.71042
Hayden Snelsire,TBR,0.0147,0.9307,1,0.160889,0.7994,0.3427,1.448,1.3677,4.63788
Dustin Saenz,,0,1,1,0.131556,0.5831,0.3574,1.184,1.4697,4.6152
Ivan Armstrong,,0,1,1,0.134556,0.7429,0.4853,1.211,1.517,4.76496
Justus Sheffield,,0.0753,0.6463,1,0.121444,0.8206,0.4415,1.093,1.4207,4.15854
Jay Dill,ATH,0,1,1,0.143889,0.8334,0.5591,1.295,1.5861,5.04972
Joel Peguero,SFG,0,1,1,0.117556,0.7365,0.4635,1.058,1.4937,4.58379
Sadrac Franco,SDP,0,1,1,0.128556,0.8032,0.5125,1.157,1.5106,4.60413
Miguel Yajure,,0.0288,0.8648,1,0.131444,0.6315,0.3858,1.183,1.5034,4.84236
Eli Lingos,,0,1,1,0.135889,0.7694,0.4627,1.223,1.4914,4.63572
Jeffrey Colon,,0.0212,0.9002,1,0.122667,0.6737,0.4432,1.104,1.5148,4.69998
Trey Benton,CLE,0,1,1,0.128889,0.88,0.4556,1.16,1.4602,4.49541
Irvin Machuca,,0,1,1,0.155444,0.8998,0.5398,1.399,1.5313,4.97142
Wyatt Sparks,,0.0226,0.8936,1,0.143778,0.7823,0.434,1.294,1.4642,4.75587
Jesús Liranzo,,0,1,1,0.145667,0.8711,0.4751,1.311,1.4646,4.75452
Chase Anderson,TEX,0.0049,0.9769,1,0.162667,0.8272,0.4037,1.464,1.4013,4.73445
Jacob DeLabio,,0,1,1,0.132222,0.8625,0.5329,1.19,1.5195,4.71312
D.J. Snelten,,0,1,1,0.130778,0.9206,0.6052,1.177,1.5474,4.52466
Brailyn Marquez,,0.0144,0.9324,1,0.119556,0.9265,0.6156,1.076,1.5614,4.50432
Tyler Thomas,,0.0449,0.7889,1,0.134,0.8214,0.4632,1.206,1.4603,4.47399
Francis Peguero,,0.0174,0.9184,1,0.140667,0.7671,0.402,1.266,1.4452,4.72203
Ryan Meisinger,,0,1,1,0.131667,0.811,0.4954,1.185,1.506,4.66812
Andrew Morones,KCR,0,1,1,0.135778,0.8446,0.5193,1.222,1.5345,4.85973
Miguel Rodriguez,,0,1,1,0.142222,0.784,0.4417,1.28,1.4614,4.70664
Connor Holden,,0,1,1,0.138556,0.6999,0.3984,1.247,1.4599,4.71591
Brady Choban,LAA,0,1,1,0.104778,0.6139,0.4563,0.943,1.5469,4.49613
Anthony Hoopii-Tuionetoa,,0,1,1,0.147,0.8011,0.4352,1.323,1.453,4.73742
Nolan Blackwood,,0,1,1,0.146,0.7509,0.4146,1.314,1.4567,4.72599
J.P. Feyereisen,LAD,0,1,1,0.167333,0.7681,0.3477,1.506,1.39,4.7412
Matt Brosky,,0.0991,0.5341,1,0.144111,0.7655,0.4215,1.297,1.4669,4.80834
Ben Hecht,,0,1,1,0.140667,0.8919,0.5164,1.266,1.4974,4.76424
Hunter Hoopes,MIN,0,1,1,0.139222,0.8918,0.4868,1.253,1.4722,4.72527
Daniel Brooks,ATL,0.06,0.718,1,0.136333,0.8825,0.5269,1.227,1.5207,4.76793
Colin Poche,,0,1,1,0.153556,0.8931,0.4848,1.382,1.4492,4.70052
Edgar Sanchez,ATH,0,1,1,0.137889,0.7869,0.5476,1.241,1.5931,5.04279
Luke Westphal,,0.1053,0.5053,1,0.138889,0.7912,0.467,1.25,1.4904,4.68756
Jake Haberer,,0.0425,0.8005,1,0.130889,0.7625,0.4699,1.178,1.5082,4.75479
Lucas Gilbreath,COL,0,1,1,0.145444,0.8629,0.5287,1.309,1.5808,5.1408
Joel Cesar,,0,1,1,0.144333,0.7686,0.4254,1.299,1.4691,4.78854
Stephen Nogosek,,0,1,1,0.143,0.8717,0.4675,1.287,1.4487,4.58082
Micah Dallas,ATH,0,1,1,0.159667,0.7231,0.4253,1.437,1.4988,5.03082
Cole Paplham,SDP,0.0244,0.8854,1,0.128333,0.807,0.5206,1.155,1.5225,4.64616
Juan Then,,0,1,1,0.121778,0.6975,0.4776,1.096,1.5489,4.75101
Stephen Gonsalves,,0,1,1,0.129556,0.9732,0.6212,1.166,1.535,4.51206
Daniel Tillo,,0.1063,0.5003,1,0.126556,0.7266,0.4766,1.139,1.5262,4.66533
Danny Watson,NYY,0.0344,0.8384,1,0.154111,0.8027,0.4051,1.387,1.4045,4.64814
Robert Kwiatkowski,,0,1,1,0.142667,0.7399,0.4156,1.284,1.4622,4.74201
Cole Waites,,0,1,1,0.134444,0.8767,0.5447,1.21,1.5212,4.70664
Ignacio Feliz,,0,1,1,0.135556,0.8718,0.5169,1.22,1.4982,4.72086
Braden Bristo,,0,1,1,0.148222,0.8375,0.4546,1.334,1.4519,4.73112
Victor González,,0,1,1,0.122667,0.7867,0.5452,1.104,1.547,4.51719
Harold Chirino,,0,1,1,0.122444,0.7702,0.5108,1.102,1.5417,4.72482
Ryan Slater,SFG,0,1,1,0.133556,0.7493,0.4492,1.202,1.4676,4.68261
Cody Stashak,,0,1,1,0.158444,0.8006,0.3581,1.426,1.3843,4.7187
Jonathan Brand,TEX,0.0195,0.9085,1,0.138222,0.7761,0.4851,1.244,1.488,4.69008
James Meeker,,0,1,1,0.150222,0.6902,0.3468,1.352,1.4238,4.77351
Jordan Brink,,0,1,1,0.138556,0.7936,0.471,1.247,1.4968,4.76523
Shane Greene,,0,1,1,0.150444,0.8928,0.4614,1.354,1.4317,4.66452
Garrett Schoenle,CHW,0,1,1,0.143111,0.7966,0.4671,1.288,1.4563,4.47138
Dylan Phillips,LAA,0,1,1,0.140889,0.8088,0.4296,1.268,1.4215,4.42854
Diego Castillo,,0,1,1,0.123889,0.838,0.5239,1.115,1.5213,4.66497
Alejandro Hidalgo,MIN,0,1,1,0.142111,0.9184,0.5073,1.279,1.4595,4.63248
Luis Curvelo,TEX,0,1,1,0.155333,0.7819,0.4764,1.398,1.4805,4.89096
Sam Delaplane,,0,1,1,0.140889,0.8932,0.5238,1.268,1.5021,4.76316
Evan Kravetz,,0,1,1,0.140778,0.8218,0.481,1.267,1.4711,4.58469
Luke Shilling,,0.0132,0.9382,1,0.141,0.8747,0.5123,1.269,1.504,4.79106
Franklin Dacosta,,0,1,1,0.133556,0.8407,0.5249,1.202,1.5138,4.61628
Evan Shaw,LAD,0.0351,0.8351,1,0.118222,0.706,0.5289,1.064,1.5786,4.65156
Colby Martin,MIA,0,1,1,0.119667,0.9191,0.6144,1.077,1.5697,4.62816
Jimmy Lambert,,0.0047,0.9777,1,0.151333,0.8822,0.4787,1.362,1.4656,4.79385
Nate Dahle,,0,1,1,0.153667,0.7967,0.406,1.383,1.4138,4.69287
Andrés Núñez,,0.0204,0.9044,1,0.136,0.7499,0.4503,1.224,1.4901,4.74372
Adam Wolf,,0.0693,0.6743,1,0.125778,0.7149,0.4425,1.132,1.4821,4.59306
Cole Ayers,,0.0242,0.8862,1,0.129778,0.7591,0.4873,1.168,1.5181,4.71996
Leonard Garcia,LAA,0,1,1,0.133222,0.9342,0.531,1.199,1.4748,4.46643
Reyes Moronta,,0,1,1,0.148444,0.9444,0.5314,1.336,1.4796,4.75281
Geoffrey Gilbert,NYY,0.0258,0.8788,1,0.141778,0.8906,0.5475,1.276,1.4967,4.53096
Mason Erla,LAA,0,1,1,0.131111,0.6663,0.391,1.18,1.4774,4.63905
Ronan Kopp,LAD,0.0172,0.9192,1,0.127556,1.0089,0.718,1.148,1.6203,4.59603
Cayne Ueckert,,0,1,1,0.133444,0.8508,0.5218,1.201,1.5057,4.69521
Juan Mejia,,0.09,0.577,1,0.139333,0.71,0.4178,1.254,1.4777,4.69503
Carson Hobbs,LAD,0.0165,0.9225,1,0.154556,0.8186,0.4748,1.391,1.4758,4.77324
Daison Acosta,SDP,0.0388,0.8178,1,0.133333,0.8446,0.5349,1.2,1.5026,4.58523
Alberto Baldonado,,0,1,1,0.141444,0.9227,0.5526,1.273,1.5159,4.68108
Marcelo Perez,SEA,0,1,1,0.141778,0.7187,0.2904,1.276,1.3142,4.24314
Travis Kuhn,,0.0179,0.9159,1,0.127222,0.7413,0.4395,1.145,1.478,4.6071
Bridger Holmes,,0,1,1,0.127,0.8863,0.5556,1.143,1.5204,4.67685
Josimar Cousin,,0,1,1,0.159889,0.7862,0.3924,1.439,1.4152,4.69116
Ryan Bourassa,,0,1,1,0.142444,0.9358,0.5558,1.282,1.4868,4.63707
Trevor Stephan,CLE,0,1,1,0.142667,0.9101,0.4065,1.284,1.3927,4.61349
Eduarniel Núñez,CHC,0,1,1,0.126,0.9287,0.6375,1.134,1.5701,4.67883
Erik Rivera,BOS,0,1,1,0.112667,0.9107,0.631,1.014,1.598,4.63392
Jack Findlay,STL,0,1,1,0.114444,0.7711,0.5473,1.03,1.5488,4.47921
Zach Jackson,ATH,0,1,1,0.153222,0.9881,0.6368,1.379,1.5877,5.06124
Colton Johnson,,0,1,1,0.119,0.727,0.5125,1.071,1.5509,4.59576
Chazz Martinez,KCR,0,1,1,0.125333,0.7944,0.5301,1.128,1.5454,4.68567
Victor Morales,,0,1,1,0.140222,0.7891,0.4358,1.262,1.4884,4.90203
Kyle Keller,BOS,0,1,1,0.147556,0.9293,0.5165,1.328,1.5117,4.93335
Scott Effross,SEA,0,1,1,0.127,0.6396,0.3142,1.143,1.3818,4.27167
Keegan Curtis,,0.0365,0.8285,1,0.147222,0.773,0.4237,1.325,1.4585,4.79088
Tyler Beck,,0.0246,0.8846,1,0.144222,0.8167,0.4649,1.298,1.4809,4.79718
Jonathan Heasley,TBR,0,1,1,0.159778,0.7525,0.2891,1.438,1.3523,4.59279
Carter Rustad,CLE,0,1,1,0.140556,0.7775,0.35,1.265,1.4007,4.52889
Dom Hamel,NYY,0,1,1,0.157556,0.8135,0.3885,1.418,1.3872,4.60008
Aldry Acosta,,0,1,1,0.129,0.7035,0.4535,1.161,1.512,4.73913
Tristan Garnett,PHI,0,1,1,0.140556,0.8179,0.5538,1.265,1.5361,4.68639
Joe La Sorsa,,0,1,1,0.138333,0.7046,0.3602,1.245,1.4169,4.50459
Gunnar Groen,,0.0179,0.9159,1,0.136111,0.7334,0.4483,1.225,1.5032,4.79844
Jong-hyun Won,,0,1,1,0.130556,0.629,0.4069,1.175,1.5293,4.87962
Tyler Woessner,,0,1,1,0.130556,0.7579,0.4889,1.175,1.5208,4.73877
Victor Juarez,COL,0.0205,0.9035,1,0.161111,0.6687,0.375,1.45,1.5348,5.41854
Calvin Ziegler,NYM,0.0621,0.7081,1,0.127556,0.9381,0.5892,1.148,1.5361,4.60575
Tyler Thornburg,,0,1,1,0.148667,0.8234,0.4555,1.338,1.4744,4.83678
Victor Castaneda,,0,1,1,0.144222,0.8552,0.4625,1.298,1.4475,4.61223
Nick Davila,SEA,0,1,1,0.126222,0.6928,0.3529,1.136,1.3953,4.30236
Danis Correa,NYM,0.0765,0.6405,1,0.141333,0.8947,0.4926,1.272,1.4618,4.64175
Yondrei Rojas,TOR,0,1,1,0.139,0.7679,0.4205,1.251,1.4564,4.67415
Evan Shawver,COL,0.0716,0.6636,1,0.145222,0.7106,0.4872,1.307,1.6168,5.31765
Yosber Sanchez,DET,0,1,1,0.117444,0.7568,0.5063,1.057,1.5304,4.60206
Alex Amalfi,TOR,0.0956,0.5506,1,0.147111,0.8515,0.4516,1.324,1.4452,4.68423
Blane Abeyta,ATL,0,1,1,0.154,0.7754,0.3827,1.386,1.4189,4.76694
Ben Onyshko,,0,1,1,0.133667,0.7727,0.453,1.203,1.4758,4.65966
Jose Montilla,,0.0823,0.6133,1,0.149222,0.6857,0.3687,1.343,1.4514,4.84191
Tanner Tully,,0,1,1,0.149667,0.6743,0.2509,1.347,1.3524,4.48578
Stefan Raeth,,0,1,1,0.135667,0.7227,0.4397,1.221,1.4846,4.73166
Zach Penrod,,0,1,1,0.127222,0.8754,0.5788,1.145,1.5392,4.57479
Kyle Whitten,,0.0732,0.6562,1,0.138556,0.7411,0.455,1.247,1.5002,4.79241
Dan Altavilla,,0,1,1,0.128,0.7865,0.5444,1.152,1.5486,4.75533
Andrew Schultz,STL,0,1,1,0.113556,0.874,0.603,1.022,1.5671,4.61853
Adonys Perez,ARI,0.0918,0.5688,1,0.108778,0.5632,0.4192,0.979,1.5716,4.80258
Sam Garcia,MIL,0.0282,0.8672,1,0.148444,0.8721,0.4933,1.336,1.4556,4.59027
Phil Fox,CHW,0.0409,0.8079,1,0.163556,0.7986,0.3908,1.472,1.415,4.75758
Tanner Dodson,,0.0232,0.8912,1,0.106889,0.6767,0.535,0.962,1.5925,4.66749
Joe Smith,,0,1,1,0.141111,0.6572,0.3829,1.27,1.4928,4.86981
Alfred Morillo,ARI,0,1,1,0.110111,0.7691,0.5582,0.991,1.6013,4.79493
Liam Paddack,CHW,0.0761,0.6421,1,0.118778,0.924,0.6437,1.069,1.5746,4.48812
Chris Rodriguez,CHW,0.0591,0.7221,1,0.128333,0.7567,0.5082,1.155,1.5365,4.70133
Aric McAtee,CHW,0,1,1,0.135667,0.8084,0.5203,1.221,1.5283,4.70097
Theo Denlinger,,0,1,1,0.135222,0.7468,0.4388,1.217,1.5082,4.91274
Carlos Espinosa,LAA,0.0209,0.9019,1,0.151556,0.9017,0.4713,1.364,1.4352,4.6242
Tyler Myrick,,0,1,1,0.135444,0.6897,0.4271,1.219,1.488,4.74147
Richard Guasch,BAL,0.014,0.934,1,0.144333,0.8782,0.4907,1.299,1.47,4.67784
Aaron Fletcher,,0,1,1,0.138111,0.7921,0.4784,1.243,1.5018,4.71798
Lisandro Santos,,0,1,1,0.139111,0.8419,0.5398,1.252,1.526,4.63203
Zack Leban,,0.026,0.878,1,0.136778,0.8617,0.5081,1.231,1.506,4.77549
Ryan Smith,,0,1,1,0.130444,0.7999,0.5233,1.174,1.5395,4.69413
A.J. Cole,,0,1,1,0.156111,0.8284,0.4344,1.405,1.4646,4.91193
Ricky Karcher,,0,1,1,0.120444,0.9985,0.6979,1.084,1.6047,4.65723
Dany Jiménez,,0,1,1,0.147444,0.9157,0.5276,1.327,1.4851,4.75227
Sal Romano,,0,1,1,0.145,0.7585,0.4356,1.305,1.4886,4.87638
Fidel Ulloa,COL,0,1,1,0.15,0.8097,0.5338,1.35,1.6048,5.3316
Yaqui Rivera,BAL,0.0991,0.5341,1,0.131444,0.8752,0.5419,1.183,1.5088,4.62123
Randy Wynne,,0,1,1,0.195556,0.5898,0.2543,1.76,1.4053,5.22954
Michael Knorr,HOU,0.0193,0.9093,1,0.147,0.9101,0.4962,1.323,1.4642,4.70763
Tyler Vogel,SFG,0,1,1,0.111556,0.7337,0.5508,1.004,1.5674,4.65615
Mitch Miller,,0.0191,0.9101,1,0.122222,0.8116,0.5544,1.1,1.5544,4.6341
Zach Hart,,0.0418,0.8038,1,0.149333,0.7953,0.4359,1.344,1.4639,4.83597
Dakota Donovan,,0,1,1,0.142111,0.807,0.4696,1.279,1.4837,4.78953
Ty Buttrey,,0.0267,0.8747,1,0.136444,0.8503,0.4212,1.228,1.3945,4.34124
Kenyon Yovan,LAA,0,1,1,0.140444,0.8079,0.4436,1.264,1.4456,4.59549
Brady Puckett,,0,1,1,0.129444,0.7685,0.5034,1.165,1.526,4.73733
Blake Whitney,,0.0496,0.7666,1,0.162444,0.8494,0.4094,1.462,1.4114,4.78647
Jake Curtis,CHW,0.0777,0.6347,1,0.170444,0.6875,0.2998,1.534,1.3767,4.76028
Jake Faria,,0,1,1,0.143556,0.782,0.4318,1.292,1.4834,4.92435
Luke Stofel,DET,0,1,1,0.118667,0.6603,0.4452,1.068,1.5054,4.58451
Vin Timpanelli,,0,1,1,0.131444,0.7938,0.5122,1.183,1.5326,4.78557
Larson Kindreich,TEX,0,1,1,0.133222,0.8736,0.5872,1.199,1.5365,4.61025
Austin Marozas,,0.0528,0.7518,1,0.133889,0.8172,0.5273,1.205,1.5347,4.78998
Will Stewart,,0,1,1,0.120667,0.759,0.5443,1.086,1.5715,4.65057
Ian Churchill,,0,1,1,0.128444,0.8719,0.537,1.156,1.508,4.52385
Edgar Portes,BAL,0,1,1,0.146889,0.8805,0.4937,1.322,1.4643,4.65075
Bryan Pope,,0,1,1,0.138556,0.7361,0.4494,1.247,1.496,4.78971
Scott Kobos,,0,1,1,0.134556,0.8693,0.5563,1.211,1.5299,4.65372
Cooper Adams,BOS,0,1,1,0.131556,0.7771,0.4772,1.184,1.5231,4.87611
Stevie Emanuels,ATH,0,1,1,0.149778,0.8995,0.6032,1.348,1.5933,5.09004
Christian Suarez,LAD,0.0163,0.9233,1,0.129556,0.784,0.5823,1.166,1.591,4.68468
Jayden Murray,CHC,0,1,1,0.142556,0.8584,0.4751,1.283,1.4587,4.68099
Austin Pruitt,ATH,0,1,1,0.179778,0.6969,0.3433,1.618,1.4624,5.18967
Matt Keating,NYY,0,1,1,0.134667,0.8858,0.5884,1.212,1.5501,4.69836
Nate Fisher,,0,1,1,0.155444,0.7577,0.3864,1.399,1.4185,4.70727
Grayson Thurman,,0,1,1,0.143222,0.7635,0.453,1.289,1.4858,4.78998
Casey Kelly,ARI,0,1,1,0.137667,0.5678,0.2817,1.239,1.4646,4.95747
Blake Goldsberry,,0.0358,0.8318,1,0.149889,0.8143,0.4566,1.349,1.4694,4.81752
Cristian Charle,,0,1,1,0.145778,0.8249,0.4824,1.312,1.4884,4.80213
Hobie Harris,BOS,0,1,1,0.135222,0.7919,0.4957,1.217,1.5426,4.93245
Tyler Davis,BOS,0,1,1,0.137111,0.7639,0.4618,1.234,1.518,4.83066
Kyle Virbitsky,,0,1,1,0.153111,0.7636,0.4109,1.378,1.4435,4.79232
Carson Coleman,NYY,0.0214,0.8994,1,0.150556,0.7942,0.4679,1.355,1.4825,4.76478
Matt Barnes,,0,1,1,0.141778,0.776,0.4656,1.276,1.5038,4.92309
Phillip Diehl,,0,1,1,0.149333,0.8248,0.4691,1.344,1.4772,4.74165
Kelvin Ramirez,LAD,0,1,1,0.138111,0.8655,0.5948,1.243,1.5655,4.77837
Junior William,TBR,0,1,1,0.132222,0.8358,0.5117,1.19,1.4971,4.60395
Nicolas Cruz,LAD,0,1,1,0.136333,0.7355,0.5036,1.227,1.56,4.90635
Jonatan Bernal,ARI,0.0489,0.7699,1,0.138889,0.6807,0.3909,1.25,1.4855,4.9158
Wesley Moore,PHI,0,1,1,0.141667,0.8079,0.5403,1.275,1.5315,4.75191
Theo McDowell,,0,1,1,0.136111,0.8428,0.539,1.225,1.5374,4.80636
Tyler Beede,,0,1,1,0.131111,0.7631,0.4964,1.18,1.5428,4.86207
Denyi Reyes,,0.0981,0.5391,1,0.16,0.6385,0.2979,1.44,1.4234,5.00589
J.J. Niekro,,0.0593,0.7213,1,0.141111,0.7367,0.4371,1.27,1.4993,4.85019
Evan Justice,COL,0,1,1,0.135667,0.8791,0.638,1.221,1.6763,5.25942
Marcelo Martinez,,0.0675,0.6825,1,0.155556,0.7443,0.3914,1.4,1.4528,4.8762
Domingo Gonzalez,SEA,0,1,1,0.133222,0.8614,0.4589,1.199,1.4147,4.347
Chase Watkins,,0,1,1,0.151889,0.7276,0.4017,1.367,1.4381,4.61421
Eric Reyzelman,NYY,0.0188,0.9118,1,0.135778,0.9792,0.6422,1.222,1.5526,4.66749
Jordan Mikel,,0.0532,0.7502,1,0.145556,0.7448,0.4186,1.31,1.4695,4.85604
Matt Foster,,0.0526,0.7526,1,0.173111,0.8561,0.4062,1.558,1.4087,4.806
Eli Morgan,NYY,0,1,1,0.172889,0.8916,0.4323,1.556,1.4277,4.85523
Will Childers,MIL,0.0216,0.8986,1,0.144222,0.743,0.451,1.298,1.4943,4.79682
Zachary Cawyer,KCR,0,1,1,0.137,0.7848,0.511,1.233,1.5471,4.9077
Adisyn Coffey,CHW,0.0616,0.7106,1,0.144333,0.7782,0.4792,1.299,1.4913,4.6962
Corbin Martin,,0,1,1,0.138333,0.8333,0.5576,1.245,1.5575,4.86819
Vince Reilly,CHC,0.0186,0.9126,1,0.129889,0.7735,0.4932,1.169,1.5114,4.70529
Marc Church,TEX,0,1,1,0.137222,0.9052,0.5749,1.235,1.5222,4.69944
Yordin Chalas,ARI,0,1,1,0.124,0.77,0.5176,1.116,1.57,4.89978
Ryan Middendorf,,0,1,1,0.128111,0.689,0.4461,1.153,1.5126,4.79124
Alec Barger,,0,1,1,0.140444,0.7979,0.4852,1.264,1.498,4.78629
Erasmo Ramírez,,0,1,1,0.152,0.6746,0.3234,1.368,1.423,4.79709
Tanner Bauman,ATL,0,1,1,0.113556,0.8109,0.5918,1.022,1.6066,4.66659
Trey McLoughlin,HOU,0,1,1,0.143222,0.8295,0.4725,1.289,1.4751,4.71519
Eston Stull,MIN,0.0381,0.8211,1,0.140556,0.861,0.4985,1.265,1.4945,4.7934
Collin Kober,,0.0186,0.9126,1,0.157667,0.7771,0.3919,1.419,1.4288,4.85802
Michael Watson,STL,0,1,1,0.117222,0.8483,0.5859,1.055,1.545,4.49775
Jimmy Nelson,,0.01,0.953,1,0.139,0.8751,0.5409,1.251,1.5214,4.83525
Billy Corcoran,ARI,0.094,0.558,1,0.143111,0.6804,0.3752,1.288,1.4817,4.99374
Johzan Oquendo,,0,1,1,0.128,0.8752,0.5898,1.152,1.5552,4.71933
Jacob Kostyshock,,0,1,1,0.137333,0.8194,0.5049,1.236,1.5176,4.83516
Luis Pacheco,,0,1,1,0.154333,0.7985,0.458,1.389,1.4741,4.79025
Kade McClure,,0,1,1,0.140889,0.7204,0.4518,1.268,1.5283,5.01336
Jimmy Burnette,,0,1,1,0.123222,0.8979,0.574,1.109,1.5288,4.51368
Aaron Munson,TOR,0,1,1,0.132556,0.7453,0.4534,1.193,1.4993,4.71465
Mason Green,COL,0.0446,0.7906,1,0.140222,0.7121,0.5154,1.262,1.6444,5.36067
John Stankiewicz,,0,1,1,0.147667,0.7397,0.4317,1.329,1.4694,4.78071
Antonio Knowles,LAD,0,1,1,0.140778,0.8062,0.537,1.267,1.5502,4.87089
Matt Russell,,0,1,1,0.125333,0.7532,0.5208,1.128,1.5523,4.77009
Nic Swanson,HOU,0.0495,0.7675,1,0.14,0.8135,0.4751,1.26,1.472,4.67271
Saul Teran,PHI,0,1,1,0.158444,0.7619,0.4504,1.426,1.488,4.9662
Johnathan Lavallee,CIN,0.0184,0.9134,1,0.151111,0.8382,0.561,1.36,1.5658,4.99869
Zac Kristofak,,0,1,1,0.152333,0.7699,0.394,1.371,1.4345,4.72869
Charles Hall,,0,1,1,0.131111,0.809,0.5422,1.18,1.5539,4.80861
Nick Sinacola,,0.0798,0.6248,1,0.154556,0.7083,0.3751,1.391,1.4419,4.87044
Adam Plutko,,0.0032,0.9852,1,0.177667,0.6912,0.2734,1.599,1.3623,4.85622
Cody Scroggins,,0,1,1,0.138,0.7489,0.463,1.242,1.5079,4.84038
Gunner Mayer,,0,1,1,0.131444,0.9184,0.6043,1.183,1.5478,4.71888
Brayan Castillo,,0,1,1,0.127556,0.8524,0.5841,1.148,1.5662,4.75821
Noah Owen,,0,1,1,0.142111,0.7381,0.4475,1.279,1.4956,4.83678
Blake Taylor,,0,1,1,0.131889,0.7408,0.4992,1.187,1.5364,4.71654
Grant Black,,0.0479,0.7749,1,0.142556,0.7234,0.4357,1.283,1.4944,4.86378
Nick Morreale,,0,1,1,0.152,0.7445,0.4067,1.368,1.4521,4.83741
Jake Pfennigs,,0,1,1,0.142889,0.7623,0.4631,1.286,1.5013,4.84488
Eury Rosado,,0.0805,0.6215,1,0.150333,0.8102,0.4574,1.353,1.4824,4.90374
Daniel Martinez,,0.0853,0.5993,1,0.156889,0.7769,0.3917,1.412,1.4389,4.89402
Ashton Goudeau,,0,1,1,0.172778,0.7176,0.3948,1.555,1.5551,5.59926
Mark Adamiak,ATH,0,1,1,0.160222,0.7282,0.4547,1.442,1.536,5.18553
Justin Kelly,,0,1,1,0.137444,0.6936,0.4429,1.237,1.5137,4.84956
Fernando Romero,,0.1023,0.5193,1,0.127556,0.6027,0.3829,1.148,1.515,4.82067
Jimmy Robbins,,0,1,1,0.137667,0.8043,0.5109,1.239,1.5182,4.71933
Xavier Moore,,0,1,1,0.138444,0.9014,0.576,1.246,1.5423,4.8114
Zack Lee,DET,0.0828,0.6108,1,0.146889,0.6649,0.3371,1.322,1.4036,4.70187
Hunter Dula,,0,1,1,0.144333,0.7676,0.466,1.299,1.5053,4.87215
Kolby Kubichek,,0,1,1,0.128111,0.7793,0.5346,1.153,1.5584,4.81284
Luke Albright,,0,1,1,0.127778,0.8594,0.5654,1.15,1.5678,4.88637
Thomas Schultz,WSN,0.0479,0.7749,1,0.158444,0.771,0.4576,1.426,1.4801,4.91283
Shea Sprague,BOS,0.0867,0.5927,1,0.123889,0.6869,0.4636,1.115,1.5471,4.83345
Jhoulys Chacín,,0,1,1,0.145556,0.7632,0.4565,1.31,1.5081,4.9356
Riley Cooper,,0,1,1,0.136667,0.7332,0.4759,1.23,1.5098,4.69422
Victor Santos,,0,1,1,0.150556,0.7651,0.4365,1.355,1.4648,4.81761
Blake Rivera,,0,1,1,0.137,0.8567,0.5524,1.233,1.5454,4.84803
Mitchell Stumpo,,0,1,1,0.139444,0.8295,0.5273,1.255,1.5289,4.82904
Tyler Mattison,DET,0,1,1,0.135,0.921,0.5826,1.215,1.5231,4.64454
Kyle Wilson,,0.103,0.516,1,0.156333,0.7481,0.4001,1.407,1.4565,4.92912
Win Scott,DET,0.0865,0.5935,1,0.127556,0.7146,0.4722,1.148,1.5234,4.65858
Jason Bilous,,0.0381,0.8211,1,0.132222,0.8395,0.5624,1.19,1.5622,4.84722
Ray Gaither,,0.0142,0.9332,1,0.137556,0.7683,0.4956,1.238,1.5254,4.83435
Hunter Strickland,,0,1,1,0.150778,0.7995,0.4525,1.357,1.4668,4.85316
Logan Boyer,,0,1,1,0.136778,0.8359,0.5449,1.231,1.5452,4.83975
Garrett Irvin,,0,1,1,0.148778,0.7741,0.541,1.339,1.5828,5.04009
Cam Hill,TBR,0,1,1,0.154,0.7918,0.4069,1.386,1.425,4.7106
Kyu-min Woo,,0,1,1,0.159444,0.5457,0.2427,1.435,1.4274,5.04999
Joe Nahas,,0,1,1,0.144111,0.7402,0.4507,1.297,1.4881,4.8087
Nick Trogrlic-Iverson,,0,1,1,0.134222,0.6967,0.4363,1.208,1.4993,4.80177
Jeremiah Burke,CHW,0,1,1,0.153222,0.8098,0.4706,1.379,1.4806,4.78224
Trey Riley,,0,1,1,0.126778,0.8247,0.5763,1.141,1.5757,4.8033
Tyler Schoff,ATL,0,1,1,0.141444,0.7487,0.4556,1.273,1.5173,4.90248
Austin Hansen,,0.0891,0.5811,1,0.141333,0.7684,0.4841,1.272,1.5238,4.90392
Yorlin Calderon,,0.0154,0.9274,1,0.132444,0.721,0.4667,1.192,1.5157,4.82229
Bayden Root,,0,1,1,0.129444,0.7316,0.4961,1.165,1.5406,4.81878
Yaya Chentouf,,0,1,1,0.140556,0.7799,0.4525,1.265,1.4849,4.78863
Joey Danielson,TEX,0.0458,0.7848,1,0.139222,0.762,0.5089,1.253,1.5246,4.83597
Noé Ramirez,,0,1,1,0.155889,0.8671,0.4823,1.403,1.4709,4.8852
John Curtiss,,0,1,1,0.164889,0.7336,0.3345,1.484,1.3923,4.80771
Stevie Branche,,0,1,1,0.135222,0.8834,0.5722,1.217,1.5475,4.82823
Frainger Aranguren,,0.0395,0.8145,1,0.143556,0.7428,0.4535,1.292,1.5062,4.90302
Daniel Juarez,,0,1,1,0.142667,0.8163,0.4744,1.284,1.4439,4.46256
Alex Scherff,,0,1,1,0.140556,0.8533,0.5111,1.265,1.5075,4.81032
Michael Flynn,,0.0244,0.8854,1,0.143444,0.8178,0.4888,1.291,1.4955,4.84884
Dayeison Arias,,0,1,1,0.146889,0.8585,0.5079,1.322,1.4903,4.81932
Keyshawn Askew,,0,1,1,0.107444,0.7917,0.6092,0.967,1.6121,4.62708
JD Hammer,,0,1,1,0.148333,0.6955,0.407,1.335,1.4788,4.88412
Carlos A. Francisco,,0.0195,0.9085,1,0.146222,0.7949,0.534,1.316,1.5483,4.97133
Drew Strotman,,0,1,1,0.129111,0.8184,0.5125,1.162,1.524,4.76838
Bryan Shaw,,0,1,1,0.128667,0.7755,0.5324,1.158,1.5605,4.85244
Yoniel Curet,DET,0,1,1,0.130222,0.9289,0.5745,1.172,1.5005,4.60458
Jesús Broca,MIL,0,1,1,0.126444,0.7178,0.5233,1.138,1.557,4.6521
Jake Pilarski,,0,1,1,0.133889,0.7657,0.513,1.205,1.5488,4.86792
Joe Adametz,,0.0979,0.5399,1,0.122778,0.5753,0.408,1.105,1.5212,4.7538
Ben Simon,NYM,0.017,0.92,1,0.142111,0.6972,0.4004,1.279,1.4462,4.64535
Silvino Bracho,,0,1,1,0.184444,0.8323,0.4255,1.66,1.4509,5.09724
Carson Skipper,,0,1,1,0.170556,0.7286,0.425,1.535,1.5381,5.35194
Nick Wittgren,,0,1,1,0.152444,0.6799,0.368,1.372,1.4642,4.95198
Calvin Coker,,0,1,1,0.141333,0.6716,0.4211,1.272,1.4943,4.84128
Willian Suarez,,0,1,1,0.136,0.8415,0.553,1.224,1.5446,4.82742
Devin Smeltzer,,0.0314,0.8524,1,0.157333,0.7122,0.3524,1.416,1.4251,4.79052
Ronald Bolaños,,0,1,1,0.134222,0.7116,0.4663,1.208,1.5234,4.83669
Will Cannon,CIN,0,1,1,0.155333,0.7953,0.5251,1.398,1.5629,5.10705
Edgar Manzo,,0.074,0.652,1,0.150111,0.6865,0.393,1.351,1.47,4.91301
K.C. Hunt,TBR,0.0902,0.5762,1,0.150222,0.7728,0.422,1.352,1.4488,4.75524
Wander Suero,ATH,0,1,1,0.18,0.7568,0.4377,1.62,1.4965,5.29218
Wily Villar,TEX,0,1,1,0.141111,0.7312,0.4719,1.27,1.503,4.85217
Reid Easterly,SEA,0.0232,0.8912,1,0.120333,0.7607,0.457,1.083,1.4544,4.22874
Breidy Encarnación,,0,1,1,0.149778,0.8406,0.4996,1.348,1.4951,4.8582
M.D. Johnson,,0,1,1,0.147556,0.7216,0.4194,1.328,1.4629,4.82463
Jake Palisch,CHW,0,1,1,0.131889,0.4853,0.3296,1.187,1.4837,4.60008
Logan Gragg,,0.0158,0.9258,1,0.154444,0.6986,0.3812,1.39,1.438,4.83543
Jack Jasiak,CLE,0,1,1,0.149333,0.8079,0.3568,1.344,1.3938,4.63896
Andrew Pérez,,0.0439,0.7939,1,0.137111,0.8025,0.5267,1.234,1.5303,4.7412
Tyler Brown,,0,1,1,0.145556,0.827,0.4738,1.31,1.4896,4.83237
Spencer Patton,,0,1,1,0.167889,0.7391,0.4308,1.511,1.524,5.3046
Odalvi Javier,,0,1,1,0.142556,0.7704,0.5156,1.283,1.5496,4.99275
Jackson Kelley,CHW,0,1,1,0.144444,0.7772,0.4736,1.3,1.4683,4.66074
Jacob Heatherly,,0,1,1,0.0912222,0.9648,0.8339,0.821,1.739,4.46202
Marino Santy,CHC,0,1,1,0.104444,0.8769,0.6764,0.94,1.6273,4.51206
Michael Arias,NYY,0.0191,0.9101,1,0.137556,0.8178,0.5574,1.238,1.5494,4.78143
Haden Erbe,,0,1,1,0.138444,0.8195,0.5329,1.246,1.5364,4.85055
Jonathan Bermúdez,,0.0526,0.7526,1,0.158778,0.8044,0.4282,1.429,1.4284,4.74354
Matt Sauer,ATH,0.0237,0.8887,1,0.169556,0.6997,0.426,1.526,1.5409,5.39946
Michael Boyle,,0,1,1,0.137889,0.7843,0.4852,1.241,1.5046,4.71852
Garrett Hill,,0,1,1,0.132,0.8117,0.5495,1.188,1.5605,4.87008
Patrick Wicklander,,0,1,1,0.141444,0.761,0.4489,1.273,1.4751,4.64382
Angel Macuare,,0,1,1,0.163333,0.7548,0.3845,1.47,1.4179,4.85379
Carlos Gomez,,0,1,1,0.136111,0.7898,0.5167,1.225,1.5364,4.86765
Ubert Mejias,SFG,0.0223,0.8953,1,0.146556,0.557,0.3201,1.319,1.4216,4.78791
Eric Silva,DET,0.0365,0.8285,1,0.143778,0.7624,0.4464,1.294,1.4741,4.77243
Chay Yeager,TOR,0.0161,0.9241,1,0.141222,0.8116,0.4852,1.271,1.4999,4.78467
Luis Peralta,CHC,0,1,1,0.127444,1.0123,0.6567,1.147,1.5632,4.57344
Josh Rogers,,0,1,1,0.162556,0.5848,0.2852,1.463,1.405,4.80969
Jonah Dipoto,,0.0375,0.8235,1,0.141778,0.7577,0.4707,1.276,1.5304,5.04963
Jose Fleury,,0.0461,0.7831,1,0.150333,0.7718,0.465,1.353,1.4813,4.82661
Samir Chires,SFG,0.0235,0.8895,1,0.137,0.755,0.49,1.233,1.5109,4.85973
Dylan Bice,,0.0316,0.8516,1,0.157556,0.7673,0.4264,1.418,1.4655,4.9221
David Griffin,,0.0649,0.6949,1,0.158778,0.7027,0.3743,1.429,1.442,4.91814
Kevin Kopps,,0.0181,0.9151,1,0.121667,0.6892,0.5225,1.095,1.5657,4.72518
Anthony Simonelli,KCR,0,1,1,0.145333,0.8032,0.5025,1.308,1.5407,5.04342
Chance Adams,,0.0454,0.7864,1,0.166,0.6524,0.401,1.494,1.5891,5.65911
Robinson Martínez,,0,1,1,0.143,0.8733,0.5336,1.287,1.519,4.79817
Grayson Moore,CHC,0,1,1,0.142,0.8037,0.4947,1.278,1.5039,4.80987
Zach Messinger,NYY,0.0191,0.9101,1,0.156556,0.7816,0.4568,1.409,1.4683,4.8141
Izaak Martinez,CLE,0.0175,0.9175,1,0.143889,0.8349,0.4208,1.295,1.4344,4.54005
Austin Vernon,TBR,0,1,1,0.146444,0.9196,0.5338,1.318,1.4808,4.69656
Railin Perez,HOU,0,1,1,0.119444,0.866,0.5922,1.075,1.5597,4.67442
Anthony Maldonado,,0,1,1,0.171333,0.8617,0.4962,1.542,1.5,5.05053
Franny Cobos,,0,1,1,0.145556,0.8002,0.4976,1.31,1.5103,4.87197
Collin Baumgartner,,0,1,1,0.158444,0.8679,0.58,1.426,1.6341,5.50107
Alfred Vega,,0,1,1,0.138222,0.7506,0.4942,1.244,1.5275,4.85874
Gerald Ogando,BAL,0,1,1,0.128778,0.8481,0.5653,1.159,1.5462,4.71204
Riskiel Tineo,,0,1,1,0.134222,0.7271,0.4955,1.208,1.5426,4.87035
Raúl Alcantara,,0.0667,0.6867,1,0.113556,0.7581,0.5906,1.022,1.6069,4.69413
Domenic Picone,STL,0,1,1,0.154444,0.7969,0.4411,1.39,1.4444,4.79637
Louis Head,,0,1,1,0.153444,0.858,0.4978,1.381,1.4938,4.9419
Pierce George,CHW,0,1,1,0.133778,0.8224,0.5635,1.204,1.5553,4.76397
Malvin Pena,,0,1,1,0.148,0.7632,0.4656,1.332,1.5008,4.90221
Antonio Menendez,ARI,0,1,1,0.114,0.7705,0.5678,1.026,1.6008,4.87044
Rodolfo Sanchez,,0.0798,0.6248,1,0.146778,0.786,0.489,1.321,1.5203,4.95063
Michael Gomez,,0.0567,0.7337,1,0.129556,0.7245,0.4765,1.166,1.5227,4.84236
Alex Mauricio,NYY,0,1,1,0.160111,0.8092,0.4721,1.441,1.4841,4.87449
Yacksel Ríos,,0,1,1,0.148333,0.8788,0.4928,1.335,1.4696,4.75137
Landon Tomkins,PIT,0.0189,0.9109,1,0.108556,0.5911,0.5276,0.977,1.641,4.95738
Cam Day,LAD,0,1,1,0.137444,0.7461,0.5408,1.237,1.5775,4.93083
Colby White,,0,1,1,0.135444,0.8498,0.5781,1.219,1.5646,4.85577
Donovan Benoit,,0.0368,0.8268,1,0.129444,0.7339,0.5158,1.165,1.5596,4.88151
Shawn Rapp,,0,1,1,0.135,0.7861,0.5259,1.215,1.5375,4.76217
Michael McAvene,,0,1,1,0.145444,0.8218,0.5187,1.309,1.5295,4.92273
Matt Merrill,,0.0461,0.7831,1,0.136,0.8837,0.5966,1.224,1.5718,4.88907
Holt Jones,MIA,0,1,1,0.130444,0.8336,0.542,1.174,1.5376,4.80879
Michael Feliz,,0,1,1,0.157556,0.8387,0.4758,1.418,1.4958,5.00094
Vladimir Gutierrez,,0,1,1,0.145778,0.8453,0.4994,1.312,1.5153,4.95315
Kyle Bischoff,MIN,0,1,1,0.121778,0.8195,0.5688,1.096,1.565,4.76442
Tyler Burch,,0.0663,0.6883,1,0.150667,0.716,0.4266,1.356,1.4978,4.98897
Cam Robinson,,0,1,1,0.134444,0.8216,0.5367,1.21,1.5375,4.74093
Mike Mayers,,0.0644,0.6974,1,0.162222,0.745,0.3929,1.46,1.4579,4.98357
Nick Richmond,,0,1,1,0.134667,0.7285,0.4934,1.212,1.5428,4.89762
Hunter Stanley,CLE,0,1,1,0.156778,0.8149,0.357,1.411,1.3899,4.67046
Spencer Stockton,,0,1,1,0.155333,0.8045,0.4685,1.398,1.4917,4.94865
Kyle Larsen,PIT,0,1,1,0.128778,0.7501,0.5584,1.159,1.6059,5.02416
Bryce McGowan,COL,0,1,1,0.152667,0.769,0.5464,1.374,1.6443,5.5044
Steven Pérez,CLE,0.0172,0.9192,1,0.138333,0.8762,0.4775,1.245,1.4768,4.56849
Jayvien Sandridge,BAL,0,1,1,0.127889,0.968,0.6294,1.151,1.5526,4.5243
Jake Christianson,,0,1,1,0.145111,0.7032,0.4149,1.306,1.4859,4.89591
Brady Kirtner,NYY,0,1,1,0.142444,0.8176,0.5524,1.282,1.5603,4.88727
Baron Stuart,WSN,0.0353,0.8343,1,0.133778,0.7068,0.5225,1.204,1.5589,4.9059
Luis Quiñones,MIN,0.0077,0.9637,1,0.146,0.9172,0.5483,1.314,1.5025,4.8051
Russell Smith,,0.0267,0.8747,1,0.146889,0.8098,0.5025,1.322,1.4982,4.76145
Braeden Ogle,,0.0414,0.8054,1,0.135,0.8387,0.5734,1.215,1.5707,4.82544
Carlos Rey,ARI,0,1,1,0.108444,0.9795,0.7289,0.976,1.6453,4.65003
Sandy Gaston,WSN,0,1,1,0.122889,0.8822,0.6933,1.106,1.655,4.9014
Jordan Carr,,0,1,1,0.131778,0.6155,0.4261,1.186,1.516,4.77045
Jack Snyder,,0,1,1,0.147444,0.7567,0.4727,1.327,1.5104,4.91787
Konner Wade,,0,1,1,0.153444,0.6341,0.3647,1.381,1.4785,4.99284
Jhosmer Alvarez,,0,1,1,0.128333,0.7371,0.5378,1.155,1.583,4.90104
Brett Daniels,,0.0433,0.7963,1,0.150556,0.829,0.5061,1.355,1.5222,4.98699
Gabe Bierman,MIA,0.0428,0.7988,1,0.128333,0.7843,0.5434,1.155,1.5663,4.85478
Clay Helvey,,0,1,1,0.137778,0.8227,0.5496,1.24,1.5581,4.92399
Wyatt Cheney,,0,1,1,0.142111,0.8198,0.5398,1.279,1.538,4.86963
Michel Baez,,0,1,1,0.147333,0.7862,0.4933,1.326,1.5144,4.87908
Joseph Menefee,,0,1,1,0.137,0.8943,0.6914,1.233,1.6608,4.94793
Rafael Marcano,,0,1,1,0.137889,0.8033,0.5433,1.241,1.5423,4.75812
John Murphy,,0,1,1,0.155556,0.7485,0.4289,1.4,1.473,4.93281
Jaycob Deese,PIT,0,1,1,0.135444,0.5985,0.431,1.219,1.5559,5.07303
Jeremy Molero,,0,1,1,0.134556,0.9214,0.6251,1.211,1.5737,4.8492
Mark McLaughlin,,0,1,1,0.132889,0.707,0.5065,1.196,1.573,4.94559
Brent Honeywell,SDP,0.0107,0.9497,1,0.149778,0.6996,0.4186,1.348,1.4808,4.87944
Davis Sharpe,,0.0605,0.7155,1,0.156333,0.7099,0.3935,1.407,1.4594,4.96341
Chris Wright,,0.033,0.845,1,0.141111,0.8976,0.5952,1.27,1.5592,4.80654
Michael Mercado,PHI,0,1,1,0.155889,0.7914,0.4852,1.403,1.5074,4.94838
Sean Harney,ARI,0.0337,0.8417,1,0.140111,0.7242,0.4472,1.261,1.5218,5.03379
Sam Ryan,,0,1,1,0.130778,0.6836,0.49,1.177,1.5623,4.92273
Luis Patiño,,0.0188,0.9118,1,0.155,0.8185,0.4855,1.395,1.4897,4.88637
Alek Manoah,,0,1,1,0.137333,0.8546,0.488,1.236,1.4735,4.74669
Penn Murfee,,0,1,1,0.156444,0.8028,0.453,1.408,1.4859,4.95162
Alec Mills,,0,1,1,0.149111,0.6467,0.3862,1.342,1.4981,4.95882
Tyler Santana,CHC,0,1,1,0.136,0.637,0.4396,1.224,1.523,4.82742
Regi Grace,,0,1,1,0.148,0.7675,0.4647,1.332,1.496,4.92309
Manuel Mercedes,SFG,0,1,1,0.105222,0.5489,0.489,0.947,1.6032,4.8438
Dylan Coleman,,0,1,1,0.122778,0.958,0.6949,1.105,1.6043,4.72077
Brad Boxberger,,0,1,1,0.154,0.8003,0.4763,1.386,1.4992,4.99806
Ricardo Velez,,0,1,1,0.138111,0.6984,0.4657,1.243,1.5283,4.91859
Oliver Garcia,,0,1,1,0.146444,0.8319,0.5226,1.318,1.5317,4.96737
Evan Lee,,0.0742,0.6512,1,0.128,0.8338,0.6072,1.152,1.6042,4.83075
Juan Nunez,,0,1,1,0.148222,0.9067,0.5649,1.334,1.5364,4.94955
Jared Kelley,,0,1,1,0.117889,0.7755,0.6171,1.061,1.6356,4.85532
Reidis Sena,BOS,0.0412,0.8062,1,0.117,0.8722,0.6687,1.053,1.6655,4.97934
Peyton Niksch,MIL,0.0521,0.7551,1,0.152778,0.6964,0.4143,1.375,1.483,4.94244
Ross Carver,,0.0218,0.8978,1,0.152667,0.7984,0.4721,1.374,1.4828,4.905
Ty Weber,SFG,0.0407,0.8087,1,0.139889,0.6749,0.4363,1.259,1.5044,4.95621
Andrew Bash,ATH,0.0767,0.6397,1,0.162556,0.6897,0.4528,1.463,1.5395,5.25267
Michael Cuevas,,0,1,1,0.126556,0.6905,0.5051,1.139,1.5587,4.85757
Christian Worley,STL,0,1,1,0.127222,0.7887,0.558,1.145,1.5641,4.8114
Fineas Del Bonta-Smith,,0.0393,0.8153,1,0.150111,0.7079,0.4511,1.351,1.5415,5.18382
Manuel Medina,,0.0535,0.7485,1,0.126,0.7381,0.5525,1.134,1.5826,4.77864
Lenny Torres Jr.,,0,1,1,0.135333,0.8599,0.5956,1.218,1.5721,4.86369
Jonathan Sprinkle,,0,1,1,0.136778,0.8365,0.5638,1.231,1.5611,4.91877
Jared Johnson,ATH,0,1,1,0.147889,0.6918,0.53,1.331,1.6228,5.27841
Matt Wisler,,0.0305,0.8565,1,0.169444,0.7812,0.4035,1.525,1.4364,4.96017
Clay Edmondson,SDP,0,1,1,0.127556,0.8194,0.6006,1.148,1.5845,4.77594
Ian Bedell,,0.0584,0.7254,1,0.155444,0.781,0.4492,1.399,1.4778,4.96764
Yefry Ramírez,,0,1,1,0.134,0.72,0.5051,1.206,1.5754,5.01345
Matt Lanzendorfer,LAD,0.0207,0.9027,1,0.132444,0.8171,0.6217,1.192,1.6215,4.86261
Vince Vannelle,,0,1,1,0.154667,0.7448,0.4452,1.392,1.4987,4.99185
Kasey Ford,,0,1,1,0.136778,0.8172,0.5584,1.231,1.5641,4.91931
JJ Goss,ATH,0.0428,0.7988,1,0.148556,0.6333,0.4794,1.337,1.5918,5.25735
Tyler Eckberg,,0,1,1,0.165556,0.7313,0.3857,1.49,1.4416,4.96773
Zach Haake,,0.0682,0.6792,1,0.158444,0.7738,0.4409,1.426,1.4727,4.96962
Drew Parrish,,0.09,0.577,1,0.179556,0.6948,0.3902,1.616,1.4697,5.09607
Mitchell Tyranski,,0,1,1,0.140444,0.832,0.5564,1.264,1.5316,4.7304
Ryan Miller,COL,0,1,1,0.171556,0.6735,0.4121,1.544,1.5727,5.62041
Ian Villers,,0,1,1,0.141667,0.6985,0.4674,1.275,1.5309,4.94298
Nolan Sparks,STL,0.0532,0.7502,1,0.138556,0.7571,0.4937,1.247,1.5202,4.87674
Michael Brewer,,0,1,1,0.146444,0.8092,0.5224,1.318,1.5334,4.93875
Andrew Landry,NYY,0,1,1,0.154,0.7514,0.4661,1.386,1.4981,4.89708
Gerson Moreno,,0,1,1,0.148889,0.8839,0.5499,1.34,1.513,4.87242
Gabriel Rodriguez,NYM,0.0365,0.8285,1,0.127222,1.0051,0.7057,1.145,1.5943,4.53564
Michael Mariot,,0,1,1,0.177556,0.6621,0.2848,1.598,1.3546,4.8663
Carson Jacobs,CHW,0,1,1,0.133333,0.9658,0.697,1.2,1.6107,4.74255
Manuel Alvarez,,0.0195,0.9085,1,0.148222,0.8367,0.5259,1.334,1.5372,5.01219
Jake Bockenstedt,,0,1,1,0.154778,0.7419,0.4443,1.393,1.4945,4.98384
Reid Birlingmair,,0,1,1,0.149778,0.79,0.5153,1.348,1.5306,4.99374
Jonathan Hughes,,0,1,1,0.145333,0.7248,0.4736,1.308,1.5347,4.99518
Owen Proksch,TEX,0,1,1,0.128444,0.7808,0.5966,1.156,1.5946,4.79826
Max Martin,HOU,0,1,1,0.132667,0.7128,0.4758,1.194,1.5405,4.8852
Dane Acker,TEX,0.1032,0.5152,1,0.148556,0.7535,0.506,1.337,1.5218,4.93749
Matt Givin,,0,1,1,0.164444,0.7709,0.4448,1.48,1.479,4.9518
Zane Barnhart,DET,0,1,1,0.133111,0.8044,0.5367,1.198,1.5359,4.78341
Dereck Rodríguez,,0,1,1,0.157333,0.7398,0.4231,1.416,1.4982,5.04441
Shea Spitzbarth,,0,1,1,0.148667,0.7433,0.4863,1.338,1.5543,5.17563
Igor Gil,SDP,0,1,1,0.115556,0.873,0.702,1.04,1.6449,4.59252
Art Warren,,0,1,1,0.148889,0.8296,0.5272,1.34,1.5369,5.03109
Eudrys Manon,,0,1,1,0.141333,0.8726,0.5848,1.272,1.5617,4.92273
Jonathan Russell,TBR,0.0625,0.7065,1,0.135556,0.7664,0.5001,1.22,1.5297,4.83273
Alejandro Melean,,0,1,1,0.156333,0.7848,0.4685,1.407,1.4964,4.97979
Edwin Escobar,,0,1,1,0.135667,0.785,0.5374,1.221,1.5671,4.84884
Michell Miliano,,0,1,1,0.141667,0.8161,0.5517,1.275,1.5624,4.96404
Juan Sanchez,,0,1,1,0.129111,0.8345,0.6135,1.162,1.592,4.75092
Dario Gardea,,0,1,1,0.149556,0.8095,0.4765,1.346,1.4917,4.88421
Joshua Loeschorn,PIT,0.0914,0.5704,1,0.155222,0.6854,0.4128,1.397,1.4847,5.07528
Jack Hartman,,0.0658,0.6908,1,0.142222,0.711,0.4834,1.28,1.5382,4.95747
Carlos Meza,,0,1,1,0.126222,0.8271,0.6161,1.136,1.6037,4.77729
Casey Anderson,ARI,0.0142,0.9332,1,0.116111,0.6834,0.5215,1.045,1.6153,5.05143
Amilcar Chirinos,HOU,0,1,1,0.136889,0.9049,0.596,1.232,1.5607,4.83768
Jose Bravo,,0.0735,0.6545,1,0.156778,0.7541,0.4126,1.411,1.4783,5.04063
Triston McKenzie,,0,1,1,0.152111,0.9649,0.5825,1.369,1.5191,4.85091
Jose Guedez,HOU,0,1,1,0.138556,0.771,0.4859,1.247,1.5158,4.86468
Chris Gau,,0.1018,0.5218,1,0.158556,0.7555,0.4428,1.427,1.4817,4.98798
Xavier Meachem,MIA,0,1,1,0.129111,0.8088,0.5771,1.162,1.5793,4.84713
Dylan Spacke,,0,1,1,0.146778,0.743,0.4751,1.321,1.5327,5.03595
Easton Sikorski,,0.0488,0.7708,1,0.160778,0.7025,0.4818,1.447,1.5715,5.26356
Cody Adcock,CIN,0,1,1,0.153556,0.8765,0.6138,1.382,1.6034,5.16051
Sam Thoresen,,0,1,1,0.128111,0.9134,0.6699,1.153,1.6233,4.8906
William Fleming,,0,1,1,0.148778,0.5977,0.3689,1.339,1.4801,4.96476
Noah Song,BOS,0,1,1,0.143,0.7978,0.5072,1.287,1.5409,5.0472
Braeden Sloan,BAL,0,1,1,0.119556,0.8142,0.6176,1.076,1.61,4.66443
Gabriel Jackson,,0.0426,0.7996,1,0.128222,0.6182,0.4752,1.154,1.5747,4.96071
Danny Kirwin,BOS,0,1,1,0.147889,0.7382,0.4614,1.331,1.5052,4.96026
Christopher Troye,,0,1,1,0.134556,0.9168,0.6492,1.211,1.611,4.95072
Dahian Santos,,0.0658,0.6908,1,0.154444,0.8821,0.5357,1.39,1.5082,4.9536
Kyle Barraclough,,0,1,1,0.150333,0.8129,0.4882,1.353,1.5206,5.07195
L.P. Langevin,KCR,0,1,1,0.123778,0.9843,0.7425,1.114,1.6793,5.00652
Reid Johnston,,0,1,1,0.144556,0.7949,0.5193,1.301,1.5245,4.90491
Hueston Morrill,NYY,0.0328,0.8458,1,0.154444,0.7407,0.4751,1.39,1.5152,4.94433
Jack Dashwood,,0.1023,0.5193,1,0.161556,0.7169,0.409,1.454,1.458,4.88988
Nelfy Ynfante,STL,0.0211,0.9011,1,0.139333,0.6557,0.4446,1.254,1.5105,4.85955
Will Bednar,SFG,0.0318,0.8508,1,0.128889,0.8875,0.6326,1.16,1.5681,4.81779
Noah Dean,WSN,0.0819,0.6149,1,0.120889,0.8917,0.7089,1.088,1.6615,4.86972
Felix Cepeda,NYM,0,1,1,0.143444,0.7655,0.4866,1.291,1.5177,4.84128
Wander Guante,,0,1,1,0.144444,0.674,0.4465,1.3,1.5186,4.96431
Valentin Linarez,,0,1,1,0.138778,0.8153,0.5596,1.249,1.5642,4.95369
Cesar Aquino,PIT,0,1,1,0.157444,0.6128,0.3724,1.417,1.5025,5.19291
Austin Briggs,,0.0419,0.8029,1,0.118444,0.7373,0.5975,1.066,1.6345,4.84173
Paolo Espino,,0.0811,0.6191,1,0.181333,0.6612,0.2901,1.632,1.4107,5.08266
Myles Caba,LAD,0.0744,0.6504,1,0.164778,0.8053,0.5073,1.483,1.5261,5.00499
Gerardo Gutierrez,,0,1,1,0.135444,0.7387,0.5046,1.219,1.5636,5.04189
Conor Grammes,,0,1,1,0.110444,0.847,0.6991,0.994,1.6737,4.83174
Hunter Gregory,MIN,0,1,1,0.143222,0.7638,0.4749,1.289,1.5109,4.93353
Nicholas Regalado,,0.0491,0.7691,1,0.136333,0.7579,0.5348,1.227,1.57,4.98951
Juan Reynoso,MIA,0,1,1,0.121111,0.8512,0.6463,1.09,1.6267,4.84074
Juan De Los Santos,,0,1,1,0.138,0.7832,0.5509,1.242,1.5706,4.96242
Angel Reyes,,0.0679,0.6809,1,0.133111,0.6456,0.4399,1.198,1.5307,4.92606
Aaron Nixon,BOS,0,1,1,0.119111,0.732,0.5704,1.072,1.6405,5.08005
Chance Huff,WSN,0,1,1,0.119667,0.6648,0.6071,1.077,1.6658,4.97655
Bryan Chi,,0.0439,0.7939,1,0.146667,0.7151,0.4682,1.32,1.5263,5.00859
Chavez Fernander,,0,1,1,0.149556,0.7579,0.4577,1.346,1.5068,4.96593
Adrian Hernandez,,0,1,1,0.140111,0.833,0.5332,1.261,1.5377,4.88727
Miguel Gomez,,0.0902,0.5762,1,0.148778,0.7186,0.4673,1.339,1.5203,5.00499
T.J. Fondtain,TBR,0,1,1,0.151444,0.7667,0.4458,1.363,1.4627,4.72725
Jake Reed,,0,1,1,0.146111,0.7105,0.458,1.315,1.521,5.00904
Tyson Miller,,0,1,1,0.155667,0.7897,0.4613,1.401,1.4835,4.95738
Houston Roth,SEA,0.0782,0.6322,1,0.154,0.8965,0.4492,1.386,1.3853,4.4622
Patricio Aquino,MIL,0,1,1,0.150111,0.6936,0.4311,1.351,1.4857,4.92201
Samuel Mejia,,0.0954,0.5514,1,0.158111,0.7663,0.4524,1.423,1.4823,4.99959
Hirokazu Sawamura,,0,1,1,0.135556,0.7556,0.554,1.22,1.6017,5.02335
Naswell Paulino,,0,1,1,0.137111,0.7338,0.5297,1.234,1.56,4.8339
Garrett Hodges,MIL,0,1,1,0.126,0.826,0.6317,1.134,1.6187,4.87665
Ben DeTaeye,TEX,0.1012,0.5242,1,0.152333,0.7738,0.5183,1.371,1.5343,4.95747
Parker Harm,,0,1,1,0.134556,0.8606,0.6063,1.211,1.5874,4.86756
Dan Hammer,NYM,0.0433,0.7963,1,0.127889,0.8661,0.6179,1.151,1.5828,4.75362
Luke Farrell,,0.0693,0.6743,1,0.179,0.709,0.4161,1.611,1.5197,5.36085
Osvaldo Berrios,BOS,0.0781,0.6331,1,0.150889,0.7649,0.473,1.358,1.5331,5.15214
Nate Webb,,0,1,1,0.140111,0.7825,0.55,1.261,1.5771,5.00724
Marquis Grissom Jr.,,0,1,1,0.157333,0.7718,0.4664,1.416,1.4891,4.96233
Jun Ho Ha,,0,1,1,0.130778,0.7611,0.5675,1.177,1.6116,5.03928
Chase Jessee,KCR,0.0737,0.6537,1,0.140444,0.8005,0.5611,1.264,1.5734,4.9599
Rhett Kouba,,0.0649,0.6949,1,0.143556,0.6612,0.4454,1.292,1.5251,5.00904
Josh Mollerus,,0,1,1,0.153667,0.8242,0.5239,1.383,1.528,4.99815
Sammy Tavarez,,0,1,1,0.135556,0.9193,0.6292,1.22,1.5825,4.8195
Eli Villalobos,SDP,0,1,1,0.15,0.8064,0.5321,1.35,1.5325,4.91067
Alaska Abney,,0,1,1,0.140889,0.6807,0.4605,1.268,1.5237,4.95765
Owen Holt,,0,1,1,0.149444,0.7605,0.5018,1.345,1.5427,5.03271
Austin Amaral,WSN,0.0468,0.7798,1,0.145778,0.725,0.5368,1.312,1.5763,5.06961
Carlos Romero,,0,1,1,0.140889,0.7694,0.5287,1.268,1.5476,4.94496
Caden Monke,KCR,0,1,1,0.110889,0.8521,0.7215,0.998,1.7062,4.87035
Matthew Bollenbacher,,0,1,1,0.148556,0.6708,0.4385,1.337,1.5158,5.00904
Joe Vogatsky,BOS,0.0216,0.8986,1,0.153111,0.7562,0.4532,1.378,1.5049,5.08671
Scott Engler,,0,1,1,0.133333,0.8568,0.5943,1.2,1.5943,4.98564
Nick Hernandez,ATH,0,1,1,0.181333,0.8393,0.4712,1.632,1.4951,5.22495
Justin Yeager,TBR,0,1,1,0.150667,0.7945,0.4843,1.356,1.505,4.89321
Zac Leigh,CHC,0,1,1,0.137667,0.8641,0.5983,1.239,1.5652,4.85082
José Geraldo,,0,1,1,0.146333,0.8044,0.5341,1.317,1.5503,5.01651
Eccel Correa,,0,1,1,0.135444,0.6299,0.4728,1.219,1.5662,4.99572
Davison Palermo,COL,0.0409,0.8079,1,0.160556,0.7255,0.5143,1.445,1.6557,5.75055
David Rodriguez,ATL,0,1,1,0.142667,0.643,0.4455,1.284,1.5433,5.00427
Brady Hill,WSN,0,1,1,0.149222,0.804,0.5785,1.343,1.5876,5.09265
Luke Schafer,,0.0798,0.6248,1,0.127222,0.6162,0.4945,1.145,1.6006,5.03937
Seunghwan Oh,,0,1,1,0.164889,0.6501,0.3639,1.484,1.4965,5.22171
Daniel Ponce de Leon,,0.0333,0.8433,1,0.154444,0.7477,0.4567,1.39,1.5056,5.01876
Henry Henry,,0,1,1,0.135889,0.7313,0.536,1.223,1.5859,5.01723
Jarrod Cande,COL,0,1,1,0.177333,0.714,0.4427,1.596,1.5725,5.64093
Tyler Danish,,0,1,1,0.139111,0.6403,0.4391,1.252,1.5746,5.21928
Jackson Kirkpatrick,CHC,0,1,1,0.123444,0.9253,0.7027,1.111,1.6452,4.84938
Joey Lancellotti,,0,1,1,0.148222,0.7728,0.5135,1.334,1.5508,5.05863
Christian MacLeod,MIA,0.0747,0.6487,1,0.131778,0.7739,0.565,1.186,1.5765,4.8186
Grant Ford,,0.0409,0.8079,1,0.139333,0.7707,0.5451,1.254,1.5732,5.01507
Mitch Neunborn,PHI,0.0056,0.9736,1,0.173,0.7381,0.4518,1.557,1.4932,5.13594
Anthony Flores,MIL,0.0258,0.8788,1,0.127556,0.7357,0.571,1.148,1.5993,4.83129
Brad Case,,0.0453,0.7873,1,0.139889,0.6564,0.4583,1.259,1.5482,5.06133
Ike Buxton,,0,1,1,0.121778,0.7005,0.5712,1.096,1.6206,4.93929
Garvin Alston,,0,1,1,0.140667,0.7139,0.5112,1.266,1.5586,4.9005
Trey Braithwaite,,0,1,1,0.145,0.7842,0.5414,1.305,1.5683,5.03811
Nick Mondak,,0,1,1,0.142,0.7896,0.5266,1.278,1.5489,4.80546
Holden Powell,WSN,0.0502,0.7642,1,0.134778,0.7809,0.6159,1.213,1.618,5.02092
Jordan Holloway,,0,1,1,0.125556,0.9177,0.7159,1.13,1.661,4.91409
Ryan Harvey,DET,0,1,1,0.156222,0.7158,0.4048,1.406,1.449,4.87917
Hunter Dollander,,0.0672,0.6842,1,0.145667,0.7758,0.5266,1.311,1.5639,5.08779
Nico Zeglin,HOU,0.0856,0.5976,1,0.138889,0.7515,0.504,1.25,1.5499,4.97556
Valente Bellozo,COL,0,1,1,0.205,0.6224,0.3315,1.845,1.5275,5.82642
Luke Young,WSN,0,1,1,0.155444,0.7086,0.4783,1.399,1.5293,5.09994
Will Mabrey,ARI,0.0311,0.8541,1,0.135778,0.7539,0.53,1.222,1.5803,5.01255
Ryan Shreve,,0.0225,0.8945,1,0.146111,0.6191,0.4337,1.315,1.5395,5.05512
Rafi Vazquez,NYM,0,1,1,0.138444,0.7901,0.5429,1.246,1.568,4.91391
Tanner Burns,,0,1,1,0.144444,0.7749,0.5412,1.3,1.5606,4.98645
Victor Diaz,CIN,0,1,1,0.156889,0.868,0.6301,1.412,1.615,5.1849
Luke Dotson,ARI,0,1,1,0.123889,0.7702,0.598,1.115,1.6416,4.99455
Ryan Vanderhei,SFG,0,1,1,0.122444,0.7134,0.5717,1.102,1.5933,4.89537
Jonathan Clark,CHW,0,1,1,0.157556,0.8426,0.5337,1.418,1.5215,4.93506
Sebastian Keane,,0.0277,0.8697,1,0.15,0.7841,0.504,1.35,1.524,5.02227
Jacob Webb,,0.0275,0.8705,1,0.147333,0.7777,0.5127,1.326,1.5281,4.98393
Dylan Spain,,0,1,1,0.167,0.7634,0.4251,1.503,1.4736,5.10291
Jeff Lindgren,,0,1,1,0.151556,0.703,0.4384,1.364,1.5029,4.99986
Adam Bloebaum,WSN,0,1,1,0.137444,0.7666,0.6127,1.237,1.629,4.9842
Heath Hembree,,0,1,1,0.169889,0.8783,0.5035,1.529,1.5006,5.11902
Yehizon Sanchez,MIN,0,1,1,0.116222,0.6965,0.5627,1.046,1.6242,4.93731
Devin Sweet,BOS,0,1,1,0.159556,0.7716,0.4524,1.436,1.5081,5.15232
Ian Kennedy,TEX,0,1,1,0.183,0.8281,0.4354,1.647,1.4431,5.06943
Michael Caldon,,0,1,1,0.142556,0.7675,0.5427,1.283,1.5658,4.99518
Griffin Kilander,BOS,0,1,1,0.140333,0.8073,0.5539,1.263,1.5876,5.14071
Ryan Brown,ATH,0,1,1,0.182,0.6473,0.3866,1.638,1.5141,5.42565
Brody Jessee,CIN,0,1,1,0.164778,0.7523,0.5007,1.483,1.5591,5.29119
Jackson Lancaster,TBR,0,1,1,0.140556,0.7772,0.5233,1.265,1.5329,4.75236
Daniel Zamora,,0,1,1,0.140111,0.8367,0.4723,1.261,1.4446,4.45743
Sergio Romo,,0,1,1,0.178778,0.7576,0.3515,1.609,1.427,5.12406
Tanner Witt,,0,1,1,0.133111,0.8858,0.6583,1.198,1.6316,5.00949
Richard Rodríguez,,0,1,1,0.166111,0.6788,0.3711,1.495,1.4803,5.17779
Luke Hoskins,DET,0,1,1,0.116222,0.7017,0.5722,1.046,1.6255,4.88322
Tyrone Yulie,,0,1,1,0.14,0.8244,0.5897,1.26,1.5878,5.00589
Brooks Crawford,,0,1,1,0.152111,0.7417,0.4897,1.369,1.5283,5.02065
Seth Keener,CHW,0.0221,0.8961,1,0.147556,0.7295,0.5011,1.328,1.543,4.96179
Cole Peschl,MIN,0,1,1,0.134778,0.6428,0.4639,1.213,1.5595,5.0094
Chandler Jozwiak,,0.0365,0.8285,1,0.142889,0.6951,0.4966,1.286,1.5569,4.95576
Justin Storm,MIA,0,1,1,0.120111,0.7679,0.6113,1.081,1.6183,4.76226
Ethan Routzahn,SDP,0,1,1,0.129889,0.6295,0.5057,1.169,1.5885,4.94901
Will Gaddis,,0,1,1,0.147,0.7104,0.494,1.323,1.5671,5.12379
Ryan Long,BAL,0,1,1,0.176333,0.7637,0.3814,1.587,1.4058,4.89195
Micah Ottenbreit,PHI,0,1,1,0.145444,0.6843,0.534,1.309,1.6014,5.1831
Sean Matson,CLE,0.0795,0.6265,1,0.151556,0.7788,0.4072,1.364,1.4565,4.82319
Dante Biasi,,0.0549,0.7419,1,0.152444,0.819,0.5406,1.372,1.542,4.96116
Dalton Roach,,0.0537,0.7477,1,0.172667,0.7444,0.4028,1.554,1.439,5.02335
Ben Sears,KCR,0.1037,0.5127,1,0.153556,0.6141,0.4012,1.382,1.5261,5.23332
Nate Savino,ARI,0,1,1,0.115333,0.6308,0.5409,1.038,1.6486,5.00355
Roman Angelo,ARI,0.093,0.563,1,0.143333,0.788,0.5122,1.29,1.5421,5.11722
Cam Walty,CLE,0.0312,0.8532,1,0.153556,0.7236,0.358,1.382,1.4493,4.89744
Brandon Johnson,KCR,0.0149,0.9299,1,0.154111,0.7804,0.5164,1.387,1.5665,5.22981
Keythel Key,,0.0351,0.8351,1,0.131444,0.7995,0.6036,1.183,1.6036,4.97772
Shay Schanaman,ATL,0.1007,0.5267,1,0.142333,0.69,0.4783,1.281,1.5713,5.16249
Esmerlin Vinicio,SFG,0.0449,0.7889,1,0.111111,0.7194,0.6197,1,1.6354,4.80996
José Cruz,,0,1,1,0.123889,0.8932,0.6871,1.115,1.6327,4.95
Jack Noble,,0,1,1,0.153111,0.7449,0.4822,1.378,1.5303,5.09715
Tyler Driver,,0,1,1,0.145111,0.7556,0.5213,1.306,1.5682,5.1138
Bo Takahashi,,0,1,1,0.159222,0.7349,0.4407,1.433,1.524,5.24466
Harrison Cohen,NYY,0,1,1,0.146222,0.841,0.6091,1.316,1.5924,4.97952
Stephen Quigley,CIN,0.0237,0.8887,1,0.169556,0.6741,0.4556,1.526,1.5635,5.38551
Jake Miller,,0,1,1,0.150222,0.698,0.4767,1.352,1.5342,5.04
Si Hwan Chang,,0,1,1,0.128333,0.7324,0.5938,1.155,1.658,5.14152
Eric Adler,,0,1,1,0.126444,0.7548,0.6159,1.138,1.6492,5.03487
Casey Hintz,SEA,0,1,1,0.122556,0.7707,0.5221,1.103,1.5203,4.51404
Jaylen Nowlin,MIN,0,1,1,0.130333,0.8435,0.6006,1.173,1.5852,4.85748
Chris Cortez,LAA,0.054,0.746,1,0.104667,0.7866,0.6968,0.942,1.7047,4.81383
LJ McDonough,ATL,0,1,1,0.123111,0.8326,0.663,1.108,1.6641,4.99905
Caleb Smith,,0.0025,0.9885,1,0.163444,0.8339,0.4882,1.471,1.4947,4.98789
Seth Clark,,0,1,1,0.114111,0.7943,0.6887,1.027,1.6858,4.83525
Zach Bryant,TEX,0,1,1,0.146444,0.6486,0.4847,1.318,1.5497,5.04153
Zane Russell,,0,1,1,0.147444,0.7652,0.5426,1.327,1.5797,5.10066
Mason Hickman,,0.0549,0.7419,1,0.153889,0.8096,0.5353,1.385,1.5488,5.09616
Adam Smith,SEA,0.0226,0.8936,1,0.142222,0.7272,0.4032,1.28,1.4265,4.56525
Stiven Cruz,MIL,0.0219,0.8969,1,0.167111,0.7437,0.4458,1.504,1.4862,5.04927
Pilljoon Jang,,0,1,1,0.145222,0.6752,0.4814,1.307,1.5821,5.20911
Allan Hernandez,,0,1,1,0.145333,0.8015,0.5723,1.308,1.585,5.06628
Cohen Achen,BAL,0,1,1,0.141444,0.6513,0.4635,1.273,1.5497,4.97754
Sam Whiting,SEA,0,1,1,0.140667,0.7823,0.4549,1.266,1.4389,4.50315
John Matthews,,0,1,1,0.137556,0.7297,0.5291,1.238,1.5855,5.11713
Jaydenn Estanista,MIA,0,1,1,0.147778,0.8103,0.61,1.33,1.6136,5.15475
Jared Solomon,,0,1,1,0.143333,0.8056,0.5693,1.29,1.5777,5.05341
Duque Hebbert,,0,1,1,0.164667,0.6335,0.365,1.482,1.4653,5.10849
Manuel Cachutt,,0.0668,0.6858,1,0.155444,0.6987,0.4579,1.399,1.5301,5.14485
Indigo Diaz,,0,1,1,0.148111,0.7408,0.5234,1.333,1.5687,5.0976
Ryan Birchard,MIL,0.0418,0.8038,1,0.142556,1.0199,0.7397,1.283,1.6257,4.91796
Joey Mancini,HOU,0.0865,0.5935,1,0.145778,0.6704,0.4273,1.312,1.5071,5.03316
Yeuris Jimenez,WSN,0.0347,0.8367,1,0.122111,0.737,0.66,1.099,1.6824,5.07348
P.J. Labriola,,0,1,1,0.127778,0.6799,0.56,1.15,1.6258,4.97403
Hyeon-Jong Yang,,0.0746,0.6496,1,0.153222,0.6016,0.4199,1.379,1.5679,5.23854
Alessandro Ercolani,PIT,0,1,1,0.160556,0.7071,0.4559,1.445,1.5185,5.20506
Jake Brentz,,0,1,1,0.114556,0.975,0.8,1.031,1.7163,4.83921
Luarbert Arias,,0,1,1,0.161333,0.7866,0.4545,1.452,1.4779,5.00445
Shane Panzini,KCR,0.0982,0.5382,1,0.148444,0.7299,0.524,1.336,1.5947,5.28804
Sheldon Reed,,0,1,1,0.157667,0.8078,0.5315,1.419,1.5536,5.14854
Michael Kennedy,CLE,0.093,0.563,1,0.145889,0.7435,0.4182,1.313,1.4784,4.78845
Jacob Wosinski,,0,1,1,0.154,0.703,0.4712,1.386,1.5399,5.13828
Carter Spivey,,0.1058,0.5028,1,0.157556,0.6616,0.4321,1.418,1.5211,5.166
Tyler McLoughlin,NYM,0,1,1,0.139556,0.848,0.6051,1.256,1.5894,4.91715
Bobby Milacki,,0.0996,0.5316,1,0.161556,0.6336,0.3578,1.454,1.4723,5.1048
Kelly Austin,NYY,0.0186,0.9126,1,0.175778,0.7794,0.4624,1.582,1.4786,5.03316
Todd Peterson,,0,1,1,0.151333,0.6696,0.5134,1.362,1.5903,5.22108
Mason Vinyard,MIA,0,1,1,0.139111,0.7149,0.523,1.252,1.5782,5.04567
Hunter Hodges,NYM,0,1,1,0.109778,0.8682,0.7357,0.988,1.6959,4.78926
Dylan Heid,,0,1,1,0.150889,0.7975,0.5355,1.358,1.5572,5.02281
Jordany Ventura,,0,1,1,0.134889,0.825,0.6249,1.214,1.6133,5.0166
Treyson Peters,PIT,0.0274,0.8714,1,0.157333,0.6259,0.4273,1.416,1.5512,5.33628
Giussepe Velasquez,PHI,0.0546,0.7436,1,0.165222,0.6709,0.4737,1.487,1.558,5.30469
Alec Baker,ARI,0.0244,0.8854,1,0.150889,0.6333,0.4155,1.358,1.5319,5.21937
Arij Fransen,,0,1,1,0.132,0.679,0.5503,1.188,1.6149,5.06826
Seth Clausen,COL,0,1,1,0.14,0.8315,0.7163,1.26,1.7929,5.77323
Zack Brown,,0.1002,0.5292,1,0.159111,0.651,0.423,1.432,1.5348,5.25996
Jacob Roberts,WSN,0,1,1,0.134333,0.8859,0.7249,1.209,1.6962,5.18112
Natanael Polanco,MIA,0.0218,0.8978,1,0.129778,0.787,0.6103,1.168,1.6389,5.08356
Michael Martinez,,0,1,1,0.151111,0.8217,0.5668,1.36,1.5712,5.10921
Jack Young,CHW,0,1,1,0.140778,0.6598,0.5179,1.267,1.5946,5.04108
Daniel Federman,,0,1,1,0.143667,0.7572,0.5608,1.293,1.605,5.16627
Bryce Hubbart,CIN,0.0282,0.8672,1,0.173,0.7962,0.5501,1.557,1.5819,5.28525
Randy Labaut,,0.0584,0.7254,1,0.155222,0.7607,0.5274,1.397,1.5451,4.98789
Nicolas Herold,,0,1,1,0.125778,0.7393,0.6091,1.132,1.6356,5.07753
Zach Barnes,,0,1,1,0.139333,0.6855,0.5294,1.254,1.6029,5.14665
Maddox Long,DET,0.0705,0.6685,1,0.145667,0.7428,0.5171,1.311,1.5715,5.11272
Kih-Yun Yang,,0,1,1,0.148333,0.757,0.5396,1.335,1.5962,5.23575
Pedro Santos,,0.0102,0.9522,1,0.132556,0.8702,0.6848,1.193,1.6578,5.06097
Davis Chastain,LAD,0,1,1,0.155444,0.8417,0.6268,1.399,1.6346,5.25078
Tyler Guilfoil,,0,1,1,0.155333,0.7928,0.5182,1.398,1.5205,5.05188
Blaze Pontes,ATH,0,1,1,0.146667,0.5731,0.5288,1.32,1.6706,5.46273
Tahnaj Thomas,,0.0219,0.8969,1,0.147444,0.7217,0.5208,1.327,1.5793,5.17041
Hoss Brewer,NYM,0.0274,0.8714,1,0.138667,0.6883,0.5108,1.248,1.5834,5.0274
Will Gagnon,LAD,0.0944,0.5564,1,0.144667,0.8228,0.6581,1.302,1.6625,5.21037
Tegan Cain,PHI,0,1,1,0.141444,0.7462,0.6354,1.273,1.6769,5.28453
Cameron Pferrer,,0,1,1,0.157556,0.8392,0.5651,1.418,1.5652,5.14899
Anderson Bido,,0.0189,0.9109,1,0.155333,0.6256,0.4297,1.398,1.5298,5.15241
Roel Garcia III,TBR,0,1,1,0.170111,0.6961,0.3797,1.531,1.4437,5.00265
Dylan Hall,,0,1,1,0.158111,0.7281,0.4919,1.423,1.5497,5.18184
Jake Gozzo,,0,1,1,0.141111,0.7429,0.567,1.27,1.6054,5.1201
Liam Norris,,0,1,1,0.131556,0.9678,0.763,1.184,1.6833,4.93137
Junior Santos,,0,1,1,0.148444,0.7084,0.5192,1.336,1.5764,5.14089
Landen Payne,CHW,0.0209,0.9019,1,0.137333,0.6686,0.5557,1.236,1.6305,5.08068
Gerardo Salas,STL,0,1,1,0.150444,0.6405,0.4341,1.354,1.5062,5.02866
Cooper McKeehan,,0,1,1,0.111556,0.6896,0.6649,1.004,1.7114,4.9131
Chris Jefferson,,0.0304,0.8574,1,0.152222,0.7133,0.5041,1.37,1.5742,5.22558
Nick Swiney,,0.0549,0.7419,1,0.153222,0.7043,0.4989,1.379,1.5508,5.04981
Trevor Kelley,,0.0725,0.6595,1,0.166333,0.7422,0.4256,1.497,1.4808,5.08212
Jacob Gomez,,0.0218,0.8978,1,0.130444,0.8147,0.6674,1.174,1.6645,4.99518
Tyler Thornton,,0,1,1,0.155889,0.9313,0.607,1.403,1.5425,5.04729
Ryan Sublette,LAD,0.0204,0.9044,1,0.149,0.8167,0.6296,1.341,1.6369,5.21361
Eduardo Herrera,,0,1,1,0.143,0.8348,0.6157,1.287,1.6096,5.11758
Josh Sanders,,0,1,1,0.149222,0.6391,0.4673,1.343,1.5631,5.17626
Carlos Tavera,BAL,0,1,1,0.161222,0.8117,0.516,1.451,1.5185,5.00958
Juan Rojas,,0.0254,0.8804,1,0.135333,0.7086,0.5755,1.218,1.6198,5.00949
Edwuin Bencomo,,0.0939,0.5589,1,0.179222,0.6481,0.3479,1.613,1.4487,5.21343
Brady Tygart,BOS,0.1,0.53,1,0.132,0.7793,0.6115,1.188,1.6612,5.29587
Domingo Geronimo,,0,1,1,0.143111,0.7268,0.5594,1.288,1.6108,5.16096
Kelvin Bautista,,0,1,1,0.117,0.7541,0.6784,1.053,1.6949,4.92939
Christian Little,SEA,0,1,1,0.133444,0.8362,0.5484,1.201,1.5158,4.60044
Jae Yun Kim,,0,1,1,0.178556,0.757,0.4367,1.607,1.5268,5.4045
Alberto Pacheco,COL,0.0542,0.7452,1,0.158889,0.6243,0.5023,1.43,1.6735,5.75991
Landon Sims,ARI,0,1,1,0.142,0.7315,0.5327,1.278,1.6019,5.25843
Nathanael Heredia,,0,1,1,0.121111,0.7711,0.6509,1.09,1.6579,4.90725
Titan Kennedy-Hayes,PHI,0.0526,0.7526,1,0.127667,0.7723,0.7042,1.149,1.719,5.22981
Eric Torres,BAL,0,1,1,0.135444,0.898,0.6674,1.219,1.6178,4.9581
Julian Tonghini,,0,1,1,0.131556,0.7637,0.6359,1.184,1.6715,5.16897
Jordan Jones,,0.0365,0.8285,1,0.154667,0.7866,0.5522,1.392,1.5741,5.17536
Devereaux Harrison,TOR,0.063,0.704,1,0.161556,0.7379,0.4659,1.454,1.4942,4.99095
Jeisson Cabrera,BAL,0,1,1,0.140889,0.8516,0.6278,1.268,1.6045,4.97799
Bernard Jose,SDP,0,1,1,0.148444,0.712,0.5324,1.336,1.5706,5.04603
Caleb Wurster,,0.0525,0.7535,1,0.145,0.7789,0.582,1.305,1.5972,5.05323
John Doxakis,,0,1,1,0.146111,0.7456,0.544,1.315,1.5759,5.05188
Dash Albus,KCR,0,1,1,0.141778,0.6608,0.5277,1.276,1.6208,5.20839
Tucker Biven,WSN,0.0816,0.6166,1,0.150556,0.7039,0.5639,1.355,1.6359,5.36247
Matt Dunaway,SFG,0.014,0.934,1,0.130333,0.631,0.5346,1.173,1.6094,5.11758
Calvin Bickerstaff,BOS,0,1,1,0.162889,0.6565,0.4096,1.466,1.5246,5.32692
Jake Rice,,0,1,1,0.139444,0.8169,0.629,1.255,1.6147,4.97718
Cameron Junker,,0,1,1,0.143222,0.7512,0.576,1.289,1.6177,5.19291
Morris Austin,CHW,0,1,1,0.143778,0.7719,0.5925,1.294,1.6144,5.09148
Kamden Edge,KCR,0,1,1,0.144333,0.8263,0.61,1.299,1.6253,5.28795
Lucas Sims,CHW,0,1,1,0.149333,0.9715,0.6484,1.344,1.5679,4.94415
Shane Rademacher,SFG,0.0449,0.7889,1,0.163778,0.5817,0.3687,1.474,1.4597,5.10354
Nick Maldonado,MIA,0,1,1,0.135,0.7024,0.5622,1.215,1.6368,5.1903
Nick Krauth,TEX,0,1,1,0.156444,0.5999,0.4252,1.408,1.5258,5.21802
Dillon Larsen,,0.0349,0.8359,1,0.118444,0.7527,0.6909,1.066,1.7112,4.98798
Merrick Baldo,WSN,0,1,1,0.149222,0.6275,0.5235,1.343,1.6198,5.30118
Eli Saul,,0.0146,0.9316,1,0.120556,0.663,0.6069,1.085,1.6783,5.12847
Jadon Bercovich,TBR,0.0318,0.8508,1,0.149667,0.7736,0.5339,1.347,1.5669,5.09229
Justin Meis,PIT,0.0165,0.9225,1,0.160111,0.7728,0.5445,1.441,1.5685,5.26653
Cole Hillier,SFG,0,1,1,0.134667,0.6603,0.5405,1.212,1.5847,5.05566
Tommy Vail,CHW,0.0735,0.6545,1,0.153778,0.8092,0.5974,1.384,1.595,5.01507
Frankie Scalzo Jr.,CHC,0.0693,0.6743,1,0.154111,0.716,0.4883,1.387,1.5496,5.1903
Kai Wynyard,TEX,0,1,1,0.154111,0.7332,0.5536,1.387,1.5879,5.20596
Andy Rodriguez,,0.0381,0.8211,1,0.162222,0.722,0.4912,1.46,1.5577,5.27112
Trent Buchanan,ATL,0,1,1,0.133,0.7893,0.6374,1.197,1.6635,5.16087
Billy Sullivan,,0,1,1,0.130222,0.7646,0.635,1.172,1.6669,5.18067
Mathieu Curtis,ATL,0.0444,0.7914,1,0.146556,0.7666,0.5614,1.319,1.6154,5.27292
Jose Ramirez,,0.0746,0.6496,1,0.133333,0.6258,0.5181,1.2,1.615,5.21262
Luis Guerrero,TBR,0,1,1,0.145667,0.8564,0.5802,1.311,1.5554,4.93551
Kai Peterson,,0,1,1,0.140778,0.8885,0.6689,1.267,1.6279,5.02821
Ryan Langford,,0.0863,0.5943,1,0.161556,0.6838,0.4662,1.454,1.5432,5.25285
Jackson Smeltz,SDP,0.0154,0.9274,1,0.138778,0.7474,0.6125,1.249,1.6354,5.00346
Tucker Novotny,ATH,0.104,0.511,1,0.156222,0.7015,0.5989,1.406,1.668,5.42322
Matt McShane,BOS,0,1,1,0.149222,0.7499,0.5423,1.343,1.6107,5.35203
Alexis Torres,PIT,0,1,1,0.121111,0.712,0.6655,1.09,1.7273,5.301
Irv Carter,TOR,0,1,1,0.155556,0.7833,0.5136,1.4,1.5331,5.07051
Maddux Bruns,LAD,0,1,1,0.144444,0.8878,0.6973,1.3,1.65,5.05899
Jonah Hurney,,0,1,1,0.132444,0.5569,0.503,1.192,1.6261,5.09445
Jack Crowder,BAL,0,1,1,0.142556,0.7318,0.5581,1.283,1.6032,5.08455
Carson Myers,TOR,0,1,1,0.135111,0.781,0.615,1.216,1.6317,4.96269
Jack Seppings,MIL,0.0267,0.8747,1,0.156556,0.6206,0.4539,1.409,1.5619,5.24079
Robbie Peto,,0.0986,0.5366,1,0.161444,0.6971,0.4771,1.453,1.5574,5.31495
Marlin Willis,,0,1,1,0.141333,0.8403,0.6503,1.272,1.6382,5.08068
Aidan Anderson,CHW,0,1,1,0.166222,0.6434,0.4248,1.496,1.5071,5.12037
J.C. Flowers,,0.0423,0.8013,1,0.134,0.7097,0.6071,1.206,1.6601,5.20002
Jorge Benitez,,0,1,1,0.127222,0.8007,0.6689,1.145,1.6595,4.98852
Luis Rujano,CHC,0,1,1,0.133556,0.7525,0.6181,1.202,1.6361,5.06007
Bryan Perez,,0,1,1,0.125778,0.6572,0.5902,1.132,1.6678,5.18544
Jay Driver,CLE,0,1,1,0.138222,0.8576,0.5568,1.244,1.5657,4.94775
Carlos Garcia,,0.0732,0.6562,1,0.174333,0.7993,0.4873,1.569,1.507,5.25141
Daniel Lloyd,BAL,0,1,1,0.154778,0.6609,0.4702,1.393,1.5504,5.12154
Nick Mikolajchak,,0,1,1,0.157556,0.6679,0.488,1.418,1.5699,5.25339
Misael Tamarez,,0,1,1,0.153,0.7267,0.5338,1.377,1.5737,5.18517
Thomas Balboni Jr.,NYY,0,1,1,0.153333,0.8429,0.6165,1.38,1.6146,5.22477
Elwis Mijares,NYM,0,1,1,0.121556,0.6802,0.6127,1.094,1.6627,4.96674
Chandler Marsh,BAL,0,1,1,0.149667,0.8266,0.5976,1.347,1.6043,5.14143
Brayden Spears,CHC,0.0567,0.7337,1,0.135889,0.6408,0.5382,1.223,1.6229,5.16654
Sayer Diederich,,0,1,1,0.133667,0.7334,0.6316,1.203,1.6657,5.09049
Jonny Cuevas,TBR,0.0237,0.8887,1,0.146333,0.6646,0.5009,1.317,1.5729,5.08869
Eiker Huizi,WSN,0,1,1,0.130222,0.6791,0.6387,1.172,1.7044,5.31162
Kenten Egbert,,0.0679,0.6809,1,0.168889,0.5635,0.3726,1.52,1.5174,5.33457
Daniel Harper,PHI,0,1,1,0.166556,0.7195,0.5568,1.499,1.6181,5.43645
Michael Hobbs,SEA,0,1,1,0.133778,0.8333,0.5709,1.204,1.5417,4.68846
Karl Kauffmann,,0.0635,0.7015,1,0.145667,0.5491,0.4601,1.311,1.6068,5.33745
Jawilme Ramírez,,0,1,1,0.159444,0.6766,0.4823,1.435,1.5468,5.20515
Chase De Jong,,0,1,1,0.178111,0.7807,0.4716,1.603,1.5242,5.28831
Reece Fields,TOR,0,1,1,0.144889,0.7844,0.5879,1.304,1.6238,5.19174
Jarold Rosado,CHW,0,1,1,0.145556,0.7653,0.6126,1.31,1.6301,5.12208
Frankeli Arias,CHW,0.0189,0.9109,1,0.161778,0.7054,0.5136,1.456,1.5449,4.9941
Ramsey David,HOU,0,1,1,0.132444,0.8224,0.6486,1.192,1.6448,5.08671
Ralph Garza Jr.,,0,1,1,0.161889,0.6628,0.4312,1.457,1.5357,5.23881
CJ Weins,,0,1,1,0.142,0.7505,0.6107,1.278,1.6357,5.17932
Luke Hansel,COL,0.0435,0.7955,1,0.159667,0.5841,0.5208,1.437,1.7436,6.09921
Brandon Downer,BAL,0.0393,0.8153,1,0.143667,0.5903,0.4796,1.293,1.6027,5.2002
Sam Bower,SFG,0.0877,0.5877,1,0.134333,0.5839,0.5204,1.209,1.6219,5.24412
Roman Phansalkar,,0,1,1,0.140667,0.7199,0.5782,1.266,1.6204,5.19849
Xavier Kolhosser,MIN,0.0296,0.8606,1,0.135222,0.8271,0.6545,1.217,1.6571,5.18049
Logan McGuire,CLE,0,1,1,0.158111,0.7437,0.4215,1.423,1.4869,5.004
Hudson Leach,HOU,0,1,1,0.127444,0.8411,0.673,1.147,1.6532,5.04252
Draven Zeigler,PIT,0.0816,0.6166,1,0.141556,0.5633,0.5017,1.274,1.6599,5.53662
Elier Morillo,MIA,0.1044,0.5094,1,0.117667,0.8949,0.7731,1.059,1.7356,5.03847
Samuel Vásquez,MIA,0,1,1,0.137556,0.7238,0.593,1.238,1.6368,5.16087
Austin Troesser,NYM,0,1,1,0.144333,0.8036,0.6138,1.299,1.6256,5.11065
Christian Chamberlain,KCR,0,1,1,0.138111,0.8564,0.685,1.243,1.6804,5.24358
Pablo Aldonis,,0,1,1,0.147778,0.7263,0.5768,1.33,1.6129,5.12253
Inohan Paniagua,,0,1,1,0.138444,0.7582,0.5818,1.246,1.6092,5.13081
Tommy Molsky,KCR,0,1,1,0.141667,0.7224,0.5818,1.275,1.6542,5.42178
Ruben Galindo,,0.0256,0.8796,1,0.135222,0.6773,0.6,1.217,1.6749,5.28156
Jason Ruffcorn,SEA,0.1007,0.5267,1,0.156778,0.696,0.3978,1.411,1.4436,4.79673
Anthony Susac,TEX,0,1,1,0.135111,0.687,0.6279,1.216,1.6762,5.24241
Isaiah Coupet,COL,0.0489,0.7699,1,0.162889,0.6826,0.5742,1.466,1.7231,5.90751
Grant Manning,WSN,0.0982,0.5382,1,0.153889,0.7111,0.5881,1.385,1.6493,5.43375
Todd Kniebbe,BAL,0,1,1,0.145556,0.7804,0.6012,1.31,1.6286,5.17482
Isaias Uribe,PIT,0.017,0.92,1,0.127889,0.663,0.6331,1.151,1.719,5.31963
Ben Beutel,,0,1,1,0.127,0.6599,0.6172,1.143,1.6883,5.13243
Jacob Kroeger,ATL,0.0232,0.8912,1,0.139444,0.7346,0.6049,1.255,1.6529,5.15997
Trace Baker,TOR,0,1,1,0.142,0.788,0.6107,1.278,1.6396,5.19489
Matt Eckelman,,0.0798,0.6248,1,0.159667,0.6932,0.5078,1.437,1.5887,5.37363
Jonathan Todd,TOR,0,1,1,0.161444,0.8053,0.5407,1.453,1.5621,5.20362
Rocco Reid,ARI,0,1,1,0.109111,0.7117,0.6926,0.982,1.7607,5.18715
Jackson Hicks,,0,1,1,0.141556,0.6954,0.59,1.274,1.6592,5.30631
Chase Isbell,KCR,0,1,1,0.143111,0.7195,0.606,1.288,1.6917,5.49711
Brett Banks,NYM,0,1,1,0.141,0.7869,0.6243,1.269,1.6373,5.09814
Logan Samuels,ATL,0,1,1,0.148778,0.6497,0.5036,1.339,1.6111,5.34573
Logan Berrier,DET,0,1,1,0.128111,0.6156,0.5634,1.153,1.6651,5.18418
Yimi Presinal,KCR,0,1,1,0.124222,0.7303,0.6856,1.118,1.7439,5.3703
Caleb Freeman,,0,1,1,0.149778,0.8208,0.6075,1.348,1.6152,5.20155
Tyler Cleveland,SEA,0,1,1,0.152778,0.7323,0.4285,1.375,1.4353,4.69593
Cam Brown,,0,1,1,0.127889,0.6168,0.5817,1.151,1.6763,5.24646
Jalen Evans,DET,0,1,1,0.144444,0.7436,0.5834,1.3,1.6259,5.20335
Noah Beal,TBR,0.02,0.906,1,0.151889,0.7231,0.5314,1.367,1.5781,5.15151
Manuel Olivares,COL,0,1,1,0.145889,0.5881,0.5994,1.313,1.8088,6.07887
Camron Hill,PHI,0,1,1,0.148667,0.8139,0.701,1.338,1.6957,5.29263
Carter Lovasz,ATL,0,1,1,0.138556,0.7033,0.5932,1.247,1.6713,5.33592
Case Williams,COL,0.016,0.925,1,0.182111,0.704,0.517,1.639,1.6676,6.04917
Dylan Hecht,,0,1,1,0.145111,0.8436,0.6738,1.306,1.674,5.31918
Matt Gabbert,,0.0874,0.5894,1,0.156889,0.6303,0.4548,1.412,1.5746,5.37102
Hunter Hayes,,0,1,1,0.144444,0.6307,0.542,1.3,1.6298,5.27319
Jose Pena Jr.,PHI,0,1,1,0.154444,0.7661,0.6567,1.39,1.675,5.39523
Mauricio Estrella,SFG,0,1,1,0.132667,0.6398,0.5716,1.194,1.629,5.18976
Tanner Smith,BAL,0.0375,0.8235,1,0.139111,0.7331,0.6133,1.252,1.6704,5.25204
Jose Meneses,MIL,0.0163,0.9233,1,0.119222,0.7616,0.7365,1.073,1.7422,5.03514
Jack Leftwich,CLE,0.0626,0.7056,1,0.162,0.6881,0.3903,1.458,1.4864,5.09049
Brandon Neely,BOS,0,1,1,0.134111,0.7666,0.6543,1.207,1.712,5.44302
Geison Urbaez,,0,1,1,0.147111,0.6598,0.5452,1.324,1.6312,5.34312
Tanner Perry,MIL,0,1,1,0.17,0.7284,0.5063,1.53,1.5641,5.33583
Elison Joseph,ATL,0,1,1,0.131222,0.8956,0.7606,1.181,1.7222,5.18832
Jackson Dannelley,WSN,0,1,1,0.141889,0.6617,0.6268,1.277,1.7041,5.42142
Endrys Briceno,,0,1,1,0.159889,0.7638,0.5601,1.439,1.6029,5.37552
Ricky DeVito,,0,1,1,0.127111,0.859,0.7467,1.144,1.7266,5.2452
Austin Smith,COL,0,1,1,0.169111,0.7601,0.6223,1.522,1.7384,6.03972
Emmanuel Chapman,,0.0439,0.7939,1,0.145556,0.7756,0.6261,1.31,1.6513,5.32386
Andrew Dalquist,SDP,0,1,1,0.144667,0.8281,0.6865,1.302,1.6671,5.17302
Austin Emener,COL,0,1,1,0.166889,0.7204,0.6139,1.502,1.7339,5.89608
Jacob Bimbi,PIT,0.1002,0.5292,1,0.118333,0.6582,0.6879,1.065,1.772,5.35185
Trey Pooser,STL,0.0496,0.7666,1,0.149444,0.5475,0.4524,1.345,1.5904,5.3235
Juan Zapata,,0.0982,0.5382,1,0.169,0.6173,0.4399,1.521,1.5636,5.45877
Will Varmette,SDP,0,1,1,0.161667,0.7578,0.5552,1.455,1.5734,5.21541
Cam Schuelke,CLE,0,1,1,0.137556,0.7442,0.5291,1.238,1.5887,5.04072
Grif Hughes,COL,0.1014,0.5234,1,0.169333,0.6059,0.5186,1.524,1.7102,6.01767
Tommy Mace,,0,1,1,0.151556,0.6501,0.5247,1.364,1.6023,5.30289
D.J. Carpenter,,0,1,1,0.144444,0.7184,0.6075,1.3,1.6501,5.27913
Manuel Veloz,,0.0954,0.5514,1,0.153444,0.588,0.4725,1.381,1.5986,5.41584
Calvin Schapira,SEA,0,1,1,0.129556,0.8171,0.6109,1.166,1.5776,4.62807
Brandon Decker,NYY,0.0572,0.7312,1,0.163556,0.7303,0.5589,1.472,1.6023,5.31252
Brady Afthim,CIN,0,1,1,0.164889,0.7445,0.6319,1.484,1.6979,5.63355
Ethan Chenault,PHI,0,1,1,0.143222,0.7264,0.6808,1.289,1.7289,5.48082
Peyton Fosher,MIA,0.096,0.549,1,0.139,0.7227,0.6087,1.251,1.6746,5.37444
Zach Jacobs,CLE,0,1,1,0.155889,0.7614,0.4624,1.403,1.5143,5.06313
Luke Bell,CHW,0,1,1,0.175111,0.6702,0.4688,1.576,1.5557,5.33079
Adam Tulloch,CLE,0,1,1,0.13,0.8189,0.6,1.17,1.603,4.84983
Shaddon Peavyhouse,,0.0658,0.6908,1,0.134556,0.5587,0.5333,1.211,1.669,5.39838
Yereny Teus,TBR,0,1,1,0.143556,0.8436,0.6537,1.292,1.6344,5.05764
Florencio Serrano,,0.0733,0.6553,1,0.162111,0.6102,0.4906,1.459,1.5868,5.39226
Justin Lange,,0.0453,0.7873,1,0.143,0.8133,0.6733,1.287,1.6823,5.34564
Kaleb Bowman,MIL,0,1,1,0.166,0.7274,0.5249,1.494,1.571,5.30892
Dannel Diaz,,0.0461,0.7831,1,0.126111,0.732,0.6995,1.135,1.7321,5.17851
Dariel Francia,PIT,0.0311,0.8541,1,0.132222,0.7695,0.7168,1.19,1.7473,5.44518
Griffin Kirn,ATH,0,1,1,0.154444,0.6152,0.6065,1.39,1.7289,5.6268
Carlton Perkins,CHW,0,1,1,0.127333,0.7287,0.6986,1.146,1.7282,5.18139
Luke Cooper,LAA,0,1,1,0.14,0.7857,0.6472,1.26,1.6675,5.103
Zack Morris,COL,0,1,1,0.145667,0.6477,0.6665,1.311,1.8299,5.9706
Ryan Cabarcas,,0,1,1,0.133111,0.6768,0.6407,1.198,1.7118,5.25924
Tyler Bradt,STL,0,1,1,0.132111,0.7453,0.6672,1.189,1.693,5.23008
Jose E. Martinez,,0.0247,0.8837,1,0.135,0.5831,0.5448,1.215,1.651,5.2686
Jordan Little,CIN,0,1,1,0.165778,0.7891,0.6607,1.492,1.7088,5.66739
Cody Morse,LAD,0,1,1,0.147111,0.7185,0.6474,1.324,1.7025,5.35185
Ryan Brown,LAD,0,1,1,0.148222,0.894,0.7781,1.334,1.7609,5.46867
Carson Rudd,,0,1,1,0.181556,0.7762,0.5847,1.634,1.6233,5.58396
Trent Turzenski,BAL,0,1,1,0.132,0.7656,0.6795,1.188,1.7143,5.24997
Gerardo Lopez,PHI,0,1,1,0.161,0.6542,0.5715,1.449,1.6633,5.56182
Graham Osman,CIN,0,1,1,0.129667,0.6684,0.7365,1.167,1.8161,5.44167
Erubiel Armenta,,0,1,1,0.142444,0.7694,0.729,1.282,1.7464,5.36715
Nick Paciorek,,0,1,1,0.140889,0.7249,0.6378,1.268,1.6946,5.39577
Allan Saathoff,,0,1,1,0.153,0.7381,0.5902,1.377,1.6372,5.38362
Nick Wissman,,0,1,1,0.136444,0.5983,0.5762,1.228,1.6845,5.35662
Nick Trabacchi,,0,1,1,0.147889,0.6783,0.5734,1.331,1.6434,5.35833
Jorge Juan,,0,1,1,0.136556,0.8554,0.7161,1.229,1.6971,5.30487
Luis Carrasco,ATH,0,1,1,0.158444,0.5307,0.5344,1.426,1.7032,5.75424
Cale Lansville,,0.0891,0.5811,1,0.145667,0.5678,0.5143,1.311,1.6499,5.45157
Alex Martinez,,0,1,1,0.142667,0.7518,0.6483,1.284,1.6816,5.34429
Teofilo Mendez,ARI,0,1,1,0.150333,0.6407,0.5138,1.353,1.6482,5.58981
Isaac Stebens,BOS,0,1,1,0.137444,0.7932,0.669,1.237,1.7156,5.50818
Ben Harris,,0.0488,0.7708,1,0.141444,0.9024,0.7493,1.273,1.6994,5.1876
Nick Lockhart,,0,1,1,0.141556,0.674,0.6039,1.274,1.6873,5.41818
Garrett Langrell,,0,1,1,0.119667,0.6008,0.6321,1.077,1.7162,5.27535
Melkis Hernández,CLE,0.0975,0.5415,1,0.114889,0.7374,0.6484,1.034,1.705,4.96476
Tyler Morgan,SDP,0,1,1,0.150444,0.6678,0.5749,1.354,1.6475,5.32368
Yoldin De La Paz,,0,1,1,0.129889,0.6524,0.639,1.169,1.7092,5.21766
Darvin Garcia,,0,1,1,0.128333,0.6974,0.6635,1.155,1.7258,5.35779
Luis Moreno,NYM,0,1,1,0.132444,0.6518,0.6005,1.192,1.6831,5.22054
Zane Morehouse,CLE,0,1,1,0.134667,0.8148,0.5976,1.212,1.6227,5.07006
Kyle Roche,LAA,0,1,1,0.152556,0.6656,0.5252,1.373,1.6052,5.23998
Gus Hughes,WSN,0.0284,0.8664,1,0.161778,0.6317,0.539,1.456,1.6393,5.54355
Braian Salazar,SDP,0,1,1,0.134,0.8097,0.7207,1.206,1.6949,5.06106
Gabe Craig,PHI,0,1,1,0.151222,0.7468,0.6716,1.361,1.7152,5.5566
Michael Hilker,MIN,0,1,1,0.133667,0.6978,0.6251,1.203,1.698,5.36076
Felix Ramires,,0,1,1,0.130889,0.6528,0.6363,1.178,1.6993,5.19147
Adiel Melendez,ATL,0,1,1,0.125,0.7239,0.6989,1.125,1.7536,5.24934
Elijah Dale,SEA,0,1,1,0.116,0.7205,0.6002,1.044,1.6163,4.76136
Thomas Farr,CIN,0,1,1,0.189111,0.5548,0.4029,1.702,1.5689,5.72148
Darren Bowen,MIN,0,1,1,0.165333,0.6649,0.4581,1.488,1.5406,5.34177
Derek Casey,,0.044,0.793,1,0.155556,0.7323,0.5937,1.4,1.6584,5.49306
Alonzo Richardson,,0,1,1,0.159111,0.5739,0.4777,1.432,1.6051,5.43141
Darlin Pinales,ATH,0,1,1,0.129,0.7213,0.7862,1.161,1.8525,5.68926
A.J. Labas,,0,1,1,0.141556,0.5976,0.5622,1.274,1.6782,5.42727
Joe Kemlage,,0,1,1,0.131667,0.6388,0.6382,1.185,1.7177,5.25546
Luke Johnson,,0.0923,0.5663,1,0.146556,0.5682,0.5249,1.319,1.6579,5.46957
Samuel Perez,,0,1,1,0.151778,0.6286,0.5475,1.366,1.6236,5.23755
J.P. Massey,,0,1,1,0.129222,0.6484,0.6394,1.163,1.7153,5.3406
Jose Ledesma,NYY,0,1,1,0.127222,0.6761,0.7086,1.145,1.7605,5.1849
Chase Plymell,CHW,0.0398,0.8128,1,0.182778,0.6144,0.4181,1.645,1.5254,5.35842
Dalton Fowler,,0,1,1,0.123556,0.7169,0.7225,1.112,1.7601,5.20857
Daniel Nunez,ARI,0,1,1,0.154556,0.5813,0.4664,1.391,1.6219,5.58954
Louis Marinaro,TEX,0,1,1,0.128667,0.7248,0.736,1.158,1.7557,5.22693
Jake Madden,COL,0,1,1,0.150667,0.6266,0.6425,1.356,1.8311,6.19389
Leonardo Taveras,,0.0735,0.6545,1,0.156778,0.7669,0.6018,1.411,1.6383,5.45841
Erian Rodriguez,CHC,0.0261,0.8771,1,0.149667,0.6626,0.5424,1.347,1.611,5.31603
Andrew Marrero,HOU,0.024,0.887,1,0.157778,0.8324,0.6079,1.42,1.6135,5.33745
Houston Harding,,0.0423,0.8013,1,0.149556,0.5777,0.5256,1.346,1.6314,5.29173
Zeke Wood,STL,0,1,1,0.135333,0.7057,0.6498,1.218,1.6996,5.32287
Jenrry Gonzalez,,0,1,1,0.147889,0.7139,0.6185,1.331,1.6667,5.30667
Natanael Garabitos,,0,1,1,0.141889,0.7315,0.6501,1.277,1.6976,5.41269
Aaron Rund,,0,1,1,0.136333,0.6383,0.6171,1.227,1.7039,5.39154
Andy Rodriguez,TBR,0,1,1,0.136667,0.5975,0.5475,1.23,1.6599,5.30019
Sam Rochard,MIN,0,1,1,0.139778,0.7156,0.6227,1.258,1.691,5.41638
Luimy Munoz,TEX,0.0198,0.9068,1,0.135333,0.6173,0.6412,1.218,1.7171,5.37723
Mike McKenna,MIN,0,1,1,0.146778,0.7061,0.5867,1.321,1.6566,5.41152
Cade Austin,MIA,0.0798,0.6248,1,0.154444,0.6692,0.5403,1.39,1.6318,5.46273
Conor Larkin,SEA,0,1,1,0.155778,0.7949,0.5129,1.402,1.5056,4.89303
Jack Owen,,0,1,1,0.166667,0.5309,0.53,1.5,1.7055,5.78367
Brett Standlee,,0.0374,0.8244,1,0.153556,0.6144,0.541,1.382,1.6577,5.51646
Nate Williams,CHC,0,1,1,0.151222,0.7516,0.6243,1.361,1.6693,5.41431
Connor Housley,,0,1,1,0.144444,0.7267,0.6491,1.3,1.703,5.45481
Josh Hejka,MIA,0,1,1,0.165556,0.6051,0.4349,1.49,1.5495,5.42124
Dylan Crooks,COL,0,1,1,0.171444,0.6872,0.6088,1.543,1.7584,6.16014
Jesus Travieso,PIT,0,1,1,0.134778,0.7597,0.7321,1.213,1.7839,5.61672
Dilan Figueredo,LAD,0,1,1,0.156111,0.5895,0.559,1.405,1.68,5.54463
Aidan Maldonado,,0,1,1,0.148,0.6862,0.6029,1.332,1.6716,5.43942
Anthony Arguelles,WSN,0,1,1,0.140333,0.7201,0.6663,1.263,1.7161,5.41773
Jacob Weaver,WSN,0.0295,0.8615,1,0.144222,0.6384,0.6436,1.298,1.7411,5.60106
Will Armbruester,SEA,0.047,0.779,1,0.176444,0.6063,0.3138,1.588,1.4144,4.98591
Yoendris Gonzalez,CHC,0.0298,0.8598,1,0.151778,0.7474,0.606,1.366,1.6498,5.41125
Preston Howey,DET,0.0309,0.8549,1,0.140778,0.5839,0.5401,1.267,1.6566,5.3604
Carlos Lequerica,,0,1,1,0.154556,0.6492,0.5552,1.391,1.6409,5.44455
Juan Arnaud,NYM,0,1,1,0.133,0.8156,0.7109,1.197,1.7025,5.19336
Alexis Liebano,ARI,0,1,1,0.131222,0.6901,0.654,1.181,1.7421,5.53185
Max Gieg,,0,1,1,0.132333,0.8019,0.7426,1.191,1.7351,5.30667
Jeff Hakanson,,0,1,1,0.153556,0.7234,0.6093,1.382,1.6642,5.46561
Thomas Bruss,,0,1,1,0.141333,0.7176,0.6529,1.272,1.7038,5.4243
Ocean Gabonia,NYY,0,1,1,0.155556,0.6546,0.5874,1.4,1.674,5.45157
Luis Montas,,0,1,1,0.144556,0.6612,0.6095,1.301,1.7039,5.52006
Brannon Jordan,,0,1,1,0.152,0.7062,0.6119,1.368,1.6808,5.499
Aneury Lora,SEA,0,1,1,0.126222,0.601,0.5219,1.136,1.596,4.84839
Bjorn Johnson,MIL,0,1,1,0.132778,0.6925,0.6945,1.195,1.7375,5.22405
Gleiner Diaz,SEA,0,1,1,0.150556,0.7325,0.4951,1.355,1.5159,4.90392
Carson Pierce,,0.0198,0.9068,1,0.136444,0.6789,0.6547,1.228,1.7242,5.4342
Jack Carey,,0,1,1,0.160333,0.7121,0.5693,1.443,1.6182,5.41233
Pedro Da Costa Lemos,SEA,0,1,1,0.151222,0.7288,0.4892,1.361,1.5121,4.9077
Ronaldo Alesandro,,0,1,1,0.146444,0.6951,0.6128,1.318,1.6991,5.51268
Conner Whittaker,CLE,0,1,1,0.142333,0.608,0.4664,1.281,1.6026,5.21973
Ernesto Mercedes,NYM,0,1,1,0.123778,0.8533,0.7898,1.114,1.7522,5.12172
Ronny Garcia,,0,1,1,0.145111,0.7234,0.6558,1.306,1.7099,5.46759
Francis Rivera,COL,0,1,1,0.162556,0.5989,0.5866,1.463,1.7873,6.23448
Luis Ramirez,TEX,0.0877,0.5877,1,0.143,0.6025,0.5951,1.287,1.699,5.53671
Wilker Reyes,,0,1,1,0.134778,0.6747,0.6636,1.213,1.7141,5.25186
Tyler Yankosky,,0,1,1,0.150444,0.6578,0.636,1.354,1.7298,5.64399
Ethan Bosacker,KCR,0.1002,0.5292,1,0.174111,0.5504,0.4139,1.567,1.5642,5.6169
Bo Bonds,,0.0274,0.8714,1,0.160667,0.7394,0.5997,1.446,1.6469,5.48514
Riley Huge,ATH,0,1,1,0.144667,0.7127,0.7372,1.302,1.7997,5.65578
Brock Bell,,0,1,1,0.163222,0.5883,0.4898,1.469,1.6126,5.50215
Stone Hewlett,,0,1,1,0.140889,0.6927,0.6515,1.268,1.7105,5.35239
Yohanse Morel,,0,1,1,0.14,0.7228,0.6722,1.26,1.7225,5.45409
Hayden Wynja,SFG,0.0633,0.7023,1,0.153222,0.6524,0.5515,1.379,1.6045,5.30667
Luke Craig,ARI,0.0309,0.8549,1,0.130444,0.6659,0.6319,1.174,1.7284,5.46723
Mauricio Veliz,,0.0858,0.5968,1,0.161222,0.5986,0.4914,1.451,1.6052,5.51196
Casey Cobb,,0.0267,0.8747,1,0.166,0.6666,0.5318,1.494,1.6207,5.5287
Dante Mendoza,,0,1,1,0.142333,0.7355,0.6772,1.281,1.7284,5.49378
Austin Becker,,0,1,1,0.147667,0.7062,0.6374,1.329,1.6969,5.47254
Juanmi Vasquez,DET,0,1,1,0.149556,0.7683,0.6385,1.346,1.6485,5.19939
Helcris Olivárez,,0,1,1,0.0978889,0.8614,0.9259,0.881,1.8932,5.18526
Jordan Jackson,,0,1,1,0.143444,0.5998,0.5815,1.291,1.6979,5.51106
Mason Miller,KCR,0.0953,0.5523,1,0.138222,0.605,0.6004,1.244,1.7155,5.51412
Rob Griswold,,0,1,1,0.148444,0.4923,0.4754,1.336,1.6405,5.4999
Zach Fogell,BOS,0,1,1,0.134778,0.7201,0.6727,1.213,1.733,5.42664
Jake Stevenson,,0,1,1,0.142556,0.7134,0.6615,1.283,1.7208,5.49234
Will Christophersen,,0,1,1,0.148,0.7126,0.6315,1.332,1.6903,5.49225
Jimmy Loper,,0,1,1,0.149222,0.6659,0.6039,1.343,1.6851,5.49792
Joey Stock,,0,1,1,0.137667,0.7453,0.6845,1.239,1.7563,5.6349
Kole Ramage,,0.0374,0.8244,1,0.140222,0.6579,0.6387,1.262,1.7272,5.52159
Cooper Chandler,,0.0144,0.9324,1,0.169556,0.6613,0.495,1.526,1.5905,5.44563
Christian Ruebeck,LAD,0.0274,0.8714,1,0.159667,0.8405,0.6933,1.437,1.6971,5.59179
Cleiverth Perez,,0.0144,0.9324,1,0.141222,0.5937,0.5929,1.271,1.6991,5.38731
Didier Vargas,,0,1,1,0.137889,0.699,0.6767,1.241,1.7343,5.37876
William Silva,,0,1,1,0.143778,0.6517,0.6101,1.294,1.6992,5.51079
Jose Geraldo,SEA,0,1,1,0.148111,0.7547,0.5375,1.333,1.5459,4.9302
Brent Francisco,MIN,0.0225,0.8945,1,0.161333,0.6188,0.4848,1.452,1.6061,5.52807
Trey Cooper,CHW,0.0246,0.8846,1,0.135,0.7328,0.7318,1.215,1.7565,5.23377
Adolfo Oviedo,PIT,0,1,1,0.142778,0.4876,0.5336,1.285,1.7118,5.68044
Shane Gray,,0,1,1,0.154222,0.6672,0.5919,1.388,1.6738,5.52015
Will Geerdes,,0,1,1,0.14,0.6404,0.6282,1.26,1.723,5.51709
Alix Hernandez,SFG,0,1,1,0.142222,0.6923,0.6281,1.28,1.6583,5.36139
Mitch White,SFG,0,1,1,0.141444,0.6886,0.6281,1.273,1.6698,5.41215
Chandler Welch,MIL,0.0477,0.7757,1,0.167556,0.6915,0.5477,1.508,1.6187,5.51763
Jack Patterson,,0,1,1,0.130556,0.6923,0.7096,1.175,1.7699,5.3775
Cade Vernon,SFG,0.1058,0.5028,1,0.117222,0.3947,0.5414,1.055,1.7259,5.44401
Colby Langford,HOU,0,1,1,0.140444,0.9275,0.7645,1.264,1.6959,5.14845
Ryan Andrade,TBR,0,1,1,0.156222,0.6483,0.5359,1.406,1.6158,5.34645
Euri Montero,WSN,0,1,1,0.134,0.5725,0.6539,1.206,1.7694,5.58954
Jacob Hartlaub,TBR,0,1,1,0.160222,0.6974,0.5499,1.442,1.6267,5.44356
Alex Garbrick,,0,1,1,0.150333,0.6869,0.6224,1.353,1.7016,5.5638
Jaren Warwick,LAA,0,1,1,0.126556,0.6909,0.6846,1.139,1.7403,5.27274
Jack Sokol,NYY,0,1,1,0.147667,0.6171,0.6142,1.329,1.7174,5.50998
Steven Fulgencio,,0.0502,0.7642,1,0.125111,0.6171,0.6786,1.126,1.7793,5.50179
Justin Chambers,LAD,0.0204,0.9044,1,0.143222,0.7777,0.7619,1.289,1.7796,5.44446
Moises Diaz,,0,1,1,0.157222,0.562,0.5678,1.415,1.7004,5.66937
Bradley Wilson,TOR,0,1,1,0.127667,0.6374,0.6444,1.149,1.7383,5.38623
Julian Smith,,0,1,1,0.137556,0.6998,0.69,1.238,1.7389,5.36067
Patrick Maybach,,0,1,1,0.139778,0.6648,0.6538,1.258,1.7314,5.43303
Brayden Risedorph,CHC,0,1,1,0.144889,0.7655,0.6868,1.304,1.7243,5.48154
Ryan Ammons,NYM,0,1,1,0.137556,0.8499,0.7569,1.238,1.7182,5.11308
Cole Miller,ATH,0.1063,0.5003,1,0.175222,0.5545,0.5303,1.577,1.7039,6.00957
Charlie Neuweiler,,0,1,1,0.144556,0.708,0.6662,1.301,1.736,5.57595
Cleiber Maldonado,MIN,0.0251,0.8821,1,0.126222,0.715,0.7112,1.136,1.7672,5.36004
Jordan DiValerio,,0.0877,0.5877,1,0.177556,0.6003,0.4484,1.598,1.5787,5.63454
Matthew Linskey,,0,1,1,0.150333,0.7942,0.6987,1.353,1.7237,5.55336
Dylan Burns,,0.0568,0.7328,1,0.136,0.5698,0.6116,1.224,1.7413,5.56623
Adilson Peralta,PHI,0,1,1,0.164222,0.722,0.6643,1.478,1.7246,5.73102
Franck De La Rosa,,0,1,1,0.143222,0.7372,0.6915,1.289,1.7343,5.51016
Steven Sanchez,,0.0279,0.8689,1,0.155333,0.6115,0.5609,1.398,1.6726,5.57595
Angelo Smith,LAA,0,1,1,0.157111,0.723,0.5892,1.414,1.6547,5.43852
Yadiel Batista,STL,0.0237,0.8887,1,0.138333,0.5092,0.545,1.245,1.6748,5.31693
Glenn Albanese Jr.,,0.0195,0.9085,1,0.154444,0.7286,0.6047,1.39,1.6641,5.42754
Brendan Parks,,0,1,1,0.142667,0.813,0.7276,1.284,1.728,5.27805
Robinson Hernandez,,0.0723,0.6603,1,0.166111,0.6388,0.5366,1.495,1.6434,5.6277
Brett Garcia,,0,1,1,0.148444,0.7136,0.6616,1.336,1.7251,5.57775
Sann Omosako,TOR,0.1025,0.5185,1,0.166556,0.5627,0.4486,1.499,1.5925,5.52537
Bryce Warrecker,NYY,0,1,1,0.166778,0.6521,0.5686,1.501,1.6449,5.48433
Emilker Guzman,,0,1,1,0.148778,0.6903,0.6449,1.339,1.7203,5.58576
Ross Dunn,MIN,0.0886,0.5836,1,0.143,0.6452,0.6045,1.287,1.7059,5.49702
Vicarte Domingo,,0,1,1,0.149556,0.756,0.6857,1.346,1.7217,5.54328
Jeferson Villabona,SDP,0,1,1,0.145556,0.6347,0.6277,1.31,1.7133,5.47794
Eli Ankeney,NYM,0,1,1,0.150444,0.8026,0.6879,1.354,1.6911,5.27247
Dylan Driessen,STL,0,1,1,0.130667,0.69,0.7097,1.176,1.7644,5.43348
Livan Reinoso,,0,1,1,0.133,0.6786,0.6794,1.197,1.7415,5.48433
Xander Hamilton,,0,1,1,0.154667,0.7117,0.6307,1.392,1.6916,5.57631
Bryce Shaffer,TBR,0,1,1,0.123778,0.6096,0.6617,1.114,1.7501,5.23908
Alejandro Manzano,,0.0649,0.6949,1,0.150556,0.5395,0.5375,1.355,1.6835,5.62104
Malik Barrington,,0,1,1,0.151889,0.7375,0.6673,1.367,1.7075,5.53482
John Beller,,0,1,1,0.143444,0.7024,0.6764,1.291,1.7292,5.43816
Kenyi Perez,CHC,0,1,1,0.125667,0.9919,0.8956,1.131,1.8004,5.30838
Fulton Lockhart,LAA,0,1,1,0.134556,0.8915,0.8031,1.211,1.7598,5.28138
Gabriel Sosa,,0,1,1,0.130667,0.6688,0.6907,1.176,1.7646,5.53086
Robby Porco,LAD,0,1,1,0.148222,0.7083,0.7222,1.334,1.7887,5.67405
Hale Sims,,0,1,1,0.152778,0.6362,0.5981,1.375,1.6944,5.58837
Chris Mokma,,0,1,1,0.150889,0.6703,0.6308,1.358,1.7155,5.6106
Joe Joe Rodriguez,,0,1,1,0.141444,0.6748,0.6603,1.273,1.7413,5.598
Brayan Vergara,LAA,0,1,1,0.163889,0.6475,0.5201,1.475,1.6105,5.42313
Jorger Petri,DET,0,1,1,0.129333,0.6775,0.6963,1.164,1.7583,5.32215
Daniel Blair,,0,1,1,0.155556,0.6117,0.5656,1.4,1.6741,5.59647
Trent Hodgdon,CIN,0,1,1,0.148222,0.8197,0.836,1.334,1.8476,5.75451
Yendy Gomez,DET,0,1,1,0.146444,0.5821,0.5626,1.318,1.6744,5.45112
Nick Falter,SDP,0.0175,0.9175,1,0.159556,0.6188,0.5671,1.436,1.6686,5.54445
Mac Lardner,,0,1,1,0.151556,0.6308,0.6061,1.364,1.6923,5.46138
Dennis Colleran Jr.,KCR,0,1,1,0.155556,0.7259,0.6526,1.4,1.7296,5.76459
Marlon Perez,,0,1,1,0.166667,0.7553,0.6262,1.5,1.6536,5.45778
Danny Wilkinson,,0,1,1,0.143556,0.856,0.7878,1.292,1.7609,5.38839
Kade Mechals,,0.0481,0.7741,1,0.164111,0.6621,0.567,1.477,1.6699,5.70024
Luis  Fonseca,CHW,0,1,1,0.139889,0.6644,0.6864,1.259,1.7525,5.37309
Harold Cortijo,,0,1,1,0.160556,0.7305,0.6606,1.445,1.7178,5.61168
Nick Pogue,,0,1,1,0.163667,0.6252,0.596,1.473,1.7009,5.74614
John Wilson,,0,1,1,0.145444,0.6241,0.623,1.309,1.717,5.48955
Magdiel Cotto,,0,1,1,0.124222,0.6328,0.7161,1.118,1.7938,5.38947
Owen Kellington,PIT,0,1,1,0.151556,0.6947,0.6686,1.364,1.7433,5.74011
Layonel Ovalles,,0,1,1,0.144333,0.6682,0.6532,1.299,1.7229,5.54265
Brayan Perez,,0,1,1,0.131667,0.5743,0.6489,1.185,1.7569,5.4297
Conor Steinbaugh,,0,1,1,0.152667,0.5911,0.5733,1.374,1.6996,5.65506
Paxton Thompson,,0,1,1,0.158444,0.6298,0.5818,1.426,1.6789,5.59827
Maceo Campbell,,0,1,1,0.149778,0.7313,0.6783,1.348,1.7374,5.64453
Seamus Barrett,LAD,0,1,1,0.154222,0.6849,0.6818,1.388,1.7586,5.69646
Eliseo Mota,DET,0,1,1,0.135778,0.6161,0.625,1.222,1.7205,5.46057
Miles Langhorne,,0,1,1,0.141778,0.7076,0.6954,1.276,1.762,5.6241
Brayhans Barreto,,0.0296,0.8606,1,0.129778,0.6324,0.707,1.168,1.791,5.45031
Eric Mendez,,0,1,1,0.157222,0.6405,0.5913,1.415,1.6885,5.62977
Zac Lampton,,0,1,1,0.155889,0.7274,0.6314,1.403,1.685,5.4243
Mariano Salomon,NYY,0,1,1,0.171889,0.6841,0.5852,1.547,1.6566,5.5827
Kevin Vaupel,,0.0258,0.8788,1,0.135778,0.6569,0.6916,1.222,1.7667,5.47218
Juan Mercedes,,0,1,1,0.149222,0.6585,0.6394,1.343,1.7292,5.63661
Tyree Thompson,,0.0377,0.8227,1,0.152,0.7017,0.6534,1.368,1.7132,5.59107
Alejandro Torres,HOU,0.0195,0.9085,1,0.156111,0.7821,0.6406,1.405,1.6763,5.54796
Braden Carmichael,,0,1,1,0.153,0.6766,0.6371,1.377,1.7114,5.53743
Jormy Nivar,TEX,0.0768,0.6388,1,0.147333,0.4567,0.5383,1.326,1.704,5.63922
Giomar Diaz,,0,1,1,0.135333,0.6384,0.6859,1.218,1.7729,5.56659
Ben Hernandez,SEA,0,1,1,0.124111,0.576,0.5579,1.117,1.6409,4.96368
Brock Porter,TEX,0.0307,0.8557,1,0.158444,0.7853,0.6894,1.426,1.6833,5.52942
Tony Locey,,0,1,1,0.158111,0.6676,0.6109,1.423,1.7025,5.67423
Gilberto Batista,TOR,0.0747,0.6487,1,0.168556,0.5718,0.4713,1.517,1.6032,5.54319
Erik Ritchie,,0,1,1,0.131111,0.6991,0.7487,1.18,1.8038,5.46066
Bodi Rascon,,0,1,1,0.125778,0.6252,0.7218,1.132,1.7933,5.36382
Davidxon Lara,MIA,0.0228,0.8928,1,0.146222,0.586,0.5819,1.316,1.7112,5.62104
Ethan Bell,CHC,0,1,1,0.143444,0.7978,0.7464,1.291,1.7587,5.50584
Tommy Kane,,0,1,1,0.130556,0.6889,0.7392,1.175,1.7936,5.43717
Jonalbert Rumbol,,0,1,1,0.140778,0.5877,0.6227,1.267,1.7452,5.64462
Harrison Durow,,0,1,1,0.154889,0.6589,0.6106,1.394,1.702,5.6601
Merritt Beeker,WSN,0.0584,0.7254,1,0.148556,0.6436,0.6852,1.337,1.764,5.62347
Jimmy Romano,CIN,0,1,1,0.164111,0.6255,0.6543,1.477,1.7702,5.88879
Reece Wissinger,TOR,0,1,1,0.173667,0.6048,0.4705,1.563,1.6026,5.60538
Jake Eddington,PHI,0,1,1,0.136111,0.6477,0.761,1.225,1.8347,5.69016
Joangel Gonzalez,ARI,0,1,1,0.132111,0.6632,0.6827,1.189,1.781,5.6826
Clete Hartzog,CHW,0,1,1,0.165889,0.7097,0.6229,1.493,1.6894,5.59638
Jesus Gamez,TEX,0,1,1,0.143111,0.9013,0.8546,1.288,1.7929,5.49945
A.J. Alexy,,0,1,1,0.147333,0.8365,0.7617,1.326,1.7573,5.56092
Austin Strickland,SFG,0,1,1,0.116444,0.6227,0.7235,1.048,1.7958,5.48091
Bradford Webb,,0,1,1,0.152889,0.6679,0.6332,1.376,1.7227,5.67693
Inmer Lobo,PIT,0,1,1,0.158444,0.6593,0.6267,1.426,1.6971,5.59575
Luis A. Rodriguez,,0,1,1,0.147444,0.6718,0.6616,1.327,1.7414,5.634
Carson Carter,,0,1,1,0.148778,0.6886,0.6655,1.339,1.7383,5.64075
Henson Leal,KCR,0,1,1,0.151556,0.5931,0.5902,1.364,1.7346,5.83614
Jose Guzman,DET,0,1,1,0.140556,0.6,0.6157,1.265,1.7318,5.55525
Drew Christo,ATL,0,1,1,0.149222,0.6659,0.6369,1.343,1.7393,5.68764
Graham Hoffman,,0,1,1,0.143444,0.6995,0.7009,1.291,1.768,5.63454
Rob Hensey,KCR,0,1,1,0.137889,0.6274,0.6784,1.241,1.7928,5.68368
Jared Poland,,0.0877,0.5877,1,0.181889,0.6304,0.4876,1.637,1.6027,5.72139
Logan Britt,,0.0381,0.8211,1,0.146444,0.6334,0.6424,1.318,1.7435,5.66577
Augie Mojica,ARI,0,1,1,0.143222,0.5967,0.5924,1.289,1.7353,5.77431
Bryce Collins,,0,1,1,0.145444,0.6918,0.6903,1.309,1.7617,5.64264
Gil Luna,,0,1,1,0.138333,0.8292,0.8097,1.245,1.7821,5.29659
Brennen Oxford,,0,1,1,0.149444,0.7178,0.6871,1.345,1.7416,5.5485
Nick McAuliffe,MIN,0,1,1,0.138,0.7565,0.7266,1.242,1.7679,5.56524
Juan Martinez,,0.0219,0.8969,1,0.157,0.6437,0.6048,1.413,1.6953,5.63832
C.J. Mayhue,,0.0453,0.7873,1,0.151889,0.6118,0.6084,1.367,1.7053,5.53032
JJ Sanchez,,0,1,1,0.125111,0.6645,0.7402,1.126,1.801,5.41485
Chase Antle,,0.0418,0.8038,1,0.151556,0.7379,0.6924,1.364,1.7482,5.68584
Kyle Scott,CLE,0,1,1,0.161556,0.715,0.5089,1.454,1.5949,5.38812
Matt Hickey,,0,1,1,0.157333,0.6103,0.574,1.416,1.6859,5.66595
Jack Eshleman,TOR,0,1,1,0.163,0.6228,0.533,1.467,1.6461,5.57784
Jackson Leath,,0,1,1,0.157111,0.6739,0.6305,1.414,1.7187,5.70078
Orlando Gonzalez,PHI,0,1,1,0.154444,0.6533,0.6899,1.39,1.766,5.74893
Myles Gayman,,0,1,1,0.193556,0.562,0.4824,1.742,1.6464,5.96979
Augusto Calderon,,0,1,1,0.151778,0.648,0.6137,1.366,1.7064,5.66028
Benony Robles,,0,1,1,0.149,0.7676,0.722,1.341,1.7436,5.50053
Cam Wynne,,0.0232,0.8912,1,0.164,0.6557,0.5837,1.476,1.6773,5.68872
Brandon Langley,SDP,0,1,1,0.148556,0.7573,0.734,1.337,1.762,5.5512
Armando Vasquez,,0,1,1,0.143444,0.7372,0.7282,1.291,1.769,5.52582
Juan Mendez,,0,1,1,0.152333,0.6925,0.6555,1.371,1.7239,5.64498
Victor Cabreja,PIT,0.0702,0.6702,1,0.160333,0.4856,0.5107,1.443,1.679,5.72589
Karlos Morales,,0,1,1,0.128444,0.6911,0.762,1.156,1.8145,5.4531
Adonis Villavicencio,,0,1,1,0.135333,0.6668,0.7,1.218,1.7702,5.58135
Tim Elliott,,0,1,1,0.149889,0.6662,0.6567,1.349,1.7447,5.68557
Osiel Rodriguez,,0,1,1,0.155222,0.7364,0.6767,1.397,1.7296,5.67486
Noah Ruen,LAD,0,1,1,0.153111,0.6314,0.6676,1.378,1.7697,5.75334
Caleb Franzen,SEA,0,1,1,0.149667,0.6588,0.527,1.347,1.5745,4.97277
Brian Zeldin,MIN,0,1,1,0.140556,0.7722,0.7197,1.265,1.759,5.61276
Luis Ramirez,,0,1,1,0.135111,0.7591,0.7667,1.216,1.7952,5.58819
Greiber Mendez,PIT,0,1,1,0.151889,0.5562,0.579,1.367,1.7312,5.86971
Chase Renner,MIA,0.0077,0.9637,1,0.148111,0.7758,0.7087,1.333,1.7519,5.66577
Maxwel Hernandez,,0.0405,0.8095,1,0.152,0.605,0.6083,1.368,1.7256,5.71491
Luis Devers,,0.087,0.591,1,0.153556,0.6275,0.6093,1.382,1.712,5.70627
Elijah Birdsong,,0,1,1,0.125889,0.546,0.6949,1.133,1.8438,5.81229
Alain Pena,,0.0575,0.7295,1,0.158556,0.587,0.5619,1.427,1.6845,5.70582
Frank Martinez,TEX,0.0812,0.6182,1,0.149333,0.5836,0.6316,1.344,1.7419,5.71617
Jack Mahoney,ATH,0,1,1,0.160556,0.6095,0.6744,1.445,1.8061,5.9859
Yokelvin Reyes,LAA,0.0219,0.8969,1,0.135556,0.6043,0.638,1.22,1.7325,5.34249
Drew Pestka,CIN,0,1,1,0.150222,0.6733,0.7531,1.352,1.8464,5.93001
Ian Foggo,,0,1,1,0.142,0.751,0.7496,1.278,1.7931,5.66865
Jose Martinez,NYY,0,1,1,0.162889,0.671,0.6401,1.466,1.7265,5.6952
Jake Peppers,,0,1,1,0.142667,0.6013,0.6473,1.284,1.7478,5.61564
A.J. Wilson,,0,1,1,0.143111,0.7344,0.7342,1.288,1.767,5.50215
Jake Smith,,0,1,1,0.14,0.7684,0.7257,1.26,1.7491,5.54913
Jesus Mendez,CHW,0,1,1,0.157111,0.6546,0.6312,1.414,1.7104,5.5818
Mason Nichols,TBR,0,1,1,0.163444,0.7542,0.6208,1.471,1.6679,5.57388
Victor Simeon,,0,1,1,0.144444,0.8214,0.782,1.3,1.7775,5.589
Hayden Nierman,,0,1,1,0.140778,0.6385,0.6608,1.267,1.7574,5.56488
Luis Arejula,,0,1,1,0.146222,0.6492,0.6675,1.316,1.7536,5.65875
Geury Rodriguez,TEX,0,1,1,0.127556,0.7104,0.8151,1.148,1.8332,5.42115
Adel Dilone,,0.0626,0.7056,1,0.150111,0.6565,0.655,1.351,1.7443,5.70888
Robert Wegielnik,,0,1,1,0.143,0.6951,0.6955,1.287,1.7611,5.6601
Ben Brutti,CIN,0,1,1,0.148,0.6539,0.7435,1.332,1.8417,5.91957
Jesus Flores,MIL,0,1,1,0.144111,0.6651,0.6927,1.297,1.7709,5.64534
Luis Amoroso,COL,0,1,1,0.174444,0.5093,0.5522,1.57,1.807,6.51978
Aneuris Rodriguez,,0,1,1,0.147444,0.6971,0.6979,1.327,1.7656,5.68584
Leam Mendez,,0,1,1,0.155556,0.7102,0.6382,1.4,1.7139,5.63589
Josh Timmerman,,0,1,1,0.151778,0.7181,0.6859,1.366,1.7344,5.63958
Xavier Ruiz,,0,1,1,0.141222,0.6451,0.6898,1.271,1.7743,5.64615
Marcus Olivarez,,0,1,1,0.140556,0.6706,0.7042,1.265,1.7826,5.6745
Franklin De La Paz,,0,1,1,0.132222,0.6947,0.7514,1.19,1.7984,5.47767
Liam Simon,SFG,0,1,1,0.110778,0.7325,0.8561,0.997,1.8699,5.47614
Tanner Shears,,0,1,1,0.130667,0.7592,0.7919,1.176,1.8178,5.59611
Dylan Simmons,,0,1,1,0.152556,0.5599,0.5875,1.373,1.7197,5.69961
Florangel Vasquez,SDP,0,1,1,0.166111,0.6966,0.6238,1.495,1.6857,5.62995
Brian Walters,PHI,0.0516,0.7576,1,0.147778,0.6222,0.718,1.33,1.8162,5.85036
Andrew Shaffner,CIN,0,1,1,0.162556,0.6061,0.667,1.463,1.807,6.04089
Aidan Layton,,0.0488,0.7708,1,0.149444,0.5489,0.592,1.345,1.7438,5.78475
Xavier Martinez,CLE,0,1,1,0.138,0.7236,0.6329,1.242,1.7046,5.37129
Trennor O'Donnell,BOS,0.0575,0.7295,1,0.167444,0.6074,0.5319,1.507,1.6776,5.89752
Jose Dicochea,ATH,0.0572,0.7312,1,0.182667,0.6134,0.592,1.644,1.7207,6.08337
Bubba Hall,,0,1,1,0.175778,0.6357,0.542,1.582,1.6423,5.71491
Brendan Collins,,0,1,1,0.154444,0.7138,0.6805,1.39,1.7398,5.69853
Andres Galan,TBR,0.0244,0.8854,1,0.171667,0.5787,0.4883,1.545,1.618,5.6034
Sam Brodersen,WSN,0,1,1,0.148444,0.7312,0.7757,1.336,1.8231,5.80248
Junior Cerda,,0,1,1,0.155556,0.7223,0.6781,1.4,1.734,5.7033
Ismael Luciano,COL,0,1,1,0.154333,0.5677,0.6801,1.389,1.8936,6.47478
Kevin Rodriguez,,0,1,1,0.140444,0.567,0.642,1.264,1.7721,5.7069
Nate Tellier,,0,1,1,0.155778,0.7089,0.6734,1.402,1.7306,5.68116
Frenny Grant,DET,0,1,1,0.134444,0.6843,0.7143,1.21,1.7662,5.41053
Jorge Ramos,,0,1,1,0.147889,0.6602,0.6758,1.331,1.7649,5.72643
Holden Laws,,0,1,1,0.161444,0.6182,0.585,1.453,1.6902,5.64687
Zack Hess,,0,1,1,0.15,0.6889,0.6884,1.35,1.7632,5.72346
Christian Becerra,MIN,0.0237,0.8887,1,0.150222,0.5858,0.5844,1.352,1.7167,5.70744
Hugo Beltran,,0,1,1,0.141333,0.6339,0.6893,1.272,1.7875,5.70996
Gerelmi Maldonado,SFG,0,1,1,0.116889,0.7478,0.842,1.052,1.8313,5.41494
Ethan Sloan,DET,0,1,1,0.149,0.5626,0.5759,1.341,1.6813,5.4288
Jackson Holmes,ATH,0,1,1,0.165667,0.6791,0.7259,1.491,1.8321,6.13773
Jarod Wright,,0,1,1,0.160444,0.589,0.5825,1.444,1.7114,5.77152
Brayan Palencia,,0,1,1,0.151222,0.5163,0.5471,1.361,1.6776,5.6565
Carlos Jimenez,,0.0232,0.8912,1,0.134556,0.7777,0.8127,1.211,1.8272,5.61771
Alan Perdomo,,0,1,1,0.161778,0.5058,0.6155,1.456,1.8626,6.51141
Gregori Louis,NYM,0,1,1,0.137667,0.7448,0.7455,1.239,1.7559,5.29668
Rubén Menes,STL,0,1,1,0.149889,0.6039,0.6129,1.349,1.7107,5.61609
Cade Citelli,TBR,0,1,1,0.161333,0.7413,0.6279,1.452,1.6736,5.57766
Sam Tookoian,LAA,0,1,1,0.145556,0.7347,0.702,1.31,1.7415,5.4954
Case Matter,TEX,0.0246,0.8846,1,0.153889,0.7717,0.7567,1.385,1.7702,5.69907
Cade Halemanu,,0.0274,0.8714,1,0.150333,0.6367,0.6488,1.353,1.7434,5.7231
Liam Best,STL,0,1,1,0.139,0.6601,0.6947,1.251,1.7634,5.5944
Aneudy Cortorreal,,0,1,1,0.143111,0.7926,0.7491,1.288,1.7705,5.56605
Andy Fabian,BAL,0,1,1,0.131889,0.7216,0.7724,1.187,1.8124,5.41404
Tanner Cooper,,0,1,1,0.162111,0.5895,0.5799,1.459,1.7139,5.81031
Jason Franks,,0,1,1,0.147778,0.6604,0.6868,1.33,1.771,5.72031
Henry Gomez,,0,1,1,0.140889,0.5397,0.6202,1.268,1.7539,5.68368
Kade Brown,ATH,0,1,1,0.158,0.6158,0.7166,1.422,1.8535,6.15501
Nathan Karaffa,,0,1,1,0.149222,0.6372,0.6644,1.343,1.766,5.75964
Jose Alcantara,,0,1,1,0.149778,0.6912,0.7007,1.348,1.7761,5.75577
Cody Tucker,,0.0189,0.9109,1,0.158778,0.6737,0.6446,1.429,1.7266,5.75235
Eiver Espinoza,,0,1,1,0.140111,0.7008,0.7447,1.261,1.8075,5.70456
Kumar Nambiar,,0.0209,0.9019,1,0.170889,0.5817,0.6484,1.538,1.7874,6.02226
Donovan Zsak,CLE,0,1,1,0.133667,0.8439,0.7444,1.203,1.7488,5.24601
Nathan Landry,,0,1,1,0.153889,0.6669,0.6584,1.385,1.7245,5.58432
Nate LaRue,,0,1,1,0.159778,0.6844,0.6142,1.438,1.7038,5.69367
Max Bain,,0,1,1,0.152778,0.6807,0.6733,1.375,1.7545,5.76747
Estarlin Rodriguez,,0,1,1,0.148444,0.6353,0.6672,1.336,1.7646,5.73975
Joan Gonzalez,,0,1,1,0.157889,0.6614,0.6487,1.421,1.7249,5.66109
Grayson Hitt,,0,1,1,0.113444,0.7079,0.8548,1.021,1.889,5.42637
Malik Binns,,0,1,1,0.144444,0.67,0.7075,1.3,1.7888,5.73822
Niklas Rimmel,,0,1,1,0.155556,0.6759,0.6677,1.4,1.7524,5.7762
Cam Tullar,,0.0302,0.8582,1,0.145556,0.6392,0.6807,1.31,1.7643,5.61024
Peniel Otano,,0,1,1,0.128889,0.6233,0.7371,1.16,1.8336,5.68755
Javier Chacon,SDP,0,1,1,0.15,0.7614,0.7432,1.35,1.7439,5.42448
Tanner Jacobson,,0,1,1,0.156,0.7326,0.6991,1.404,1.7361,5.66262
Miguel Mejias,NYM,0,1,1,0.132556,0.7052,0.7484,1.193,1.7926,5.47128
Teddy Sharkey,BAL,0,1,1,0.158111,0.7438,0.6815,1.423,1.7297,5.63796
Sergio Sanchez,,0,1,1,0.153667,0.7295,0.7062,1.383,1.7577,5.73867
Sam Jacobsak,,0.0823,0.6133,1,0.163333,0.6474,0.6134,1.47,1.7184,5.8356
Michael Trausch,TEX,0,1,1,0.121778,0.751,0.8912,1.096,1.8817,5.41449
Danyony Pulido,PHI,0,1,1,0.153889,0.735,0.7719,1.385,1.8074,5.83578
Dawil Almonte,,0,1,1,0.156444,0.5876,0.6009,1.408,1.7223,5.76612
Grayson Saunier,HOU,0.0105,0.9505,1,0.149556,0.7036,0.6701,1.346,1.7456,5.69124
Dikember Sanchez,,0,1,1,0.137556,0.6385,0.7177,1.238,1.8098,5.72661
Quinton Low,MIL,0,1,1,0.142,0.8102,0.8217,1.278,1.8238,5.6448
Elvis Novas,,0,1,1,0.151778,0.6056,0.6358,1.366,1.745,5.7492
J.D. McReynolds,TEX,0,1,1,0.144556,0.7799,0.8208,1.301,1.8289,5.71392
Angel Hernandez,,0,1,1,0.125778,0.6921,0.8075,1.132,1.8546,5.51466
Zack Showalter,,0,1,1,0.145556,0.7534,0.7517,1.31,1.7791,5.67324
Alfredo Ruiz,,0,1,1,0.138333,0.6726,0.7242,1.245,1.784,5.53671
Engel Peralta,HOU,0,1,1,0.150222,0.7202,0.6729,1.352,1.7323,5.65542
Keegan Collett,,0,1,1,0.149111,0.7514,0.7492,1.342,1.7912,5.75127
Luis Cohen,BOS,0.0956,0.5506,1,0.172889,0.5425,0.4801,1.556,1.6527,5.95125
Billy Seidl,,0,1,1,0.143444,0.6344,0.6701,1.291,1.7633,5.73858
Richie Cortese,PHI,0,1,1,0.151,0.764,0.8205,1.359,1.8541,5.9049
Jack White,SEA,0.0261,0.8771,1,0.115889,0.7411,0.7452,1.043,1.7453,4.94604
Kleiber Olmedo,SDP,0.0381,0.8211,1,0.158111,0.6253,0.6408,1.423,1.7254,5.65434
Gerlin Rosario,ATH,0,1,1,0.179778,0.5833,0.6117,1.618,1.7481,6.10065
Quinton Martinez,,0.0261,0.8771,1,0.142333,0.604,0.6752,1.281,1.7731,5.62374
Hunter Kublick,,0,1,1,0.142111,0.5716,0.6641,1.279,1.7863,5.74191
Zack Qin,SDP,0.09,0.577,1,0.157,0.647,0.6655,1.413,1.7405,5.59134
Alberto Mota,TEX,0,1,1,0.136778,0.7273,0.8209,1.231,1.8467,5.68395
Anthony Patterson III,CHW,0,1,1,0.135111,0.5624,0.7015,1.216,1.8225,5.65092
Drew Conover,CHW,0.0258,0.8788,1,0.147111,0.6537,0.6985,1.324,1.7733,5.64867
Deivy Cruz,,0,1,1,0.135111,0.7282,0.7793,1.216,1.809,5.54517
Justin Long,ATL,0,1,1,0.128667,0.6892,0.7745,1.158,1.8516,5.71869
Sandy Mejia,,0,1,1,0.146778,0.7512,0.7679,1.321,1.806,5.74137
Julian Bosnic,,0.0191,0.9101,1,0.132556,0.7017,0.7891,1.193,1.8278,5.52879
Norbis Diaz,,0,1,1,0.142,0.6645,0.7284,1.278,1.8079,5.74992
Pedro González,,0,1,1,0.140444,0.5122,0.6334,1.264,1.7938,5.80527
Jesús García,STL,0,1,1,0.142444,0.5474,0.6315,1.282,1.7563,5.67072
Jonathan Petit,,0.0528,0.7518,1,0.156222,0.6125,0.6138,1.406,1.7233,5.80545
Luis Avila,PHI,0,1,1,0.164667,0.7061,0.7242,1.482,1.7747,5.87943
Blake Hammond,ATH,0.0418,0.8038,1,0.172444,0.6655,0.7104,1.552,1.8285,6.23835
Eli Jerzembeck,CHC,0.0975,0.5415,1,0.155,0.6476,0.6418,1.395,1.7396,5.78133
Tyler Ahearn,,0,1,1,0.152667,0.607,0.6449,1.374,1.7591,5.80698
Rafael Arias,NYY,0,1,1,0.158,0.6915,0.7047,1.422,1.7704,5.74542
Tyler Wehrle,,0.0488,0.7708,1,0.165556,0.5701,0.5646,1.49,1.6907,5.78763
Carlos Lomeli,,0.0293,0.8623,1,0.148,0.5994,0.6646,1.332,1.7846,5.82435
Mason Ronan,,0,1,1,0.136,0.7142,0.7872,1.224,1.8328,5.61591
Matthew Swain,,0,1,1,0.163444,0.6553,0.6368,1.471,1.7366,5.85783
Ricardo Yan,ARI,0,1,1,0.124889,0.7053,0.7599,1.124,1.8305,5.77863
Alex Breckheimer,STL,0.0975,0.5415,1,0.149444,0.6056,0.6418,1.345,1.7532,5.77782
Miguel Guerrero,,0,1,1,0.165556,0.6559,0.6281,1.49,1.717,5.8041
Victor Espiritu,TOR,0.0781,0.6331,1,0.151333,0.5931,0.6154,1.362,1.7411,5.73597
Yunior Thibo,,0,1,1,0.151111,0.6035,0.6535,1.36,1.7733,5.83965
Dominic Freeberger,,0,1,1,0.152667,0.7866,0.7675,1.374,1.7844,5.74047
Santiago Florez,,0,1,1,0.158667,0.6514,0.6577,1.428,1.7518,5.82642
Reibyn Corona,,0.0337,0.8417,1,0.153556,0.6384,0.6646,1.382,1.7558,5.78637
Connery Peters,,0,1,1,0.147556,0.6603,0.7008,1.328,1.7897,5.81679
Julio Ortiz,,0,1,1,0.138556,0.8384,0.8634,1.247,1.8501,5.68881
Matthew Tippie,NYY,0,1,1,0.159222,0.7041,0.7164,1.433,1.7782,5.77503
Jake Shelagowski,STL,0.0923,0.5663,1,0.147444,0.5955,0.6389,1.327,1.7502,5.76279
Wander Arias,,0.0716,0.6636,1,0.157556,0.6036,0.6147,1.418,1.7223,5.80266
Jose M. Rodriguez,NYY,0,1,1,0.161556,0.7151,0.7167,1.454,1.7573,5.69151
Jay Schueler,,0,1,1,0.162,0.6154,0.6119,1.458,1.7271,5.85486
Rordy Mejia,SDP,0,1,1,0.146,0.5938,0.6823,1.314,1.7914,5.73345
Ryan Heppner,ATL,0,1,1,0.145444,0.6293,0.6863,1.309,1.803,5.83578
Benjamin Arias,,0,1,1,0.175889,0.6194,0.5513,1.583,1.6478,5.7627
Jaylen Paden,ATL,0,1,1,0.143889,0.6865,0.7318,1.295,1.8197,5.8248
Yovanny Cabrera,,0,1,1,0.141444,0.6526,0.7245,1.273,1.8098,5.7834
Nolan Martinez,,0.0488,0.7708,1,0.156111,0.5608,0.6111,1.405,1.7502,5.85981
Brailin Rodriguez,,0,1,1,0.159111,0.6594,0.6568,1.432,1.7473,5.83794
Jesus Colina,CIN,0,1,1,0.177556,0.666,0.6839,1.598,1.7906,6.12297
Will Koger,SDP,0,1,1,0.149556,0.7233,0.7491,1.346,1.7991,5.7384
Delvis Alegre,,0,1,1,0.144556,0.5965,0.6892,1.301,1.8073,5.82678
Johan Otanez,,0,1,1,0.132778,0.689,0.7904,1.195,1.8444,5.69574
Seon Gi Kim,,0,1,1,0.165333,0.5356,0.5444,1.488,1.7299,6.03783
Adrian Quintana,LAA,0,1,1,0.158111,0.6182,0.5997,1.423,1.7082,5.66667
Chris Williams Jr.,,0,1,1,0.125667,0.6468,0.7965,1.131,1.8655,5.57982
Yenfri Sosa,MIA,0,1,1,0.127556,0.7063,0.8084,1.148,1.8597,5.57451
Chris Mauloni,,0,1,1,0.155889,0.658,0.67,1.403,1.7561,5.81616
Hunter Alberini,KCR,0,1,1,0.144333,0.664,0.7338,1.299,1.8425,6.00453
Ignacio Briceno,,0,1,1,0.135556,0.5764,0.7094,1.22,1.8232,5.67459
Aneudis Mejia,TEX,0.0686,0.6776,1,0.155,0.623,0.6859,1.395,1.7715,5.8293
C.J. Widger,,0,1,1,0.148667,0.7119,0.7238,1.338,1.7728,5.67585
Brandon Cain,PIT,0,1,1,0.143111,0.6053,0.7137,1.288,1.8383,5.99904
Anfernny Reyes,MIL,0,1,1,0.133889,0.7417,0.8251,1.205,1.8452,5.54625
William Privette,TEX,0,1,1,0.148556,0.7508,0.8025,1.337,1.8207,5.76459
Anthony Astudillo,TEX,0.0804,0.6224,1,0.166333,0.5844,0.6128,1.497,1.7364,5.93244
Eminen Flores,TOR,0,1,1,0.145889,0.6862,0.7038,1.313,1.7711,5.66127
Jake Schrand,,0.033,0.845,1,0.167556,0.6391,0.6203,1.508,1.7269,5.89023
Adrian Rodriguez,,0,1,1,0.136556,0.8331,0.8732,1.229,1.8624,5.70609
Josnier Parra,ATH,0.0946,0.5556,1,0.185889,0.5203,0.5631,1.673,1.7656,6.36885
Cory Ronan,,0.0584,0.7254,1,0.147444,0.626,0.6992,1.327,1.7961,5.74119
Michael Valera,,0,1,1,0.143444,0.6478,0.7264,1.291,1.8208,5.83866
Alex Makarewich,LAD,0,1,1,0.135222,0.9087,0.9839,1.217,1.9341,5.73714
Anthony Tomczak,SEA,0,1,1,0.141,0.6856,0.6235,1.269,1.6707,5.23881
Everhett Hazelwood,CHW,0,1,1,0.160778,0.6804,0.6861,1.447,1.7624,5.7717
Alex Rao,,0,1,1,0.154444,0.7111,0.7224,1.39,1.7887,5.85693
Matt Wyatt,,0,1,1,0.137444,0.6252,0.741,1.237,1.8377,5.79474
Donye Evans,DET,0,1,1,0.159222,0.6532,0.6325,1.433,1.7259,5.76423
Samuel Gonzalez,ARI,0.0484,0.7724,1,0.159,0.5955,0.5827,1.431,1.7232,5.96583
Miguel Alvarez,SDP,0,1,1,0.159,0.6426,0.6704,1.431,1.7592,5.77467
Luis Torres,TOR,0,1,1,0.139222,0.7474,0.775,1.253,1.8129,5.57316
Sadiel Baro,,0.0274,0.8714,1,0.143333,0.5973,0.6995,1.29,1.8012,5.69799
Shane Telfer,,0,1,1,0.148889,0.6633,0.7184,1.34,1.7927,5.71401
Luke Savage,TEX,0,1,1,0.157333,0.5785,0.6407,1.416,1.7462,5.82831
Erick Pinales,,0,1,1,0.153111,0.6875,0.7166,1.378,1.7878,5.82939
Jake Fitzgibbons,ARI,0,1,1,0.129556,0.7212,0.8017,1.166,1.8666,5.75892
Joseilyn Gonzalez,LAD,0,1,1,0.155,0.6476,0.7325,1.395,1.8279,5.93757
Bryan Caceres,,0.0658,0.6908,1,0.153778,0.554,0.6042,1.384,1.7308,5.81949
Julio Bonilla,,0,1,1,0.153111,0.6987,0.7236,1.378,1.7978,5.87754
Trey Dillard,,0,1,1,0.144778,0.7279,0.7792,1.303,1.8347,5.84253
Eric Dominguez,,0,1,1,0.145333,0.6878,0.7491,1.308,1.8058,5.67891
Bryant Olson,WSN,0,1,1,0.130111,0.7604,0.9175,1.171,1.9337,5.72508
Montana Semmel,,0.04,0.812,1,0.155444,0.6425,0.6742,1.399,1.769,5.85828
Keegan James,,0,1,1,0.164333,0.6167,0.6205,1.479,1.7458,5.94864
Kaleb Corbett,TBR,0.0895,0.5795,1,0.167,0.5702,0.5497,1.503,1.6846,5.76882
Jakob Guardado,LAD,0,1,1,0.168444,0.6558,0.691,1.516,1.7916,5.98977
Victor Garcia,LAA,0,1,1,0.163,0.7006,0.6401,1.467,1.7006,5.64786
Josbel Garcia,TOR,0,1,1,0.152,0.5685,0.6103,1.368,1.7436,5.74947
Bailey Reid,,0,1,1,0.15,0.7263,0.7524,1.35,1.8105,5.86395
Junior Flores,PIT,0,1,1,0.137,0.6246,0.7628,1.233,1.8747,6.00192
Jose Romero,CHC,0.0333,0.8433,1,0.139556,0.7182,0.7581,1.256,1.8027,5.70645
Reese Lumpkin,SEA,0,1,1,0.136,0.6589,0.6359,1.224,1.6898,5.22702
Bryan Rivera,MIL,0,1,1,0.161222,0.6875,0.6824,1.451,1.7531,5.82435
Rafael Ohashi,,0.0325,0.8475,1,0.158222,0.6186,0.645,1.424,1.7452,5.83902
Freddy Pacheco,,0.0196,0.9076,1,0.165778,0.6924,0.6662,1.492,1.7444,5.89581
Luis De La Cruz,MIA,0,1,1,0.126444,0.7028,0.8045,1.138,1.8559,5.68134
Luis Valdez,,0,1,1,0.150889,0.6615,0.7164,1.358,1.7981,5.84154
Jeral Vizcaino,,0,1,1,0.148444,0.5996,0.6836,1.336,1.7921,5.82777
Xavier Cruz,STL,0.094,0.558,1,0.149667,0.672,0.7054,1.347,1.7806,5.80896
Julio Zapata,,0,1,1,0.146889,0.6089,0.6927,1.322,1.8014,5.85513
Jesus Rios,MIA,0.0237,0.8887,1,0.156,0.5546,0.5869,1.404,1.7295,5.84982
Jay Allmer,,0,1,1,0.138222,0.6176,0.7271,1.244,1.8251,5.81166
Jordan Henriquez,CHC,0.0418,0.8038,1,0.158889,0.5706,0.6004,1.43,1.7326,5.83605
Edwin Núñez,,0,1,1,0.147333,0.7434,0.7429,1.326,1.7745,5.77476
Francis Texido,LAA,0.0923,0.5663,1,0.157889,0.6902,0.6615,1.421,1.7149,5.55426
Dennis Boatman,,0,1,1,0.148556,0.6705,0.737,1.337,1.8231,5.89194
Andy Basora,KCR,0,1,1,0.151556,0.5804,0.6615,1.364,1.7977,5.99472
Kobe Robinson,,0,1,1,0.143556,0.6257,0.7204,1.292,1.8214,5.85882
Brayner Sánchez,,0,1,1,0.140667,0.6418,0.7456,1.266,1.8418,5.87016
Saul Gonzalez,,0,1,1,0.154556,0.6364,0.6887,1.391,1.7907,5.89842
Jose Zerpa,SEA,0,1,1,0.169444,0.6476,0.5057,1.525,1.5758,5.30955
Dony Aguilera,CIN,0.0861,0.5951,1,0.180556,0.587,0.6362,1.625,1.7961,6.28578
Alexander Campos,TBR,0.0935,0.5605,1,0.185333,0.5103,0.4387,1.668,1.6249,5.88915
Nate Nabholz,SFG,0.0549,0.7419,1,0.159778,0.5156,0.565,1.438,1.7086,5.88654
Parker Seay,,0,1,1,0.138556,0.7052,0.8027,1.247,1.8557,5.71887
Christian Rodriguez,NYM,0.0732,0.6562,1,0.146111,0.6046,0.6691,1.315,1.7646,5.66235
Joey Gartrell,BOS,0,1,1,0.149556,0.6357,0.6786,1.346,1.7937,5.97393
Yerry Landinez,,0.034,0.84,1,0.159556,0.6814,0.6976,1.436,1.7847,5.94513
Kevin Davis,,0,1,1,0.149333,0.7123,0.7653,1.344,1.8191,5.83425
Moises Amezquita,KCR,0,1,1,0.127667,0.5679,0.7629,1.149,1.8986,5.8707
Samuel Carpio,MIA,0,1,1,0.114444,0.7702,0.9206,1.03,1.93,5.60178
Harrison Ruiz,CLE,0,1,1,0.152444,0.6785,0.6024,1.372,1.709,5.6268
Nick Conte,KCR,0,1,1,0.125444,0.6387,0.8209,1.129,1.9239,5.94585
Accimias Morales,,0,1,1,0.154222,0.7309,0.8105,1.388,1.8634,5.95413
Justin Loer,COL,0,1,1,0.159556,0.5901,0.743,1.436,1.9252,6.48378
Jonh Henriquez,,0,1,1,0.146222,0.6179,0.7165,1.316,1.8218,5.88384
Spencer Mraz,,0,1,1,0.152,0.6485,0.7031,1.368,1.7948,5.88933
Fraynel Nova,,0,1,1,0.150111,0.5722,0.6694,1.351,1.7926,5.86935
Levi Huesman,WSN,0.0693,0.6743,1,0.147111,0.5969,0.7542,1.324,1.8565,5.89167
Joel Ibarra,PIT,0,1,1,0.143333,0.7854,0.8384,1.29,1.8595,5.94504
Adam Falinski,MIN,0,1,1,0.142,0.598,0.6832,1.278,1.8063,5.85621
Bryce Archie,CIN,0,1,1,0.164222,0.6437,0.7567,1.478,1.8668,6.17571
Redinson Gomez,COL,0,1,1,0.172111,0.6211,0.7154,1.549,1.9077,6.69609
Josh Blum,NYM,0.0114,0.9464,1,0.151222,0.6308,0.679,1.361,1.7676,5.68935
Landon Ginn,,0,1,1,0.145556,0.616,0.7244,1.31,1.8309,5.89401
Luis Pimentel,CIN,0,1,1,0.164667,0.656,0.7622,1.482,1.8732,6.2127
Jacob Widener,,0,1,1,0.141667,0.7538,0.8004,1.275,1.8279,5.72094
Wilmer Blanco,PHI,0.0291,0.8631,1,0.178556,0.5877,0.6282,1.607,1.7552,6.1137
Peyton Glavine,,0.0502,0.7642,1,0.160778,0.6124,0.6571,1.447,1.7594,5.81643
Jose Gabriel Torres,LAA,0,1,1,0.154222,0.587,0.6281,1.388,1.7597,5.7861
Braulio Salas,MIA,0,1,1,0.157556,0.6034,0.637,1.418,1.7507,5.85162
Cooper Benson,,0,1,1,0.153556,0.7024,0.7367,1.382,1.7906,5.76234
Bryan Salgado,CIN,0,1,1,0.165222,0.7127,0.8031,1.487,1.8883,6.21675
Jackson Wells,HOU,0,1,1,0.157333,0.7156,0.6943,1.416,1.7656,5.83983
Luis De La Rosa,,0.1012,0.5242,1,0.164111,0.6684,0.6782,1.477,1.7684,5.96583
Wilmis Paulino,COL,0,1,1,0.183556,0.6028,0.6447,1.652,1.8573,6.76026
Jose Serrano,HOU,0.0368,0.8268,1,0.147444,0.6094,0.6508,1.327,1.7654,5.81535
Yulian Quintana,PIT,0,1,1,0.139556,0.6147,0.7547,1.256,1.8735,6.06735
Thomas Conrad,MIL,0,1,1,0.148444,0.6215,0.7219,1.336,1.8193,5.84667
Kannon Handy,,0.0886,0.5836,1,0.181,0.5884,0.6605,1.629,1.8755,6.69465
Alan Reyes,STL,0.0337,0.8417,1,0.150667,0.5859,0.6607,1.356,1.777,5.85027
Julien Hernandez,ARI,0,1,1,0.143111,0.7088,0.7629,1.288,1.8518,6.02244
Marco Barrios,CHW,0,1,1,0.16,0.6191,0.6793,1.44,1.7726,5.78943
Franyelson Rodriguez,,0,1,1,0.159111,0.5763,0.6434,1.432,1.7769,5.95629
Albert Rivas,,0,1,1,0.159889,0.6125,0.6641,1.439,1.7655,5.87745
Johnny Ray,,0,1,1,0.150333,0.7565,0.7984,1.353,1.8353,5.88087
Kleyderve Andrade,,0,1,1,0.145556,0.6906,0.7765,1.31,1.8363,5.7672
Lewis Sifontes,ATL,0,1,1,0.134333,0.6603,0.7839,1.209,1.8679,5.74371
Dylan Carter,SFG,0,1,1,0.140556,0.5489,0.681,1.265,1.8004,5.86161
Chris Lincoln,,0,1,1,0.151556,0.6471,0.7179,1.364,1.8156,5.94297
Lucas Gordillo,,0,1,1,0.148333,0.675,0.7548,1.335,1.8327,5.90499
Raul Garayzar,ARI,0.0219,0.8969,1,0.150889,0.5238,0.6062,1.358,1.7873,6.07392
Victor Trejo,PIT,0,1,1,0.149556,0.5579,0.6845,1.346,1.8411,6.15213
Seth Chavez,,0,1,1,0.174111,0.5737,0.5751,1.567,1.7035,5.92362
Brock Whittlesey,,0,1,1,0.170667,0.5945,0.6038,1.536,1.7396,6.01848
Nate Wohlgemuth,,0,1,1,0.150222,0.6797,0.7326,1.352,1.8147,5.94666
Eligio Arias,PHI,0,1,1,0.162,0.6736,0.7647,1.458,1.8462,6.10623
Joe Charles,,0,1,1,0.144778,0.6883,0.7844,1.303,1.8582,5.92047
Rolando Gutierrez,,0.0553,0.7403,1,0.145,0.5812,0.7072,1.305,1.8256,5.8365
Efrailin Ramos,TBR,0,1,1,0.160444,0.6657,0.6604,1.444,1.7418,5.77557
Hayden Cuthbertson,MIA,0,1,1,0.131556,0.673,0.7808,1.184,1.851,5.7042
Michael Braswell III,KCR,0.0228,0.8928,1,0.165778,0.6057,0.6458,1.492,1.7958,6.19695
Carson Swilling,,0,1,1,0.148889,0.6906,0.7663,1.34,1.8364,5.91489
Yovannki Pascual,,0.0267,0.8747,1,0.134111,0.6053,0.7756,1.207,1.8725,5.76081
Josdanner Suarez,ARI,0,1,1,0.133222,0.5794,0.7243,1.199,1.8756,6.04998
Jake Murray,MIN,0,1,1,0.128111,0.7069,0.8252,1.153,1.8803,5.69565
Jogly García,CLE,0.0732,0.6562,1,0.158667,0.7543,0.6339,1.428,1.6897,5.61024
Patrick Galle,STL,0,1,1,0.140222,0.6678,0.771,1.262,1.8376,5.79897
Juan De La Cruz,MIA,0,1,1,0.136111,0.7443,0.8164,1.225,1.8539,5.79915
Ruben Salinas,,0,1,1,0.139111,0.6054,0.751,1.252,1.8504,5.78646
Anderson Guevara,SEA,0,1,1,0.150333,0.7939,0.7897,1.353,1.8004,5.68377
Colby Holcombe,TOR,0.0961,0.5481,1,0.163556,0.6156,0.6189,1.472,1.7426,5.92416
Timmy Manning,,0,1,1,0.139222,0.6322,0.7739,1.253,1.864,5.79987
Zander Sechrist,,0,1,1,0.154667,0.5803,0.6719,1.392,1.7832,5.81004
Angel Cuenca,,0,1,1,0.163111,0.5874,0.6398,1.468,1.7545,5.91291
Jacob Shafer,,0,1,1,0.153889,0.6161,0.6974,1.385,1.8047,5.94522
Shawndrick Oduber,,0,1,1,0.157222,0.6121,0.679,1.415,1.7845,5.93163
Jorge Minyety,,0,1,1,0.137778,0.6052,0.7407,1.24,1.8488,5.91336
Junior Mieses,,0,1,1,0.154,0.732,0.7687,1.386,1.8312,5.99661
Alan Mundo,,0,1,1,0.157333,0.6764,0.7292,1.416,1.818,6.00723
Jan Caraballo,DET,0,1,1,0.15,0.5925,0.6797,1.35,1.7946,5.84577
Anthony Garcia,,0,1,1,0.147667,0.6027,0.722,1.329,1.8372,5.96493
Luis Barroso,,0.0319,0.8499,1,0.177111,0.5366,0.5543,1.594,1.7129,6.03108
Lluveres Severino,,0,1,1,0.136778,0.5414,0.716,1.231,1.8476,5.89284
Eligio Paredes,,0,1,1,0.155111,0.6928,0.7486,1.396,1.822,5.96898
Yermain Ruiz,BOS,0.0235,0.8895,1,0.156889,0.627,0.6708,1.412,1.8008,6.11757
Moises Brito,,0.0554,0.7394,1,0.157333,0.6604,0.723,1.416,1.8078,5.89275
Nick Thwaits,,0,1,1,0.176111,0.6486,0.6421,1.585,1.7337,5.92038
Jackson Fristoe,,0,1,1,0.147556,0.6356,0.7512,1.328,1.8384,5.90841
Manuel Colon,PHI,0,1,1,0.163889,0.6439,0.7514,1.475,1.8484,6.15798
Luis Polanco,,0,1,1,0.156111,0.6014,0.6899,1.405,1.8075,5.98914
Wuilliams Rodriguez,BOS,0,1,1,0.160778,0.5513,0.6112,1.447,1.7628,6.04602
Anthony Cruz,HOU,0.0626,0.7056,1,0.167444,0.6359,0.6109,1.507,1.7079,5.86584
Brayan Restituyo,,0.0484,0.7724,1,0.157889,0.6049,0.6767,1.421,1.7752,5.84622
Yeremin Lara,,0,1,1,0.162222,0.6238,0.6838,1.46,1.7914,5.99787
Tyler Bowen,PHI,0,1,1,0.157667,0.6506,0.7937,1.419,1.8907,6.18309
Sergio Morillo,,0,1,1,0.152889,0.6874,0.7613,1.376,1.831,5.95071
Pedro Rodriguez,NYY,0,1,1,0.155,0.6618,0.7621,1.395,1.831,5.79852
Franklin Sanchez,,0,1,1,0.127,0.7517,0.8704,1.143,1.9044,5.81202
Anyelo Ovando,LAA,0,1,1,0.154778,0.674,0.6908,1.393,1.7687,5.79159
Javier González,BAL,0,1,1,0.159444,0.6118,0.6564,1.435,1.7694,5.87421
Benny Thompson,LAA,0,1,1,0.158444,0.8638,0.813,1.426,1.7898,5.71113
Elliot Johnstone,,0,1,1,0.148,0.6044,0.7236,1.332,1.8375,5.98383
Logan Lyle,,0.0263,0.8763,1,0.146889,0.5752,0.7183,1.322,1.8335,5.85549
Anthony Narvaez,,0.0335,0.8425,1,0.160111,0.6218,0.6919,1.441,1.8036,6.02856
Sam Mettert,CHC,0,1,1,0.14,0.7017,0.8089,1.26,1.8675,5.85234
Dalton Neuschwander,BAL,0.1032,0.5152,1,0.161222,0.4671,0.5578,1.451,1.7513,5.96457
Ethan Hammerberg,,0,1,1,0.148,0.7135,0.8078,1.332,1.869,5.97591
Dwayne Matos,,0,1,1,0.167222,0.5466,0.606,1.505,1.7537,6.03351
Luis Viloria,,0,1,1,0.143111,0.6802,0.8061,1.288,1.8736,5.85252
Zach Harris,COL,0,1,1,0.163333,0.6174,0.7893,1.47,1.9882,6.83343
Dominic Hambley,,0,1,1,0.131667,0.6743,0.8283,1.185,1.892,5.87772
Jacob Pruitt,PHI,0.0474,0.7774,1,0.161889,0.6197,0.7553,1.457,1.8647,6.20451
Yerlin Rodriguez,MIL,0,1,1,0.124889,0.8001,0.941,1.124,1.9319,5.75055
Jose Chavez,,0,1,1,0.151556,0.6595,0.758,1.364,1.8455,5.99706
Tyrelle Chadwick,COL,0,1,1,0.157556,0.513,0.7443,1.418,1.9955,6.85008
Samuel Valerio,,0,1,1,0.144889,0.7432,0.8396,1.304,1.8782,5.93388
Adam Boucher,WSN,0,1,1,0.151444,0.6706,0.8271,1.363,1.8861,6.00768
Riley Stanford,TBR,0.0246,0.8846,1,0.153556,0.6503,0.6971,1.382,1.7919,5.88735
Adam Stone,CHC,0,1,1,0.155333,0.6261,0.6925,1.398,1.786,5.89131
Raimon Gomez,BAL,0.0133,0.9373,1,0.148667,0.7785,0.8159,1.338,1.8425,5.83956
Abel Mercedes,ATH,0,1,1,0.131111,0.808,1.0483,1.18,2.0578,6.17373
Yeraldo Salcedo,PIT,0,1,1,0.146444,0.6243,0.7729,1.318,1.8696,6.00795
Josh Swales,,0,1,1,0.150222,0.5918,0.7267,1.352,1.845,6.00336
Pedro Reyes,,0.0877,0.5877,1,0.162778,0.5233,0.6154,1.465,1.7759,6.07905
Bennett Flynn,,0,1,1,0.152333,0.6563,0.7548,1.371,1.8475,6.02811
Zac Addkison,,0.0581,0.7271,1,0.160444,0.618,0.6963,1.444,1.814,6.08004
Jesus Luna,,0,1,1,0.168556,0.6757,0.7569,1.517,1.8322,6.06483
Julio Rosario,,0,1,1,0.166444,0.6304,0.6771,1.498,1.7739,5.99112
Marco Vega,LAD,0,1,1,0.176333,0.6798,0.7318,1.587,1.8221,6.15555
Jorge Garcia,,0.0275,0.8705,1,0.145111,0.5625,0.6982,1.306,1.813,5.9724
Liam Doolan,,0,1,1,0.160222,0.6153,0.6912,1.442,1.802,6.03135
Hunter Omlid,,0,1,1,0.180222,0.6267,0.5995,1.622,1.6907,5.94792
Michele Vassalotti,,0,1,1,0.166889,0.731,0.7424,1.502,1.8043,6.03324
Joe Ruzicka,DET,0,1,1,0.142333,0.6666,0.7732,1.281,1.85,5.87439
Tony Gonzalez,PIT,0,1,1,0.130444,0.6474,0.8658,1.174,1.956,6.01128
Jorge Gonzalez,,0,1,1,0.149444,0.7216,0.8071,1.345,1.8528,5.94252
Miguel Vinicio,,0,1,1,0.152556,0.5841,0.7112,1.373,1.8338,6.02424
Royman Blanco,,0.0237,0.8887,1,0.167444,0.4824,0.5805,1.507,1.7627,6.09003
Ryan Bruno,ARI,0,1,1,0.131111,0.7246,0.8603,1.18,1.9196,5.90679
Cole Stupp,,0.0702,0.6702,1,0.157333,0.6006,0.688,1.416,1.8079,6.06798
Chad Bryant,,0,1,1,0.148778,0.6564,0.7686,1.339,1.8467,5.96457
Camilo Hernandez,,0,1,1,0.142556,0.5822,0.7534,1.283,1.873,5.99976
Yeury Gervacio,,0,1,1,0.150889,0.6539,0.7656,1.358,1.8422,5.88528
Yaifer Perdomo,,0,1,1,0.141667,0.6996,0.8406,1.275,1.8947,5.85855
Justin Showalter,,0,1,1,0.155778,0.6126,0.711,1.402,1.8304,6.08625
Jacob Cravey,,0.0284,0.8664,1,0.164222,0.5787,0.6615,1.478,1.7771,5.99319
Evan Gray,SFG,0,1,1,0.134778,0.5574,0.7174,1.213,1.8211,5.89752
Marc Davis,,0,1,1,0.162444,0.6704,0.7258,1.462,1.8012,5.9958
Isaiah Lowe,SDP,0.0889,0.5819,1,0.180778,0.5955,0.6002,1.627,1.701,5.92992
Angel Anazco,,0,1,1,0.133556,0.6931,0.8612,1.202,1.9137,5.81796
Hunter Furtado,,0,1,1,0.140556,0.6829,0.8337,1.265,1.8879,5.82003
Luis Cesar,,0,1,1,0.130889,0.6679,0.8508,1.178,1.9047,5.75991
Deyer Zapata,ARI,0,1,1,0.136778,0.6321,0.7816,1.231,1.8989,6.02343
Hendry Chivilli,MIN,0.0582,0.7262,1,0.151111,0.5391,0.6464,1.36,1.8064,6.05898
Jake Barbee,TEX,0.0744,0.6504,1,0.157556,0.5925,0.7297,1.418,1.8392,6.08913
Garrett Apker,,0.0519,0.7559,1,0.156667,0.6212,0.7223,1.41,1.8195,6.01263
Candido Cuevas,NYM,0,1,1,0.142556,0.7428,0.8304,1.283,1.8621,5.78295
Wyatt Lunsford-Shenkman,SEA,0,1,1,0.143889,0.6843,0.6858,1.295,1.7285,5.4027
Jesus Clode,,0,1,1,0.161667,0.6086,0.6951,1.455,1.8118,6.07986
Elvis Jerez,,0,1,1,0.161556,0.6929,0.7509,1.454,1.8317,6.09741
Logan Forsythe,ATL,0.0877,0.5877,1,0.140778,0.6465,0.7869,1.267,1.8928,6.06375
Alvaro Mejias,TBR,0,1,1,0.154222,0.7095,0.7558,1.388,1.8226,5.91921
Alejandro Gomez,,0,1,1,0.155,0.6038,0.7171,1.395,1.8335,6.0678
Jesus Cruz,,0,1,1,0.149556,0.6292,0.7623,1.346,1.8652,6.05286
Frander Veras,CHW,0,1,1,0.159778,0.6294,0.7315,1.438,1.8283,5.96718
Yanzel Correa,COL,0,1,1,0.164444,0.6157,0.7788,1.48,1.9692,6.84333
Easton Marks,COL,0.0949,0.5539,1,0.170333,0.5535,0.7328,1.533,1.9599,6.90894
Luis Tejeda,,0,1,1,0.148111,0.6053,0.7518,1.333,1.8617,6.03432
Jakob Hall,,0.0658,0.6908,1,0.164556,0.556,0.6486,1.481,1.7978,6.14124
Raymon Rosario,,0,1,1,0.129222,0.5697,0.7952,1.163,1.9028,5.82642
Eduar Gonzalez,TOR,0,1,1,0.152222,0.6155,0.7085,1.37,1.8079,5.8104
Dylan Nedved,,0,1,1,0.160556,0.5823,0.6798,1.445,1.8113,6.10263
Darlin Alcántara,,0,1,1,0.152333,0.5724,0.7148,1.371,1.8509,6.09984
Wardquelin Vasquez,,0,1,1,0.156222,0.6225,0.7301,1.406,1.8314,6.04116
Haminton Mendez,,0,1,1,0.152556,0.5808,0.7181,1.373,1.8422,6.06024
Grabiel Salazar,,0,1,1,0.164222,0.6301,0.6728,1.478,1.787,6.00138
Ernesto Jaquez,,0,1,1,0.168444,0.6566,0.7191,1.516,1.808,5.99976
Eddy Alberto,,0,1,1,0.148444,0.6572,0.7852,1.336,1.8753,6.06375
Carlos Guarate,,0.0219,0.8969,1,0.164667,0.564,0.6583,1.482,1.798,6.10947
Manuel Osorio,CLE,0.0726,0.6586,1,0.142333,0.6774,0.7027,1.281,1.7933,5.63976
Ulices Campos,,0,1,1,0.163556,0.5751,0.6749,1.472,1.8088,6.10353
Kelvin Nunez,,0.0747,0.6487,1,0.168556,0.5139,0.6073,1.517,1.7776,6.15834
Andres Cova,LAD,0,1,1,0.163333,0.7141,0.8266,1.47,1.8855,6.0471
Danny Moreno,,0,1,1,0.137778,0.5488,0.7579,1.24,1.8926,6.02901
Joseph Hernandez,,0,1,1,0.165111,0.5927,0.6639,1.486,1.7833,6.07455
Kenny Leiner,,0,1,1,0.124556,0.6158,0.8554,1.121,1.9441,5.92137
Edgar Isea,,0,1,1,0.139111,0.7487,0.8796,1.252,1.9156,5.98617
Jose Nova,,0,1,1,0.147556,0.7034,0.8187,1.328,1.8808,6.03
Josehp Marte,LAD,0,1,1,0.151667,0.6248,0.8096,1.365,1.9138,6.14979
L.J. Waco,WSN,0,1,1,0.161667,0.698,0.818,1.455,1.8899,6.22134
Miguel Alfonseca,,0,1,1,0.157556,0.5538,0.678,1.418,1.8192,6.09867
Sean Barnett,SDP,0,1,1,0.146889,0.713,0.8332,1.322,1.8779,5.92821
Wuilliams Rodriguez,SEA,0,1,1,0.151,0.732,0.7008,1.359,1.7274,5.46219
Christian Ciuffetelli,,0,1,1,0.157333,0.6287,0.7414,1.416,1.8475,6.10083
Chase Hopewell,,0,1,1,0.153889,0.6025,0.7395,1.385,1.857,6.0984
Ben Ethridge,,0,1,1,0.162889,0.5539,0.6672,1.466,1.8041,6.08706
Alex Bustamante,,0,1,1,0.138111,0.6221,0.7983,1.243,1.8988,6.03801
Reese Sharp,,0.0223,0.8953,1,0.168,0.6816,0.7289,1.512,1.808,6.09516
Chen-Hsun Lee,SFG,0,1,1,0.140778,0.587,0.7599,1.267,1.8511,5.96115
Breck Eichelberger,,0.0798,0.6248,1,0.157556,0.5879,0.7056,1.418,1.838,6.16086
Fernando Guanare,,0,1,1,0.157333,0.5505,0.6759,1.416,1.8176,6.102
Fenuel James,CHC,0,1,1,0.142556,0.6494,0.8008,1.283,1.8788,5.85171
Javier Bartolozzi,LAD,0,1,1,0.184333,0.5111,0.6081,1.659,1.781,6.2343
Thomas Higgins,LAA,0,1,1,0.163,0.6466,0.6926,1.467,1.7969,5.9652
Ramon Suarez,TOR,0,1,1,0.148111,0.7359,0.8144,1.333,1.8567,5.81094
Deretd Parra,,0,1,1,0.154667,0.6021,0.7314,1.392,1.8462,6.09003
Adrian Belen,KCR,0,1,1,0.160556,0.5883,0.7037,1.445,1.849,6.27849
Mack Anglin,,0.0137,0.9357,1,0.153778,0.6417,0.769,1.384,1.8661,6.09399
Garrett Ramsey,,0,1,1,0.152778,0.6174,0.7516,1.375,1.8577,6.08121
Edgar Gallegos,,0.0728,0.6578,1,0.172667,0.5298,0.6054,1.554,1.7677,6.17643
Charlie Hurley,,0,1,1,0.128,0.552,0.8095,1.152,1.9379,6.00714
Jatnk Diaz,DET,0,1,1,0.143333,0.5738,0.7243,1.29,1.8428,5.94063
Tyler Hampu,COL,0,1,1,0.179556,0.6642,0.778,1.616,1.9368,6.82947
Bryan Sanchez,,0,1,1,0.140333,0.6081,0.7934,1.263,1.9018,6.06105
MT Morrissey,PHI,0.0302,0.8582,1,0.164778,0.6189,0.7779,1.483,1.8832,6.27174
Connor Pellerin,,0,1,1,0.148222,0.6811,0.8127,1.334,1.8887,6.07689
Jhon Medina,COL,0.0325,0.8475,1,0.155333,0.5496,0.809,1.398,2.017,6.74298
Ezequiel Ventura,,0,1,1,0.163,0.5994,0.7005,1.467,1.8257,6.1488
Javier Ramos,,0,1,1,0.151778,0.6345,0.7671,1.366,1.8687,6.10677
Melvin Pineda,SFG,0,1,1,0.138222,0.7006,0.839,1.244,1.8767,5.9589
Lisandro Almonte,CHC,0,1,1,0.154222,0.699,0.7785,1.388,1.8479,6.02883
Gabe Emmett,,0.0907,0.5737,1,0.145556,0.5255,0.7155,1.31,1.8679,6.13233
Luke Jewett,COL,0,1,1,0.176111,0.5629,0.7315,1.585,1.9528,6.9255
Engert Garcia,,0.0251,0.8821,1,0.147556,0.5768,0.7472,1.328,1.8619,6.04296
Tyler Stasiowski,,0,1,1,0.158889,0.6004,0.7228,1.43,1.8458,6.14736
Caswell Smith,,0.0319,0.8499,1,0.144222,0.6447,0.7757,1.298,1.8993,6.24195
Joseph Yabbour,,0,1,1,0.156222,0.7435,0.8166,1.406,1.8556,6.04395
Daniel Gonzalez,,0,1,1,0.141111,0.7024,0.8609,1.27,1.9136,5.92578
Anthony Watts,STL,0,1,1,0.144444,0.5846,0.75,1.3,1.8704,6.0471
Jordarlin Mendoza,NYY,0,1,1,0.147778,0.6516,0.8156,1.33,1.892,6.0057
César Álvarez,,0,1,1,0.150111,0.6313,0.7729,1.351,1.8748,6.10785
Francis Reynoso,,0,1,1,0.157333,0.6819,0.7819,1.416,1.861,6.11577
Gabe Starks,CIN,0,1,1,0.170222,0.6608,0.8201,1.532,1.932,6.44031
Franly Urena,TOR,0.0212,0.9002,1,0.170111,0.7193,0.7103,1.531,1.7763,6.01515
Josh Bortka,,0,1,1,0.147444,0.6716,0.7957,1.327,1.871,6.06456
Cannon Pickell,MIA,0,1,1,0.144,0.7672,0.8711,1.296,1.9076,6.0273
Peyton Havard,,0,1,1,0.162444,0.5528,0.677,1.462,1.8271,6.18651
Leury Tejada,,0.0474,0.7774,1,0.179556,0.5392,0.5977,1.616,1.7588,6.21315
Cal Riehl,,0,1,1,0.145556,0.5831,0.7673,1.31,1.8837,6.0093
Alex Galvan,ARI,0,1,1,0.15,0.7047,0.7998,1.35,1.8926,6.24384
Brad Rudis,MIN,0,1,1,0.150667,0.6738,0.7666,1.356,1.857,6.09408
Graham Firoved,,0,1,1,0.152333,0.666,0.7946,1.371,1.8773,6.11244
Franyel Diaz,,0,1,1,0.133556,0.622,0.8455,1.202,1.9393,6.04287
Tomas Reyes,,0,1,1,0.154889,0.6208,0.7598,1.394,1.8564,6.012
Wenderlyn King,MIL,0.0575,0.7295,1,0.173667,0.6072,0.6737,1.563,1.7962,6.17328
Mailon Felix,,0,1,1,0.158222,0.6164,0.7263,1.424,1.8322,6.1218
Marlon Franco,SFG,0.1063,0.5003,1,0.154,0.4722,0.6332,1.386,1.7925,6.12333
Luis Talavera,,0,1,1,0.135667,0.5082,0.7697,1.221,1.9213,6.08112
Wilkelma Castillo,,0.0798,0.6248,1,0.188778,0.6145,0.6082,1.699,1.7251,6.17715
Doug Kirkland,,0,1,1,0.153556,0.7219,0.839,1.382,1.8934,6.10254
Wilmer Ortega,,0,1,1,0.159667,0.6155,0.7374,1.437,1.8494,6.15816
Joan Ogando,HOU,0,1,1,0.149556,0.8257,0.831,1.346,1.8279,5.91471
Cesar De Jesus,TBR,0,1,1,0.128667,0.6429,0.8521,1.158,1.9296,5.78223
Kelvin Rosario,ARI,0,1,1,0.133556,0.624,0.8167,1.202,1.9269,6.0543
Mike Villani,,0,1,1,0.142333,0.6728,0.8541,1.281,1.927,6.07905
Jecsua Liborius,LAD,0,1,1,0.175333,0.7495,0.8182,1.578,1.8698,6.24276
Connor Godwin,,0,1,1,0.159111,0.6344,0.804,1.432,1.9081,6.24555
Francisco Frias,HOU,0,1,1,0.170556,0.7479,0.7227,1.535,1.7662,5.99571
Issac Solano,,0,1,1,0.153556,0.6622,0.7987,1.382,1.8786,6.10398
Zach Veen,,0,1,1,0.152,0.5707,0.7465,1.368,1.8691,6.03945
Luis Alvarez,,0,1,1,0.147778,0.7277,0.8601,1.33,1.9041,6.06258
Wesley Scott,,0,1,1,0.147,0.6457,0.8093,1.323,1.901,6.12234
Luis Arestigueta,ATL,0.0981,0.5391,1,0.161889,0.5714,0.6578,1.457,1.7943,6.15033
Sam Knowlton,,0,1,1,0.116889,0.6579,0.9339,1.052,1.9995,5.94702
Luis Almonte,,0,1,1,0.163778,0.6613,0.7579,1.474,1.8496,6.1731
Luis Hernandez,,0,1,1,0.160667,0.6718,0.7737,1.446,1.8575,6.15627
Felix Castro,ATH,0.0372,0.8252,1,0.165778,0.5988,0.8092,1.492,1.9544,6.60159
Nolan Santos,MIN,0.0753,0.6463,1,0.162,0.595,0.6688,1.458,1.7967,6.13926
Jose Garces,PIT,0,1,1,0.154,0.5972,0.75,1.386,1.8722,6.29406
Walvin Mena,,0.0446,0.7906,1,0.156222,0.5216,0.6884,1.406,1.8459,6.19065
Jean Correa,,0,1,1,0.157,0.5755,0.722,1.413,1.8541,6.17976
Janero Miller,MIA,0.0781,0.6331,1,0.147778,0.6411,0.7872,1.33,1.8832,6.0372
Ray Cebulski,LAA,0,1,1,0.167556,0.5862,0.6436,1.508,1.7732,6.01614
Ian Medina,MIA,0,1,1,0.136889,0.6186,0.8206,1.232,1.906,5.88609
Charles Harrison IV,,0,1,1,0.153667,0.6614,0.8044,1.383,1.8934,6.16374
Wilson Esterlin,,0,1,1,0.151,0.6877,0.821,1.359,1.8917,6.12621
Justin Militello,STL,0,1,1,0.128667,0.58,0.8023,1.158,1.9022,5.94567
Leonardo Rossell,DET,0,1,1,0.141667,0.5903,0.7688,1.275,1.8794,5.99814
Nathan Shinn,STL,0.0418,0.8038,1,0.144667,0.5511,0.7424,1.302,1.862,5.95305
Bryan Perez,,0,1,1,0.155,0.615,0.7636,1.395,1.8782,6.18804
Bryan Bautista,,0,1,1,0.160556,0.6618,0.768,1.445,1.853,6.14736
Harry Rutkowski,,0,1,1,0.147556,0.6463,0.7829,1.328,1.8701,5.90742
Zack Tukis,PHI,0.1012,0.5242,1,0.161556,0.5833,0.7909,1.454,1.9115,6.34815
Brandon Cassedy,HOU,0,1,1,0.164,0.6354,0.6979,1.476,1.8021,6.06348
Ronny Chalas,,0,1,1,0.166556,0.597,0.7063,1.499,1.8236,6.16734
Dominic Scheffler,CIN,0,1,1,0.135444,0.623,0.9487,1.219,2.0455,6.19407
Jholbran Herder,LAD,0.0302,0.8582,1,0.168667,0.555,0.7159,1.518,1.8567,6.27912
Andinson Ferrer,,0,1,1,0.162222,0.6947,0.7879,1.46,1.8589,6.16176
Isaac Silva,,0.0402,0.8112,1,0.161333,0.5692,0.6871,1.452,1.8312,6.11919
Simon Leandro,,0,1,1,0.159556,0.5889,0.7309,1.436,1.8542,6.18615
Melvin Rodriguez,MIN,0.0902,0.5762,1,0.163667,0.6069,0.6746,1.473,1.7988,6.17202
Jake Covey,MIN,0,1,1,0.149667,0.6561,0.7741,1.347,1.8738,6.14367
Emilio Ramos,CHC,0.0809,0.6199,1,0.155333,0.59,0.7292,1.398,1.8499,6.12468
Yander Bonaci,BOS,0,1,1,0.144111,0.6183,0.7906,1.297,1.9042,6.1245
Keiber Armas,TEX,0,1,1,0.146444,0.5985,0.8176,1.318,1.91,6.12351
Joan Pena,MIL,0.1019,0.5209,1,0.164,0.6383,0.7472,1.476,1.8364,6.05772
Adam Bogosian,,0.0849,0.6009,1,0.167778,0.5789,0.6909,1.51,1.8307,6.26895
Jaren Zinn,,0,1,1,0.160111,0.7584,0.8418,1.441,1.8668,6.07365
Jean Munoz,LAA,0,1,1,0.144,0.6678,0.7984,1.296,1.8679,5.90517
Edwardo Melendez,CHC,0.0726,0.6586,1,0.160333,0.6747,0.752,1.443,1.8195,6.05322
Kelvin Perez,,0,1,1,0.168556,0.5933,0.6989,1.517,1.8331,6.26202
Eliander Alcalde,,0.0404,0.8104,1,0.166889,0.5822,0.6991,1.502,1.8112,6.12639
Tomas Cleto,,0.0846,0.6026,1,0.167889,0.5732,0.688,1.511,1.8305,6.27165
Hunter Breault,,0,1,1,0.172444,0.4948,0.6196,1.552,1.7907,6.21126
Ryan Reed,SDP,0.0544,0.7444,1,0.152889,0.5945,0.7804,1.376,1.883,5.99094
Yoesmerli Beltre,SDP,0,1,1,0.160778,0.5942,0.7395,1.447,1.8507,6.10389
Abel Fuerte,,0,1,1,0.139889,0.5841,0.8119,1.259,1.9303,6.14322
Rolando De La Cruz,,0,1,1,0.146333,0.621,0.808,1.317,1.91,6.15384
Grant Cherry,,0,1,1,0.152444,0.6228,0.7893,1.372,1.8879,6.14772
Raimy Rodriguez,HOU,0,1,1,0.138556,0.7025,0.8229,1.247,1.8687,5.91714
Owen Stevenson,,0,1,1,0.144556,0.5656,0.7904,1.301,1.9229,6.1848
Victor Villanueva,,0,1,1,0.153667,0.6123,0.779,1.383,1.8883,6.18165
Ayendy Bravo,,0,1,1,0.153333,0.5748,0.7539,1.38,1.8713,6.13323
Wilfredo Henriquez,,0,1,1,0.152667,0.5958,0.7722,1.374,1.8877,6.17544
Miguel Fulgencio,,0,1,1,0.140889,0.5677,0.8071,1.268,1.9256,6.03657
Styven Paez,ATL,0,1,1,0.159778,0.6153,0.7392,1.438,1.8554,6.17238
Gerson Calzadilla,,0,1,1,0.156556,0.5631,0.7338,1.409,1.8698,6.20973
Austin Breedlove,NYY,0,1,1,0.162667,0.6298,0.7879,1.464,1.8844,6.15078
Roilan Portuondo,,0.0282,0.8672,1,0.157778,0.5302,0.7016,1.42,1.8526,6.21522
Alejandro Méndez,,0,1,1,0.148,0.6805,0.8373,1.332,1.9092,6.14979
Miguel Gil,,0,1,1,0.152667,0.6353,0.7934,1.374,1.8978,6.21783
Richard Fernandez,,0,1,1,0.144889,0.6106,0.8106,1.304,1.9133,6.13998
Danny Hilario,TBR,0,1,1,0.165444,0.6513,0.7203,1.489,1.8159,6.07437
Blake Whiting,,0,1,1,0.161778,0.6428,0.7644,1.456,1.8678,6.23799
Harry Blum,BOS,0,1,1,0.147222,0.6774,0.8254,1.325,1.9244,6.2955
Edgar Leon,DET,0.0756,0.6446,1,0.159667,0.6409,0.7428,1.437,1.8424,6.13683
Tom Reisinger,,0,1,1,0.165333,0.5314,0.6719,1.488,1.8248,6.2298
Andrew Berg,CHW,0,1,1,0.164778,0.6002,0.7446,1.483,1.8665,6.17175
Wilfred Alvarado,ATH,0,1,1,0.174111,0.5922,0.7938,1.567,1.9353,6.60888
Juan Ledezma,ARI,0,1,1,0.145444,0.6149,0.7848,1.309,1.9239,6.34626
Kifraidy Encarnacion,MIA,0.0954,0.5514,1,0.138556,0.6742,0.8619,1.247,1.9378,6.04449
Josh Harlow,,0,1,1,0.162333,0.6336,0.7518,1.461,1.8425,6.15537
Daniel Ouderkirk,,0.0804,0.6224,1,0.157556,0.5631,0.727,1.418,1.8692,6.27642
Manuel De La Rosa,,0,1,1,0.137,0.6345,0.8653,1.233,1.9467,6.00525
Horacio Andujar,,0,1,1,0.172444,0.5546,0.6685,1.552,1.8075,6.2226
Shane Marshall,,0,1,1,0.163,0.6282,0.7594,1.467,1.8674,6.24231
Jake Jekielek,,0,1,1,0.143889,0.5851,0.8002,1.295,1.9151,6.15915
Luis Vizcaino,,0,1,1,0.163333,0.6697,0.7819,1.47,1.8691,6.23403
Liam Rocha,,0,1,1,0.160556,0.6512,0.7866,1.445,1.881,6.22944
James Tallon,PHI,0,1,1,0.155,0.6572,0.8856,1.395,1.9594,6.23475
Jason Shockley,,0,1,1,0.155444,0.6388,0.7937,1.399,1.8919,6.21873
Camilo Sanchez,,0,1,1,0.164556,0.5939,0.7307,1.481,1.8471,6.21036
Ben Serunkuma,,0,1,1,0.162778,0.6513,0.779,1.465,1.8768,6.25446
Shay Timmer,DET,0,1,1,0.146556,0.6156,0.7907,1.319,1.8976,6.10848
Cole Cheatham,,0,1,1,0.145,0.616,0.8295,1.305,1.9236,6.06159
Jeferson Figueroa,,0,1,1,0.168556,0.6595,0.7567,1.517,1.8256,6.12333
Jonawel Valdez,MIA,0,1,1,0.171444,0.5729,0.6654,1.543,1.7956,6.18021
Carlos De Los Santos,,0,1,1,0.160778,0.6672,0.7949,1.447,1.8851,6.25707
Ismael Michel,,0,1,1,0.160778,0.6693,0.7985,1.447,1.8816,6.22359
Michael Vilchez,,0,1,1,0.160222,0.6293,0.7653,1.442,1.8644,6.21045
Yensy Bello,,0,1,1,0.156444,0.5942,0.7635,1.408,1.8762,6.13026
Josh Gessner,,0,1,1,0.172889,0.6294,0.7429,1.556,1.8287,6.22521
Gerinton Mendez,MIA,0.0739,0.6529,1,0.148778,0.6579,0.8149,1.339,1.9047,6.17886
Luke Anderson,,0,1,1,0.154444,0.6553,0.8143,1.39,1.9019,6.21495
Felipe Bello,,0,1,1,0.163667,0.5187,0.6925,1.473,1.8562,6.28803
Jeremy Peguero,,0,1,1,0.144444,0.6986,0.8842,1.3,1.9319,6.01407
Franklyn Moreta,MIA,0.0325,0.8475,1,0.145,0.6116,0.787,1.305,1.9029,6.19569
Kikito Severino,,0.1044,0.5094,1,0.151444,0.5322,0.7497,1.363,1.8936,6.16842
Seth Nightingale,,0,1,1,0.150222,0.6103,0.802,1.352,1.9128,6.22827
Anthony Karoly,LAA,0.0189,0.9109,1,0.16,0.6925,0.7854,1.44,1.8632,6.08571
Jonathan Rosario,MIA,0.0304,0.8574,1,0.123889,0.6624,0.9141,1.115,1.9814,5.9346
Jhon Reyes,KCR,0,1,1,0.152444,0.5503,0.7651,1.372,1.9233,6.40215
Alejandro Lugo,,0.0335,0.8425,1,0.17,0.5781,0.7045,1.53,1.8346,6.2703
Eurys Martich,,0,1,1,0.153,0.7138,0.8551,1.377,1.9105,6.18876
Cristopher Aranguren,CHC,0.0942,0.5572,1,0.166111,0.5724,0.694,1.495,1.8349,6.26157
Adrian Heredia,BAL,0,1,1,0.164111,0.5561,0.6816,1.477,1.8183,6.11487
Leodarlyn Colon,WSN,0.0833,0.6083,1,0.174444,0.5401,0.7091,1.57,1.8578,6.43068
Dailoui Abad,,0,1,1,0.169333,0.583,0.7644,1.524,1.898,6.37785
Jordy Luciano,,0,1,1,0.142556,0.6306,0.8509,1.283,1.9483,6.20649
Austin Aldeano,,0,1,1,0.168778,0.6785,0.7711,1.519,1.8437,6.21504
Kaden Echeman,STL,0,1,1,0.138111,0.6748,0.8872,1.243,1.9499,6.08391
Wuardo Fernandez,,0,1,1,0.150222,0.6208,0.815,1.352,1.9229,6.25554
Jiorgeny Casimiri,,0,1,1,0.165556,0.6674,0.7829,1.49,1.8702,6.26751
Pedro Alfonseca,,0,1,1,0.147111,0.6369,0.8335,1.324,1.923,6.19569
Maicol Reyes,,0,1,1,0.151444,0.6533,0.8351,1.363,1.9229,6.23448
Diego Dominguez,,0,1,1,0.148222,0.5501,0.7858,1.334,1.911,6.18138
Ryan Schiefer,CHW,0.02,0.906,1,0.160444,0.6367,0.7912,1.444,1.8792,6.14124
Kevin Dowdell,,0,1,1,0.130556,0.604,0.8888,1.175,1.9805,6.02226
Joel Canizalez,,0,1,1,0.151,0.54,0.7655,1.359,1.9123,6.27741
Jose Diaz,,0,1,1,0.156667,0.5949,0.7683,1.41,1.8897,6.28155
Evan Chrest,CLE,0,1,1,0.149556,0.6073,0.6897,1.346,1.8327,5.98734
Harif Frias,,0,1,1,0.155333,0.5768,0.774,1.398,1.8993,6.25473
Nick Weyrich,CHW,0,1,1,0.152778,0.5728,0.7964,1.375,1.9195,6.17112
Aaron Savary,CLE,0,1,1,0.148222,0.6243,0.7007,1.334,1.8377,5.99508
Cesar Rojas,WSN,0,1,1,0.145778,0.724,0.9564,1.312,2.0011,6.31053
Luis Sánchez,,0,1,1,0.155667,0.6959,0.8172,1.401,1.8912,6.14718
Eduar Segovia,,0,1,1,0.15,0.6749,0.8606,1.35,1.9419,6.26229
Itsuki Takemoto,ATH,0,1,1,0.173889,0.599,0.8254,1.565,1.9728,6.732
Elijah Pleasants,,0,1,1,0.137889,0.6096,0.8652,1.241,1.9661,6.192
Cristofher Carrasco,,0.0516,0.7576,1,0.163111,0.6227,0.7721,1.468,1.8838,6.31656
David Landeta,,0.0819,0.6149,1,0.168778,0.5843,0.7234,1.519,1.8543,6.33393
Darwin Rodriguez,MIA,0,1,1,0.151889,0.6439,0.8096,1.367,1.9099,6.23412
Justin Sanchez,,0,1,1,0.157111,0.6263,0.7994,1.414,1.8734,6.04467
Juan Sanchez,ATL,0,1,1,0.143444,0.6825,0.8702,1.291,1.9502,6.20748
Julio Dilone,SDP,0,1,1,0.156444,0.6678,0.835,1.408,1.9088,6.17382
Colson Lawrence,,0,1,1,0.156667,0.6356,0.8077,1.41,1.906,6.27147
Kristófer Bow,,0,1,1,0.145,0.6163,0.829,1.305,1.9327,6.2397
Jadon Williamson,,0.0763,0.6413,1,0.160444,0.6241,0.7876,1.444,1.9037,6.35409
Felix Cabrera,,0,1,1,0.136,0.5598,0.8468,1.224,1.9594,6.05961
Yoljeldriz Diaz,,0,1,1,0.155111,0.654,0.83,1.396,1.9123,6.22989
Patrick Pridgen,,0.0339,0.8409,1,0.172444,0.6142,0.7294,1.552,1.8447,6.31818
Jose Varela,HOU,0,1,1,0.164667,0.6686,0.755,1.482,1.8403,6.16482
Brayden Jones,TBR,0.064,0.699,1,0.161556,0.6559,0.7673,1.454,1.8709,6.22728
Reny Artiles,,0,1,1,0.157222,0.61,0.7906,1.415,1.9004,6.27516
Waylin Santana,,0.0321,0.8491,1,0.167667,0.5492,0.7021,1.509,1.8478,6.32871
David Matoma,PIT,0,1,1,0.131333,0.5795,0.9097,1.182,2.0267,6.32475
Derek Corro,,0,1,1,0.137444,0.6028,0.8648,1.237,1.9634,6.09732
Garrett Brown,,0,1,1,0.150778,0.5856,0.8054,1.357,1.9298,6.29316
Aaron Holiday,,0,1,1,0.162556,0.6864,0.82,1.463,1.883,6.21342
David Tiburcio,,0.0274,0.8714,1,0.162667,0.5326,0.7214,1.464,1.8767,6.33897
Trendan Parish,TBR,0,1,1,0.164111,0.5496,0.6876,1.477,1.8338,6.18129
Yoan Valdez,,0,1,1,0.161556,0.6118,0.7789,1.454,1.8914,6.30396
Luke Fernandez,CLE,0,1,1,0.152222,0.7249,0.7714,1.37,1.8521,5.97078
Greysen Carter,NYY,0,1,1,0.134889,0.6486,0.9391,1.214,2.0051,6.10191
Mason Denaburg,,0,1,1,0.148222,0.5667,0.7997,1.334,1.9247,6.25293
Estarlin Escalante,,0,1,1,0.147556,0.5805,0.8108,1.328,1.9279,6.2424
Charlie Cerny,,0,1,1,0.152667,0.5551,0.7828,1.374,1.9215,6.30171
Yohemy Nolasco,,0,1,1,0.164444,0.6143,0.7698,1.48,1.8848,6.32799
Dioris Martinez,PIT,0,1,1,0.133,0.5945,0.8968,1.197,2.0185,6.40188
Michael Brewer,,0,1,1,0.168556,0.6094,0.7483,1.517,1.8631,6.31719
Jeremy Gonzalez,,0,1,1,0.157,0.5707,0.7686,1.413,1.8852,6.16698
Pedro Santillan,,0,1,1,0.151333,0.5737,0.7999,1.362,1.9273,6.29694
Danny Carrion,,0,1,1,0.155111,0.601,0.8215,1.396,1.9562,6.52626
Giovanni Vargas,STL,0,1,1,0.150222,0.5684,0.7813,1.352,1.9011,6.20064
Keiner Leon,,0,1,1,0.171444,0.6387,0.7639,1.543,1.8693,6.34608
Eli Trop,,0,1,1,0.148444,0.6172,0.8306,1.336,1.9381,6.29487
Jared Beck,,0,1,1,0.129111,0.7177,0.9728,1.162,2,5.97807
Kade Woods,ATL,0,1,1,0.153333,0.6235,0.8077,1.38,1.9291,6.3333
Jordan Valenzuela,SDP,0,1,1,0.139556,0.7058,0.9451,1.256,1.9787,6.06204
Ben Petschke,,0,1,1,0.150222,0.5436,0.7908,1.352,1.9338,6.31431
Cesar Espinal,MIL,0,1,1,0.159667,0.6792,0.8487,1.437,1.9224,6.26157
Dawry Segura,,0,1,1,0.177667,0.5772,0.6974,1.599,1.8357,6.38073
Sunayro Martina,NYY,0.0549,0.7419,1,0.161556,0.5772,0.7827,1.454,1.9059,6.3045
Samuel Fabian,,0.0439,0.7939,1,0.159667,0.5925,0.7832,1.437,1.9087,6.36858
Fran Castro,,0,1,1,0.161889,0.5731,0.761,1.457,1.8905,6.33717
Moises Palma,TBR,0.0439,0.7939,1,0.166222,0.5881,0.7105,1.496,1.8344,6.2127
Rafelin Nivar,,0,1,1,0.140111,0.6539,0.9108,1.261,1.9842,6.13386
Yoniel Ramirez,,0,1,1,0.149444,0.629,0.8472,1.345,1.9492,6.31989
Miguel Valdez,,0,1,1,0.156111,0.5902,0.7995,1.405,1.9207,6.336
Abraham Gaitan,CIN,0,1,1,0.204556,0.5003,0.6386,1.841,1.8324,6.68439
Nick Bautista III,,0,1,1,0.160778,0.6165,0.7927,1.447,1.9033,6.34698
Nathanael Cruz,,0,1,1,0.159556,0.6197,0.7964,1.436,1.8941,6.28641
Noah Takacs,,0.0244,0.8854,1,0.152333,0.4964,0.7458,1.371,1.9066,6.32214
Elian Serrata,,0,1,1,0.148111,0.6384,0.8555,1.333,1.9447,6.27849
Nolberto Henriquez,,0,1,1,0.169667,0.5717,0.7616,1.527,1.8929,6.33789
Enderjer Sifontes,,0,1,1,0.160444,0.6031,0.7946,1.444,1.9145,6.36795
Christopher Vasquez,,0.0711,0.6661,1,0.161111,0.5386,0.7424,1.45,1.8886,6.36525
Mario Zabala,SDP,0,1,1,0.155333,0.6252,0.8404,1.398,1.9355,6.24627
Xiomer Guacache,DET,0,1,1,0.167556,0.5522,0.6954,1.508,1.8295,6.22314
Omar Victorino,,0.0519,0.7559,1,0.137667,0.5609,0.8502,1.239,1.9696,6.25356
Drew Garrett,,0,1,1,0.15,0.7368,0.9259,1.35,1.9678,6.26787
Johan Rodriguez,SFG,0,1,1,0.13,0.63,0.9149,1.17,1.9807,6.15483
Brennan Malone,PIT,0,1,1,0.156889,0.5795,0.8055,1.412,1.9549,6.5961
Angel Alfonseca,,0,1,1,0.148667,0.5943,0.8358,1.338,1.946,6.2217
Angel Perez,CLE,0,1,1,0.148444,0.7149,0.7953,1.336,1.8819,6.02217
Jesse Wainscott,,0,1,1,0.165556,0.6039,0.7678,1.49,1.8846,6.36489
Brett Lockwood,,0,1,1,0.149667,0.551,0.8061,1.347,1.9476,6.35733
Chris Barraza,,0,1,1,0.167556,0.6254,0.7799,1.508,1.893,6.39729
John Lynch,,0,1,1,0.137556,0.5772,0.8771,1.238,1.9859,6.15069
Jeckferxon Hernandez,,0,1,1,0.151667,0.6513,0.8667,1.365,1.9502,6.29487
Jonathan Edwards,,0,1,1,0.152444,0.6478,0.859,1.372,1.9448,6.2991
Randy Berigüete,,0.0372,0.8252,1,0.148222,0.5402,0.8086,1.334,1.9481,6.3297
Fernando Vasquez,SFG,0,1,1,0.139556,0.5866,0.8486,1.256,1.9329,6.17553
Jean Brito,NYM,0.0972,0.5432,1,0.174444,0.5916,0.7019,1.57,1.8199,6.2082
Joseph Herrera,SDP,0,1,1,0.146667,0.5706,0.8346,1.32,1.9281,6.03576
Choyce Diffey,CHW,0.0337,0.8417,1,0.171111,0.5585,0.7389,1.54,1.8769,6.30954
Deiker Pineda,TOR,0,1,1,0.173333,0.57,0.6871,1.56,1.8354,6.32358
Ryan Smith,,0,1,1,0.159556,0.6194,0.8098,1.436,1.9142,6.34131
Francis Hernandez,,0.0244,0.8854,1,0.167778,0.5612,0.7345,1.51,1.8731,6.39063
Ramon Henriquez,,0,1,1,0.156444,0.5843,0.8055,1.408,1.9316,6.37668
Zack Austin,,0,1,1,0.136778,0.6426,0.9203,1.231,2.0042,6.26643
Melvin Cuevas,,0,1,1,0.155778,0.6938,0.8829,1.402,1.9501,6.32979
Yordy Herrera,,0,1,1,0.145889,0.6727,0.8977,1.313,1.9526,6.12009
Pitterson Rosa,PIT,0,1,1,0.148889,0.6131,0.8751,1.34,1.996,6.54021
Matt Mikulski,,0,1,1,0.159,0.6495,0.8233,1.431,1.8952,6.18111
Josh Tiedemann,NYY,0,1,1,0.181111,0.5897,0.7414,1.63,1.8711,6.39954
Victor Zarraga,CHC,0.0963,0.5473,1,0.138111,0.5604,0.8433,1.243,1.9533,6.08103
Joe Scarborough,NYM,0,1,1,0.157222,0.6945,0.836,1.415,1.9008,6.1686
Bryce Alewine,DET,0.0296,0.8606,1,0.152889,0.543,0.7638,1.376,1.9035,6.26661
Owen Sharts,,0,1,1,0.158333,0.5857,0.7987,1.425,1.9219,6.37452
Luis Victorino,,0,1,1,0.161222,0.5532,0.7666,1.451,1.9058,6.38388
Jhonny Felix,,0.0314,0.8524,1,0.166889,0.5768,0.7563,1.502,1.8901,6.42393
Raudy Rivera,,0,1,1,0.156222,0.7386,0.9061,1.406,1.9527,6.33681
Eric Foggo,,0,1,1,0.160778,0.6058,0.8017,1.447,1.9229,6.42843
Cole Zaffiro,,0,1,1,0.164111,0.6199,0.8042,1.477,1.913,6.39711
Sean Heppner,,0,1,1,0.147222,0.581,0.8348,1.325,1.9545,6.34671
Jose Ulloa,,0,1,1,0.169556,0.569,0.7435,1.526,1.8847,6.44985
Jhoster Baez,HOU,0.0298,0.8598,1,0.156778,0.6162,0.7853,1.411,1.8979,6.28902
Zach Cable,,0,1,1,0.161778,0.616,0.813,1.456,1.9265,6.4197
Mason Davenport,,0,1,1,0.155333,0.6485,0.8614,1.398,1.9567,6.39846
Kendry Garcia,CHW,0.0854,0.5984,1,0.170667,0.6009,0.7833,1.536,1.9035,6.37047
Ettore Giulianelli,,0,1,1,0.128889,0.7008,1.0136,1.16,2.0622,6.22728
José Fernández,,0,1,1,0.156778,0.6028,0.8303,1.411,1.941,6.37848
Jayden Voelker,,0,1,1,0.172556,0.5573,0.7356,1.553,1.8715,6.40845
Andy Luis,,0,1,1,0.148444,0.5719,0.8461,1.336,1.972,6.37956
Henry Valencio,,0,1,1,0.159556,0.5866,0.8115,1.436,1.9381,6.42978
Luis Germán,SDP,0,1,1,0.145667,0.6606,0.9092,1.311,1.9688,6.19461
Antonio Florido,DET,0,1,1,0.149222,0.6437,0.8579,1.343,1.9404,6.22872
Ryan Chasse,,0,1,1,0.146889,0.6048,0.8737,1.322,1.9768,6.26895
Steve Hajjar,,0.0461,0.7831,1,0.165778,0.682,0.8498,1.492,1.911,6.25923
Johnathan Rogers,DET,0,1,1,0.159,0.6355,0.8075,1.431,1.9042,6.29514
Jesus Lopez,,0.0975,0.5415,1,0.180444,0.5687,0.7091,1.624,1.8452,6.46407
Chandler Arnold,,0.0254,0.8804,1,0.161556,0.6114,0.8208,1.454,1.9395,6.46524
Eris Rodríguez,,0,1,1,0.156556,0.5604,0.8069,1.409,1.9384,6.40188
Luigi Hernandez,,0.0325,0.8475,1,0.143667,0.6371,0.9032,1.293,1.9927,6.3558
Keyner Cedeno,MIA,0.037,0.826,1,0.133667,0.6586,0.9683,1.203,2.033,6.16599
Jonathan Stevens,MIN,0.0267,0.8747,1,0.151111,0.5804,0.8031,1.36,1.942,6.41664
Lisnerkin Lantigua,CIN,0.0314,0.8524,1,0.175111,0.5558,0.8318,1.576,1.9851,6.73389
Brandon Herbold,KCR,0,1,1,0.152222,0.6426,0.8884,1.37,1.9837,6.40296
Starlyn Pichardo,,0,1,1,0.156444,0.6871,0.8975,1.408,1.9671,6.38406
Ramon Sanchez,,0,1,1,0.148111,0.6362,0.8862,1.333,1.9723,6.34113
Carlos Mateo,PIT,0,1,1,0.131222,0.7065,1.0194,1.181,2.0865,6.50052
Marco Corcho,,0,1,1,0.142889,0.5593,0.8601,1.286,1.9836,6.35382
Caden Wooster,NYM,0,1,1,0.163333,0.666,0.8234,1.47,1.8978,6.21315
Cooper McGrath,SFG,0,1,1,0.151667,0.5443,0.7856,1.365,1.8928,6.2874
Carlos Martinez,LAD,0,1,1,0.181667,0.6716,0.8446,1.635,1.9415,6.59277
Denis Reguillo,,0,1,1,0.153889,0.5575,0.8202,1.385,1.953,6.41682
Braden Quinn,,0,1,1,0.151889,0.5476,0.8269,1.367,1.9518,6.28101
Emerson Talavera,,0,1,1,0.177333,0.5642,0.7254,1.596,1.858,6.43662
Angel Cruz,LAD,0,1,1,0.164889,0.7455,0.9576,1.484,2.0048,6.50313
Scarlyn Lebron,,0,1,1,0.165,0.5844,0.7904,1.485,1.9075,6.41061
Ryan Ure,,0,1,1,0.135778,0.5685,0.9109,1.222,2.0504,6.44841
Andrew Carson,,0,1,1,0.167556,0.601,0.7984,1.508,1.9259,6.51159
Matthew DesMarets,MIN,0,1,1,0.144111,0.5651,0.8209,1.297,1.9649,6.41466
Peter Bonilla,,0,1,1,0.154,0.6736,0.9031,1.386,1.9614,6.2325
Aaron Cohn,,0,1,1,0.178111,0.5342,0.7059,1.603,1.8663,6.51933
Dionys Rodriguez,,0.0325,0.8475,1,0.190111,0.554,0.66,1.711,1.785,6.37713
Connor Butler,,0,1,1,0.150333,0.636,0.8936,1.353,1.9825,6.30612
Zane Petty,CLE,0,1,1,0.177,0.6927,0.6936,1.593,1.7935,6.14709
German Fajardo,LAA,0,1,1,0.175111,0.6509,0.7371,1.576,1.8297,6.26481
Eric Prado,MIL,0,1,1,0.175556,0.6108,0.7762,1.58,1.8887,6.43689
Manny Ramirez,,0,1,1,0.147111,0.6484,0.9105,1.324,2.0014,6.42708
Osbriel Mogollon,,0,1,1,0.141444,0.5922,0.9004,1.273,2.0042,6.27597
Jeison Pena,,0,1,1,0.159667,0.5852,0.8159,1.437,1.9337,6.43095
Gilbel Galvan,BOS,0,1,1,0.160222,0.6072,0.8097,1.442,1.9503,6.61365
Luis Flores,CLE,0,1,1,0.139556,0.772,0.8997,1.256,1.9441,5.93973
Jose Vasquez,LAD,0,1,1,0.167556,0.6547,0.8839,1.508,1.978,6.5628
Angel Gonzalez,,0,1,1,0.157556,0.7295,0.9072,1.418,1.9448,6.35121
Jose T. Perez,SFG,0,1,1,0.150333,0.6227,0.8633,1.353,1.9417,6.36759
Blake Shepardson,CHW,0,1,1,0.151333,0.6761,0.9357,1.362,2.0042,6.33168
Dallas Woolfolk,,0,1,1,0.181667,0.563,0.7163,1.635,1.8587,6.52779
Randy Ramnarace,KCR,0.0258,0.8788,1,0.142889,0.5661,0.8978,1.286,2.0428,6.60924
Miguel Mesa,BAL,0,1,1,0.162667,0.6258,0.817,1.464,1.9244,6.36858
Michael Valverde,TEX,0,1,1,0.158,0.6489,0.9053,1.422,1.9756,6.43995
Wilson Lopez,,0,1,1,0.142667,0.5845,0.8972,1.284,2.0156,6.44067
Jesus Oliveira,KCR,0.0593,0.7213,1,0.162444,0.6347,0.862,1.462,1.9854,6.70203
Franklin Marquez,,0,1,1,0.138889,0.5632,0.9104,1.25,2.0278,6.30567
Madison Jeffrey,,0,1,1,0.138333,0.6407,0.947,1.245,2.0293,6.38154
Julio Valdez,CHC,0.0958,0.5498,1,0.170444,0.4979,0.7104,1.534,1.8835,6.49926
Antoni Cuello,,0,1,1,0.160778,0.5622,0.8094,1.447,1.9356,6.46092
Gustavo Del Pozo,,0,1,1,0.170222,0.6064,0.8014,1.532,1.9227,6.55092
Ryan Minckler,WSN,0,1,1,0.144444,0.6365,0.9908,1.3,2.0684,6.51123
Jorge De Leon,NYM,0,1,1,0.148778,0.7528,0.9624,1.339,1.9866,6.20271
Will Stevens,,0,1,1,0.149222,0.5919,0.8885,1.343,2.0047,6.47802
Tristan Smith,CIN,0,1,1,0.158444,0.6813,1.0102,1.426,2.09,6.63732
Andrew Pogue,,0,1,1,0.151,0.5278,0.8372,1.359,1.983,6.48585
Adam Conrad,,0,1,1,0.159778,0.622,0.8644,1.438,1.9717,6.51861
Luis Carias,LAD,0.1032,0.5152,1,0.182444,0.6345,0.8418,1.642,1.9448,6.64344
Wilmer Lugo,NYM,0,1,1,0.138667,0.6424,0.9328,1.248,2.003,6.1002
Yeury Tatiz,SEA,0,1,1,0.145444,0.6353,0.7792,1.309,1.8515,5.8554
Dylan Questad,,0.0139,0.9349,1,0.159111,0.6839,0.9151,1.432,1.9874,6.49116
Jordan Powell,,0,1,1,0.160889,0.6331,0.87,1.448,1.9758,6.55029
Yeri Perez,KCR,0.0219,0.8969,1,0.120444,0.5951,1.0119,1.084,2.1242,6.48828
Kailen Hamson,BAL,0.0747,0.6487,1,0.142667,0.5609,0.8686,1.284,1.9826,6.21162
Juan Abreu,,0,1,1,0.164778,0.6175,0.8513,1.483,1.9647,6.5628
Jean Calderon,,0,1,1,0.158222,0.6224,0.8746,1.424,1.9765,6.50691
Pedro Garcia,DET,0,1,1,0.173111,0.5435,0.7274,1.558,1.8497,6.32997
Jose Cabrera,,0,1,1,0.153333,0.6831,0.9323,1.38,2.0032,6.48567
Dylan Lesko,TBR,0,1,1,0.159778,0.7978,0.929,1.438,1.9299,6.23826
Brian Arias,,0,1,1,0.160222,0.5882,0.8468,1.442,1.9724,6.56082
Rainer Marin,MIN,0,1,1,0.147444,0.6093,0.8742,1.327,1.9944,6.49233
Jhonny Jimenez,,0,1,1,0.174444,0.5463,0.7686,1.57,1.9092,6.54579
Luis Sotillo,NYM,0,1,1,0.137556,0.6542,0.9597,1.238,2.0179,6.0858
Jhon Rosario,,0,1,1,0.170222,0.5357,0.7672,1.532,1.9237,6.60573
Kyle DeGroat,KCR,0,1,1,0.175556,0.6034,0.8081,1.58,1.9476,6.75189
Brayan Narvaez,SFG,0.0381,0.8211,1,0.162556,0.4971,0.7523,1.463,1.8937,6.48216
Geovanny Vasquez,CHC,0,1,1,0.143,0.68,0.9572,1.287,2.0271,6.40206
Quinn Gudaitis,,0,1,1,0.160667,0.5615,0.8178,1.446,1.9493,6.54867
Abel Brito,,0,1,1,0.158222,0.5777,0.8486,1.424,1.9744,6.56244
Moises Castillo,CIN,0.0675,0.6825,1,0.186889,0.6168,0.8665,1.682,2.0049,6.95718
Jimmy Reyes,,0,1,1,0.168111,0.5473,0.794,1.513,1.9376,6.59412
JP Wheat,CHC,0,1,1,0.141111,0.7139,0.9918,1.27,2.0357,6.3531
Tyler Hoffman,,0,1,1,0.167111,0.5956,0.8314,1.504,1.9572,6.62229
Cole MacRae,HOU,0.0975,0.5415,1,0.182,0.5854,0.7245,1.638,1.8709,6.58917
Javi Torres,CLE,0,1,1,0.164222,0.6527,0.7624,1.478,1.8885,6.3243
Henry Cone,,0,1,1,0.164333,0.6254,0.8776,1.479,1.9838,6.60663
Dariel Polanco,,0,1,1,0.165667,0.4916,0.7852,1.491,1.948,6.58341
T.J. Czyz,,0,1,1,0.163556,0.5754,0.8506,1.472,1.9775,6.59898
David Rodriguez,KCR,0.0975,0.5415,1,0.159667,0.5023,0.8247,1.437,2.0054,6.72489
Gage Boehm,LAA,0,1,1,0.152778,0.648,0.9087,1.375,1.9983,6.38649
Keegan Zinn,CLE,0,1,1,0.165222,0.7755,0.837,1.487,1.8958,6.28344
Nixon Encarnacion,,0.0584,0.7254,1,0.164222,0.6361,0.8925,1.478,1.9948,6.64947
Henry Martinez,,0.0732,0.6562,1,0.168111,0.5689,0.8337,1.513,1.9749,6.70113
Luifer Romero,,0.0549,0.7419,1,0.144778,0.5311,0.899,1.303,2.0271,6.44193
Branden Noriega,,0,1,1,0.147667,0.6851,0.9931,1.329,2.0474,6.40656
Callum Wallace,,0,1,1,0.159444,0.5887,0.8883,1.435,2.0072,6.64245
Janzen Keisel,,0,1,1,0.158778,0.5742,0.8726,1.429,1.9858,6.57459
Luke Thelen,,0,1,1,0.190556,0.5665,0.8627,1.715,2.0912,7.5843
Luis Beltrán,,0,1,1,0.130778,0.696,1.0839,1.177,2.1341,6.4827
Manuel Perez,,0.0439,0.7939,1,0.159333,0.5186,0.8502,1.434,1.9997,6.66018
Clarence Martina,WSN,0.0514,0.7584,1,0.178556,0.5439,0.8446,1.607,2.0008,6.91848
Noah Palmese,,0,1,1,0.179667,0.5514,0.7819,1.617,1.9331,6.74802
Naimer Rosario,ARI,0,1,1,0.149778,0.5951,0.9402,1.348,2.0366,6.46929
Seth Keller,,0.0337,0.8417,1,0.163111,0.5673,0.8409,1.468,1.9623,6.63174
Starlin Savinon,TBR,0,1,1,0.140333,0.6358,0.9786,1.263,2.0585,6.30918
Nicolas De La Cruz,BOS,0,1,1,0.140556,0.6329,0.9853,1.265,2.0847,6.56406
Eudry Alcantara,,0,1,1,0.162222,0.6078,0.9001,1.46,1.9991,6.61194
Leomar Rosario,HOU,0,1,1,0.148222,0.7461,1.0059,1.334,2.0384,6.43806
Joaquin Tejada,,0,1,1,0.157222,0.6047,0.9225,1.415,2.0362,6.68799
Luis Ghisays,CHC,0.0461,0.7831,1,0.162556,0.5438,0.844,1.463,1.988,6.64047
Ryan Mathiesen,HOU,0.0342,0.8392,1,0.173556,0.5946,0.8036,1.562,1.9373,6.65262
Jairon Digon,,0,1,1,0.166667,0.6313,0.9102,1.5,2.0102,6.70761
Adam Bates,BOS,0,1,1,0.169778,0.5484,0.8135,1.528,1.97,6.81795
Brayan Cabello,SFG,0,1,1,0.150111,0.4844,0.8825,1.351,2.0448,6.67026
Kevin Martinez,COL,0.0461,0.7831,1,0.170111,0.5249,0.8295,1.531,1.982,6.74928
Hunter Hollan,,0.0295,0.8615,1,0.158111,0.582,0.914,1.423,2.0219,6.57342
J.D. Hennen,BAL,0,1,1,0.174,0.6616,0.8767,1.566,1.9752,6.65352
Odarlin Cruz,COL,0,1,1,0.167,0.5625,0.8633,1.503,1.9958,6.73362
Alexander Johnson,CIN,0,1,1,0.182444,0.6255,0.9567,1.642,2.0866,7.10406
Nelfri Payano,,0,1,1,0.153667,0.6089,0.9518,1.383,2.0593,6.70536
Jovi Gálvez,STL,0,1,1,0.136,0.5733,0.9643,1.224,2.0735,6.55209
Wuillians Herrera,,0,1,1,0.164444,0.6227,0.9067,1.48,2.0107,6.73839
Diego Godoy,MIA,0,1,1,0.139556,0.6116,0.999,1.256,2.0984,6.50997
Jhon Cabral,CHC,0,1,1,0.151778,0.6445,0.9686,1.366,2.0547,6.60303
Franderly Morel,,0,1,1,0.150222,0.5557,0.9384,1.352,2.0547,6.55362
Ernie Day,,0,1,1,0.156444,0.6014,0.9395,1.408,2.0519,6.72966
Reudis Diaz,CHW,0,1,1,0.147778,0.4762,0.8835,1.33,2.0516,6.70995
Michael Limoncelli,,0,1,1,0.168333,0.6152,0.8988,1.515,2.0125,6.78159
Nicholas Judice,BOS,0,1,1,0.156222,0.6103,0.9196,1.406,2.0535,6.88086
Mathew Peters,,0,1,1,0.159778,0.5901,0.9236,1.438,2.0391,6.72921
Fredy Penuelas,NYY,0.0877,0.5877,1,0.155222,0.5372,0.9165,1.397,2.0506,6.65046
Jorge Herrera,,0.0488,0.7708,1,0.173778,0.5161,0.8189,1.564,1.985,6.84315
Erick Reynoso,ARI,0.0314,0.8524,1,0.166556,0.6263,0.8789,1.499,1.9996,6.86673
Luis Mata,CHC,0.0632,0.7032,1,0.171889,0.5672,0.8402,1.547,1.9829,6.78564
Eddy Peralta,TEX,0,1,1,0.148111,0.6328,0.986,1.333,2.077,6.70158
Fermin Magallanes,BAL,0,1,1,0.157889,0.6643,0.9678,1.421,2.0503,6.61563
Daichi Moriki,SDP,0,1,1,0.145556,0.5079,0.951,1.31,2.0817,6.57603
Yohandri Contreras,ATH,0.0637,0.7007,1,0.187889,0.556,0.915,1.691,2.0851,7.32924
Jhonly Taveras,,0.0793,0.6273,1,0.172444,0.5496,0.8538,1.552,2.0029,6.87546
Lender Bracho,SFG,0,1,1,0.146111,0.48,0.9278,1.315,2.0924,6.74262
Eduardo Soriano,,0.1053,0.5053,1,0.166444,0.4953,0.8489,1.498,2.0216,6.87564
Gilberto Lopez,TEX,0,1,1,0.165333,0.5429,0.9133,1.488,2.0361,6.7914
Enmanuel De La Rosa,,0.0626,0.7056,1,0.163333,0.5165,0.8852,1.47,2.045,6.8544
Josue Henrique,COL,0,1,1,0.154333,0.5746,0.9574,1.389,2.0794,6.77142
Moises Meza,COL,0,1,1,0.152444,0.5349,0.9434,1.372,2.0887,6.80472
Caden Vire,BOS,0.0086,0.9596,1,0.146667,0.657,1.0198,1.32,2.1174,6.76476
Olmedo Barria,NYM,0,1,1,0.154667,0.5512,0.9426,1.392,2.0834,6.82479
Efrain Cubilla,COL,0.0877,0.5877,1,0.176333,0.4483,0.7864,1.587,1.9864,6.92235
Ismael Yanez,MIL,0,1,1,0.163333,0.6552,0.9798,1.47,2.065,6.76728
Franyerson Reyes,DET,0.0882,0.5852,1,0.181333,0.4661,0.7731,1.632,1.9629,6.9165
Masahiro Fukuda,TEX,0,1,1,0.164333,0.5048,0.8822,1.479,2.0424,6.84234
Miguel Mora,,0.0318,0.8508,1,0.169778,0.5534,0.8834,1.528,2.0264,6.8841
Manuel Moreno,MIL,0.0826,0.6116,1,0.172,0.488,0.835,1.548,2.0128,6.92388
Reynaldo Yean,LAD,0,1,1,0.162556,0.7651,1.1058,1.463,2.1248,6.79149
Keywill Cedeno,,0,1,1,0.167667,0.5419,0.8903,1.509,2.0269,6.82164
Yunior Jerez,NYY,0.0584,0.7254,1,0.158889,0.5408,0.9307,1.43,2.0758,6.87294
Albert Polanco,MIA,0,1,1,0.160111,0.6208,0.9541,1.441,2.0607,6.81102
Miguel Cordero,,0.0675,0.6825,1,0.167667,0.5054,0.8759,1.509,2.0435,6.93954
Jake Faherty,TOR,0.0305,0.8565,1,0.140111,0.7016,1.0522,1.261,2.1116,6.64029
Jose G. Gonzalez,SFG,0,1,1,0.139333,0.4535,0.9303,1.254,2.0855,6.74217
Adrián Delgado,,0,1,1,0.144556,0.6496,1.07,1.301,2.1471,6.76422
Enrique Coronel,,0.0516,0.7576,1,0.173444,0.531,0.876,1.561,2.0351,6.96627
Jhan Almeida,CIN,0.0584,0.7254,1,0.18,0.5049,0.9394,1.62,2.1316,7.3233
Chase Bentley,MIL,0.0923,0.5663,1,0.180444,0.5753,0.8882,1.624,2.0281,6.97473
Angel Camacho,,0.0418,0.8038,1,0.159222,0.576,0.972,1.433,2.0832,6.75315
Rayner Urbaez,,0,1,1,0.165,0.5871,0.9553,1.485,2.0775,6.9201
Weskendry Espinosa,,0,1,1,0.158667,0.5229,0.9382,1.428,2.0893,6.91308
Noel Ulloa,,0.0502,0.7642,1,0.166667,0.5488,0.9241,1.5,2.0726,6.98877
Ervin Torres,,0,1,1,0.150889,0.5443,0.9914,1.358,2.117,6.75261
Khristian Guevara,CIN,0.0877,0.5877,1,0.181556,0.4571,0.9141,1.634,2.1173,7.23654
Arlison Rodriguez,,0.0832,0.6092,1,0.164222,0.4745,0.8911,1.478,2.0611,6.86646
Anthony Crespo,,0.0877,0.5877,1,0.174222,0.5208,0.878,1.568,2.0438,7.02747
Jose Cruz,,0,1,1,0.157778,0.564,0.9757,1.42,2.1058,6.92055
Joel Heredia,,0,1,1,0.149222,0.4879,0.9557,1.343,2.1178,6.89436
Michael Saturria,,0,1,1,0.162667,0.5879,0.9755,1.464,2.0945,6.92712
Dawel Serda,,0.0877,0.5877,1,0.173222,0.4915,0.8649,1.559,2.0413,7.02648
Jeison Calvo,,0.0923,0.5663,1,0.170111,0.5181,0.8957,1.531,2.0613,7.04268
Aneury Montilla,PHI,0,1,1,0.162556,0.5324,1.0219,1.463,2.1533,6.99777
Dilan Fernandez,SFG,0,1,1,0.147111,0.4674,0.9369,1.324,2.084,6.81966
Jose Rengel,SFG,0,1,1,0.137111,0.4719,0.9765,1.234,2.1099,6.66144
Reinder Gomez,CHW,0,1,1,0.155778,0.5573,0.9855,1.402,2.1175,6.93702
Fabian Gallardo,LAA,0.0418,0.8038,1,0.159889,0.4518,0.854,1.439,2.0428,6.79473
Jesus Delgado,,0,1,1,0.148444,0.5789,1.0385,1.336,2.1427,6.75405
Dariel Florentino,PIT,0.0721,0.6611,1,0.161111,0.5062,0.9325,1.45,2.0897,6.97482
Emmanuel Martinez,,0,1,1,0.145444,0.6526,1.0888,1.309,2.1545,6.70932
Eddy Mota,,0.1053,0.5053,1,0.177444,0.4676,0.8442,1.597,2.0383,7.09929
Omar Calcurian,SFG,0,1,1,0.156889,0.4691,0.9278,1.412,2.1031,6.96816
Luis Rodriguez,NYY,0,1,1,0.148778,0.5327,1.0105,1.339,2.1367,6.77331
Sebastian Caseres,LAA,0,1,1,0.15,0.5985,1.0095,1.35,2.1107,6.60132
Anel Cabrera,,0,1,1,0.157778,0.5337,0.9753,1.42,2.1249,7.00515
Guillermo Romero,SDP,0.0605,0.7155,1,0.156,0.5247,0.9753,1.404,2.1179,6.88167
Ankeily Feliz,,0.0488,0.7708,1,0.165333,0.4898,0.9183,1.488,2.0894,7.03926
Manuel Gomez,,0.0561,0.7361,1,0.171667,0.4911,0.89,1.545,2.0654,7.07013
Andrew Bolívar,STL,0.1012,0.5242,1,0.157222,0.5233,0.953,1.415,2.093,6.91587
Aiden Moffett,,0,1,1,0.157667,0.6307,1.0452,1.419,2.1354,6.94548
Vitico Valdez,,0,1,1,0.151,0.5182,1.0027,1.359,2.1523,6.98508
Michael Gil,CIN,0,1,1,0.155222,0.4885,0.9686,1.397,2.1344,7.00515
Bernardo Rivera,TEX,0,1,1,0.162889,0.5858,1.0222,1.466,2.121,6.98319
Deibi Rodriguez,DET,0,1,1,0.159667,0.5019,0.9551,1.437,2.1181,7.03665
Andre Avila,NYY,0.0418,0.8038,1,0.153667,0.5643,1.0275,1.383,2.1475,6.88185
Emanuel Vargas,NYY,0,1,1,0.149778,0.5712,1.0457,1.348,2.1688,6.97959
Yusef Hanania,CHC,0,1,1,0.157667,0.5782,1.0198,1.419,2.1421,7.00785
Jesus Carrasco,WSN,0.0835,0.6075,1,0.176222,0.4251,0.8386,1.586,2.0447,7.11315
Jarol Lopez,COL,0.0923,0.5663,1,0.174444,0.5024,0.8997,1.57,2.0729,7.13169
Juanyerlin Duran,BOS,0.1032,0.5152,1,0.162444,0.5082,0.9245,1.462,2.1173,7.26876
Luis Tejeda,,0,1,1,0.162778,0.4961,0.94,1.465,2.1053,7.05168
Alexander Agramonte,,0.0889,0.5819,1,0.177444,0.4273,0.8345,1.597,2.0452,7.15311
Charlis Medina,ATL,0.1053,0.5053,1,0.186222,0.5508,0.8817,1.676,2.0404,7.18191
Will Gervase,LAA,0,1,1,0.122556,0.6986,1.2023,1.103,2.2355,6.41403
Keninson Diaz,,0,1,1,0.156,0.5783,1.0299,1.404,2.1508,7.00848
Aneudy Santos,TEX,0,1,1,0.153556,0.5385,1.0135,1.382,2.154,7.0164
Luis Espinoza,BAL,0,1,1,0.162778,0.4999,0.921,1.465,2.0855,6.91443
Chaily Ramirez,CHC,0,1,1,0.168667,0.5826,0.9599,1.518,2.0772,6.93387
Ronaldo Florencio,COL,0.0626,0.7056,1,0.171778,0.5014,0.9158,1.546,2.083,7.09857
Jesus Montiel,PHI,0,1,1,0.181111,0.5727,1.0063,1.63,2.1433,7.31637
Argenis Aparicio,,0,1,1,0.170333,0.4788,0.9068,1.533,2.0842,7.08858
Abraham Utrera,SFG,0,1,1,0.166778,0.6118,1.0104,1.501,2.1157,7.02351
David Colmenares,CHW,0.1053,0.5053,1,0.168222,0.5213,0.9393,1.514,2.086,6.98256
Isaac Prince,MIA,0.0823,0.6133,1,0.172222,0.5005,0.9161,1.55,2.0895,7.14708
Carlos Martorella,COL,0,1,1,0.167333,0.496,0.9321,1.506,2.099,7.08093
Jose Gonzalez,,0,1,1,0.160111,0.4892,0.9611,1.441,2.1298,7.07211
Eliecer Bata,,0.0591,0.7221,1,0.172444,0.4805,0.9035,1.552,2.0877,7.15833
Luis Jerez,,0.0626,0.7056,1,0.176333,0.5015,0.8977,1.587,2.0673,7.13097
Rodrigo Ramirez,TOR,0.094,0.558,1,0.179556,0.508,0.8906,1.616,2.0659,7.18785
Yolvin Mesa,TBR,0,1,1,0.164778,0.53,0.9654,1.483,2.111,7.05771
Alexander Almonte,NYY,0.0549,0.7419,1,0.176333,0.4855,0.9265,1.587,2.0901,7.05303
Johander Rivero,CLE,0.0439,0.7939,1,0.149556,0.5555,1.0556,1.346,2.1754,6.89382
Jorge Mitre,PHI,0,1,1,0.156667,0.5636,1.0293,1.41,2.1613,7.06464
Evelio Hernandez,,0,1,1,0.168111,0.5547,0.9762,1.513,2.1159,7.10496
Dioni Baez,,0,1,1,0.161333,0.572,1.0185,1.452,2.1473,7.0875
Santiago Rojas,,0.0877,0.5877,1,0.175778,0.5529,0.9453,1.582,2.0961,7.19199
Albert Ortiz,MIA,0.0549,0.7419,1,0.163667,0.5617,0.9963,1.473,2.1323,7.12206
Yadiel Roquez,TEX,0,1,1,0.174444,0.5937,0.9802,1.57,2.0944,7.08093
Carlos Rangel,CHC,0,1,1,0.166444,0.5395,0.9769,1.498,2.1173,7.08633
Luis Carrasco,ARI,0,1,1,0.153667,0.5414,1.035,1.383,2.1589,6.91488
Luis Espinoza,,0.0626,0.7056,1,0.173667,0.5423,0.9531,1.563,2.1061,7.1829
Carlos Molina,,0,1,1,0.152111,0.526,1.0333,1.369,2.1666,6.92838
Roberto Medina,,0,1,1,0.154444,0.5775,1.0563,1.39,2.1621,6.90714
Janderson Linares,,0,1,1,0.152222,0.5781,1.0587,1.37,2.161,6.885
Andrés Parra,,0.0549,0.7419,1,0.160556,0.5172,0.9958,1.445,2.1392,6.99408
Ruben Saldana,MIL,0,1,1,0.160222,0.5207,0.9991,1.442,2.1524,7.12215
Oswal Rodriguez,KCR,0,1,1,0.152111,0.486,1.0134,1.369,2.2018,7.29486
Jose Belisario,ARI,0,1,1,0.161444,0.5301,1.0032,1.453,2.1514,7.12458
Kevin Tejada,DET,0,1,1,0.175333,0.4809,0.9078,1.578,2.0795,7.13736
Mauricio Colmenares,,0,1,1,0.169667,0.4975,0.9451,1.527,2.1116,7.15536
Manuel Davila,MIL,0,1,1,0.177667,0.5385,0.9393,1.599,2.085,7.12197
Juan Duran,,0,1,1,0.153444,0.5443,1.0462,1.381,2.1818,7.08579
Varis Villarreal,NYY,0,1,1,0.168222,0.5322,0.9782,1.514,2.1267,7.14438
Juan Severino,,0,1,1,0.163889,0.5406,0.9994,1.475,2.1437,7.14078
Jefferson Encarnacion,,0,1,1,0.16,0.5016,0.9849,1.44,2.1416,7.10514
Ismael Cabral,TBR,0,1,1,0.167778,0.5265,0.9261,1.51,2.0767,6.99147
Naoel Mejia,PHI,0,1,1,0.170444,0.5413,1.0593,1.534,2.2019,7.35372
Reilin Ramirez,,0,1,1,0.155444,0.4946,1.0088,1.399,2.1724,7.12944
Reykelly Rubi,,0.0675,0.6825,1,0.162778,0.5178,0.9919,1.465,2.1364,7.038
Stiven Rogers,ARI,0.1053,0.5053,1,0.184222,0.4158,0.8251,1.658,2.0434,7.27182
Manuel Cruz,NYY,0.0923,0.5663,1,0.182,0.4634,0.9099,1.638,2.0972,7.20765
Maikel Rodriguez,MIA,0,1,1,0.171556,0.5253,0.9604,1.544,2.1083,7.14303
Jamdrick Cornelia,,0.0398,0.8128,1,0.156444,0.5109,1.0207,1.408,2.1662,7.01577
Carlos Virla,,0.0488,0.7708,1,0.161111,0.5213,1.0012,1.45,2.1593,7.19046
Fernando Ramos,,0,1,1,0.168222,0.5056,0.9641,1.514,2.1259,7.17273
Deivy Paulino,,0,1,1,0.162222,0.5067,0.9861,1.46,2.1462,7.16328
Luis Porfirio,MIA,0.0337,0.8417,1,0.145778,0.6028,1.1221,1.312,2.2137,6.921
Dioris De La Rosa,LAA,0,1,1,0.173667,0.5921,0.9566,1.563,2.0797,6.97581
Marco Manzano,NYY,0,1,1,0.157778,0.6495,1.1445,1.42,2.2121,6.90867
Manuel Heredia,,0,1,1,0.156444,0.4965,1.0076,1.408,2.1692,7.14537
Francis Marte,,0,1,1,0.164222,0.5046,0.9847,1.478,2.148,7.1874
Luis A. Reyes,CHC,0.063,0.704,1,0.154333,0.5964,1.0571,1.389,2.1645,7.02423
Rafael Mendez,,0,1,1,0.160444,0.5506,1.0336,1.444,2.173,7.1658
Kevin Centeno,NYY,0,1,1,0.145556,0.6136,1.1309,1.31,2.2163,6.91191
Diego Palacios,TBR,0,1,1,0.161444,0.5395,1.024,1.453,2.1692,7.17561
Josue Toledo,,0,1,1,0.160556,0.5424,1.0198,1.445,2.1605,7.15779
Darling Reyes,WSN,0,1,1,0.152778,0.4969,1.028,1.375,2.1867,7.13394
Yeimison Arias,,0,1,1,0.168778,0.5385,0.987,1.519,2.1334,7.19028
Frainer Mejias,SFG,0,1,1,0.165111,0.5363,0.9944,1.486,2.1395,7.17336
Ricardo Guzman,TBR,0,1,1,0.165333,0.5512,1.0109,1.488,2.146,7.155
Maximo Gonzalez,COL,0,1,1,0.185,0.5189,0.9081,1.665,2.0591,7.17471
Jose Regalado,PIT,0.0461,0.7831,1,0.148111,0.5388,1.101,1.333,2.2449,7.23024
Jonaikel Meza,CLE,0.0839,0.6059,1,0.178444,0.4793,0.9064,1.606,2.0917,7.28208
Lenixon Armas,COL,0.0923,0.5663,1,0.177,0.4721,0.9136,1.593,2.1032,7.29504
Carlos Meza,,0,1,1,0.172889,0.4627,0.9274,1.556,2.1068,7.19685
Edwin Cervantes,CIN,0,1,1,0.176,0.5484,1.0873,1.584,2.2326,7.39503
Greyson Gimenez,WSN,0.0877,0.5877,1,0.174222,0.4413,0.907,1.568,2.111,7.29891
Wensloby Jhon,ATH,0.094,0.558,1,0.156667,0.5016,1.0243,1.41,2.177,7.08903
Geowin Gomez,ATL,0.0923,0.5663,1,0.178889,0.4874,0.9191,1.61,2.1055,7.32501
Enger Sanchez,,0,1,1,0.171111,0.542,0.9886,1.54,2.1359,7.22727
Carlos Hinestroza,,0.0398,0.8128,1,0.170111,0.4867,0.9586,1.531,2.1353,7.25841
Maikel Hernandez,,0,1,1,0.169889,0.473,0.9501,1.529,2.1285,7.22493
Yatner Crisostomo,,0,1,1,0.166222,0.5735,1.0336,1.496,2.1625,7.20342
Pedro Tucent,,0,1,1,0.162222,0.4974,0.9995,1.46,2.1635,7.20387
Ricardo Montero,,0,1,1,0.180333,0.5653,1.0085,1.623,2.148,7.34373
Carter Holjes,,0,1,1,0.161556,0.4878,0.9956,1.454,2.1665,7.2207
Jhemiangel Tovar,,0,1,1,0.158778,0.5004,1.0188,1.429,2.1795,7.19262
Yaury Jimenez,ARI,0.0626,0.7056,1,0.183556,0.4661,0.8868,1.652,2.076,7.28613
Tyler Kennedy,,0.0633,0.7023,1,0.171333,0.5998,1.0116,1.542,2.1366,7.27182
Roiber Talavera,,0.0798,0.6248,1,0.178111,0.4905,0.9235,1.603,2.1038,7.30728
Brandison Polanco,,0,1,1,0.173444,0.5296,0.9775,1.561,2.1331,7.25706
Cristobal Abreu,ATL,0,1,1,0.165667,0.5428,0.9915,1.491,2.1446,7.19676
Kristian Cardozo,,0,1,1,0.168333,0.5286,1,1.515,2.1486,7.21233
Luis Vasquez,DET,0,1,1,0.173778,0.422,0.9023,1.564,2.1027,7.23087
Denichel Javier,TBR,0,1,1,0.157333,0.5311,1.0473,1.416,2.191,7.17822
Ismael Obregon,HOU,0.0461,0.7831,1,0.175333,0.5282,0.9176,1.578,2.0767,7.13232
Jordan Beltrán,STL,0.0549,0.7419,1,0.167444,0.5933,1.0398,1.507,2.1631,7.24455
Bladimir Pichardo,,0.0381,0.8211,1,0.164778,0.4866,0.9813,1.483,2.1536,7.24536
Samuel Bello,ARI,0,1,1,0.154889,0.4963,1.0284,1.394,2.1912,7.19433
Oliver Del Rosario,KCR,0,1,1,0.149111,0.5399,1.0847,1.342,2.2136,7.03179
Jose Rojas,,0,1,1,0.174778,0.464,0.9286,1.573,2.1192,7.28739
Brayan Diaz,,0,1,1,0.166778,0.5183,0.9938,1.501,2.1546,7.2567
Angel Tello,,0,1,1,0.166444,0.492,0.9862,1.498,2.1553,7.23645
Higor Requena,NYY,0.0549,0.7419,1,0.175,0.5091,0.9566,1.575,2.1211,7.27227
Ricardo Quintana,,0,1,1,0.164333,0.4691,0.9788,1.479,2.1632,7.2684
Salvador Burgos,CHC,0,1,1,0.159,0.4837,1.0075,1.431,2.1766,7.21584
Randy Baron,CLE,0.0937,0.5597,1,0.178333,0.4878,0.9303,1.605,2.1137,7.34301
Junior Suarez,KCR,0,1,1,0.151556,0.6041,1.1267,1.364,2.2202,7.00821
Jermayne Verdu,,0,1,1,0.167,0.5466,1.0217,1.503,2.1614,7.22934
Yoerys Hernandez,,0,1,1,0.154,0.5191,1.0616,1.386,2.2007,7.06518
Jose Melo,TOR,0,1,1,0.167556,0.5239,1.0054,1.508,2.1556,7.22934
Eric Gutierrez,,0,1,1,0.142444,0.5928,1.1591,1.282,2.2572,6.98733
Julio Polanco,,0,1,1,0.159,0.4936,1.0137,1.431,2.1792,7.23204
Jefferson Lopez,PIT,0.0975,0.5415,1,0.184,0.4439,0.8807,1.656,2.0882,7.37298
Alam Soriano,MIN,0.0584,0.7254,1,0.174444,0.4908,0.9573,1.57,2.1346,7.317
Robert Moreno,BOS,0.0584,0.7254,1,0.166111,0.496,0.9934,1.495,2.1638,7.28883
Manuel Ruiz,WSN,0.0798,0.6248,1,0.174667,0.4873,0.9376,1.572,2.1165,7.32213
Jesus Delgado,ATH,0,1,1,0.167778,0.5352,1.0096,1.51,2.1582,7.25778
Jesus Garcia,,0.0461,0.7831,1,0.174111,0.4856,0.9553,1.567,2.1333,7.30872
Gregory Sanchez,COL,0,1,1,0.159556,0.5442,1.0469,1.436,2.189,7.2369
Julio Gutierrez,KCR,0.0418,0.8038,1,0.163111,0.4741,0.9996,1.468,2.1997,7.47738
Irving Vazquez,,0,1,1,0.167556,0.4976,0.9897,1.508,2.1562,7.2666
Eliazar De Los Santos,,0.0584,0.7254,1,0.159333,0.4898,1.0166,1.434,2.1849,7.25751
Renil Ramos,CLE,0,1,1,0.161333,0.5359,1.0383,1.452,2.1788,7.21134
Justin Lugo,MIL,0,1,1,0.155556,0.6189,1.1176,1.4,2.2127,7.15689
Christian Avendano,,0,1,1,0.162,0.5615,1.0621,1.458,2.1975,7.25274
Snarlyn Evangelista,,0,1,1,0.167444,0.5175,1.0068,1.507,2.1618,7.2549
Adrian Acosta,,0,1,1,0.167556,0.5294,1.0079,1.508,2.1556,7.24887
Joel Jimenez,HOU,0.0877,0.5877,1,0.168444,0.4943,0.989,1.516,2.1626,7.32303
Deivy Victora,,0,1,1,0.159667,0.5315,1.0431,1.437,2.1857,7.21899
Carlos Almonte,,0,1,1,0.164444,0.4972,1.0048,1.48,2.1702,7.26606
Jorge Luna,NYY,0,1,1,0.179111,0.5332,1.0008,1.612,2.147,7.24509
Henry Ramirez,BAL,0.0991,0.5341,1,0.172444,0.472,0.9519,1.552,2.1381,7.34877
Jider Corpas,CHC,0.0516,0.7576,1,0.170222,0.4277,0.9351,1.532,2.1361,7.30098
Jodarlin Perez,NYM,0,1,1,0.146333,0.542,1.1183,1.317,2.2399,7.02486
Jhondel Salas,WSN,0.0877,0.5877,1,0.183111,0.4854,0.9143,1.648,2.0979,7.36461
Donal Montas,DET,0,1,1,0.170667,0.4142,0.9216,1.536,2.124,7.26597
Jhosue Rodriguez,,0.0763,0.6413,1,0.180222,0.4674,0.921,1.622,2.1127,7.36083
Luis Martinez,,0.0439,0.7939,1,0.158333,0.5006,1.0413,1.425,2.195,7.14915
Cristian Diaz,,0,1,1,0.163444,0.5222,1.0314,1.471,2.1816,7.24905
Joelvis Perez,CLE,0.0381,0.8211,1,0.188556,0.4867,0.8985,1.697,2.0755,7.32924
Elkyns Villarreal,SFG,0.0975,0.5415,1,0.164444,0.4842,0.9888,1.48,2.1598,7.2981
Luis Gomez,,0,1,1,0.153667,0.5599,1.1027,1.383,2.2314,7.21944
Victor Santos,BAL,0,1,1,0.142,0.544,1.1103,1.278,2.2284,6.85674
Dani Richar,,0.0584,0.7254,1,0.149111,0.4989,1.0775,1.342,2.2261,7.10055
Bryan Monte De Oca,,0.1032,0.5152,1,0.176889,0.4692,0.9391,1.592,2.1312,7.39107
Albertt Medina,PHI,0.0675,0.6825,1,0.180778,0.4952,0.9432,1.627,2.1177,7.35039
Onias Jimenez,,0,1,1,0.160556,0.5468,1.0643,1.445,2.2018,7.25319
Kinn Omosako,,0,1,1,0.168556,0.5278,1.0187,1.517,2.1691,7.28676
Keivan Vasquez,ARI,0.0975,0.5415,1,0.157667,0.4371,1.0011,1.419,2.1762,7.13511
Ricardo Morel,MIA,0.106,0.502,1,0.178444,0.5399,0.9819,1.606,2.14,7.39215
Juan Muniz,PIT,0.1012,0.5242,1,0.181667,0.4474,0.9331,1.635,2.1515,7.63371
Ronaldys Jimenez,PIT,0,1,1,0.138111,0.5838,1.1971,1.243,2.3095,7.21755
Luis Guevara,,0,1,1,0.166111,0.4956,1.0094,1.495,2.172,7.27776
Josue Arias,,0,1,1,0.137111,0.5562,1.1631,1.234,2.2716,6.97788
Wilton Rondon,,0,1,1,0.169333,0.5056,1.0013,1.524,2.161,7.28811
Lonell Downs,,0,1,1,0.166667,0.5416,1.0302,1.5,2.1669,7.25112
Mauricio De La Cruz,PIT,0.0439,0.7939,1,0.170333,0.4917,0.9921,1.533,2.1667,7.34472
Fraimin Marte,,0,1,1,0.166222,0.5148,1.0179,1.496,2.1729,7.2837
Eris Albino,,0.0549,0.7419,1,0.167556,0.4603,0.9763,1.508,2.1662,7.35201
Ezequiel Bonilla,,0.0891,0.5811,1,0.179667,0.4959,0.9491,1.617,2.119,7.34778
Jhon Leon,SFG,0,1,1,0.161,0.5756,1.0825,1.449,2.2019,7.23438
Luis  Avila,CIN,0,1,1,0.175111,0.5353,0.9984,1.576,2.1533,7.34526
Leonardo Leon,DET,0,1,1,0.153,0.5705,1.0836,1.377,2.2005,7.0929
Freilyn Guzman,,0.1053,0.5053,1,0.175889,0.4103,0.9057,1.583,2.1244,7.40673
Ronald Tejada,NYY,0,1,1,0.150444,0.5459,1.1134,1.354,2.2337,7.0713
Angel Soriano,PIT,0.0835,0.6075,1,0.154778,0.4396,1.0419,1.393,2.2339,7.38378
Yael Arias,,0,1,1,0.164667,0.5261,1.0353,1.482,2.1869,7.29846
Gavin Adams,PIT,0,1,1,0.137556,0.5902,1.2007,1.238,2.3119,7.31502
Enixon Sanchez,NYY,0.0584,0.7254,1,0.185667,0.5625,1.004,1.671,2.1371,7.28991
Fayon Dumorne,TOR,0.0439,0.7939,1,0.172,0.5463,1.0207,1.548,2.1684,7.34166
Yolber Mendez,KCR,0.0835,0.6075,1,0.174889,0.4417,0.938,1.574,2.1452,7.41861
Algeni Mejia,,0,1,1,0.152444,0.5773,1.1282,1.372,2.2307,7.05717
Deiver Oliveros,,0,1,1,0.165556,0.4477,0.978,1.49,2.1661,7.30404
Bryan Landaez,,0,1,1,0.164333,0.5578,1.0525,1.479,2.1854,7.27191
Cristhian Espinosa,TOR,0,1,1,0.172444,0.4581,0.9609,1.552,2.149,7.33779
Diego Navarro,,0.0549,0.7419,1,0.186333,0.4623,0.9058,1.677,2.1,7.39503
Ariel De La Cruz,CIN,0.0835,0.6075,1,0.163556,0.5253,1.0457,1.472,2.1822,7.16616
Felipe De Los Santos,,0.0418,0.8038,1,0.162889,0.5001,1.0283,1.466,2.1918,7.31133
Dalvi Nunez,SDP,0.0381,0.8211,1,0.173444,0.5262,1.0039,1.561,2.1502,7.23951
Albert Perez,SDP,0,1,1,0.170556,0.5372,1.0219,1.535,2.1673,7.30818
Ezequiel Jimenez,,0,1,1,0.175,0.5292,1.0002,1.575,2.1476,7.30422
Yeferson Silva,,0,1,1,0.158444,0.4623,1.028,1.426,2.2043,7.27956
Wilfran Ortega,CHC,0,1,1,0.166556,0.5646,1.0606,1.499,2.1923,7.30323
Gregory Sanchez,ARI,0,1,1,0.149444,0.4944,1.089,1.345,2.2335,7.0938
Michael De La Cruz,TOR,0,1,1,0.162889,0.611,1.0716,1.466,2.1848,7.16292
Albert Cordero,TEX,0.0414,0.8054,1,0.174111,0.5111,0.9919,1.567,2.1589,7.37838
Frandy Rodriguez,,0,1,1,0.179556,0.5012,0.9656,1.616,2.1348,7.3602
Santiago Linares,MIA,0.0807,0.6207,1,0.184889,0.461,0.912,1.664,2.112,7.44498
Claudio Gatier,,0,1,1,0.148444,0.5127,1.101,1.336,2.2387,7.10397
Eudy Liriano,,0.0835,0.6075,1,0.188222,0.468,0.906,1.694,2.105,7.4619
Doimil Perez,,0,1,1,0.172667,0.5461,1.0217,1.554,2.1639,7.3287
Fabian Reyes,DET,0,1,1,0.162556,0.5572,1.0769,1.463,2.2116,7.30665
Junior Pena,LAD,0.0444,0.7914,1,0.160444,0.4756,1.0286,1.444,2.1878,7.17507
Pedro Peralta,,0.0702,0.6702,1,0.177333,0.5261,0.9864,1.596,2.1411,7.36758
Nixon Parra,,0,1,1,0.159778,0.4889,1.0436,1.438,2.2087,7.30188
Elvin Jimenez,MIA,0,1,1,0.149778,0.6276,1.1434,1.348,2.2431,7.2
Santiago Peraza,CLE,0,1,1,0.162222,0.5436,1.0641,1.46,2.1994,7.28271
Sergio Villa,CIN,0,1,1,0.193556,0.5277,1.0445,1.742,2.2259,7.76268
Angel Lopez,,0.0439,0.7939,1,0.168333,0.5146,1.0248,1.515,2.1818,7.34409
Alonso Carrera,TBR,0,1,1,0.165778,0.5469,1.0166,1.492,2.1588,7.1748
Diovel Mariano,,0,1,1,0.168667,0.4815,1.0038,1.518,2.178,7.35255
Jordi Romero,,0,1,1,0.155556,0.5015,1.0713,1.4,2.2309,7.30683
Wandy Cabrera,MIL,0,1,1,0.163778,0.5234,1.0495,1.474,2.1968,7.30836
Lukas Gonzalez,MIL,0,1,1,0.171778,0.5215,1.0137,1.546,2.1696,7.3638
Cristian Rueda,,0,1,1,0.163556,0.5115,1.0514,1.472,2.2106,7.35174
Fred Fajardo,,0,1,1,0.171778,0.5438,1.0344,1.546,2.18,7.36614
Abdiel Medina,,0,1,1,0.175333,0.4733,0.9676,1.578,2.1494,7.389
Oscar Moreta,,0,1,1,0.163778,0.5445,1.0666,1.474,2.2065,7.32699
Anderson Jimenez,SEA,0.0381,0.8211,1,0.166667,0.5249,1.0404,1.5,2.1884,7.33401
Ranci Castillo,BOS,0.0461,0.7831,1,0.166333,0.4952,1.0235,1.497,2.1915,7.37352
Johan Minaya,,0,1,1,0.169111,0.5291,1.033,1.522,2.1817,7.3476
Ricardo Gomez,,0,1,1,0.171556,0.5158,1.0175,1.544,2.1763,7.37145
Mauricio Maican,,0.0877,0.5877,1,0.175778,0.5463,1.0191,1.582,2.1692,7.42284
Alvaro Gamez,,0,1,1,0.146556,0.5029,1.1123,1.319,2.2483,7.09461
Alexis Paulino,,0,1,1,0.159,0.5546,1.0809,1.431,2.2142,7.31457
Angel Beltran,ARI,0,1,1,0.155889,0.5186,1.0852,1.403,2.2335,7.30575
Josbel Torrez,NYM,0.0807,0.6207,1,0.185667,0.4978,0.9459,1.671,2.1264,7.47027
Christopher Peralta,,0,1,1,0.170333,0.5412,1.0373,1.533,2.187,7.39035
Engel Silvestre,,0,1,1,0.167556,0.5417,1.056,1.508,2.1998,7.35822
Nomar Meza,,0.0975,0.5415,1,0.180111,0.4717,0.9573,1.621,2.149,7.47414
Jose Meza,SFG,0,1,1,0.163556,0.4802,1.035,1.472,2.2022,7.33194
Angel Rosado,PIT,0,1,1,0.167111,0.5561,1.0676,1.504,2.2051,7.36515
Fredery Solano,PIT,0.0763,0.6413,1,0.176333,0.4924,0.9892,1.587,2.1673,7.44966
Junior Pina,MIA,0,1,1,0.152444,0.5889,1.1172,1.372,2.2379,7.26534
Yency De Jesus,,0.0584,0.7254,1,0.194444,0.5023,0.9178,1.75,2.0941,7.46082
Isael Torres,ARI,0,1,1,0.163111,0.5374,1.0765,1.468,2.2194,7.34886
Jarlin Ugarte,TOR,0,1,1,0.156222,0.5027,1.0815,1.406,2.2375,7.32447
Anderson Ramos,MIN,0,1,1,0.156889,0.5547,1.0673,1.412,2.2137,7.31799
Eduardo Fernandez,,0,1,1,0.150667,0.5256,1.1236,1.356,2.2556,7.16733
Julio Ozoria,BAL,0,1,1,0.150444,0.574,1.1578,1.354,2.2646,7.14717
Saul Sanchez,,0,1,1,0.170111,0.494,1.0189,1.531,2.1872,7.39773
Roimer Rosas,LAD,0,1,1,0.159222,0.5134,1.0803,1.433,2.2324,7.3458
Yomar De La Rosa,BOS,0,1,1,0.171556,0.4638,0.9713,1.544,2.1826,7.57026
Michael Ramirez,LAD,0,1,1,0.142444,0.6043,1.2112,1.282,2.2992,7.09209
Dairon De Jesus,,0,1,1,0.174444,0.5329,1.0288,1.57,2.1869,7.45254
Jeyderson Mora,,0,1,1,0.162556,0.5336,1.0799,1.463,2.2232,7.35732
Ranwell Smith,,0,1,1,0.159333,0.5163,1.0816,1.434,2.2323,7.35309
Alvaro Carrillo,,0,1,1,0.155778,0.5851,1.1379,1.402,2.2522,7.31691
Fleury Soriano,CHC,0,1,1,0.175667,0.5893,1.0586,1.581,2.1832,7.40808
Mathias Sato,,0,1,1,0.169444,0.5396,1.0547,1.525,2.1993,7.3935
Ricardo Arredondo,MIA,0.0584,0.7254,1,0.169444,0.5126,1.0396,1.525,2.2017,7.43274
Raudy Gomez,,0,1,1,0.162111,0.4754,1.0378,1.459,2.2149,7.40304
Angel Bolivar,,0.0626,0.7056,1,0.176667,0.4507,0.9632,1.59,2.1587,7.4673
Jordy Arias,,0,1,1,0.165667,0.5491,1.0784,1.491,2.2144,7.36632
Juan Henriquez,,0.0461,0.7831,1,0.187111,0.4925,0.953,1.684,2.1249,7.44354
Jeffrey Familia,,0,1,1,0.156,0.5362,1.1131,1.404,2.2417,7.20666
Manuel Gamez,TEX,0,1,1,0.173556,0.5159,1.0252,1.562,2.189,7.44903
Eider Machuca,,0,1,1,0.166222,0.5322,1.0681,1.496,2.2142,7.38846
J.C. Hechavarria,,0,1,1,0.175556,0.4886,0.9993,1.58,2.1722,7.43481
Edgar Liriano,TEX,0.0916,0.5696,1,0.178111,0.4753,0.9762,1.603,2.1596,7.47963
Genderson Zapata,,0,1,1,0.174222,0.4767,0.9999,1.568,2.183,7.46316
Yonfi Rodriguez,,0.0439,0.7939,1,0.169,0.4542,1.0065,1.521,2.195,7.44147
Ruben Ramirez,SEA,0,1,1,0.157889,0.5936,0.9873,1.421,2.0759,6.64326
Jesus Sosa,HOU,0.0877,0.5877,1,0.182,0.4851,0.9719,1.638,2.1531,7.49655
Alexis De La Cruz,,0,1,1,0.170556,0.5392,1.0502,1.535,2.192,7.39116
David De Los Santos,,0,1,1,0.173222,0.5051,1.0162,1.559,2.1774,7.41789
Leonardi Almonte,,0,1,1,0.169889,0.4694,1.014,1.529,2.1884,7.40088
Reiner López,STL,0,1,1,0.163222,0.4922,1.057,1.469,2.2254,7.41879
Alexis Reyes,,0.0975,0.5415,1,0.182111,0.4404,0.9397,1.639,2.143,7.51428
Gemil Santa,,0.0418,0.8038,1,0.175667,0.4915,1.0033,1.581,2.182,7.49592
Maximo Rodriguez,SEA,0,1,1,0.158889,0.5767,0.9787,1.43,2.0806,6.68736
Yenderberth Rivas,COL,0.0447,0.7897,1,0.173222,0.4887,1.0115,1.559,2.1853,7.45785
Yansel Marine,,0,1,1,0.153333,0.4552,1.0781,1.38,2.2453,7.23087
Breilin Arredondo,,0,1,1,0.168333,0.4707,1.02,1.515,2.1994,7.43517
Enrique Carta,,0,1,1,0.171778,0.5316,1.052,1.546,2.2057,7.45128
Guillermo Baldelomar,CIN,0,1,1,0.165667,0.5023,1.0565,1.491,2.2202,7.42806
Marcelo Valladares,CHW,0,1,1,0.164778,0.5362,1.0856,1.483,2.2286,7.39719
Wascar Berroa,BOS,0,1,1,0.166556,0.5556,1.0888,1.499,2.2236,7.40403
Felix Belisario,,0.0439,0.7939,1,0.171556,0.4999,1.032,1.544,2.1921,7.41762
Eliezer Lucena,MIN,0.0584,0.7254,1,0.178444,0.4832,0.9902,1.606,2.1734,7.51356
Dulger Nino,CIN,0,1,1,0.160889,0.4939,1.0752,1.448,2.2446,7.43805
Jarlen De La Paz,,0.0798,0.6248,1,0.161111,0.5021,1.0687,1.45,2.2283,7.42968
Argenis Granado,,0,1,1,0.163,0.5173,1.0734,1.467,2.2287,7.42113
Ransel Cruz,TBR,0,1,1,0.162,0.4847,1.0649,1.458,2.2357,7.42698
Enyel Garcia,BAL,0.0319,0.8499,1,0.165667,0.515,1.0652,1.491,2.2187,7.41609
Logan Tinkam,LAD,0,1,1,0.166222,0.528,1.0729,1.496,2.2209,7.41483
Samuel Pateti,,0.0626,0.7056,1,0.175556,0.475,1.0005,1.58,2.1901,7.53597
Brandy Luis,NYY,0.1032,0.5152,1,0.181333,0.4441,0.9553,1.632,2.1615,7.56171
Geremy Barroso,TOR,0,1,1,0.167222,0.5053,1.0588,1.505,2.2205,7.43877
Daiher Hernandez,,0,1,1,0.149111,0.5125,1.1353,1.342,2.2674,7.18128
Randy Maria,LAD,0,1,1,0.168556,0.4867,1.0403,1.517,2.211,7.44669
Esteban Mejia,NYM,0,1,1,0.164667,0.5134,1.0705,1.482,2.2285,7.44255
Jeyson Mejia,,0,1,1,0.164667,0.4954,1.0621,1.482,2.23,7.45236
Hector Dos Santos,SFG,0.0381,0.8211,1,0.163444,0.516,1.0817,1.471,2.2222,7.28478
Aneudis George,,0,1,1,0.179556,0.4517,0.9688,1.616,2.1661,7.51536
Hector Perez,PIT,0,1,1,0.164,0.5352,1.0886,1.476,2.2383,7.45335
Santhony Vizcaino,,0,1,1,0.167444,0.4509,1.0218,1.507,2.2095,7.45362
Jose Sanchez,WSN,0,1,1,0.171556,0.5297,1.0588,1.544,2.2112,7.45974
Cristian Navarro,,0.0798,0.6248,1,0.182889,0.458,0.9624,1.646,2.1578,7.54164
Alejandro Ramirez,,0,1,1,0.162333,0.549,1.1045,1.461,2.2392,7.40142
Juan Rasquin,,0,1,1,0.163222,0.5227,1.0851,1.469,2.2269,7.37694
Hicter Ruiz,,0,1,1,0.174111,0.4625,1.0044,1.567,2.1893,7.47846
Jesus Poline,,0,1,1,0.161,0.4883,1.0778,1.449,2.2428,7.42077
Andres Silvera,,0,1,1,0.169889,0.5235,1.0647,1.529,2.2133,7.43049
Esteban Dicent,BAL,0,1,1,0.168111,0.5673,1.0918,1.513,2.2236,7.44426
Joldelanio De Los Santos,,0,1,1,0.160556,0.583,1.1384,1.445,2.2603,7.42158
Edwyn Hernandez,SDP,0,1,1,0.155333,0.4957,1.1074,1.398,2.2509,7.23843
Carlos Beras,KCR,0,1,1,0.161333,0.5152,1.091,1.452,2.2448,7.43112
Jhomber Jimenez,,0.0626,0.7056,1,0.167444,0.4904,1.0513,1.507,2.2181,7.46361
Daniel Ramos,TEX,0,1,1,0.167889,0.5145,1.0651,1.511,2.2199,7.4484
Luis De Aza,,0,1,1,0.165444,0.4806,1.0543,1.489,2.2248,7.44687
Jose Pinto,,0,1,1,0.165333,0.457,1.0401,1.488,2.2245,7.46856
Diego Castro,TBR,0,1,1,0.172667,0.4699,1.017,1.554,2.1951,7.47279
Yoshtner Farfan,CLE,0.0626,0.7056,1,0.165222,0.4957,1.063,1.487,2.2133,7.31772
Jean Ballesteros,TEX,0,1,1,0.168444,0.4967,1.0559,1.516,2.2221,7.47495
Miguel Cordones,,0,1,1,0.179778,0.4951,1.0033,1.618,2.1741,7.50303
Juan Ramirez,TOR,0,1,1,0.164556,0.6104,1.1507,1.481,2.2599,7.43904
Jose Arias,MIL,0,1,1,0.167556,0.4947,1.0529,1.508,2.2193,7.47441
Hanfermin Vargas,,0,1,1,0.171556,0.4919,1.0337,1.544,2.2025,7.48107
Hector Castillo,CLE,0,1,1,0.171889,0.5038,1.0439,1.547,2.2024,7.45551
Whilmer Guerra,,0,1,1,0.174889,0.4444,0.9914,1.574,2.1795,7.47297
Jainer Marmolejos,BAL,0,1,1,0.165556,0.5093,1.0733,1.49,2.2343,7.47711
Orlando Marcelin,TOR,0,1,1,0.149444,0.5678,1.1844,1.345,2.2952,7.23348
Kevin Pino,SEA,0,1,1,0.162556,0.4873,1.0756,1.463,2.2442,7.46424
Carlos Canales,,0,1,1,0.168111,0.47,1.0362,1.513,2.2131,7.47216
Rainy Mota,,0,1,1,0.168333,0.5124,1.065,1.515,2.2239,7.47918
Robinson Javier,,0,1,1,0.167667,0.518,1.0756,1.509,2.2318,7.48107
Carlos Brito,,0,1,1,0.176556,0.4993,1.0289,1.589,2.1976,7.51113
Cristian Aray,SEA,0,1,1,0.172444,0.5566,0.9236,1.552,2.037,6.76692
Julio Pinales,CIN,0.0798,0.6248,1,0.180667,0.5073,1.0092,1.626,2.18,7.56306
Christian Polanco,LAD,0.0975,0.5415,1,0.178444,0.4357,0.9761,1.606,2.1856,7.60176
Leudy Tirado,,0,1,1,0.151556,0.5181,1.1435,1.364,2.278,7.25868
Michael Peres,,0,1,1,0.146222,0.6003,1.2193,1.316,2.3159,7.22934
Richard Jimenez,MIA,0,1,1,0.160111,0.5028,1.0947,1.441,2.251,7.43895
Ruben Torres,CHC,0.0461,0.7831,1,0.164222,0.5019,1.083,1.478,2.2464,7.49349
Yanixan Resendiz,MIA,0,1,1,0.163,0.4929,1.0791,1.467,2.2436,7.46469
Jhon Rivas,TOR,0,1,1,0.169556,0.5302,1.0458,1.526,2.2079,7.40457
Yuliangel De La Cruz,LAD,0,1,1,0.162222,0.5073,1.0897,1.46,2.2364,7.40214
Alexander De Los Santos,CHW,0,1,1,0.161556,0.4954,1.0924,1.454,2.2518,7.44543
Juan Jordan,,0,1,1,0.173333,0.5315,1.0666,1.56,2.2154,7.48998
Raul Trujillo,,0,1,1,0.165556,0.4682,1.0473,1.49,2.2221,7.46802
Albieris Polanco,SDP,0,1,1,0.175222,0.4758,1.0215,1.577,2.1956,7.49331
Randol Martinez,,0,1,1,0.156444,0.5204,1.1308,1.408,2.2801,7.4439
Esmerlyn Valenzuela,,0,1,1,0.168333,0.5296,1.0855,1.515,2.2364,7.50258
Ruver Flores,,0,1,1,0.169556,0.5115,1.0716,1.526,2.2289,7.49727
Frailin Florian,,0.014,0.934,1,0.150444,0.5705,1.1929,1.354,2.3044,7.28019
Miguel Valdez,,0,1,1,0.154111,0.497,1.1296,1.387,2.2775,7.31421
Luis Joseph,,0,1,1,0.167111,0.5322,1.0987,1.504,2.2457,7.4934
Sebastian Pina,TBR,0,1,1,0.169556,0.5039,1.0671,1.526,2.2288,7.50591
Dalvin Bodre,MIL,0,1,1,0.164,0.5102,1.0933,1.476,2.2513,7.49745
Ricardo Montilla,KCR,0,1,1,0.165556,0.4647,1.0632,1.49,2.2441,7.51311
Omari Daniel,,0,1,1,0.161667,0.5214,1.1093,1.455,2.2626,7.49817
Erick Padilla,CLE,0,1,1,0.159111,0.4916,1.0978,1.432,2.2629,7.48566
Rainiel Duran,SFG,0,1,1,0.166889,0.494,1.0747,1.502,2.2412,7.51077
Isaac Vegas,,0,1,1,0.167889,0.5015,1.0762,1.511,2.2393,7.51302
Sebastian Gomez,NYM,0.0549,0.7419,1,0.179556,0.4726,1.005,1.616,2.19,7.58079
Cristopher Presinal,,0.1053,0.5053,1,0.174667,0.488,1.0371,1.572,2.2141,7.58961
Diego Carrillo,NYY,0,1,1,0.178222,0.503,1.0326,1.604,2.2031,7.5708
Jhossua Castro,ARI,0,1,1,0.162667,0.5008,1.0981,1.464,2.2615,7.5105
Luis Cabrera,,0,1,1,0.165111,0.4785,1.0749,1.486,2.2469,7.50465
Victor Castellano,COL,0,1,1,0.157556,0.4917,1.1112,1.418,2.2587,7.32195
Bayant Melo,MIA,0,1,1,0.150444,0.5869,1.1946,1.354,2.296,7.35408
Luis Cruz,CIN,0.0798,0.6248,1,0.182,0.4406,0.979,1.638,2.1852,7.6347
Keury De Jesus,CIN,0.036,0.831,1,0.170111,0.4917,1.0651,1.531,2.238,7.56216
Oliver Sirotti,ATH,0,1,1,0.167444,0.4714,1.0611,1.507,2.2413,7.54092
Javier Abreu,,0,1,1,0.166556,0.4682,1.0636,1.499,2.2434,7.53363
Daury Zapata,,0.0516,0.7576,1,0.18,0.4864,1.0156,1.62,2.191,7.57791
Jesus Silverio,,0,1,1,0.178778,0.5035,1.033,1.609,2.1987,7.55613
Dermis Ordonez,,0,1,1,0.157556,0.5245,1.1373,1.418,2.282,7.46982
Michael Manjarres,BOS,0,1,1,0.138222,0.5489,1.2372,1.244,2.3495,7.21035
Connor Prins,,0,1,1,0.167889,0.5057,1.0839,1.511,2.2457,7.53759
Luisangel Chirino,CIN,0,1,1,0.166667,0.514,1.0912,1.5,2.2466,7.52022
Tim Fischer,LAD,0,1,1,0.165667,0.5298,1.111,1.491,2.2542,7.49196
Luis Garcia,,0,1,1,0.140778,0.6089,1.2576,1.267,2.3377,7.18515
Albert Feliz,LAD,0,1,1,0.164333,0.6062,1.161,1.479,2.2674,7.47576
Stainer Valdez,PIT,0,1,1,0.163778,0.4387,1.0834,1.474,2.2882,7.75656
Hansel Rosario,,0,1,1,0.165889,0.549,1.1153,1.493,2.2543,7.51914
Lenin Mendez,,0,1,1,0.165667,0.4582,1.0611,1.491,2.2439,7.53633
Yoryi Simarra,,0,1,1,0.166111,0.5435,1.1202,1.495,2.2568,7.49439
Jhonny Aranguren,TBR,0,1,1,0.171444,0.5006,1.0677,1.543,2.2296,7.53543
Jhosep Ospino,,0,1,1,0.172778,0.5152,1.069,1.555,2.2269,7.55325
Luis Contreras,ATH,0,1,1,0.170444,0.4904,1.0694,1.534,2.2395,7.55748
Elías Moscoso,,0,1,1,0.169667,0.535,1.0925,1.527,2.2357,7.51725
Elvis Reyes,,0.0461,0.7831,1,0.174444,0.5025,1.0549,1.57,2.2214,7.58088
Yoryi Jimenez,,0,1,1,0.170333,0.5268,1.0894,1.533,2.2406,7.54488
Rafael Suero,,0.0418,0.8038,1,0.174111,0.4727,1.0391,1.567,2.2217,7.59789
Josue Silvestre,NYY,0,1,1,0.159222,0.5856,1.1742,1.433,2.2891,7.47423
Edinson Salgado,KCR,0,1,1,0.149667,0.5118,1.1811,1.347,2.3365,7.50699
Jose Ramirez,,0,1,1,0.158444,0.5551,1.1632,1.426,2.2906,7.47189
Onofer De La Cruz,COL,0,1,1,0.172333,0.5366,1.0883,1.551,2.2338,7.54515
Steuri Amancio,LAA,0,1,1,0.17,0.5086,1.0842,1.53,2.2471,7.5735
Alberto Chala,,0,1,1,0.162556,0.4911,1.1067,1.463,2.272,7.53138
Kelvin Marte,SDP,0,1,1,0.170111,0.4503,1.0386,1.531,2.228,7.57242
Nehemias Valdez,LAD,0.0418,0.8038,1,0.18,0.4783,1.0205,1.62,2.2022,7.6158
Marco Patino,,0,1,1,0.170889,0.4507,1.0421,1.538,2.23,7.56819
Joismer Sandoval,,0,1,1,0.161889,0.5182,1.1232,1.457,2.2751,7.52823
Yerison Mendez,MIA,0.0942,0.5572,1,0.187556,0.4407,0.9655,1.688,2.1705,7.66701
Porfirio Ramos,HOU,0,1,1,0.169444,0.5241,1.0509,1.525,2.2128,7.46136
Juan Duarte,,0,1,1,0.170667,0.51,1.0874,1.536,2.25,7.59105
Rafael Lasorsa,,0,1,1,0.153778,0.4739,1.1372,1.384,2.2962,7.37703
Yordy Magdariaga,DET,0,1,1,0.178111,0.476,1.0349,1.603,2.2068,7.56252
Ruben Medina,,0,1,1,0.172,0.4969,1.0674,1.548,2.2366,7.59771
Jensey Duran,TBR,0,1,1,0.153333,0.5166,1.1686,1.38,2.3076,7.37469
Ivan Pacheco,LAD,0,1,1,0.172667,0.479,1.0589,1.554,2.2332,7.58277
Welin Aponte,PIT,0,1,1,0.160444,0.5144,1.1363,1.444,2.2891,7.53471
Juan Quinones,MIN,0,1,1,0.156444,0.5218,1.1589,1.408,2.2945,7.37829
Johandi Medina,TOR,0,1,1,0.168556,0.4795,1.0776,1.517,2.2475,7.55586
Roman Camacho,,0,1,1,0.162333,0.4959,1.1086,1.461,2.267,7.52535
Leudy Reyes,PIT,0,1,1,0.165,0.5594,1.1425,1.485,2.2707,7.52022
Leosmar Perez,BOS,0,1,1,0.176,0.4732,1.0402,1.584,2.2187,7.59582
Cesar Nunez,CHW,0,1,1,0.153556,0.5144,1.1629,1.382,2.3022,7.37586
Oliver Castillo,DET,0,1,1,0.176778,0.4844,1.0393,1.591,2.214,7.60662
Saul Siri,,0.0923,0.5663,1,0.178222,0.4645,1.0273,1.604,2.2168,7.66125
Olyver Rosas,KCR,0,1,1,0.170444,0.4514,1.054,1.534,2.2389,7.5735
Misael Lopez,,0,1,1,0.152556,0.5256,1.1751,1.373,2.3061,7.35525
Neftali Taveras,KCR,0,1,1,0.177889,0.4417,1.0159,1.601,2.2117,7.61985
Freigher Barco,TOR,0,1,1,0.176222,0.5169,1.037,1.586,2.2068,7.51383
Amilcar Teran,CLE,0,1,1,0.178556,0.466,1.0258,1.607,2.2112,7.62849
Deivi Garcia,CIN,0,1,1,0.173444,0.4587,1.0448,1.561,2.2296,7.60059
Daniel Burciaga,,0,1,1,0.171667,0.4877,1.0727,1.545,2.241,7.58403
Raimi Mueses,DET,0,1,1,0.179556,0.44,1.0065,1.616,2.1968,7.58646
Ledwin Gonzalez,,0,1,1,0.152667,0.5191,1.1777,1.374,2.3139,7.37649
Oscar Vasquez,NYY,0,1,1,0.174444,0.5079,1.0736,1.57,2.2375,7.61481
Luis Plicet,,0,1,1,0.159222,0.5626,1.175,1.433,2.3026,7.52787
Nathan Arends,,0,1,1,0.169333,0.5174,1.1013,1.524,2.2548,7.57431
Deivid Burgos,,0,1,1,0.155444,0.4635,1.1231,1.399,2.2936,7.51275
Oscar Echegarreta,ARI,0,1,1,0.169444,0.4943,1.09,1.525,2.2571,7.59942
Cristofer Soriano,,0,1,1,0.164556,0.5123,1.1261,1.481,2.2816,7.57836
Rafeli Moronta,STL,0.0549,0.7419,1,0.175222,0.5333,1.0876,1.577,2.242,7.64523
Jose Golindano,,0,1,1,0.151111,0.5727,1.2193,1.36,2.3255,7.34535
Hansel Pinales,CHW,0,1,1,0.173556,0.5172,1.0858,1.562,2.2436,7.61445
Anderson Jerez,,0.0732,0.6562,1,0.172222,0.453,1.0471,1.55,2.2369,7.64757
Juan Olmos,,0,1,1,0.160556,0.4902,1.1296,1.445,2.2964,7.58673
Weslin De Los Santos,,0,1,1,0.165333,0.5194,1.1269,1.488,2.2796,7.58745
Yoralbert Cadiz,,0,1,1,0.169556,0.4904,1.0748,1.526,2.2403,7.59375
Hader Blanco,,0,1,1,0.160444,0.4949,1.1333,1.444,2.2828,7.43418
David Burgos,,0,1,1,0.156,0.486,1.1457,1.404,2.2952,7.4007
John Sosa,,0,1,1,0.152333,0.5525,1.2079,1.371,2.3232,7.36524
Christopher Quiroz,,0.0675,0.6825,1,0.176333,0.482,1.0551,1.587,2.232,7.66386
Daniel Colina,,0,1,1,0.168667,0.472,1.0863,1.518,2.2588,7.59528
Yadiel Ramon,COL,0,1,1,0.167667,0.4511,1.0706,1.509,2.2582,7.62696
Wali Pierre,,0,1,1,0.173778,0.4638,1.0594,1.564,2.2434,7.65099
Kauriel Leon,LAA,0.0549,0.7419,1,0.174444,0.4785,1.0679,1.57,2.2429,7.64757
Brandon Smith,,0,1,1,0.175556,0.4676,1.0564,1.58,2.233,7.61679
Oliver Eusebio,,0,1,1,0.172444,0.4672,1.0685,1.552,2.2471,7.62831
Enyerber Rivero,,0,1,1,0.171889,0.4555,1.0641,1.547,2.2509,7.64694
John Valle,,0,1,1,0.166111,0.5253,1.1334,1.495,2.2855,7.62525
Gustavo De La Cruz,ARI,0,1,1,0.159667,0.5664,1.1897,1.437,2.315,7.56747
Luis Dorante,CLE,0,1,1,0.169667,0.4776,1.0933,1.527,2.268,7.63902
Ayendy Pena,,0,1,1,0.171,0.5059,1.1024,1.539,2.2648,7.64397
Jorge Nunez,ATL,0,1,1,0.156556,0.5209,1.1519,1.409,2.3123,7.57089
Dariel Morillo,DET,0,1,1,0.18,0.4642,1.0364,1.62,2.2115,7.61688
Merlin Bido,BOS,0.0516,0.7576,1,0.173889,0.5224,1.072,1.565,2.2524,7.81857
Francisco Mercedes,PHI,0.0516,0.7576,1,0.175,0.4874,1.0756,1.575,2.251,7.68969
Carlos Luces,KCR,0,1,1,0.149556,0.5146,1.2027,1.346,2.3363,7.39566
Yunier De Jesus,,0,1,1,0.164556,0.5059,1.1229,1.481,2.2793,7.6131
Johan Zapata,,0,1,1,0.172444,0.4645,1.0682,1.552,2.2501,7.65792
Jorge Guerra,,0,1,1,0.179333,0.4636,1.0417,1.614,2.2274,7.68771
Jabes Martinez,PIT,0.0688,0.6768,1,0.178667,0.4665,1.05,1.608,2.2398,7.73226
Gustavo Meneses,,0,1,1,0.161778,0.4816,1.133,1.456,2.298,7.60302
Angel Sanchez,,0,1,1,0.172333,0.48,1.0743,1.551,2.242,7.62579
Jose Blanco,,0,1,1,0.17,0.4877,1.0995,1.53,2.268,7.64937
Omar Montano,MIN,0,1,1,0.158444,0.5026,1.1087,1.426,2.2775,7.57971
Jehiber Fernandez,TEX,0,1,1,0.165444,0.5611,1.1671,1.489,2.2973,7.61409
Ernesto Meza,ATL,0.0488,0.7708,1,0.181778,0.4764,1.0417,1.636,2.2227,7.70814
Miguel Liendo,LAA,0,1,1,0.180111,0.5215,1.0858,1.621,2.2443,7.69266
Luis Yepes,,0.0516,0.7576,1,0.178444,0.4004,1.0044,1.606,2.2208,7.71381
Herkyn Taveras,MIN,0,1,1,0.172,0.4776,1.0882,1.548,2.2633,7.66728
Andres Ramos,,0,1,1,0.171667,0.4879,1.0904,1.545,2.2591,7.66296
Jeremy Guzman,,0,1,1,0.155111,0.5749,1.2257,1.396,2.3356,7.44732
Emanuel Mejia,COL,0,1,1,0.177222,0.4648,1.0595,1.595,2.2478,7.7211
Edwin Reynoso,SFG,0.0381,0.8211,1,0.157667,0.4927,1.161,1.419,2.3121,7.49232
Ericksson De Los Santos,DET,0,1,1,0.151667,0.6098,1.2524,1.365,2.3395,7.39314
Frederic Frias,,0,1,1,0.151778,0.4848,1.1773,1.366,2.3392,7.58574
Antony Ventura,COL,0,1,1,0.169,0.4682,1.0918,1.521,2.2653,7.64082
Miguel Gomez,,0.0584,0.7254,1,0.182333,0.4966,1.0588,1.641,2.236,7.75881
Miguel Cruz,,0,1,1,0.146889,0.5245,1.2273,1.322,2.3502,7.37586
Eriberto Vasquez,CLE,0,1,1,0.170667,0.4853,1.106,1.536,2.2778,7.68537
Modesto Vargas,ARI,0.0461,0.7831,1,0.156444,0.4819,1.1631,1.408,2.3243,7.60617
Erich Tovar,CLE,0,1,1,0.171889,0.4838,1.0949,1.547,2.2701,7.70931
Darlin Mendez,,0,1,1,0.172111,0.5103,1.1117,1.549,2.2748,7.70643
Linbel Jimenez,,0,1,1,0.167556,0.5328,1.1485,1.508,2.2985,7.6923
Aneudy Almonte,LAD,0,1,1,0.158667,0.5268,1.1852,1.428,2.3142,7.46865
Wilme Mora,,0,1,1,0.164889,0.4802,1.119,1.484,2.2897,7.6698
Frandy Lora,NYM,0,1,1,0.168889,0.5274,1.142,1.52,2.2936,7.69527
Brailyn Paulino,STL,0,1,1,0.163111,0.4608,1.0849,1.468,2.2562,7.57179
Yeison Silgado,,0,1,1,0.176444,0.4918,1.0915,1.588,2.2627,7.72308
Eduardo Castillo,,0,1,1,0.170556,0.5238,1.1382,1.535,2.291,7.6968
Abelardo Medrano,DET,0.0398,0.8128,1,0.175667,0.4803,1.0842,1.581,2.2582,7.71903
Damian Alcala,,0,1,1,0.171889,0.4595,1.092,1.547,2.2759,7.7139
Freddy Lopez,NYY,0,1,1,0.166889,0.511,1.1459,1.502,2.303,7.68735
Aurelvys Batista,NYM,0,1,1,0.171778,0.5129,1.1222,1.546,2.2754,7.67655
Jarol Baéz,STL,0,1,1,0.162222,0.5219,1.1481,1.46,2.2867,7.55127
Jeremiah Jones,SFG,0,1,1,0.175444,0.4873,1.0962,1.579,2.2678,7.72029
Juan Perez,TEX,0,1,1,0.179444,0.5177,1.096,1.615,2.2595,7.75404
Delvis Heredia,SFG,0,1,1,0.177778,0.4759,1.0749,1.6,2.2493,7.71354
Handrychson Colina,CLE,0,1,1,0.174111,0.4419,1.0715,1.567,2.2648,7.72911
Dariel Miguel,,0,1,1,0.155,0.5163,1.2014,1.395,2.3327,7.46334
Cesar Rodriguez,,0.0488,0.7708,1,0.175778,0.4736,1.0871,1.582,2.2717,7.77816
Starling Reyes,LAA,0,1,1,0.166556,0.5162,1.1521,1.499,2.3092,7.71021
Rafael Gonzalez,DET,0,1,1,0.172444,0.5135,1.1237,1.552,2.2758,7.68582
Ramon Pena,MIA,0.0398,0.8128,1,0.167556,0.4856,1.1319,1.508,2.3049,7.73802
Wagner Castillo,,0,1,1,0.177444,0.4751,1.0757,1.597,2.2578,7.76331
Mendry Solano,DET,0,1,1,0.168444,0.5045,1.1031,1.516,2.2671,7.6221
Geferlyn Avelino,LAD,0.0732,0.6562,1,0.182333,0.4695,1.0594,1.641,2.2485,7.81011
Enmanuel Figuereo,,0.0404,0.8104,1,0.168222,0.4761,1.1164,1.514,2.2963,7.75917
Estarlin Francisco,,0,1,1,0.173,0.4872,1.1089,1.557,2.2766,7.71633
Enderson Jean,,0,1,1,0.175,0.5394,1.1363,1.575,2.2819,7.72812
Julio J Rossi,CLE,0,1,1,0.175111,0.4734,1.0939,1.576,2.2734,7.7544
Erlyn Lauriano,CHW,0,1,1,0.177444,0.4964,1.0979,1.597,2.2695,7.77114
Roberto Burgos,,0,1,1,0.174444,0.5183,1.1249,1.57,2.2807,7.73766
Malvin Garcia,,0,1,1,0.159667,0.5138,1.1916,1.437,2.3269,7.51392
Amilcar Medina,ATH,0,1,1,0.157111,0.5427,1.211,1.414,2.3469,7.66107
Luciano Romero,,0,1,1,0.167778,0.469,1.123,1.51,2.293,7.68618
Jose Sequera,PIT,0.0435,0.7955,1,0.177222,0.4729,1.0882,1.595,2.2686,7.77438
Rolando Anzola,LAA,0,1,1,0.166444,0.5441,1.1304,1.498,2.2648,7.44741
Fraylin Suriel,,0,1,1,0.170667,0.5181,1.144,1.536,2.2929,7.70382
Guanchi Martinez,,0,1,1,0.178889,0.4586,1.0671,1.61,2.2553,7.78167
Anderson Rivera,CHC,0,1,1,0.171111,0.4972,1.1351,1.54,2.2969,7.73055
Moises Moreno,,0,1,1,0.174222,0.4853,1.1114,1.568,2.2832,7.76358
Kriscol Peralta,STL,0,1,1,0.175556,0.5211,1.1294,1.58,2.2863,7.7751
Yorsua Balanta,DET,0,1,1,0.155333,0.4763,1.1847,1.398,2.3365,7.52148
Arnaldo Tejeda,NYM,0,1,1,0.172444,0.4891,1.1207,1.552,2.2895,7.76142
Erickson Ettien,BOS,0,1,1,0.167222,0.5015,1.1524,1.505,2.3125,7.73604
Kleiver Benitez,,0,1,1,0.177556,0.4551,1.0826,1.598,2.2744,7.80849
Rony Calderon,BOS,0,1,1,0.159222,0.5551,1.1978,1.433,2.3392,7.68762
Nick Borquez,HOU,0.1032,0.5152,1,0.204,0.4708,0.925,1.836,2.1344,7.8057
Wilinyer Ardiles,CLE,0,1,1,0.166444,0.4603,1.1319,1.498,2.3092,7.73469
David Hernandez,,0,1,1,0.176444,0.5101,1.125,1.588,2.2907,7.81299
Jeremy Jimenez,MIN,0.0488,0.7708,1,0.174778,0.438,1.0859,1.573,2.2792,7.79202
Diego Soriano,TBR,0,1,1,0.177111,0.4953,1.1143,1.594,2.28,7.77942
Brayan Polanco,,0,1,1,0.166333,0.4879,1.1589,1.497,2.3272,7.76493
Jesus Tapia,,0,1,1,0.174,0.4791,1.1199,1.566,2.2956,7.79337
Yoel Roque,MIN,0,1,1,0.160222,0.5297,1.1596,1.442,2.3156,7.69545
Anthony Aquino,CIN,0,1,1,0.172556,0.5023,1.1344,1.553,2.2973,7.78032
Sthiven Benitez,KCR,0,1,1,0.173222,0.5091,1.151,1.559,2.3383,8.02899
Yoelvin Chirino,,0,1,1,0.172444,0.5456,1.1669,1.552,2.3019,7.7373
Isael Fis,,0,1,1,0.172778,0.47,1.1152,1.555,2.2962,7.80696
Aneury Sosa,,0,1,1,0.166444,0.4892,1.1608,1.498,2.3317,7.79661
Amilkar Romero,CHC,0,1,1,0.168444,0.4956,1.1551,1.516,2.3117,7.73244
Oliver Camilo,,0,1,1,0.178667,0.4938,1.1078,1.608,2.2756,7.80741
Samuel Teran,,0,1,1,0.169556,0.4715,1.1366,1.526,2.311,7.78356
Tejahari Wilson,,0,1,1,0.176111,0.5347,1.148,1.585,2.2998,7.82586
Jun-Seok Shim,,0,1,1,0.164111,0.5146,1.1844,1.477,2.3349,7.75143
Dioscaride Sarit,,0.0488,0.7708,1,0.175333,0.4758,1.1149,1.578,2.3013,7.88517
Noslen Marquez,,0,1,1,0.175222,0.4606,1.1027,1.577,2.286,7.82307
Christopher Cordero,BOS,0,1,1,0.171111,0.4417,1.0846,1.54,2.3003,7.96581
Jose Ojeda,,0,1,1,0.182778,0.4864,1.0974,1.645,2.2745,7.86915
Micheal Morfe,LAD,0,1,1,0.178556,0.4554,1.0932,1.607,2.2798,7.84017
Jose Mejia,,0,1,1,0.156111,0.521,1.2321,1.405,2.3612,7.57017
Jean Rodriguez,MIL,0,1,1,0.173667,0.5063,1.1397,1.563,2.2986,7.81578
Alan Carpinteiro,SEA,0,1,1,0.169667,0.5731,1.0517,1.527,2.1512,7.0416
Alexander Lugo,,0,1,1,0.156222,0.4596,1.1959,1.406,2.3579,7.61319
Ismanuel Piña,SEA,0,1,1,0.179778,0.479,1.1157,1.618,2.2916,7.85961
Alvaro Benua,,0,1,1,0.158444,0.5997,1.2776,1.426,2.3839,7.7436
Edwin Mendoza,ATH,0,1,1,0.164333,0.4753,1.1792,1.479,2.3515,7.8174
Asael Arias,BAL,0,1,1,0.175333,0.5223,1.1643,1.578,2.3177,7.85025
Cesar Familia,,0,1,1,0.177444,0.4869,1.122,1.597,2.2957,7.87464
Raymond Sosa,,0.0461,0.7831,1,0.182,0.4519,1.078,1.638,2.2669,7.88697
Edinson Hernandez,WSN,0,1,1,0.165,0.5445,1.2245,1.485,2.3603,7.80147
Jeiki Beltran,,0,1,1,0.172889,0.4977,1.1535,1.556,2.3176,7.85412
Angel Gomez,,0,1,1,0.177444,0.468,1.1215,1.597,2.3045,7.89336
Frankelly Desis,,0,1,1,0.154444,0.5112,1.2529,1.39,2.3871,7.60968
Alexander Heredia,BOS,0,1,1,0.169,0.4843,1.1643,1.521,2.3363,7.86276
Christopher Vasquez,,0,1,1,0.178444,0.4921,1.1382,1.606,2.3079,7.88121
Jesus Garcia,KCR,0,1,1,0.174556,0.4854,1.149,1.571,2.3193,7.86924
Denison Sanchez,,0,1,1,0.173556,0.5203,1.1524,1.562,2.3018,7.83396
Jeison Payano,BOS,0,1,1,0.178444,0.5151,1.1193,1.606,2.2965,7.992
Luis Amador,HOU,0,1,1,0.180111,0.5076,1.0857,1.621,2.2535,7.75386
Alan Marcano,,0,1,1,0.171667,0.5006,1.1678,1.545,2.3304,7.86465
Jhoan Lorenzo,,0,1,1,0.168,0.4715,1.162,1.512,2.3395,7.86906
Shai Romero,LAD,0.0626,0.7056,1,0.164,0.4557,1.175,1.476,2.3585,7.87005
Alexander Rivero,,0,1,1,0.166111,0.489,1.1828,1.495,2.3489,7.85313
Victor De Jesus,CLE,0,1,1,0.172,0.4983,1.1664,1.548,2.3314,7.88085
Will Eldridge,,0,1,1,0.166889,0.4867,1.1824,1.502,2.3514,7.86717
Abis Prado,,0,1,1,0.152,0.5177,1.2708,1.368,2.4048,7.63767
Melvin Hidalgo,ATL,0,1,1,0.173667,0.4671,1.1256,1.563,2.3245,7.93629
Ariel Dilone,SDP,0,1,1,0.170444,0.4971,1.185,1.534,2.3433,7.86312
Carlos Lopez,CLE,0,1,1,0.160556,0.5302,1.2485,1.445,2.3827,7.72245
Jheifer Ramirez,,0,1,1,0.165444,0.506,1.2088,1.489,2.3672,7.88796
Yowander Mercedes,DET,0,1,1,0.153444,0.561,1.2903,1.381,2.4029,7.66197
Starlin Alberto,CIN,0,1,1,0.174222,0.5519,1.2119,1.568,2.3445,7.87509
Jonathan Santana,,0,1,1,0.164556,0.5503,1.2473,1.481,2.3832,7.87986
Gensy Aquino,,0,1,1,0.151,0.4643,1.2517,1.359,2.4071,7.65774
Carlos Martinez,SEA,0,1,1,0.174222,0.4944,1.1671,1.568,2.3342,7.93116
Robert Terrero,,0.0386,0.8186,1,0.177778,0.4746,1.1443,1.6,2.3216,7.95564
Gabriel De La Cruz,,0,1,1,0.175556,0.5144,1.181,1.58,2.3358,7.92567
Frank Chessman,,0,1,1,0.173444,0.4867,1.1746,1.561,2.3435,7.93674
Kelvin Carmona,,0,1,1,0.170333,0.4881,1.1898,1.533,2.3577,7.9281
Danery Meyer,SEA,0,1,1,0.171556,0.5025,1.1974,1.544,2.3603,7.94511
Luis Ilarraza,NYY,0,1,1,0.172556,0.4977,1.1881,1.553,2.3561,7.96806
Nestor Cafe,,0,1,1,0.165667,0.5196,1.2386,1.491,2.3864,7.91163
Albert Vega,PIT,0,1,1,0.175333,0.5151,1.2021,1.578,2.3525,7.94529
Jefersson Marte,,0,1,1,0.171,0.485,1.2047,1.539,2.374,7.97832
Jommy Hernandez,,0,1,1,0.18,0.4706,1.1526,1.62,2.3297,7.99605
Ronny Arias,CLE,0,1,1,0.177111,0.4788,1.1719,1.594,2.3482,8.01189
Edward Cedano,,0,1,1,0.159556,0.4663,1.2424,1.436,2.4096,7.9092
Brahian Rijo,,0,1,1,0.178111,0.5026,1.1863,1.603,2.3476,8.00298
Tommy Ventimiglia,,0,1,1,0.172333,0.4928,1.2002,1.551,2.3648,7.99461
Angel Garcia,BAL,0,1,1,0.174778,0.4339,1.1625,1.573,2.3613,8.04969
Fernando Figuera,,0,1,1,0.173889,0.4926,1.2002,1.565,2.3684,8.02665
Jainer Almanza,,0,1,1,0.174667,0.4851,1.1921,1.572,2.3594,8.00829
Rene Yrish,PHI,0,1,1,0.159778,0.4873,1.2497,1.438,2.4117,7.95825
Dariel Pena,,0,1,1,0.169556,0.5448,1.2636,1.526,2.4048,8.01135
Wilmer Duarte,MIL,0.0584,0.7254,1,0.183667,0.3995,1.1061,1.653,2.3199,8.11575
Alejandro De La Cruz,MIA,0,1,1,0.165556,0.4878,1.2468,1.49,2.4113,8.03457
Laurens Sosa,BAL,0,1,1,0.173,0.4687,1.2019,1.557,2.3802,8.07561
Wilfi Rodriguez,CLE,0,1,1,0.169556,0.4685,1.2165,1.526,2.3949,8.07156
Rey Feliz,,0,1,1,0.176111,0.4854,1.2064,1.585,2.375,8.07669
Nicola Prodanovic,CIN,0,1,1,0.166444,0.4638,1.2277,1.498,2.4014,8.0325
Yariel Valdez,BOS,0,1,1,0.178778,0.4731,1.1999,1.609,2.375,8.13924
Yoandys Veraza,BOS,0.0732,0.6562,1,0.190889,0.4375,1.0987,1.718,2.3288,8.40915
Jesus Martinez,BOS,0,1,1,0.184,0.4481,1.2057,1.656,2.3957,8.28405
Charlie Zink,BOS,0,1,1,0.165444,0.5053,1.3466,1.489,2.4985,8.28873