Name,Team,PA,AB,H,HR,R,BB,HBP,OBP,SLG
Aaron Judge,NYY,584,471,132,38,97,102,6,0.410959,0.575372
Cal Raleigh,SEA,621,536,122,38,81,76,5,0.326892,0.481343
Bobby Witt Jr.,KCR,656,593,169,26,98,50,6,0.342988,0.50253
Shohei Ohtani,LAD,693,591,165,46,131,93,5,0.379509,0.57868
Juan Soto,NYM,666,529,142,36,108,129,3,0.41203,0.521739
Julio Rodríguez,SEA,663,601,163,29,96,50,10,0.33635,0.470882
Gunnar Henderson,BAL,647,571,155,26,96,66,6,0.35085,0.483363
Wyatt Langford,TEX,627,545,147,30,93,73,5,0.358852,0.500917
Fernando Tatis Jr.,SDP,643,561,152,28,101,74,6,0.360809,0.479501
Corbin Carroll,ARI,660,572,148,28,114,71,10,0.348024,0.496504
Pete Crow-Armstrong,CHC,612,556,144,26,94,35,9,0.310231,0.467626
William Contreras,MIL,647,565,152,20,86,75,3,0.355487,0.433628
Elly De La Cruz,CIN,650,581,155,25,103,64,3,0.342065,0.473322
Francisco Lindor,NYM,633,559,143,23,92,57,11,0.333333,0.434705
José Ramírez,CLE,600,531,141,23,81,59,4,0.34,0.461394
Ronald Acuña Jr.,ATL,538,448,126,26,103,82,7,0.399628,0.506696
Jackson Merrill,SDP,573,523,144,23,77,39,3,0.326316,0.478011
Adley Rutschman,BOS,567,497,125,17,64,62,3,0.335097,0.412475
Zach Neto,LAA,615,543,139,26,89,46,19,0.333333,0.464088
Alejandro Kirk,TOR,466,411,110,13,41,46,4,0.343348,0.406326
Geraldo Perdomo,ARI,599,501,132,13,86,74,7,0.36163,0.407186
Roman Anthony,BOS,615,522,139,20,94,84,5,0.370732,0.448276
Kyle Tucker,LAD,570,488,128,27,83,76,3,0.363796,0.485656
Junior Caminero,TBR,631,576,157,36,83,46,4,0.328051,0.512153
Vladimir Guerrero Jr.,TOR,659,574,166,28,89,75,6,0.37481,0.494774
Drake Baldwin,ATL,509,454,120,21,58,49,5,0.341847,0.464758
Konnor Griffin,PIT,623,558,145,17,104,38,22,0.330113,0.408602
Carter Jensen,KCR,614,546,137,20,75,61,2,0.326264,0.421245
Nick Kurtz,ATH,612,532,141,34,98,74,3,0.356209,0.518797
Michael Harris II,ATL,603,566,156,21,74,26,5,0.311148,0.452297
Mookie Betts,LAD,578,501,134,18,82,67,4,0.354671,0.437126
Corey Seager,TEX,474,415,106,20,61,52,4,0.341772,0.450602
Bo Bichette,NYM,595,549,157,17,71,40,3,0.336134,0.440801
Riley Greene,DET,632,567,150,29,84,57,4,0.333861,0.479718
Oneil Cruz,PIT,571,498,122,26,78,64,4,0.33275,0.461847
Matt McLain,CIN,588,516,129,21,81,59,8,0.334471,0.428295
Ceddanne Rafaela,BOS,586,543,144,18,85,29,8,0.309932,0.436464
Masyn Winn,STL,602,547,139,13,82,44,5,0.313333,0.38574
Jarren Duran,BOS,625,563,144,18,85,51,8,0.325321,0.445826
Willy Adames,SFG,626,554,130,23,78,64,3,0.314696,0.411552
Nico Hoerner,CHC,617,565,154,9,78,38,10,0.327391,0.378761
Byron Buxton,MIN,453,404,99,23,71,36,9,0.317881,0.487624
Maikel Garcia,KCR,632,567,153,11,82,54,1,0.330684,0.398589
Trea Turner,PHI,562,515,141,15,78,39,5,0.329181,0.423301
Jackson Chourio,MIL,633,582,160,24,94,40,3,0.321712,0.474227
Shea Langeliers,ATH,554,503,129,30,72,43,4,0.31769,0.49503
Cody Bellinger,NYY,583,524,139,21,79,46,4,0.324185,0.44084
Ketel Marte,ARI,542,472,122,21,75,59,6,0.345018,0.45339
Patrick Bailey,CLE,409,369,85,9,42,31,2,0.289926,0.357724
CJ Abrams,WSN,630,572,148,20,91,39,14,0.319555,0.435315
Yordan Alvarez,HOU,474,404,114,24,63,59,6,0.377637,0.522277
Steven Kwan,CLE,643,574,160,10,83,58,5,0.348437,0.388502
Michael Busch,CHC,581,510,131,27,82,59,9,0.342513,0.480392
Jeremy Peña,HOU,588,538,143,16,71,34,11,0.320819,0.410781
Gabriel Moreno,ARI,380,338,93,9,44,36,3,0.347368,0.411243
Matt Chapman,SFG,509,444,106,19,68,56,6,0.330059,0.43018
James Wood,WSN,650,563,149,28,90,81,3,0.358462,0.484902
Will Smith,LAD,468,398,99,16,61,54,9,0.346154,0.422111
JJ Wetherholt,STL,542,474,121,11,69,55,10,0.343173,0.373418
Brice Turang,MIL,610,547,143,14,80,55,1,0.327842,0.391225
Dansby Swanson,CHC,564,511,122,17,71,47,3,0.304965,0.391389
Andy Pages,LAD,597,542,141,24,75,38,10,0.317114,0.45572
Kevin McGonigle,DET,425,371,94,14,61,46,2,0.334906,0.447439
Austin Riley,ATL,535,481,126,24,71,43,7,0.328972,0.471933
Trent Grisham,NYY,513,436,96,23,68,68,5,0.330724,0.422018
Matt Wallner,MIN,508,435,105,24,64,57,14,0.346457,0.478161
Jakob Marsee,MIA,648,552,133,16,82,76,8,0.339593,0.398551
Alex Freeland,LAD,599,519,120,18,76,67,8,0.326087,0.393064
Jordan Westburg,BAL,470,433,111,19,68,29,7,0.312766,0.450346
Matt Shaw,CHC,547,484,121,18,72,50,7,0.326007,0.419421
Isaac Paredes,HOU,547,468,111,22,61,63,13,0.341865,0.42735
Francisco Alvarez,NYM,465,409,96,22,57,47,7,0.322581,0.442543
Kyle Teel,CHW,514,451,112,13,67,56,4,0.335283,0.381375
Ezequiel Tovar,COL,564,523,141,19,71,30,3,0.310714,0.455067
Colt Emerson,SEA,607,538,126,11,72,52,12,0.313015,0.360595
Brendan Donovan,SEA,544,477,125,11,65,51,11,0.344383,0.387841
Dillon Dingler,DET,417,380,92,13,47,28,7,0.304556,0.405263
Andrés Giménez,TOR,512,459,115,11,59,30,16,0.316306,0.374728
Brent Rooker,ATH,609,541,145,31,77,58,6,0.343186,0.502773
Jackson Holliday,BAL,647,573,143,19,89,66,6,0.332303,0.404887
Anthony Volpe,NYY,614,556,129,18,73,47,5,0.295752,0.399281
Pete Alonso,BAL,641,566,151,31,75,54,13,0.340094,0.4947
Brett Baty,NYM,482,434,109,19,60,42,4,0.321577,0.428571
Max Clark,DET,583,511,123,15,81,67,3,0.331046,0.377691
Agustín Ramírez,MIA,645,585,144,24,88,49,7,0.310078,0.430769
Wilyer Abreu,BOS,465,407,100,19,62,51,2,0.329741,0.444717
Daulton Varsho,HOU,452,410,93,22,63,34,4,0.290466,0.446341
Lawrence Butler,ATH,583,525,132,22,81,53,1,0.319588,0.438095
Jacob Reimer,NYM,545,480,113,17,78,47,14,0.319266,0.420833
Manny Machado,SDP,576,521,133,21,70,49,2,0.319444,0.424184
Carson Williams,TBR,565,508,113,21,73,48,5,0.294849,0.403543
Luke Keaschall,MIN,390,338,90,9,53,38,11,0.35641,0.41716
Jahmai Jones,BOS,373,320,81,11,53,40,10,0.3531,0.440625
Colson Montgomery,CHW,540,484,108,24,68,45,9,0.3,0.421488
Josh Naylor,SEA,573,515,141,20,65,47,5,0.336824,0.446602
Spencer Jones,NYY,541,488,118,26,81,46,4,0.310536,0.465164
Bo Naylor,MIL,432,378,84,16,54,47,2,0.309302,0.410053
Xavier Edwards,MIA,559,499,138,4,66,49,2,0.341155,0.354709
Jack Suwinski,TBR,475,407,94,26,64,57,6,0.331224,0.474201
Brice Matthews,HOU,517,454,105,18,66,52,8,0.319767,0.409692
Rafael Devers,SFG,650,561,140,27,84,79,6,0.346154,0.454545
Caleb Durbin,BOS,502,440,115,9,68,37,18,0.341365,0.395455
Kaelen Culpepper,MIN,525,477,119,15,67,36,12,0.318095,0.389937
Gleyber Torres,DET,610,530,136,16,75,69,4,0.343186,0.396226
Sal Frelick,MIL,563,508,138,9,72,44,6,0.335116,0.387795
Blaze Alexander,BAL,453,397,96,12,49,38,12,0.324444,0.387909
Sam Antonacci,CHW,535,447,111,5,74,49,30,0.359848,0.353468
Austin Wells,NYY,452,402,92,19,49,39,5,0.300885,0.425373
Kazuma Okamoto,TOR,482,423,105,19,53,48,8,0.334025,0.439716
Jazz Chisholm Jr.,NYY,541,476,113,25,71,56,5,0.322222,0.436975
Bryson Stott,PHI,553,492,126,12,67,51,2,0.324864,0.380081
Joe Mack,MIA,499,452,105,16,60,38,6,0.298597,0.389381
Sal Stewart,CIN,562,504,134,22,81,48,6,0.33452,0.454365
Jesus Rodriguez,SFG,523,473,129,6,59,41,6,0.33652,0.367865
Jace Jung,DET,544,471,108,17,64,67,3,0.327206,0.397028
Esteury Ruiz,MIA,488,425,107,11,69,43,14,0.338843,0.4
Seiya Suzuki,CHC,578,507,129,24,69,62,3,0.33564,0.457594
Ryan Waldschmidt,ARI,586,507,122,11,80,62,13,0.336177,0.366864
Owen Caissie,MIA,539,475,122,18,66,57,4,0.339518,0.437895
Samuel Basallo,BAL,518,468,114,25,64,42,5,0.310811,0.455128
Michael Arroyo,SEA,617,532,118,15,79,54,28,0.324149,0.359023
Dalton Rushing,LAD,392,337,77,16,49,42,10,0.329082,0.421365
Luis Robert Jr.,NYM,462,420,100,18,58,35,5,0.30303,0.414286
Brenton Doyle,CHW,501,461,115,16,63,31,3,0.298597,0.416486
Hao-Yu Lee,DET,543,485,117,13,70,45,9,0.314917,0.387629
Travis Bazzana,CLE,453,393,89,12,68,52,7,0.327434,0.381679
Spencer Torkelson,DET,639,560,136,31,86,67,7,0.328638,0.467857
Matt Olson,ATL,629,548,134,26,78,73,4,0.335453,0.44708
Nolan Gorman,STL,474,422,97,22,58,48,1,0.308017,0.436019
Ian Happ,CHC,602,522,125,20,74,72,4,0.333887,0.415709
Yainer Diaz,HOU,590,556,148,20,64,26,3,0.3,0.429856
Marcus Semien,NYM,513,457,108,14,68,47,4,0.309942,0.378556
Ronny Mauricio,NYM,469,435,105,16,55,29,4,0.294243,0.402299
Cole Young,SEA,565,496,118,12,66,55,8,0.322064,0.370968
Jett Williams,MIL,585,515,120,15,82,60,6,0.318493,0.405825
Josue Briceño,DET,481,423,98,16,62,49,5,0.316008,0.397163
Brandon Nimmo,TEX,567,498,122,17,69,54,10,0.328622,0.405622
Jonathan Aranda,TBR,449,392,105,15,59,45,8,0.351893,0.431122
Ben Williamson,TBR,532,485,127,6,63,37,7,0.322034,0.362887
Ernie Clement,TOR,480,447,120,9,60,21,4,0.304622,0.391499
Leo Bernal,STL,480,436,103,11,51,37,3,0.299163,0.357798
Hunter Goodman,COL,594,545,139,28,74,37,7,0.308081,0.477064
Harry Ford,WSN,507,439,103,10,61,56,10,0.333333,0.353075
Shay Whitcomb,SFG,502,458,108,21,64,35,6,0.296813,0.421397
Alex Bregman,CHC,537,466,111,16,65,59,8,0.331471,0.39485
Bryce Harper,PHI,516,448,118,20,66,60,4,0.352713,0.459821
Jordan Lawlar,ARI,444,392,95,11,60,41,7,0.323529,0.40051
Freddie Freeman,LAD,533,466,128,16,69,55,7,0.356473,0.448498
Jimmy Crooks,STL,454,414,101,11,52,31,5,0.302428,0.379227
Ben Rice,NYY,504,440,108,25,71,52,8,0.333333,0.472727
Lars Nootbaar,ARI,520,448,110,15,66,64,3,0.34104,0.40625
Dylan Beavers,BAL,553,481,121,17,73,62,3,0.338182,0.422037
Zach Ehrhard,LAD,539,476,113,15,75,47,10,0.315985,0.39916
Leo Rivas,SEA,402,330,75,6,55,58,4,0.34596,0.324242
Munetaka Murakami,CHW,509,427,102,24,66,74,5,0.355599,0.444965
Colton Cowser,BAL,488,430,103,18,63,47,8,0.32377,0.42093
Parker Meadows,DET,481,427,101,13,61,45,3,0.311065,0.395785
Otto Lopez,MIA,520,477,126,10,60,35,4,0.317919,0.383648
Emmanuel Rodriguez,MIN,347,289,66,10,51,54,3,0.354467,0.401384
Mark Vientos,NYM,527,478,119,22,58,39,6,0.311195,0.443515
Jac Caglianone,KCR,557,497,131,26,76,49,8,0.337522,0.474849
Aidan Miller,PHI,555,488,113,12,71,56,10,0.322523,0.364754
Ryan Ritter,COL,486,429,111,13,66,38,11,0.333333,0.417249
Jacob Wilson,ATH,526,487,139,11,64,29,6,0.332061,0.416838
Jung Hoo Lee,SFG,525,477,129,8,59,40,5,0.332061,0.402516
Leody Taveras,BAL,523,477,121,12,65,37,1,0.305769,0.389937
J.P. Crawford,SEA,564,487,116,10,61,65,5,0.332143,0.349076
Michael Stefanic,ATH,421,366,102,4,43,41,10,0.364286,0.360656
Xander Bogaerts,SDP,494,442,114,9,54,41,5,0.323887,0.368778
Zach Cole,HOU,495,437,97,18,60,47,9,0.309091,0.414188
Max Anderson,DET,536,500,129,16,71,26,6,0.300373,0.416
Zack Gelof,ATH,474,422,100,17,63,44,3,0.311441,0.414692
Max Muncy,ATH,439,395,100,13,52,31,8,0.318078,0.41519
Victor Scott II,STL,512,446,103,8,62,42,10,0.308151,0.334081
Sean Murphy,ATL,347,302,65,14,36,34,9,0.311239,0.400662
Jared Triolo,PIT,430,380,93,7,50,44,3,0.32634,0.363158
Cooper Ingle,CLE,472,407,93,8,55,59,3,0.329087,0.358722
Davis Schneider,TOR,442,376,83,16,52,58,5,0.330317,0.406915
Samad Taylor,SDP,590,516,130,11,84,51,4,0.320624,0.377907
Connor Norby,COL,515,470,120,16,71,36,5,0.312621,0.419149
Darell Hernaiz,ATH,581,521,137,8,66,45,4,0.323478,0.37428
Evan Carter,TEX,440,382,91,11,58,48,8,0.334091,0.390052
Kyle Schwarber,PHI,614,515,111,35,85,89,7,0.337134,0.458252
Luis Campusano,SDP,434,387,97,14,54,42,3,0.327189,0.408269
Justin Crawford,PHI,551,500,141,7,85,40,2,0.336397,0.386
Kyle Manzardo,CLE,518,453,110,22,59,52,6,0.324324,0.445916
Jake Meyers,HOU,389,349,86,8,45,31,5,0.315245,0.372493
Jasson Domínguez,NYY,496,443,114,18,73,47,2,0.328629,0.431151
Colby Thomas,PHI,536,487,122,20,69,32,11,0.308411,0.447639
Kyle Stowers,MIA,460,405,100,20,55,44,7,0.328261,0.45679
George Lombard Jr.,NYY,602,528,113,11,77,60,11,0.305648,0.344697
Sung-Mun Song,SDP,545,492,119,12,61,47,1,0.306985,0.367886
Bo Davidson,SFG,540,489,122,12,66,47,2,0.317254,0.380368
Dylan Crews,WSN,463,417,102,13,62,34,9,0.313175,0.395683
Brandon Marsh,PHI,455,402,102,13,55,45,2,0.328918,0.415423
CJ Kayfus,CLE,520,456,115,15,65,50,9,0.33526,0.434211
Leo De Vries,ATH,549,491,115,15,68,46,7,0.30713,0.401222
Jorge Polanco,NYM,459,405,100,19,52,45,3,0.323851,0.432099
James Outman,DET,497,432,94,18,69,52,9,0.311871,0.400463
Jeff McNeil,ATH,451,402,108,9,48,36,9,0.34,0.405473
Miguel Vargas,CHW,554,482,116,16,78,61,6,0.330325,0.408714
Coby Mayo,BAL,527,471,113,21,65,46,7,0.314991,0.43949
Chris Suero,NYM,495,426,89,15,66,50,16,0.313131,0.356808
Josh Smith,TOR,530,461,113,12,65,52,12,0.335863,0.381779
Otto Kemp,PHI,527,463,112,17,75,38,21,0.324478,0.416847
Heliot Ramos,NYY,641,574,148,22,79,50,12,0.327613,0.426829
Joshua Kuroda-Grauer,ATH,541,498,130,2,51,30,10,0.315399,0.329317
Carson Roccaforte,KCR,532,474,104,13,63,52,3,0.299435,0.375527
Nick Gonzales,PIT,481,438,114,9,55,31,7,0.316008,0.401826
José Tena,WSN,502,458,118,10,57,37,2,0.314629,0.388646
Ha-Seong Kim,ATL,425,370,89,8,48,45,4,0.326241,0.351351
J.T. Realmuto,PHI,456,413,102,12,51,32,8,0.311404,0.394673
Carlos Narváez,BAL,407,358,82,11,43,41,4,0.312808,0.377095
Randy Arozarena,SEA,611,528,123,19,76,60,19,0.330606,0.393939
Pedro Ramírez,CHC,586,535,132,8,63,38,7,0.302048,0.343925
Grant McCray,SFG,547,492,117,13,77,45,5,0.306422,0.386179
Duce Gourson,PIT,408,358,86,7,46,32,11,0.320099,0.365922
Tommy Edman,LAD,394,360,89,11,52,26,4,0.302799,0.397222
Creed Willems,BAL,445,401,89,14,38,30,9,0.288939,0.376559
Nacho Alvarez Jr.,LAA,459,408,99,7,48,38,11,0.323144,0.345588
Taylor Ward,SEA,554,483,115,21,66,60,5,0.32491,0.42029
Henry Bolte,ATH,549,490,122,12,68,46,11,0.326047,0.393878
RJ Schreck,TOR,434,371,82,17,57,50,10,0.329466,0.409703
Iván Herrera,STL,480,414,113,15,61,52,10,0.364583,0.434783
Brayan Rocchio,CLE,557,496,120,10,64,44,8,0.311031,0.370968
Addison Barger,TOR,510,460,114,19,62,44,4,0.317647,0.43913
Royce Lewis,MIN,407,371,92,15,46,30,2,0.304668,0.420485
Denzel Clarke,ATH,387,345,80,8,51,31,8,0.30829,0.373913
David Hamilton,MIL,374,337,75,10,50,32,2,0.293011,0.35905
Trevor Story,BOS,501,466,117,15,61,27,5,0.298,0.407725
Jeferson Quero,MIL,370,334,80,12,42,29,3,0.302703,0.39521
Ryan McMahon,NYY,525,462,96,17,55,57,3,0.297143,0.363636
TJ Friedl,CIN,567,486,117,12,65,59,13,0.335702,0.364198
Joshua Báez,STL,490,436,104,14,61,39,10,0.312883,0.394495
Trey Sweeney,DET,470,422,96,13,59,41,4,0.3,0.369668
Chase Meidroth,CHW,554,477,118,7,66,63,10,0.346014,0.333333
Spencer Horwitz,PIT,509,446,119,11,61,54,6,0.35167,0.412556
Kerry Carpenter,DET,468,428,109,22,58,32,6,0.314103,0.46729
Jonatan Clase,TOR,520,466,107,12,66,44,4,0.299807,0.375536
Alan Roden,MIN,442,388,101,8,56,39,12,0.343891,0.386598
Alex Call,LAD,370,310,73,9,45,46,7,0.344262,0.377419
Ryan Jeffers,MIN,404,354,85,11,43,39,8,0.327543,0.392655
Will Benson,CIN,426,372,88,17,61,46,4,0.324706,0.44086
Luis García Jr.,NYY,541,504,135,16,67,30,1,0.306839,0.420635
Juan Brito,CIN,522,455,106,13,63,54,6,0.319846,0.382418
Alec Bohm,PHI,543,496,136,14,61,36,5,0.325967,0.419355
Jake Cronenworth,SDP,502,429,101,11,57,55,11,0.334,0.375291
Brandon Lockridge,MIL,357,318,78,4,44,29,4,0.314448,0.349057
Drew Cavanaugh,SFG,377,330,71,8,43,35,9,0.30504,0.330303
Jadher Areinamo,TBR,584,541,139,14,65,32,4,0.299658,0.38817
Brett Wisely,ATL,432,384,94,9,52,37,4,0.315421,0.380208
Joey Loperfido,HOU,472,426,105,13,57,33,8,0.311301,0.403756
Kameron Misner,PHI,439,384,83,10,52,49,3,0.308219,0.367188
Franklin Arias,BOS,543,504,128,9,57,32,5,0.303867,0.369048
Ryan Clifford,NYM,598,517,112,27,67,70,7,0.316054,0.423598
Carlos Correa,HOU,510,459,116,15,55,45,3,0.321569,0.400871
Jesús Sánchez,TOR,472,427,106,17,58,40,3,0.315678,0.428571
Tyler Fitzgerald,LAD,467,425,101,13,58,28,7,0.293736,0.388235
Joey Ortiz,MIL,499,450,112,9,64,37,5,0.311111,0.375556
Carson Benge,NYM,542,480,118,14,74,52,8,0.328413,0.404167
Carson Kelly,CHC,339,301,69,10,36,31,4,0.306785,0.368771
Milan Tolentino,CLE,487,432,94,12,55,47,3,0.296907,0.358796
Blake Dunn,CIN,478,412,101,10,63,43,15,0.336864,0.364078
Daniel Susac,SFG,407,376,92,11,36,22,5,0.292383,0.385638
Jake Mangum,PIT,416,389,108,3,41,20,4,0.318072,0.372751
Dom Keegan,BAL,389,349,80,10,42,30,5,0.29563,0.375358
Braiden Ward,BOS,388,334,83,3,60,23,23,0.338583,0.335329
Alejandro Osuna,TEX,452,395,97,8,55,41,9,0.328125,0.372152
Kyle Karros,COL,507,453,117,7,64,44,7,0.331361,0.375276
Rafael Flores Jr.,PIT,608,554,140,17,62,48,4,0.315789,0.404332
Isaac Collins,KCR,434,370,89,8,55,53,6,0.342593,0.386487
Mike Yastrzemski,ATL,421,364,81,14,54,49,4,0.319048,0.401099
Eddys Leonard,SFG,501,455,106,17,53,29,12,0.294,0.402198
Jesús Bastidas,,526,469,108,12,64,38,15,0.306667,0.36887
Nathan Lukes,TOR,378,338,89,7,43,31,3,0.328,0.384615
Daz Cameron,TOR,373,334,78,13,48,30,5,0.302949,0.413174
Ozzie Albies,ATL,575,521,130,16,69,43,5,0.309565,0.399232
Harrison Bader,SFG,407,370,91,11,49,26,7,0.304668,0.383784
Graham Pauley,MIA,460,411,94,12,53,40,6,0.305011,0.377129
Josh Lowe,LAA,456,413,105,14,58,37,2,0.316484,0.42615
Ramón Laureano,SDP,422,379,91,16,54,32,9,0.312796,0.427441
Will Wagner,SDP,389,345,86,6,43,37,4,0.32732,0.35942
Kristian Campbell,BOS,565,496,122,12,66,55,13,0.336283,0.379032
Javier Sanoja,MIA,516,474,124,7,56,32,2,0.308594,0.383966
Francisco Acuna,SDP,467,410,94,8,55,39,11,0.311015,0.346341
Andrés Chaparro,WSN,460,414,101,17,51,38,5,0.313043,0.422705
Nelson Rada,LAA,622,539,134,4,72,56,12,0.331148,0.311688
Omar Alfonzo,NYY,491,439,99,10,47,44,5,0.302658,0.343964
Thomas Saggese,STL,548,502,126,12,65,34,7,0.305302,0.378486
Jacob Young,WSN,479,426,106,3,60,34,8,0.314894,0.321596
Blake Perkins,CLE,348,306,69,6,43,36,2,0.308357,0.339869
Johan Rojas,PHI,438,400,99,5,55,24,4,0.295349,0.345
Drew Waters,KCR,442,399,94,10,57,36,4,0.303855,0.398496
Tyler Stephenson,CIN,412,362,85,14,48,42,5,0.320388,0.40884
Max Muncy,LAD,378,312,64,15,47,57,5,0.333333,0.394231
Rece Hinds,BAL,496,456,113,23,67,31,5,0.300403,0.469298
Dustin Harris,SDP,504,451,112,11,64,42,6,0.318725,0.379157
Logan O'Hoppe,TEX,441,400,94,20,46,34,5,0.302273,0.42
Liam Hicks,TBR,394,336,83,5,38,42,11,0.346056,0.339286
Yandy Díaz,TBR,538,478,135,14,61,52,5,0.356877,0.422594
José Caballero,NYY,380,327,72,7,47,39,8,0.31565,0.33945
Tyler Soderstrom,ATH,575,518,133,25,66,48,6,0.325217,0.455598
Brett Harris,BOS,398,348,83,9,47,37,8,0.323232,0.364943
Tatem Levins,TBR,345,299,63,7,36,37,6,0.30814,0.331104
Kole Myers,LAD,447,387,93,4,60,50,10,0.342282,0.317829
Luis Arraez,PHI,629,584,177,6,69,31,4,0.340289,0.393836
Termarr Johnson,PIT,559,495,119,9,62,52,6,0.318919,0.345455
Cooper Pratt,MIL,552,484,108,8,66,50,8,0.302368,0.322314
Ryan Bliss,SEA,488,437,96,9,61,40,6,0.292181,0.338673
Alec Burleson,STL,529,481,131,17,57,39,4,0.329545,0.432432
Eduardo Tait,MIN,499,463,108,13,53,24,5,0.274549,0.386609
Dayson Croes,SFG,393,355,92,3,39,24,8,0.318766,0.36338
Gabriel Arias,CHC,447,409,96,13,47,28,6,0.29148,0.391198
Willie MacIver,SEA,335,296,68,7,33,29,6,0.308383,0.361486
Josh Jung,TEX,480,450,111,15,53,26,3,0.291667,0.402222
Gabriel Gonzalez,MIN,554,504,138,12,60,35,10,0.330325,0.426587
Christian Moore,LAA,495,442,103,13,56,46,3,0.307692,0.380091
Homer Bush Jr.,TBR,517,462,118,3,60,33,11,0.318898,0.32684
Riley Unroe,CHW,327,284,67,6,39,37,2,0.327161,0.359155
Carlos Mendoza,TOR,440,375,91,5,60,45,11,0.33871,0.330667
Vinnie Pasquantino,KCR,607,541,139,26,64,54,5,0.326194,0.460259
Ke'Bryan Hayes,CIN,479,439,106,8,49,34,4,0.300626,0.343964
Jake Rogers,CHW,270,241,50,8,32,23,2,0.27881,0.360996
Raynel Delgado,HOU,447,399,100,6,47,36,6,0.321267,0.348371
Kyle Isbel,KCR,387,347,84,6,48,25,4,0.298153,0.368876
Nasim Nuñez,WSN,445,388,88,4,57,46,3,0.311364,0.293814
Brandon Valenzuela,TOR,428,387,82,12,41,36,2,0.280374,0.354005
Edgar Quero,CHW,468,416,105,9,41,42,6,0.326923,0.358173
J.C. Escarra,NYY,320,284,66,7,36,29,4,0.309375,0.366197
Alek Thomas,LAD,465,427,107,11,58,26,4,0.29718,0.395785
Ryan Ward,LAD,560,512,117,24,74,44,2,0.291071,0.423828
Nate Eaton,BOS,439,398,97,9,55,29,6,0.302752,0.38191
Pedro Pagés,STL,372,340,76,9,33,24,3,0.278378,0.35
Victor Caratini,MIN,309,272,66,7,27,25,8,0.320388,0.356618
Gavin Lux,TBR,462,410,104,7,53,49,1,0.333333,0.373171
Braxton Fulford,COL,332,295,70,9,41,24,9,0.311178,0.38983
Eli White,BOS,314,287,70,8,45,20,5,0.303514,0.376307
Andrew Stevenson,,349,320,81,6,39,23,5,0.312321,0.38125
Rhylan Thomas,TOR,544,493,130,4,66,34,3,0.312734,0.334686
JJ Bleday,CIN,511,452,105,22,67,55,2,0.317025,0.435841
Jake McCarthy,COL,457,411,113,7,60,31,9,0.337748,0.40146
Oliver Dunn,TBR,445,394,85,8,47,41,6,0.298643,0.337563
John Peck,DET,506,470,116,9,69,29,5,0.296443,0.361702
Christian Encarnacion-Strand,BAL,451,418,104,19,56,23,7,0.297118,0.449761
Mickey Gasper,BOS,318,276,67,7,38,33,7,0.336478,0.380435
Taylor Trammell,HOU,362,314,70,13,46,42,3,0.31768,0.410828
Charles McAdoo,TOR,505,460,106,15,57,38,4,0.293651,0.384783
Oswald Peraza,LAA,407,370,83,11,47,29,7,0.292383,0.354054
Jorge Barrosa,ARI,506,453,105,8,58,43,3,0.300797,0.348786
Ricardo Olivar,MIN,424,379,92,10,49,38,5,0.318396,0.382586
Luis Torrens,NYM,275,251,61,6,23,19,2,0.29927,0.374502
Henry Davis,PIT,375,331,76,12,42,30,10,0.310992,0.392749
Ji Hwan Bae,MIL,408,364,90,4,62,38,3,0.321867,0.351648
Jhostynxon Garcia,PIT,506,461,111,16,68,34,7,0.30099,0.40564
Miles Mastrobuoni,SEA,346,306,73,3,41,35,0,0.314869,0.323529
Austin Overn,TBR,494,435,100,12,64,45,5,0.307377,0.36092
Johnathan Rodríguez,ATH,500,451,115,17,56,44,3,0.324,0.421286
Casey Schmitt,SFG,434,394,99,13,49,30,5,0.309469,0.403553
Zach McKinstry,DET,423,377,90,8,51,37,5,0.312796,0.374005
Walker Jenkins,MIN,407,358,88,9,48,39,7,0.329238,0.391061
LuJames Groover,ARI,534,482,123,9,51,42,7,0.322097,0.369295
Braden Montgomery,CHW,549,498,120,12,59,40,7,0.304745,0.393574
Yonathan Perlaza,,556,497,117,16,69,54,3,0.31295,0.396378
Seth Stephenson,DET,503,448,111,6,75,26,19,0.315152,0.345982
Ramón Urías,STL,351,316,77,9,36,27,4,0.307692,0.382911
Nolan Jones,SEA,434,381,91,10,47,46,4,0.325635,0.377953
Luisangel Acuña,CHW,502,462,119,5,68,31,3,0.306613,0.344156
Dominic Fletcher,,440,403,98,8,47,26,6,0.296804,0.369727
Pedro León,PHI,444,394,88,15,58,34,11,0.301587,0.398477
Jared Oliva,,354,321,76,7,51,22,7,0.299145,0.367601
Drew Gilbert,SFG,494,441,103,12,53,41,9,0.309717,0.380952
Ryan Vilade,TBR,469,418,103,11,56,40,6,0.318376,0.38756
Kody Clemens,MIN,378,344,79,15,47,27,4,0.291777,0.430233
Tirso Ornelas,SDP,473,425,104,11,52,41,3,0.313559,0.376471
Salvador Perez,KCR,524,485,119,20,45,25,10,0.293893,0.420619
Brendan Jones,MIA,536,468,107,10,75,62,3,0.320896,0.358974
Jonathon Long,MIA,571,501,123,15,69,58,8,0.330998,0.37525
Joseph Sullivan,HOU,494,417,84,13,52,58,17,0.321862,0.330935
Cedric Mullins,TBR,448,397,87,13,53,41,4,0.295964,0.372796
Jorbit Vivas,WSN,529,461,109,6,60,49,14,0.325758,0.331887
Edouard Julien,COL,510,434,109,12,56,69,4,0.357564,0.394009
Willson Contreras,BOS,437,377,93,14,50,41,16,0.344037,0.421751
Edmundo Sosa,PHI,299,276,69,8,36,11,8,0.296296,0.402174
Maddux Houghton,,356,324,73,8,48,24,6,0.289326,0.361111
Cooper Johnson,TEX,328,289,56,7,29,33,3,0.281346,0.318339
Brady House,WSN,557,521,132,16,65,27,5,0.294434,0.401152
José Fermín,STL,361,310,73,6,44,38,7,0.330532,0.348387
Lane Thomas,ATL,454,403,95,14,56,40,6,0.310573,0.406948
Noah Cardenas,MIN,320,275,57,6,32,37,7,0.315625,0.323636
Alfonsin Rosario,CLE,535,481,109,20,65,41,11,0.300935,0.405405
Jonathan India,KCR,538,460,112,11,66,59,14,0.344507,0.376087
Danny Jansen,TEX,310,266,54,11,33,36,5,0.306452,0.37594
Nolan Schanuel,LAA,579,498,129,13,70,64,10,0.352431,0.385542
Bryan Torres,STL,458,389,107,4,54,54,2,0.363029,0.354756
Vinny Capra,BOS,348,310,75,5,39,29,4,0.313043,0.348387
Sam Huff,BAL,336,305,67,10,32,27,2,0.285714,0.370492
Lazaro Montes,SEA,612,544,116,24,69,59,5,0.294118,0.400735
Victor Labrada,SEA,476,419,97,7,61,44,8,0.315011,0.338902
Denzer Guzman,LAA,584,525,119,16,62,47,7,0.297762,0.375238
Teoscar Hernández,LAD,517,476,122,21,61,32,6,0.309478,0.443277
Osleivis Basabe,SFG,482,446,114,7,55,25,5,0.300626,0.372197
Petey Halpin,CLE,531,482,111,11,70,41,3,0.292453,0.363071
Curtis Mead,BOS,440,396,98,10,48,30,11,0.315909,0.376263
Mason McCoy,SDP,401,358,75,7,45,32,3,0.277778,0.326816
Alika Williams,ATH,396,359,88,6,46,26,5,0.303571,0.348189
Everson Pereira,STL,441,396,94,17,65,37,6,0.310658,0.414141
Victor Mesa Jr.,TBR,422,387,93,11,47,29,3,0.296912,0.377261
Junior Perez,CHW,540,477,104,16,64,52,3,0.297196,0.385744
Parks Harber,SFG,353,316,77,8,44,28,6,0.314448,0.39557
DaShawn Keirsey Jr.,ATL,404,368,87,7,47,27,5,0.295285,0.355978
Drew Avans,COL,471,422,107,6,67,44,3,0.326964,0.367299
Brooks Baldwin,CHW,470,428,111,16,56,32,3,0.313978,0.42757
Vaughn Grissom,LAA,477,428,107,10,61,37,9,0.320755,0.371495
Jesús Made,MIL,532,481,110,8,74,45,4,0.298872,0.345114
Kyren Paris,LAA,422,371,79,12,57,41,6,0.3,0.371968
Gabriel Rincones Jr.,PHI,490,429,96,15,66,51,7,0.314286,0.384615
Angel Martínez,CLE,531,481,115,12,62,33,7,0.294677,0.382536
Brayden Taylor,MIA,469,417,82,13,54,47,1,0.277778,0.347722
Tanner Murray,CHW,495,461,110,10,54,25,5,0.283401,0.360087
Mickey Moniak,COL,436,406,108,19,57,23,4,0.309633,0.480296
William Bergolla Jr.,CHW,559,497,129,1,66,29,4,0.30394,0.315895
Enrique Bradfield Jr.,BAL,391,344,81,4,55,34,5,0.310881,0.328488
Freddy Fermin,SDP,313,285,68,7,31,20,2,0.290323,0.354386
Leo Jiménez,MIA,369,319,72,7,46,30,16,0.320652,0.344828
Jonah Heim,ATH,391,359,83,10,38,28,1,0.286445,0.356546
Jacob Cozart,LAA,410,365,78,8,42,34,7,0.290244,0.331507
Jose Trevino,CIN,261,243,58,5,26,14,1,0.280769,0.353909
Austin Hays,SDP,426,389,98,14,57,29,4,0.307512,0.431877
Miguel Amaya,CHC,278,248,59,8,27,19,7,0.307971,0.387097
Chris Newell,LAD,515,458,96,21,59,49,3,0.287938,0.399563
Brock Wilken,MIL,407,350,69,14,44,52,4,0.307125,0.365714
Alex Jackson,MIN,280,254,51,10,34,20,5,0.271429,0.38189
Brandon Butterworth,BAL,521,481,110,11,67,28,9,0.28215,0.363825
Andruw Monasterio,BOS,353,312,80,7,45,34,4,0.334278,0.384615
Nathan Church,STL,496,448,113,7,63,33,8,0.313008,0.352679
Roc Riggio,COL,434,385,91,15,58,41,6,0.318707,0.425974
Tyler Black,MIL,461,397,93,10,59,54,8,0.336226,0.380353
Garrett Mitchell,MIL,224,197,46,5,29,23,2,0.318386,0.380711
Jeremiah Jackson,BAL,507,476,116,17,54,24,4,0.284024,0.405462
Kevin Parada,NYM,439,395,87,13,41,33,6,0.287671,0.372152
Nolan Arenado,ARI,435,396,99,10,43,30,4,0.305747,0.381313
Luis Lara,MIL,611,541,122,2,66,55,11,0.307692,0.297597
A.J. Ewing,NYM,614,552,138,4,82,52,4,0.315961,0.353261
Justin Foscue,TEX,461,411,94,13,54,40,7,0.306522,0.386861
Jonah Bride,TEX,398,340,74,8,41,48,6,0.321608,0.338235
Jose Siri,LAA,351,321,64,13,46,22,4,0.257143,0.370717
Kody Huff,CLE,389,348,75,5,34,32,5,0.289406,0.310345
Trei Cruz,DET,504,440,100,10,64,58,2,0.318091,0.356818
Drew Millas,WSN,310,282,68,5,31,24,1,0.300971,0.358156
Diego Velasquez,SFG,577,503,124,2,52,48,8,0.320285,0.308151
John Rave,KCR,469,413,96,10,58,44,3,0.308855,0.372881
Kala'i Rosario,MIN,557,497,116,19,68,53,5,0.312388,0.418511
Christian Koss,SFG,329,301,75,6,41,17,5,0.298462,0.362126
Eduardo Quintero,LAD,555,485,108,16,82,57,7,0.310469,0.373196
Akil Baddoo,MIL,462,408,91,13,58,49,2,0.307359,0.379902
Buddy Kennedy,SFG,447,393,99,8,53,42,7,0.331096,0.379135
Michael Massey,KCR,419,387,97,11,42,21,5,0.294258,0.392765
Dominic Canzone,SEA,444,406,101,16,56,32,3,0.306306,0.418719
Enmanuel Valdez,PIT,389,345,83,12,44,38,2,0.31701,0.405797
Bryce Teodosio,LAA,382,347,78,5,42,21,7,0.280423,0.32853
Tyler Tolbert,KCR,429,382,88,5,57,26,6,0.28777,0.335079
Ramon Mendoza,STL,395,345,78,7,42,37,5,0.307692,0.33913
Daniel Schneemann,CLE,412,368,82,10,47,39,2,0.29927,0.366848
Walker Janek,HOU,397,369,76,9,47,21,6,0.259446,0.333333
Michael Helman,TEX,376,341,75,10,52,23,6,0.278075,0.369501
Miguel Rojas,LAD,307,280,68,5,30,20,3,0.298361,0.342857
Nick Allen,HOU,442,395,91,4,43,34,3,0.294253,0.306329
Jerar Encarnacion,SFG,367,336,84,14,41,26,3,0.307902,0.419643
Kenny Piper,TBR,304,270,51,9,34,24,7,0.269737,0.337037
Bryce Eldridge,SFG,525,470,113,22,52,45,4,0.308571,0.440426
Mike Trout,LAA,420,352,79,17,54,59,6,0.342857,0.414773
Cam Devanney,,442,399,91,10,43,33,6,0.295455,0.365915
Rodolfo Durán,SDP,329,301,69,10,38,19,3,0.28,0.385382
Brandon Lowe,PIT,469,422,100,17,56,39,4,0.304904,0.409953
Bobby Dalbec,,432,388,87,14,50,37,5,0.298611,0.386598
César Salazar,HOU,281,239,51,5,28,25,12,0.315412,0.317992
Charles Leblanc,,352,308,73,8,37,38,4,0.327635,0.363636
Maximo Acosta,MIA,532,484,112,12,61,40,4,0.293785,0.35124
Tyler O'Neill,BAL,343,301,71,15,42,35,4,0.3207,0.431894
Jack Brannigan,PIT,325,291,64,8,39,25,7,0.296296,0.360825
Caleb Bonemer,CHW,526,460,97,11,74,52,8,0.298479,0.33913
Nate Furman,SFG,309,267,67,5,45,30,8,0.343137,0.35206
Phillip Glasser,WSN,498,447,118,6,60,39,7,0.331313,0.355705
Nick Yorke,PIT,536,492,125,8,62,37,4,0.309702,0.361789
Jacob Melton,TBR,386,354,79,12,50,29,2,0.284974,0.375706
Luis Rengifo,SDP,458,421,104,10,48,30,4,0.301969,0.370546
Nathan Flewelling,TBR,508,432,77,8,45,62,6,0.286561,0.296296
Esmerlyn Valdez,PIT,555,495,120,19,62,45,12,0.318919,0.416162
Corey Joyce,TEX,378,326,76,4,41,40,10,0.333333,0.325153
Max Kepler,ARI,397,353,82,14,49,37,4,0.309824,0.405099
Colt Keith,DET,531,476,124,16,71,48,3,0.329567,0.426471
Jackson Cluff,CHC,365,318,63,8,44,37,4,0.288089,0.327044
Carlos Jorge,CIN,498,452,102,10,64,33,5,0.284553,0.365044
Nick Sogard,BOS,473,414,102,5,60,50,4,0.33121,0.342995
Ryan Ignoffo,MIA,347,323,77,7,42,20,1,0.282421,0.374613
Kevin Alcántara,CHC,494,451,108,13,57,38,3,0.301619,0.37694
Wyatt Young,NYM,439,385,88,3,47,44,3,0.310345,0.288312
Angel Genao,CLE,459,424,104,7,56,30,2,0.296296,0.360849
Aidan Smith,NYM,501,451,97,14,74,42,5,0.287425,0.361419
Victor Robles,SEA,261,230,57,5,31,17,8,0.319066,0.369565
Tommy Troy,ARI,524,470,111,8,52,41,7,0.304598,0.344681
Luke Adams,MIL,352,286,55,11,51,43,21,0.338068,0.367133
Ryan O'Hearn,PIT,447,396,103,12,50,43,5,0.337808,0.406566
Jose Altuve,HOU,497,449,114,14,60,41,5,0.321932,0.398664
George Springer,TOR,477,418,104,16,66,50,6,0.33543,0.411483
Cole Carrigg,COL,520,472,117,12,73,33,7,0.304854,0.398305
Matt Vierling,DET,425,384,96,11,51,34,4,0.315294,0.398438
Danny De Andrade,MIN,507,463,99,8,49,30,13,0.280079,0.347732
Cam Smith,HOU,500,449,109,11,59,43,6,0.316,0.380846
Chas McCormick,CHC,326,286,64,9,38,27,6,0.30031,0.36014
Christian Walker,HOU,498,444,99,20,54,42,7,0.297189,0.407658
Chad Stevens,COL,496,444,111,12,57,40,8,0.321212,0.400901
Marcelo Mayer,SFG,373,339,82,10,50,29,2,0.302949,0.39528
Matthew Ellis,SEA,349,308,57,9,37,35,5,0.277937,0.314935
Carlos Pérez,DET,357,320,68,12,39,29,5,0.285714,0.378125
Nathaniel Lowe,CLE,565,502,128,18,61,57,4,0.334513,0.410359
Dylan Carlson,,375,323,74,8,41,42,6,0.325333,0.359133
Tyler Locklear,ARI,524,464,117,14,64,43,14,0.332061,0.409483
Cal Stevenson,DET,364,307,68,5,46,47,1,0.32312,0.32899
Adolis García,PHI,495,451,107,20,59,34,5,0.29495,0.423503
Devin Mann,,382,338,75,7,42,35,6,0.304462,0.346154
Jon Berti,,294,264,64,4,35,24,3,0.31058,0.329545
Mikey Romero,BOS,533,494,116,16,64,30,3,0.281132,0.408907
Tyler Heineman,LAA,169,146,32,2,18,14,4,0.30303,0.308219
Blake Mitchell,KCR,390,332,67,9,42,50,4,0.311856,0.334337
Heriberto Hernández,MIA,467,408,95,17,57,50,5,0.321888,0.414216
Ryan Kreidler,MIN,389,335,68,7,43,43,6,0.303109,0.325373
Christian Cerda,ARI,432,375,81,8,37,46,3,0.303738,0.322667
Adrián Sugastey,SFG,348,326,76,4,30,15,2,0.269565,0.319018
Jud Fabian,BAL,489,425,82,15,53,52,4,0.284536,0.341176
Nick Fortes,TBR,293,263,59,7,31,19,6,0.289655,0.338403
Nick Loftin,KCR,424,370,91,9,50,44,5,0.330969,0.375676
Andy Ibáñez,SEA,331,302,74,6,34,23,4,0.305136,0.370861
Justyn-Henry Malloy,TBR,499,423,104,14,61,65,7,0.352705,0.397163
Tyrone Taylor,CHC,329,302,69,7,40,16,7,0.281346,0.374172
Jared Young,NYM,395,345,81,14,48,39,7,0.322335,0.411594
Bryce Johnson,SDP,337,296,68,4,38,28,6,0.308157,0.327703
Harold Castro,,352,326,85,10,34,17,2,0.299712,0.404908
Jo Adell,CLE,505,461,108,27,60,34,8,0.29703,0.457701
Aroon Escobar,PHI,585,528,126,15,74,39,13,0.304274,0.367424
George Valera,CLE,360,319,76,12,43,36,2,0.316667,0.404389
Kyle Higashioka,TEX,250,229,51,8,23,16,1,0.273092,0.384279
Tyler Callihan,PIT,389,350,82,7,39,29,3,0.29765,0.36
Tre' Morgan,TBR,426,368,92,7,48,50,5,0.34507,0.358696
Joey Wiemer,CHW,413,370,78,10,45,36,5,0.288136,0.343243
Bill Knight,SEA,496,445,97,5,61,31,15,0.288889,0.305618
Mike Antico,COL,436,394,91,7,51,32,5,0.294931,0.340102
Reed Trimble,BAL,357,322,73,10,49,26,4,0.289326,0.381988
Sam Petersen,WSN,235,205,48,5,39,16,9,0.313305,0.37561
Myles Straw,TOR,390,351,82,3,47,29,1,0.291667,0.316239
Sebastian Walcott,TEX,596,539,124,12,65,51,4,0.300336,0.359926
Cristofer Torin,ARI,594,533,128,4,68,51,5,0.310811,0.313321
Jonny DeLuca,TBR,349,318,75,9,38,24,5,0.298851,0.383648
Nick Madrigal,TBR,252,230,59,0,24,12,7,0.313253,0.317391
Austin Hedges,CLE,182,158,29,3,13,16,2,0.264045,0.265823
Jeral Perez,CHW,571,524,117,19,63,37,7,0.281961,0.383588
Jack Dunn,,375,321,70,4,41,42,6,0.318059,0.29595
Luis Vázquez,BAL,384,346,81,8,39,24,6,0.292876,0.352601
Marcos Castañon,SDP,483,438,99,14,49,35,7,0.291925,0.376712
Jake Bauers,MIL,329,284,63,15,40,41,3,0.325228,0.43662
Brett Bateman,TOR,444,387,91,3,47,49,2,0.322727,0.294574
Triston Casas,BOS,377,324,77,15,40,49,3,0.342175,0.425926
Demetrio Crisantes,ARI,335,300,75,5,43,27,4,0.316418,0.363333
Brooks Lee,MIN,516,475,117,13,52,34,3,0.29845,0.383158
Alexander Canario,,323,294,68,12,37,26,2,0.297214,0.408163
Dylan Jasso,MIA,541,494,120,12,58,34,9,0.301294,0.374494
Brock Rodden,SEA,402,365,82,9,45,28,5,0.286783,0.353425
Luis Peña,MIL,423,391,94,8,61,23,5,0.288416,0.370844
Tsung-Che Cheng,BOS,494,432,97,6,56,46,3,0.301653,0.328704
Yonny Hernández,,396,348,83,2,45,35,5,0.316195,0.304598
Gage Workman,SDP,449,404,88,14,65,40,3,0.291759,0.386139
Will Brennan,SFG,376,352,98,6,38,19,3,0.319149,0.394886
Juan Matheus,MIA,522,470,110,3,50,45,3,0.302682,0.317021
Joey Bart,CHW,324,283,65,8,32,33,7,0.324074,0.353357
Zach DeLoach,,437,391,90,8,53,40,3,0.304348,0.347826
Sam Haggerty,,308,272,66,4,39,28,4,0.320261,0.356618
Paul Goldschmidt,NYY,447,403,102,14,55,39,3,0.322148,0.411911
James Tibbs III,LAD,556,483,105,19,69,61,5,0.308664,0.385093
Cristian Hernández,MIA,548,500,115,7,56,43,2,0.291971,0.334
Jurickson Profar,ATL,459,396,99,12,57,53,6,0.344978,0.39899
Yoán Moncada,LAA,328,291,66,11,37,32,4,0.310976,0.395189
Murphy Stehly,,257,229,57,5,30,16,9,0.320312,0.371179
Forrest Wall,,361,320,74,5,46,32,4,0.307263,0.328125
Marcell Ozuna,,503,435,107,18,54,63,2,0.341948,0.418391
Bryan Lavastida,ATH,365,327,75,8,40,29,6,0.302198,0.360856
Kahlil Watson,CLE,453,403,89,15,53,39,7,0.298673,0.397022
Bryant Betancourt,COL,409,370,86,10,42,30,3,0.293103,0.351351
Eduardo Garcia,MIL,505,463,96,11,56,31,9,0.269307,0.336933
Trevor Hauver,TEX,444,385,86,11,49,51,4,0.317568,0.374026
Austin Gauthier,LAD,491,420,97,5,60,63,5,0.336049,0.32381
Rafael Marchán,PHI,199,176,40,3,18,16,4,0.30303,0.329545
Cameron Leary,ATH,533,469,106,8,56,48,5,0.302281,0.34968
Adael Amador,COL,513,452,115,12,55,51,5,0.335294,0.389381
Wade Meckler,LAA,431,382,101,4,49,44,2,0.34186,0.356021
Carlos Cortes,ATH,392,352,84,11,44,34,2,0.306122,0.394886
Luke Raley,SEA,344,299,67,11,40,26,15,0.315789,0.38796
Jackson Appel,CHW,339,290,64,2,38,35,9,0.320475,0.293103
Jake Burger,TEX,466,430,103,22,53,25,7,0.2897,0.446512
Chandler Simpson,TBR,547,507,144,0,71,30,0,0.32282,0.331361
Michael Siani,DET,455,400,83,7,55,43,3,0.287305,0.305
Jared Sundstrom,SEA,484,438,91,11,58,36,8,0.278926,0.351598
Keiner Delgado,PIT,527,468,101,9,60,44,10,0.296367,0.32265
Thayron Liranzo,DET,436,389,79,12,50,43,3,0.286697,0.341902
Daylen Lile,WSN,574,522,135,10,72,39,7,0.315881,0.404215
Austin Shenton,,412,364,76,12,45,43,3,0.296117,0.35989
Griffin Conine,MIA,401,355,80,12,44,40,4,0.309227,0.374648
Paul DeJong,,351,319,64,13,36,23,5,0.262108,0.360502
Michael Trautwein,CIN,276,247,48,7,29,23,5,0.275362,0.327935
Ben Malgeri,DET,411,371,88,9,57,29,8,0.304136,0.374663
Livan Soto,,433,383,87,5,43,40,4,0.304651,0.305483
Jordan Beck,COL,556,505,129,17,64,47,2,0.320144,0.425743
Luke Shliger,DET,237,207,43,2,16,22,3,0.289362,0.270531
Cam Cauley,TEX,504,464,103,13,69,34,2,0.276342,0.37931
Brewer Hicklen,ATL,394,348,73,13,51,34,10,0.296954,0.373563
Oswaldo Cabrera,NYY,320,288,67,7,39,26,2,0.298742,0.354167
Ildemaro Vargas,ARI,323,298,74,4,30,18,3,0.29595,0.345638
Arjun Nimmala,LAA,565,514,108,14,71,39,8,0.274336,0.354086
Jonah Cox,SFG,542,490,110,5,73,34,7,0.283835,0.318367
Donovan Walton,ATH,398,354,84,6,45,31,6,0.306329,0.336158
Sam Hilliard,,393,349,81,11,49,39,1,0.308673,0.409742
Colton Ledbetter,STL,511,466,113,9,58,33,5,0.296078,0.362661
Elijah Hainline,LAD,485,421,87,9,61,52,8,0.304348,0.32304
Cody Freeman,TEX,515,476,117,14,61,29,3,0.290448,0.388655
Hunter Feduccia,LAD,373,327,73,8,41,42,1,0.310992,0.357798
Vidal Bruján,NYM,311,279,64,5,37,25,4,0.3,0.336918
Mike Tauchman,,350,302,69,7,43,42,4,0.328571,0.350993
Payton Henry,PHI,271,247,56,8,30,16,7,0.291513,0.356275
Chase DeLauter,CLE,210,188,48,6,27,20,0,0.32381,0.414894
Kody Hoese,,415,378,88,10,44,31,3,0.293976,0.373016
Christian Yelich,MIL,508,445,108,15,67,58,4,0.334646,0.386517
Rafael Lantigua,,486,424,102,5,61,51,3,0.323651,0.330189
Ryan Fitzgerald,LAD,338,302,66,9,36,28,5,0.293769,0.370861
Andrew Pinckney,WSN,505,460,112,12,63,32,10,0.306163,0.365217
Jase Bowen,SDP,455,415,94,12,54,28,6,0.283186,0.371084
Andrew Cossetti,MIN,357,311,60,9,36,36,9,0.294118,0.347267
Dylan Moore,PHI,298,258,56,11,40,30,8,0.315436,0.406977
Wuilfredo Antunez,PHI,444,412,98,13,54,27,3,0.288288,0.410194
Thomas Gavello,SFG,383,337,71,9,45,24,15,0.290237,0.335312
Trenton Brooks,HOU,412,357,79,10,49,46,3,0.312195,0.361345
Deniel Ortiz,STL,497,441,99,13,56,45,9,0.307847,0.362812
Matthew Wood,MIL,387,342,72,5,30,36,6,0.294574,0.292398
Christian Knapczyk,CLE,521,464,106,5,54,42,11,0.305769,0.314655
Nick Raposo,SEA,300,273,57,4,27,23,2,0.274247,0.304029
Davis Wendzel,PIT,397,355,75,10,39,33,7,0.289673,0.340845
Heston Kjerstad,BAL,402,364,88,12,47,26,9,0.30597,0.401099
Gustavo Campero,LAA,353,310,76,8,44,26,13,0.327635,0.4
Josh Bell,MIN,484,423,106,16,48,54,4,0.338843,0.416076
Silas Ardoin,BAL,377,332,67,6,27,38,3,0.288,0.301205
Ryan Campos,STL,415,371,80,2,41,41,2,0.296386,0.296496
Bryan Reynolds,PIT,580,518,129,15,60,51,8,0.324138,0.399614
Romy Gonzalez,BOS,340,315,83,9,43,18,3,0.305882,0.428571
Spencer Steer,CIN,569,504,120,18,66,55,8,0.321617,0.406746
Bob Seymour,,473,435,104,19,61,33,3,0.295983,0.422989
Spencer Packard,SEA,456,401,96,7,45,43,9,0.324561,0.34414
Lourdes Gurriel Jr.,ARI,477,440,115,13,48,27,5,0.308176,0.406818
Dane Myers,CIN,373,338,85,10,43,28,5,0.316354,0.384615
Luis Suisbel,SEA,515,466,94,15,53,33,12,0.269903,0.341202
Ali Sánchez,NYY,270,246,55,5,26,18,2,0.279851,0.325203
Chris Williams,,312,274,52,10,33,32,3,0.278846,0.339416
Óscar Mercado,,386,340,79,7,45,33,5,0.306283,0.358824
Matt Gorski,LAD,364,337,75,16,47,21,1,0.267218,0.421365
Colby Shade,MIA,440,384,81,4,57,38,15,0.305936,0.302083
Derek Hill,PHI,331,301,68,7,40,22,3,0.283537,0.345515
David Villar,,391,345,74,12,46,39,5,0.30179,0.362319
Ryan Mountcastle,BAL,436,402,104,15,47,25,3,0.302752,0.430348
Levi Jordan,WSN,394,360,85,6,44,24,7,0.295165,0.344444
Steward Berroa,PHI,382,334,72,5,51,37,3,0.297082,0.320359
Mark Coley II,MIL,307,276,65,5,32,20,8,0.304918,0.351449
Adrian Santana,MIA,467,433,105,2,58,26,2,0.286022,0.309469
Austin Martin,MIN,368,316,79,3,41,40,8,0.346995,0.335443
Luke Waddell,ATL,446,395,95,2,43,39,5,0.313063,0.311392
Luis Urías,TOR,390,340,81,9,38,37,10,0.328205,0.364706
Vimael Machín,COL,417,380,98,9,41,32,2,0.316547,0.394737
Jon Jon Gazdar,STL,473,429,105,1,48,25,17,0.311441,0.296037
Shane McGuire,ATH,340,296,64,4,32,36,4,0.307692,0.293919
Kehden Hettiger,PHI,421,377,76,10,40,40,2,0.280285,0.344828
Hyeseong Kim,LAD,371,346,80,7,43,17,5,0.276423,0.346821
Cooper Bowman,,414,364,78,8,47,36,6,0.293399,0.335165
Thairo Estrada,,384,359,86,9,43,15,7,0.28125,0.362117
Jake Fraley,TBR,324,287,69,7,37,31,5,0.324074,0.365854
Christopher Morel,NYM,464,413,96,18,55,43,5,0.311015,0.423729
Willi Castro,COL,463,411,104,11,62,37,12,0.331169,0.40146
Robert Hassell III,PIT,523,479,117,9,58,38,3,0.303263,0.344468
Korey Lee,CHW,350,326,75,10,42,22,2,0.282857,0.374233
Rhys Hoskins,CLE,398,343,77,14,42,46,5,0.321608,0.399417
Endy Rodríguez,PIT,408,367,90,10,58,35,3,0.313726,0.400545
Bryan Ramos,BAL,474,430,93,13,51,32,8,0.281184,0.353488
Eugenio Suárez,CIN,552,486,111,30,68,49,10,0.307971,0.45679
Travis d'Arnaud,LAA,234,214,45,7,23,15,4,0.273504,0.369159
César Prieto,STL,505,469,121,7,58,24,6,0.301397,0.366738
Alex Verdugo,,441,400,98,9,53,34,2,0.304545,0.3725
Matt Koperniak,,488,447,108,11,52,35,3,0.29918,0.360179
Dillon Lewis,MIA,538,495,106,19,66,38,4,0.275093,0.383838
Grae Kessinger,PIT,336,295,63,6,42,34,3,0.298507,0.318644
Christian Cairo,PHI,417,363,78,3,46,41,8,0.306024,0.297521
Christian Franklin,BAL,484,422,101,8,59,51,7,0.330561,0.348341
Jack Penney,DET,369,326,67,5,37,35,6,0.292683,0.309816
Collin Price,HOU,390,351,73,13,39,31,5,0.279487,0.364672
Joc Pederson,TEX,327,281,63,13,37,36,8,0.327217,0.409253
Richie Martin Jr.,,339,304,65,2,40,22,9,0.285714,0.305921
Sammy Stafura,NYM,572,503,100,5,51,49,11,0.28169,0.312127
Javier Rivas,PIT,503,468,108,12,49,16,11,0.271084,0.358974
Yunior Severino,,446,397,89,12,43,42,4,0.302691,0.367758
Abraham Toro,KCR,431,388,95,10,46,34,5,0.310905,0.39433
Freuddy Batista,HOU,319,294,67,8,33,16,8,0.285266,0.377551
Luis Castro,,374,340,81,11,47,25,7,0.302139,0.402941
Anthony Santander,TOR,476,423,96,22,52,45,5,0.306723,0.432624
Zack Short,NYM,420,359,66,10,46,52,4,0.291866,0.309192
Troy Johnston,COL,468,423,111,11,54,33,10,0.32906,0.413712
Jhonny Pereda,SEA,277,245,57,3,24,29,1,0.315217,0.314286
Nick Solak,SDP,400,357,90,8,49,32,8,0.325,0.369748
Stuart Fairchild,SEA,288,251,55,7,37,24,8,0.305263,0.366534
Matthew Etzel,MIA,432,384,94,8,50,42,2,0.319444,0.369792
Marco Luciano,NYY,516,451,95,18,64,60,2,0.304264,0.372506
Jorge Mateo,TBR,304,280,62,6,38,17,2,0.268212,0.360714
Moisés Ballesteros,LAA,597,538,144,16,63,48,5,0.329983,0.408922
Hayden Cantrelle,CHC,377,322,62,4,40,42,7,0.298387,0.282609
Ricardo Genovés,,249,225,46,6,24,18,4,0.273092,0.328889
Matt Suggs,,174,157,30,3,20,13,3,0.264368,0.305732
Tristan Gray,MIN,408,371,82,12,43,28,4,0.280098,0.385445
Liover Peguero,WSN,491,451,106,12,55,30,3,0.285421,0.372506
Nick Goodwin,TOR,389,344,72,9,48,30,10,0.290155,0.328488
Wenceel Pérez,DET,454,409,97,11,58,36,4,0.302428,0.386308
Jax Biggers,HOU,370,320,67,3,37,41,2,0.30137,0.2875
Cutter Coffey,TOR,464,423,91,12,61,34,5,0.280172,0.349882
Gregory Barrios,TBR,413,384,94,1,46,19,5,0.287105,0.296875
Scott Kingery,,361,328,66,8,38,26,2,0.26257,0.323171
Emmanuel Rivera,,362,331,82,6,35,24,4,0.303867,0.356495
Cristian Pache,NYM,302,270,58,5,28,27,2,0.29,0.318519
Ethan Anderson,BAL,377,341,80,5,32,30,2,0.297082,0.331378
Jansel Luis,ARI,532,496,125,5,61,24,5,0.291115,0.356855
Rodolfo Castro,,465,418,92,14,51,37,7,0.292473,0.373206
Logan Porter,LAA,327,284,60,5,33,35,4,0.304615,0.306338
Luis Matos,MIL,480,444,110,15,59,26,6,0.296451,0.403153
Noah Myers,TBR,426,364,77,7,50,52,3,0.313539,0.315934
Jace Avina,NYY,450,400,87,13,50,34,12,0.295556,0.365
Greg Allen,,261,229,50,4,30,16,10,0.29572,0.331878
Abimelec Ortiz,WSN,528,476,110,19,65,42,6,0.299242,0.40126
Sean Keys,TOR,529,461,90,15,54,54,10,0.291115,0.347072
Jair Camargo,ATL,307,287,62,9,29,16,3,0.263844,0.358885
Riley Tirotta,,435,385,86,11,48,42,6,0.308046,0.366234
Max Schuemann,NYY,381,323,72,6,47,42,9,0.32626,0.328173
Gary Sánchez,MIL,261,231,47,11,27,22,6,0.287356,0.380952
Jonathan Ornelas,MIL,471,424,91,8,47,38,6,0.287234,0.306604
Chase Strumpf,,394,339,65,10,43,46,6,0.29771,0.324484
Ronny Simon,PIT,466,417,106,8,59,38,3,0.318182,0.374101
Alejo Lopez,KCR,438,390,99,3,43,36,9,0.329519,0.328205
Cayden Wallace,WSN,489,447,101,8,50,31,6,0.282787,0.337808
Reese McGuire,,247,226,50,6,21,14,2,0.269388,0.336283
Esteban González,CLE,458,424,100,8,58,23,8,0.286026,0.363208
Allan Castro,BOS,490,442,104,8,52,43,3,0.306122,0.352941
Hunter Stovall,,376,348,80,5,39,21,2,0.275401,0.318966
Xavier Isaac,TBR,336,292,65,14,42,38,4,0.318452,0.424658
Ezequiel Duran,TEX,390,361,88,9,45,22,4,0.293059,0.379501
Isan Díaz,,253,223,48,9,29,25,2,0.298805,0.372197
Brock Jones,TBR,379,331,61,14,46,39,5,0.278515,0.36858
Josue De Paula,LAD,504,440,100,13,61,58,4,0.321429,0.361364
Christian Vázquez,HOU,246,225,48,4,20,16,2,0.269388,0.302222
Garrett Stubbs,PHI,257,229,51,4,31,20,4,0.295276,0.327511
Yasmani Grandal,,241,213,48,5,17,24,2,0.308333,0.333333
Nick Morabito,NYM,513,466,112,5,61,38,7,0.306043,0.328326
Tyler Gentry,,433,386,88,10,46,36,6,0.301624,0.367876
Brendan Rodgers,BOS,377,345,84,7,40,27,3,0.302387,0.365217
Sam Kulasingam,KCR,526,466,114,2,62,42,3,0.308738,0.324034
Max Stassi,,232,205,41,5,21,22,4,0.288793,0.312195
Ivan Johnson,CIN,353,315,68,10,44,31,5,0.294618,0.371429
Shawn Ross,NYM,298,265,46,8,28,27,4,0.259259,0.30566
Taylor Walls,TBR,346,304,64,5,42,36,1,0.293605,0.315789
Cole Messina,COL,432,393,90,5,34,33,5,0.296296,0.320611
Francisco Urbaez,CIN,394,355,91,5,43,30,4,0.318066,0.366197
Jesse Winker,,345,289,66,8,36,48,5,0.34593,0.359862
Josh Rojas,KCR,343,302,70,5,38,35,1,0.31085,0.344371
Colby Halter,ATH,477,426,99,6,51,41,5,0.305263,0.349765
Ahbram Liendo,BOS,496,450,102,4,51,38,4,0.290909,0.293333
Tim Tawa,ARI,446,402,87,11,48,36,4,0.285393,0.345771
Brandon Winokur,MIN,549,506,109,17,67,32,9,0.273224,0.373518
Diego Castillo,TEX,405,360,87,6,45,40,2,0.318519,0.347222
Izaac Pacheco,DET,467,419,86,13,59,43,2,0.280514,0.353222
Jack Winkler,ATH,412,376,77,7,42,27,6,0.26764,0.308511
Gio Urshela,,316,289,74,5,27,21,1,0.304762,0.370242
Peyton Wilson,KCR,469,416,96,8,51,42,6,0.308351,0.353365
Jackson Strong,DET,441,397,81,7,50,34,7,0.276644,0.31738
Elih Marrero,KCR,161,147,31,2,16,13,1,0.279503,0.29932
Ramón Rodríguez,MIL,233,209,48,4,19,16,4,0.293103,0.325359
Turner Hill,SFG,386,343,82,1,41,30,6,0.308901,0.317784
Noah Mendlinger,STL,463,402,99,1,51,39,15,0.333333,0.30597
Andrew Vaughn,MIL,560,508,126,20,54,42,6,0.310714,0.423228
Marco Dinges,MIL,330,290,62,8,34,31,5,0.29697,0.344828
Rikuu Nishida,CHW,507,435,105,0,68,50,10,0.332661,0.278161
Daniel Johnson,,384,353,83,11,47,24,4,0.289062,0.385269
Chris Meyers,DET,404,368,86,12,48,28,7,0.299505,0.380435
Fenwick Trimble,MIA,362,322,75,5,33,30,7,0.311111,0.347826
Gage Miller,MIA,439,392,85,4,40,37,8,0.296128,0.293367
Adrian Placencia,LAA,528,462,91,14,58,51,7,0.284895,0.333333
Cody Milligan,,406,360,81,3,46,37,4,0.30198,0.313889
Jakson Reetz,SEA,279,248,45,8,26,21,9,0.268817,0.322581
Maui Ahuna,SFG,278,250,54,4,37,20,5,0.286232,0.352
Seaver King,WSN,547,507,119,6,62,26,5,0.277264,0.319527
Victor Arias,TOR,491,446,105,8,64,36,7,0.301426,0.35426
José Azócar,ATL,339,313,78,4,42,18,4,0.296736,0.351438
Jacob Amaya,,414,370,81,7,46,37,2,0.290557,0.321622
Mac Horvath,TBR,459,409,90,14,65,42,2,0.291939,0.361858
Ryan Cermak,TBR,178,161,33,5,22,12,4,0.275281,0.354037
Josh Adamczewski,MIL,342,303,68,6,42,29,4,0.295322,0.353135
Corey Julks,DET,431,391,95,10,54,35,3,0.308585,0.381074
Pavin Smith,ARI,374,325,78,11,43,45,1,0.331551,0.406154
Blake Hunt,SDP,299,271,58,7,28,21,5,0.280936,0.346863
TJ Rumfield,COL,515,459,122,13,62,44,8,0.337864,0.409586
Will Wilson,SEA,420,378,77,8,42,31,4,0.26988,0.312169
Pablo Reyes,LAA,311,276,65,6,38,28,2,0.308442,0.351449
Aaron Schunk,,412,382,88,7,44,23,2,0.27561,0.342932
Émilien Pitre,NYM,524,470,106,7,55,43,5,0.293893,0.331915
Nick Schnell,,490,449,98,16,62,32,3,0.272541,0.387528
Maverick Handley,ATL,278,241,49,3,26,26,6,0.294545,0.286307
Connor Charping,SEA,228,196,44,1,26,22,8,0.324561,0.27551
Austin Slater,TBR,247,214,49,5,33,26,4,0.321138,0.350467
Richie Palacios,TBR,365,318,73,5,43,39,4,0.318681,0.333333
Keston Hiura,,408,362,81,18,48,32,12,0.306373,0.417127
Clay Dungan,SDP,493,433,89,7,54,45,7,0.288344,0.311778
Sabin Ceballos,SFG,483,431,98,7,49,38,9,0.302083,0.320186
Ripken Reyes,,408,336,70,3,45,32,21,0.314578,0.28869
Dylan Campbell,CHW,523,479,104,12,59,36,4,0.275862,0.346555
Chase Jaworsky,MIA,330,292,62,4,36,24,11,0.294833,0.311644
Jacob Hurtubise,MIL,344,279,58,2,49,38,16,0.333333,0.283154
Cole Conn,ATH,317,283,59,4,32,27,5,0.287066,0.30742
Dante Nori,PHI,594,527,123,4,59,50,4,0.301533,0.318786
Weston Wilson,SEA,370,329,72,12,47,35,2,0.295393,0.37386
Ben Rortvedt,LAD,282,247,50,5,26,25,5,0.286738,0.307692
Johanfran Garcia,BOS,245,225,48,8,32,14,4,0.269388,0.346667
Tavian Josenberger,BAL,326,278,55,7,38,34,2,0.287975,0.327338
Austin Wynns,TEX,134,122,28,3,12,9,1,0.285714,0.352459
Bryan Rincon,PHI,364,321,59,7,51,33,3,0.265363,0.314642
Nick Maton,,348,301,64,10,38,39,5,0.311239,0.362126
Logan Wagner,LAD,531,466,89,12,69,51,11,0.284369,0.311159
Masataka Yoshida,BOS,374,338,92,8,38,27,6,0.334225,0.405325
Billy Cook,PIT,445,401,93,10,47,32,6,0.29638,0.366584
Matt Fraizer,,365,337,81,5,41,23,2,0.292011,0.353116
Caleb Ricketts,PHI,301,279,65,6,31,16,5,0.285714,0.340502
Michael A. Taylor,,317,286,58,8,33,24,2,0.267516,0.332168
Ethan Salas,SDP,435,388,75,3,34,38,3,0.267281,0.280928
Damon Dues,,198,170,39,1,24,25,1,0.329949,0.305882
LaMonte Wade Jr.,HOU,340,281,61,8,40,49,5,0.340237,0.345196
Carson DeMartini,PHI,522,472,106,10,61,39,9,0.295019,0.338983
Brian Navarreto,MIA,238,219,46,4,23,14,2,0.260504,0.310502
Hendry Mendez,MIN,514,450,115,6,59,51,6,0.335938,0.355556
Kenedy Corona,NYY,452,405,86,9,50,37,5,0.285078,0.325926
Payton Eeles,BAL,444,384,91,3,57,38,17,0.329571,0.3125
Cam Eden,,351,317,65,5,35,24,6,0.272206,0.302839
Jim Jarvis,ATL,416,383,90,2,54,23,8,0.290865,0.313316
Aron Estrada,BAL,503,463,114,10,52,31,6,0.300199,0.37581
Blaine Crim,,521,466,121,16,62,44,6,0.328215,0.427039
Braedon Karpathios,SDP,524,464,98,12,57,55,3,0.29771,0.346983
Tim Locastro,,329,283,62,5,44,20,16,0.305296,0.332155
Connor Kaiser,KCR,342,299,57,5,34,34,3,0.278932,0.297659
Weston Eberly,,109,94,15,1,8,9,3,0.252336,0.223404
Adrian Pinto,TOR,121,109,24,4,18,8,2,0.285714,0.366972
Niko Kavadas,LAA,493,422,84,18,52,58,10,0.308316,0.372038
Jay Thomason,MIN,247,217,42,6,29,24,4,0.283401,0.331797
Jefferson Rojas,NYM,503,456,98,11,60,38,5,0.280318,0.335526
Echedry Vargas,MIA,393,370,84,10,50,14,5,0.263427,0.364865
Luke Maile,KCR,148,127,28,2,12,16,3,0.319728,0.314961
Carlos Linarez,,166,154,31,3,13,9,1,0.248485,0.298701
Gilberto Celestino,,390,348,81,4,42,39,3,0.315385,0.310345
Wes Clarke,,468,400,85,18,49,60,5,0.320513,0.3975
Jorge Alfaro,KCR,295,279,64,8,30,9,5,0.264407,0.365591
Conner Capel,COL,394,353,82,8,38,37,2,0.307107,0.362606
Woody Hadeen,DET,495,441,95,6,67,34,20,0.30101,0.29932
Matt Mervis,,425,386,85,17,49,31,5,0.284706,0.404145
Canyon Brown,KCR,280,248,53,3,33,18,5,0.277372,0.298387
Tomás Nido,DET,241,222,51,5,24,11,2,0.270042,0.333333
Andrew Benintendi,CHW,460,415,104,14,50,39,2,0.315217,0.40241
Ryan Noda,BAL,416,342,64,12,48,62,9,0.325301,0.333333
Dixon Machado,,326,285,58,3,27,33,3,0.291022,0.263158
Trevor Larnach,MIN,478,422,104,15,56,48,3,0.324268,0.407583
Rudy Martin Jr.,TOR,331,290,68,5,38,27,3,0.305296,0.341379
Eric Wagaman,NYM,464,427,111,11,53,32,2,0.3125,0.405152
Christian Arroyo,,249,230,56,5,27,14,3,0.293173,0.36087
Guy Lipscomb,,402,363,84,5,48,31,3,0.295739,0.327824
Peyton Graham,DET,388,351,77,5,45,28,7,0.289406,0.316239
Lenyn Sosa,TOR,520,489,122,17,53,23,3,0.285714,0.400818
David McCabe,ATL,495,442,105,11,48,48,1,0.311111,0.364253
Dominic Smith,ATL,402,362,87,10,43,31,6,0.308458,0.375691
Terrin Vavra,,311,272,66,3,35,27,3,0.316832,0.330882
Anthony Prato,,392,336,77,3,44,41,11,0.330769,0.327381
Taylor Young,LAD,513,455,100,3,58,48,8,0.304094,0.292308
Drew Romo,CHW,369,340,77,8,36,20,4,0.275204,0.344118
Armando Alvarez,,303,276,64,7,34,23,2,0.293729,0.362319
Edwin Arroyo,CIN,562,516,132,4,57,31,6,0.302326,0.335271
Brendan Durfee,SDP,366,332,66,7,30,24,8,0.26776,0.313253
Graysen Tarlow,STL,199,173,40,2,15,17,5,0.313131,0.289017
Nelson Quiroz,LAD,220,205,53,2,22,13,1,0.304545,0.341463
Sergio Alcántara,,412,361,80,3,44,44,2,0.307317,0.299169
Jeferson Morales,,345,308,72,6,36,26,9,0.310145,0.366883
Jared Serna,MIA,528,480,110,9,63,36,8,0.29222,0.3375
D'Andre Smith,NYM,388,360,89,7,41,19,8,0.298969,0.366667
Mauricio Dubón,ATL,383,357,91,5,44,19,2,0.293963,0.355742
Jose Devers,CLE,517,483,104,10,60,26,6,0.263056,0.335404
Nate George,BAL,410,371,89,5,61,26,4,0.29602,0.358491
Nick Ahmed,,176,164,35,3,16,9,1,0.257143,0.317073
Rafael Ortega,,315,274,56,5,34,35,1,0.292994,0.310219
Noah Miller,LAD,509,472,105,6,55,31,2,0.271654,0.307203
Jean Carlos Sió,SFG,514,466,108,6,63,35,10,0.298828,0.328326
Alan Trejo,,366,335,75,8,40,21,4,0.275482,0.355224
Yohandy Morales,WSN,516,469,114,10,63,39,5,0.306202,0.371002
BJ Murray,CHC,497,436,92,12,51,55,4,0.303823,0.33945
Jancel Villarroel,SFG,447,404,93,6,47,28,12,0.297539,0.326733
Mitch Garver,NYY,282,244,47,8,26,32,4,0.294326,0.331967
Connor Burns,CIN,332,299,50,10,30,25,2,0.234043,0.311037
René Pinto,,282,264,56,11,33,14,2,0.255319,0.390152
José Barrero,BAL,375,343,69,12,39,22,7,0.261333,0.355685
Tyler Freeman,COL,418,363,96,5,52,33,17,0.350962,0.366391
Josh Crouch,,294,270,56,7,27,18,5,0.268707,0.32963
David Bañuelos,MIN,130,117,22,3,13,10,2,0.263566,0.307692
Braden Shewmake,HOU,374,343,72,7,41,23,3,0.263441,0.323615
Will Robertson,,416,376,83,16,49,32,5,0.288462,0.412234
Ismael Munguia,TOR,368,329,81,5,46,22,11,0.313187,0.337386
Darren Baker,,433,391,97,1,50,33,1,0.306792,0.30179
Julian Brock,TEX,347,321,69,4,37,19,4,0.26513,0.308411
Carlos Rodríguez,SDP,525,475,116,5,52,42,2,0.306513,0.324211
A.J. Vukovich,ARI,510,472,111,14,57,33,3,0.288235,0.379237
Rob Refsnyder,,224,195,44,6,24,23,4,0.316964,0.369231
Kellen Strahm,,421,372,82,5,47,42,2,0.300716,0.298387
Joe Lampe,,472,425,93,7,49,36,5,0.286325,0.331765
Jordan Groshans,ATL,407,370,88,4,39,32,3,0.302211,0.310811
Ty France,SDP,470,420,102,10,47,29,18,0.317021,0.364286
John Spikerman,NYM,263,231,47,2,25,23,6,0.291188,0.290043
Tristan Peters,CHW,513,461,108,9,60,44,4,0.304688,0.355748
Cade Marlowe,LAA,374,333,81,9,47,34,4,0.318182,0.384384
Jhonkensy Noel,,496,458,103,22,57,28,8,0.280242,0.414847
Brian Serven,ATH,252,224,45,3,22,22,4,0.281746,0.28125
Eric Haase,,251,230,50,6,23,17,1,0.272,0.334783
Ben Gobbel,LAA,452,418,98,12,50,22,9,0.286667,0.373206
Ariel Armas,CHC,384,351,70,4,25,26,6,0.265625,0.287749
Matt Thaiss,HOU,270,230,50,4,23,34,3,0.32342,0.321739
Druw Jones,ARI,575,524,121,4,66,41,3,0.287958,0.316794
Aramis Garcia,ARI,249,225,44,6,25,18,4,0.26506,0.306667
Bligh Madris,STL,379,338,71,9,41,36,1,0.285714,0.343195
Luca Tresh,KCR,350,317,72,10,33,26,2,0.287356,0.378549
Héctor Rodríguez,CIN,589,555,141,17,79,27,3,0.290816,0.4
Luis Guillorme,,290,255,55,1,24,32,1,0.304498,0.270588
Santiago Espinal,ARI,340,308,75,4,32,24,2,0.299703,0.327922
Nick Martini,,353,307,69,7,42,35,8,0.31728,0.351792
Derek Berg,PIT,346,305,56,6,34,31,6,0.270349,0.298361
Greg Jones,CHC,337,305,60,8,40,24,6,0.267857,0.321311
Ronaiker Palma,,224,207,51,1,20,13,1,0.292793,0.304348
Brooks Brannon,BOS,393,370,86,9,42,22,1,0.277354,0.354054
Keibert Ruiz,WSN,398,371,90,9,34,20,5,0.288945,0.361186
Brett Callahan,DET,280,256,57,8,34,15,6,0.27957,0.371094
Chase Davis,STL,487,435,92,8,49,43,7,0.291581,0.308046
Yohel Pozo,BAL,301,289,74,7,29,9,1,0.27907,0.387543
Kevin Newman,,297,272,68,2,33,17,2,0.295918,0.334559
Stone Garrett,,328,296,65,8,34,25,3,0.283537,0.358108
Maxwell Romero Jr.,WSN,321,289,55,7,23,21,5,0.254717,0.307958
Javi Vaz,KCR,491,425,100,4,57,44,6,0.314465,0.315294
Dayan Frias,CLE,478,425,88,7,47,44,4,0.285714,0.303529
Nick Mitchell,WSN,374,331,74,3,45,33,5,0.299465,0.308157
Avery Owusu-Asiedu,ARI,438,391,86,7,53,35,5,0.290323,0.335038
Ben McLaughlin,ARI,401,351,81,6,35,43,4,0.32,0.34188
Euribiel Angeles,ATH,507,473,120,5,47,24,4,0.294235,0.340381
Edwin Díaz,,341,309,60,12,37,27,4,0.266862,0.359223
Brett Sullivan,COL,319,290,69,5,36,23,2,0.294671,0.368966
Josh Kasevich,TOR,419,383,94,3,42,29,4,0.303103,0.310705
Blake Sabol,TBR,342,303,64,8,35,31,5,0.293255,0.336634
Devonte Brown,,371,326,66,9,40,38,5,0.293801,0.331288
Colin Tuft,BAL,284,247,49,3,29,27,8,0.297872,0.295547
Blake Rambusch,SEA,382,339,78,0,53,33,7,0.309711,0.280236
Ian Moller,TEX,348,311,56,4,27,34,1,0.262248,0.263666
Raylin Heredia,PHI,269,250,61,9,33,12,3,0.283582,0.412
J.T. Arruda,TBR,363,324,66,4,36,31,2,0.276536,0.287037
Ryan Lasko,ATH,464,414,84,5,44,39,8,0.282328,0.285024
Justin Dean,CHC,383,341,70,4,47,35,5,0.287206,0.293255
Noelvi Marte,CIN,478,439,113,15,60,31,5,0.311715,0.416856
Tanner Schobel,MIN,461,414,92,9,51,40,4,0.295011,0.342995
Hayden Senger,NYM,269,243,49,4,25,15,6,0.263158,0.292181
Jake Marisnick,,172,156,32,4,18,11,3,0.269006,0.346154
Trey Lipscomb,WSN,485,453,110,7,48,27,2,0.28719,0.342163
Jason Delay,BOS,249,230,51,2,20,14,3,0.274194,0.3
Amed Rosario,NYY,379,359,91,7,40,15,3,0.287599,0.370474
Jeron Williams,,271,251,57,4,26,15,3,0.276753,0.334661
Clark Elliott,ATH,450,387,84,8,49,48,11,0.318486,0.333333
James McCann,ARI,246,226,52,5,25,13,3,0.277551,0.349558
José Rodríguez,,359,341,84,7,44,15,2,0.281337,0.357771
J.D. Davis,,318,286,63,9,32,26,4,0.292453,0.363636
Logan Davidson,TBR,423,375,81,10,47,41,4,0.298578,0.349333
Eduardo Valencia,DET,407,370,90,16,49,28,4,0.300493,0.418919
Duke Ellis,NYY,292,262,58,4,37,20,3,0.283217,0.320611
Jose Ramos,NYM,469,425,90,15,51,36,4,0.277185,0.362353
Griff O'Ferrall,BAL,517,467,103,3,50,39,4,0.285156,0.286938
Francisco Mejía,,274,257,59,6,31,14,1,0.270073,0.350195
Erick Brito,PHI,388,348,77,2,38,24,6,0.282322,0.287356
Onil Perez,SFG,321,287,65,1,30,27,4,0.299065,0.289199
Ralphy Velazquez,CLE,591,543,130,20,74,41,5,0.2978,0.423573
Kyle DeBarge,MIN,545,489,101,7,67,46,7,0.282569,0.312883
Dru Baker,CHW,428,390,96,5,49,28,6,0.305882,0.330769
Nick Dunn,,385,348,84,6,41,31,3,0.307292,0.344828
James Triantos,CHC,506,466,113,6,61,29,6,0.29249,0.334764
Charlie Condon,COL,448,398,97,12,45,35,12,0.321429,0.39196
Jonah Advincula,CLE,388,333,72,4,42,43,6,0.315104,0.309309
Isiah Kiner-Falefa,BOS,411,380,98,3,41,20,5,0.302211,0.334211
Dub Gleed,TOR,305,266,62,3,25,30,7,0.325658,0.319549
Kemp Alderman,MIA,535,496,128,17,62,30,5,0.304673,0.417339
Luke Williams,ATL,316,288,61,6,36,22,3,0.272152,0.326389
Sammy Hernandez,STL,405,355,71,3,39,29,13,0.283208,0.259155
Ryan McCrystal,CIN,357,325,74,4,36,17,4,0.273775,0.335385
Sterlin Thompson,COL,497,445,113,12,58,37,12,0.325956,0.404494
Cavan Biggio,HOU,341,291,59,6,42,38,8,0.309735,0.312715
Ryan Jackson,SDP,548,481,102,4,46,54,8,0.300917,0.276507
DJ LeMahieu,,300,267,62,4,28,30,1,0.31,0.314607
Kervin Pichardo,WSN,413,375,78,9,39,26,6,0.268949,0.322667
Jason Matthews,CHW,341,299,56,3,36,28,6,0.268657,0.257525
Justin Turner,,0,0,0,0,0,0,0,0,0
Yuli Gurriel,SDP,0,0,0,0,0,0,0,0,0
Aaron Parker,TOR,281,260,55,8,29,16,4,0.266904,0.361538
C.J. Stubbs,TOR,289,255,44,7,32,23,9,0.263889,0.301961
Tomas Frick,,224,197,42,4,23,17,7,0.294643,0.319797
Eddy Alvarez,,302,259,53,6,36,26,9,0.297297,0.328185
Zyhir Hope,DET,545,488,105,12,67,51,5,0.295413,0.344262
Edward Duran,TOR,432,392,86,5,44,29,8,0.284722,0.313776
MJ Melendez,NYM,508,462,102,20,61,40,3,0.285433,0.409091
Connor Wong,BOS,333,303,72,7,37,23,4,0.298193,0.366337
Gavin Cross,KCR,478,440,98,13,56,31,3,0.27673,0.370455
Andrew Knizner,SFG,247,220,48,3,24,18,6,0.292683,0.3
Luis De Los Santos,,366,338,73,7,37,21,4,0.268493,0.322485
Deyvison De Los Santos,MIA,527,490,118,17,60,30,5,0.290323,0.381633
Bryan Broecker,TBR,233,200,35,2,20,27,3,0.281385,0.235
Oscar Gonzalez,,390,370,92,10,41,15,2,0.279487,0.394595
Stephen Scott,,297,266,54,7,33,26,3,0.279461,0.330827
Zach Dezenzo,HOU,302,274,66,9,40,23,3,0.304636,0.390511
Jimmy Herron,,379,340,75,7,42,29,6,0.291005,0.326471
Joe Hudson,,147,127,19,4,13,15,3,0.253425,0.267717
Cooper Kinney,TBR,513,478,111,12,53,29,3,0.278752,0.359833
Cooper Hummel,,357,304,67,8,43,45,6,0.330532,0.365132
Shane Sasaki,CIN,370,330,78,3,40,29,3,0.302198,0.318182
Luke Ritter,PHI,436,385,76,11,46,40,9,0.286697,0.327273
Hudson Haskin,,312,271,56,4,30,25,12,0.3,0.302583
Seth Brown,,332,302,68,14,32,27,2,0.292169,0.410596
Jason Schiavone,HOU,296,252,38,5,39,33,10,0.273649,0.253968
Will Simpson,TBR,497,453,104,14,51,37,2,0.288306,0.375276
Cody Roberts,,223,201,41,3,23,16,2,0.266968,0.293532
Max Wagner,TEX,401,363,75,6,38,30,4,0.273183,0.31405
Giancarlo Stanton,NYY,316,282,60,17,30,31,1,0.291139,0.429078
Keaton Anthony,PHI,404,371,95,7,37,25,6,0.311881,0.374663
Carlos Santana,,400,352,77,9,38,44,2,0.3075,0.338068
Jarred Kelenic,TEX,466,424,97,12,50,39,1,0.293991,0.372642
Austin Charles,KCR,383,346,74,6,40,24,5,0.271053,0.315029
Charlie Pagliarini,SEA,489,437,80,12,49,46,5,0.267894,0.324943
Chuckie Robinson,ATL,295,272,60,5,28,16,4,0.272109,0.3125
Jace Bohrofen,TOR,413,369,73,12,43,38,5,0.280872,0.355014
John Gil,ATL,513,464,103,6,67,41,4,0.289628,0.310345
Braylen Wimmer,COL,540,491,128,11,64,30,10,0.314019,0.384929
Cameron Sisneros,HOU,360,317,72,8,29,32,8,0.311111,0.350158
Jesús  Báez,STL,457,420,94,13,53,30,4,0.280088,0.35
Nicky Lopez,TEX,351,313,78,1,37,29,4,0.318966,0.319489
Danny Serretti,ARI,351,313,64,4,34,30,4,0.28,0.29393
Joshua Palacios,PIT,328,293,68,8,34,26,6,0.306748,0.361775
Calvin Harris,CHW,334,308,67,3,36,22,2,0.272455,0.292208
Miguel Andujar,SDP,386,359,92,9,39,22,2,0.300518,0.387187
Carlos Sanchez,CIN,503,443,102,6,50,44,2,0.301426,0.320542
Anthony Seigler,BOS,392,335,75,7,46,50,3,0.327366,0.349254
Orelvis Martinez,,459,412,83,18,47,36,7,0.27451,0.381068
Axiel Plaz,PIT,314,286,58,9,29,20,5,0.264331,0.342657
Jose Cordova,COL,323,288,67,4,33,28,4,0.308411,0.329861
Niko Goodrum,,259,221,46,4,27,35,2,0.320463,0.307692
Travis Blankenhorn,,381,345,70,13,37,28,6,0.273684,0.368116
Payton Green,MIA,399,361,84,6,37,28,5,0.29397,0.34072
Tom Murphy,,83,75,17,3,9,7,0,0.289157,0.4
Cade Hunter,CIN,352,315,61,7,37,29,6,0.273504,0.292064
Coco Montes,,413,375,84,8,44,31,4,0.288136,0.341333
David García,MIL,281,247,45,1,26,25,8,0.27758,0.234818
Tyler Wade,,328,288,65,3,41,31,3,0.306502,0.298611
Poncho Ruiz,MIN,353,315,66,1,32,34,2,0.288952,0.288889
Caleb Cali,SEA,471,424,83,13,47,40,4,0.269639,0.337264
Anthony Rendon,LAA,143,123,28,2,14,14,3,0.314685,0.325203
Matt Kroon,,325,290,68,8,35,24,5,0.30031,0.375862
Mark Kolozsvary,PHI,111,99,17,3,10,8,4,0.261261,0.30303
Eguy Rosario,,381,345,70,11,41,31,3,0.272966,0.356522
José Devers,,299,274,64,3,35,18,4,0.288591,0.332117
Jorge Burgos,,431,393,82,16,44,31,4,0.271462,0.384224
Will Banfield,CIN,355,331,72,8,34,16,3,0.256338,0.34139
Chad Wallach,ATH,249,224,46,6,22,19,3,0.274194,0.334821
Garret Forrester,MIA,287,248,53,1,22,29,8,0.313589,0.274194
Allan Cerda,,291,254,45,9,29,31,6,0.281787,0.34252
Paul McIntosh,PHI,341,304,68,8,34,29,6,0.302053,0.351974
Andruw Musett,BOS,398,363,78,7,36,30,3,0.278894,0.30854
David Hensley,,360,312,65,6,48,45,1,0.309192,0.326923
Joey Meneses,ATH,416,384,98,9,37,26,3,0.305288,0.390625
Justin Johnson,KCR,362,324,67,5,36,27,6,0.277778,0.296296
Kristian Robinson,ARI,474,418,91,10,51,49,5,0.305907,0.339713
Will Taylor,PIT,415,368,79,9,55,33,10,0.2954,0.355978
Andre Lipcius,,464,417,97,12,49,39,4,0.301724,0.366906
Mat Nelson,,291,256,45,6,25,22,10,0.265517,0.273438
Eli Wilson,,148,135,26,4,13,8,2,0.246575,0.311111
Dustin Dickerson,KCR,446,387,80,4,44,48,5,0.300905,0.268734
Callan Moss,PIT,537,479,114,10,62,48,6,0.312849,0.373695
Hunter Bishop,,386,353,79,6,45,22,6,0.278646,0.334278
Garrett Hampson,CIN,264,233,52,3,35,23,2,0.296154,0.309013
Austin Barnes,,126,111,23,1,12,11,2,0.288,0.27027
Rosman Verdugo,SDP,536,477,91,14,57,49,7,0.274766,0.324948
Jose Iglesias,,315,291,71,3,30,15,5,0.290735,0.319588
Trent Farquhar,,346,298,62,1,35,36,7,0.307018,0.268456
Tai Peete,STL,579,538,118,12,58,36,1,0.268166,0.351301
Zander Darby,SFG,326,288,60,6,36,27,5,0.283077,0.322917
Kendall George,LAD,539,479,114,3,78,54,2,0.315985,0.294363
Cameron Barstad,PIT,288,262,54,6,22,18,6,0.270833,0.328244
Michael Turner,CHW,305,272,57,1,24,29,2,0.288525,0.268382
Omar Narváez,,246,216,45,3,19,25,3,0.296748,0.296296
Zane Zielinski,SFG,494,442,90,2,55,33,11,0.274029,0.253394
Drew Swift,ATH,422,376,84,1,43,33,3,0.290557,0.279255
Jake Holton,,432,386,87,11,50,35,9,0.303241,0.360104
Felix Stevens,,392,352,73,14,43,32,6,0.283163,0.375
Malcom Nuñez,,402,364,87,7,39,27,5,0.29602,0.348901
Rio Foster,LAA,394,347,76,9,43,36,10,0.309645,0.360231
Mitch Jebb,PIT,499,447,110,0,48,41,2,0.309717,0.295302
Dakota Harris,STL,463,429,102,7,53,17,9,0.280088,0.328671
Griffin Lockwood-Powell,LAD,344,306,63,7,32,33,3,0.287791,0.320261
Nick Kahle,,109,97,20,2,10,7,2,0.271028,0.309278
Jose Herrera,,266,227,44,3,25,27,1,0.280156,0.264317
Matt O'Neill,ARI,210,187,36,3,21,21,1,0.27619,0.299465
Will Bush,HOU,437,384,75,13,44,43,9,0.290618,0.338542
Vaun Brown,,249,225,49,4,30,15,6,0.282258,0.333333
Rob Brantly,,129,117,27,2,12,7,4,0.294574,0.333333
Geovanny Planchart,TOR,247,219,41,2,22,24,2,0.271255,0.260274
Jose Rojas,,395,353,74,15,41,37,3,0.288608,0.399433
Cam Collier,CIN,478,426,98,11,54,45,5,0.309623,0.361502
Josh Rivera,TOR,423,380,74,6,40,37,2,0.268409,0.278947
Seby Zavala,DET,245,217,37,6,21,22,2,0.251029,0.299539
Mark Canha,,312,270,61,6,30,28,11,0.320513,0.337037
Owen Miller,CHC,418,381,89,6,43,25,6,0.287081,0.335958
Yanquiel Fernández,NYY,494,459,104,15,52,29,3,0.275304,0.372549
Blaze Jordan,STL,539,500,122,13,60,31,5,0.293135,0.378
Felnin Celesten,SEA,483,446,100,7,53,32,2,0.277433,0.329596
Jake Fox,CLE,418,374,77,5,46,40,1,0.282297,0.31016
Travis Swaggerty,,226,202,40,2,23,22,1,0.278761,0.29703
Jamie Westbrook,,408,363,85,7,39,34,7,0.309582,0.341598
Ben Gamel,,298,259,58,7,35,34,3,0.319865,0.362934
Carlos Sanchez,MIA,217,197,41,2,26,17,2,0.276498,0.299492
Tucker Flint,LAA,492,432,89,13,58,48,8,0.295918,0.349537
Jake Lamb,,315,281,63,4,31,27,5,0.301587,0.316726
Eddie Micheletti Jr.,LAA,468,405,80,11,42,49,10,0.297009,0.34321
Michael Toglia,CIN,505,451,99,23,58,49,2,0.29703,0.421286
Keith Jones II,TEX,509,449,100,12,44,52,4,0.307692,0.367483
David Calabrese,TOR,457,413,83,11,45,34,3,0.266667,0.324455
Jordyn Adams,,455,410,86,10,53,32,4,0.271111,0.336585
Carter Howell,,458,417,97,5,49,29,7,0.292308,0.330935
Jose Torres,,393,362,80,9,44,22,4,0.2711,0.339779
Yordys Valdes,,405,375,77,6,40,20,3,0.25,0.301333
Carson McCusker,,432,398,89,14,45,28,4,0.280093,0.386935
Devin Saltiban,PHI,402,368,74,12,50,23,9,0.263682,0.347826
Zac Veen,COL,449,404,100,11,51,36,4,0.313199,0.39604
Austin Nola,,170,149,33,2,15,13,2,0.289157,0.302013
Dom Nuñez,CLE,268,229,38,4,24,33,3,0.278196,0.266376
Caleb Lomavita,WSN,429,394,87,4,35,16,15,0.275058,0.30203
Moisés Gómez,,443,405,85,13,45,30,4,0.268623,0.360494
Scott Bandura,SFG,512,460,105,6,68,41,7,0.299413,0.323913
Ben Hartl,CHW,340,296,58,2,36,17,24,0.291176,0.263514
Javier Báez,DET,383,362,84,9,40,13,5,0.266319,0.361878
Frank Rodriguez,LAD,200,183,36,3,20,12,3,0.256281,0.295082
Carlos Rojas,,274,247,53,2,21,17,3,0.27037,0.275304
Douglas Hodo III,,425,376,76,7,43,40,7,0.290094,0.31383
Matt Hogan,,280,242,45,4,27,26,7,0.281588,0.297521
Robert Moore,PHI,451,405,83,6,45,31,7,0.27191,0.303704
Freddy Zamora,MIL,400,356,77,4,42,35,5,0.29397,0.289326
Adam Hackenberg,,310,284,58,4,26,20,5,0.267742,0.285211
Casey Opitz,,260,232,40,4,21,23,3,0.254826,0.258621
Tim Elko,CHW,492,458,108,17,53,28,4,0.284553,0.39083
Jaison Chourio,CLE,435,379,83,3,45,51,2,0.312644,0.295515
Zach Humphreys,LAA,272,241,49,3,27,24,2,0.27881,0.286307
Corey Rosier,,396,353,79,4,45,35,4,0.299492,0.314448
Christian Bethancourt,PIT,234,220,44,6,24,9,1,0.233766,0.327273
Zach Morgan,SFG,289,259,53,3,25,22,3,0.272727,0.281853
Billy McKinney,,346,310,67,8,34,31,4,0.294798,0.341935
Sean Bouchard,,344,296,66,8,39,41,5,0.325581,0.371622
Tucker Barnhart,,148,131,25,1,11,14,2,0.278912,0.251908
Kevin Pillar,,212,195,43,5,27,10,4,0.268868,0.353846
Starling Marte,,296,267,69,5,33,19,7,0.322034,0.374532
Michael Pérez,,228,207,39,4,15,17,3,0.258772,0.285024
Nelson Velázquez,HOU,402,361,81,15,47,36,3,0.298507,0.396122
Julio Carreras,CIN,383,345,81,3,42,25,4,0.292553,0.330435
Kevin Made,WSN,415,376,80,3,37,28,5,0.274272,0.281915
Kai Roberts,SDP,371,320,65,5,41,33,5,0.286111,0.275
Tristin English,,421,390,95,10,42,22,7,0.294537,0.366667
Bryson Brigman,,326,299,74,4,37,19,4,0.30031,0.327759
Pascanel Ferreras,HOU,465,424,91,7,43,33,7,0.28172,0.330189
CJ Alexander,HOU,417,385,83,12,46,28,2,0.270983,0.376623
Jonny Butler,,376,338,69,5,35,33,4,0.281915,0.313609
Brennan Milone,ATH,504,448,103,12,57,47,5,0.30754,0.363839
Eloy Jiménez,,355,326,80,10,31,25,2,0.301408,0.380368
Keyber Rodriguez,TEX,481,445,97,4,48,26,4,0.26569,0.296629
E.J. Exposito,DET,438,402,85,11,45,26,5,0.265446,0.343284
Leo Balcazar,CIN,587,534,129,13,65,37,7,0.297251,0.353933
Orlando Arcia,,397,363,80,9,33,28,2,0.277078,0.341598
Pablo Aliendo,CIN,366,335,66,11,35,21,7,0.257534,0.343284
JT Schwartz,,394,352,80,6,38,32,7,0.302799,0.338068
Wyatt Hendrie,PIT,231,202,40,3,24,19,5,0.281938,0.282178
Rubel Cespedes,,445,415,94,9,40,26,2,0.274157,0.349398
Darrien Miller,MIL,360,299,53,5,38,41,17,0.309192,0.274247
Marco Vargas,NYM,470,421,90,2,56,43,2,0.287234,0.268409
Ethan O'Donnell,MIA,485,428,96,8,54,35,8,0.292632,0.331776
Jake Thompson,LAA,292,259,57,4,26,25,6,0.30137,0.332046
Will Holland,,317,280,57,6,39,26,7,0.285714,0.321429
Garrett Spain,MIN,473,430,85,11,46,33,6,0.262712,0.332558
Warming Bernabel,,481,453,112,9,52,21,4,0.284823,0.355408
Gavin Logan,ARI,264,232,43,5,21,23,5,0.270992,0.310345
Terrell Tatum,,421,370,74,4,47,42,4,0.28777,0.283784
Rayne Doncon,,318,291,60,7,28,24,1,0.267296,0.343643
Omar Martinez,LAA,430,386,79,13,44,39,3,0.281395,0.34456
Jorge Soler,,384,337,72,15,44,40,4,0.302083,0.394659
Josh Zamora,,385,352,73,8,37,24,4,0.264398,0.309659
Juan Flores,LAA,404,371,75,9,40,15,10,0.251256,0.312668
Kenny Castillo,ARI,333,312,71,4,25,13,2,0.259036,0.326923
Andy Weber,CHW,433,398,94,4,49,28,3,0.290023,0.31407
Ben Cowles,CHC,482,439,94,7,49,32,7,0.276507,0.316629
Andrew Navigato,DET,404,367,78,12,51,27,7,0.277228,0.367847
Sammy Siani,SEA,445,403,83,6,46,35,2,0.271493,0.300248
Chris Taylor,,305,268,56,6,33,29,5,0.296053,0.33209
Justin Connell,,239,209,45,4,26,22,5,0.303797,0.334928
Sam Ruta,KCR,321,287,57,5,26,28,3,0.274143,0.317073
Garrett Martin,NYY,399,362,71,12,45,23,11,0.263158,0.345304
Peter Burns,LAA,123,108,20,1,10,12,3,0.284553,0.231481
Archer Brookman,ATL,236,213,41,3,24,15,4,0.255319,0.267606
Capri Ortiz,LAA,462,420,93,5,52,28,6,0.279121,0.307143
Chadwick Tromp,LAD,262,241,49,5,21,18,1,0.259542,0.307054
Nate Mondou,,444,389,90,4,40,41,7,0.313636,0.323907
Mario Camilletti,CHW,403,350,73,3,36,44,4,0.3025,0.271429
Jake Rucker,MIN,432,394,90,7,41,28,6,0.287703,0.340102
Nerwilian Cedeño,,308,283,60,5,37,19,3,0.267101,0.321555
Alex Binelas,PHI,371,333,70,10,41,34,2,0.285714,0.351351
Brett Auerbach,,310,280,60,5,31,25,3,0.28479,0.314286
Eric Yang,,128,115,22,1,8,10,3,0.273438,0.252174
Quinn McDaniel,MIN,472,423,89,8,53,40,5,0.285106,0.319149
Abrahan Gutierrez,NYY,232,212,46,3,19,15,4,0.280172,0.29717
Phil Clarke,,277,243,56,3,28,27,5,0.31769,0.304527
Riley Adams,WSN,278,250,53,8,26,20,6,0.284173,0.36
Chandler Seagle,,195,181,32,1,14,8,3,0.222798,0.237569
Trayce Thompson,,326,291,59,9,33,31,2,0.282209,0.353952
Jacob Gonzalez,PIT,529,480,107,7,48,34,7,0.280835,0.320833
Jesus Hernandez,MIA,365,330,68,4,35,29,4,0.277473,0.312121
Oswaldo Linares,SDP,234,206,39,2,20,20,4,0.272727,0.26699
John Garcia,HOU,343,301,58,5,28,26,12,0.281525,0.282392
Elias Díaz,TEX,296,270,62,6,26,20,2,0.285714,0.348148
Ryan Cesarini,CLE,452,400,85,4,44,38,9,0.292035,0.3025
Jesus Ordonez,,153,140,28,2,13,7,3,0.253333,0.292857
P.J. Hilson,,343,319,73,8,47,14,6,0.272727,0.354232
Quincy Hamilton,,367,326,65,9,38,34,4,0.281421,0.337423
Mario Gomez,,175,156,33,3,15,13,3,0.281609,0.320513
P.J. Higgins,CIN,360,330,75,5,30,24,3,0.284123,0.321212
Zach Levenson,STL,453,404,88,11,48,41,6,0.298013,0.344059
Kyle Hayes,WSN,152,128,20,1,10,14,7,0.273333,0.21875
Carter Dorighi,SEA,507,470,103,1,57,28,6,0.270217,0.289362
Tres Gonzalez,,405,359,85,2,36,32,6,0.309045,0.292479
Jordan Walker,STL,530,481,114,15,53,40,6,0.301887,0.384615
Ruben Ibarra,CIN,407,364,75,17,39,31,10,0.285012,0.381868
Caden Kendle,MIN,385,350,76,7,46,23,9,0.280519,0.342857
Pedro Pineda,ATH,360,330,70,9,32,24,3,0.270195,0.348485
Blake Burke,MIL,574,519,126,14,52,45,6,0.308362,0.371869
Justice Bigbie,DET,464,423,107,8,51,33,5,0.3125,0.35461
Tyler Dearden,,235,213,53,3,19,17,3,0.310638,0.347418
Brennen Davis,SEA,274,241,47,10,30,21,10,0.284672,0.360996
Jason Heyward,,274,247,50,6,30,21,3,0.270073,0.327935
Gavin Collins,,267,241,52,3,24,18,4,0.279245,0.298755
Yohendrick Piñango,TOR,516,468,107,12,51,43,3,0.296512,0.363248
Malcolm Moore,TEX,269,239,45,4,25,18,8,0.263941,0.280335
Dasan Brown,,415,370,72,6,49,31,9,0.272506,0.294595
Chris Okey,,176,165,35,3,16,7,2,0.251429,0.30303
Nick Podkul,,245,214,41,5,24,26,5,0.293878,0.299065
Addison Kopack,,123,110,22,1,12,10,1,0.270492,0.309091
Grant Richardson,,358,328,69,10,40,23,4,0.269663,0.35061
Chris Brito,KCR,263,226,51,4,22,29,2,0.315385,0.318584
Julio E. Rodriguez,,224,204,42,5,18,16,3,0.272321,0.313726
Romeo Sanabria,SDP,504,456,107,12,52,40,1,0.294235,0.361842
Jose Cordoba,,296,272,61,3,32,16,5,0.278912,0.327206
Brian O'Keefe,,266,241,44,7,25,22,1,0.25283,0.315353
Jack Pineda,KCR,287,257,56,1,29,18,5,0.281139,0.276265
Kobe Kato,,248,217,42,3,23,27,3,0.290323,0.281106
Carter Trice,CHC,394,345,66,13,43,42,5,0.286802,0.35942
Jay Harry,TOR,411,375,76,8,41,27,7,0.26764,0.312
Tyresse Turner,CLE,283,247,48,2,36,25,4,0.277978,0.255061
Elijah Green,WSN,419,388,75,13,57,28,3,0.252983,0.337629
Albert Almora Jr.,,361,333,81,4,38,21,2,0.290503,0.342342
Ivan Melendez,,414,378,83,13,38,25,9,0.282609,0.362434
Drew Ellis,,324,286,55,9,31,33,4,0.283951,0.335664
Carlos Colmenarez,TBR,360,315,59,6,35,32,8,0.27809,0.279365
Max Holy,HOU,395,346,62,2,42,43,3,0.273418,0.231214
Tommy Pham,PHI,357,318,75,7,38,34,2,0.310924,0.352201
Jeimer Candelario,LAA,404,364,73,11,39,31,6,0.272277,0.351648
Anthony Stephan,CIN,400,357,78,8,39,30,9,0.29397,0.344538
Keshawn Ogans,,381,344,77,2,31,26,8,0.292105,0.290698
Eli Serrano III,NYM,400,357,73,8,45,35,5,0.2825,0.336134
Michael Snyder,,447,386,84,4,41,50,8,0.317673,0.292746
Tommy White,ATH,405,379,90,10,40,20,4,0.281481,0.361478
Garrett Cooper,,312,283,65,7,22,23,4,0.294872,0.360424
Adrian Del Castillo,ARI,418,377,87,13,45,35,3,0.299043,0.395225
Charlie Szykowny,SFG,501,462,103,10,56,19,16,0.275449,0.348485
Yophery Rodriguez,BOS,505,459,100,6,48,42,2,0.285149,0.326797
Juan Benjamin,CLE,410,375,86,3,41,28,3,0.286765,0.304
Patrick Clohisy,ATL,548,501,119,6,58,36,8,0.297445,0.323353
Patrick Winkel,,285,265,57,6,20,18,1,0.266667,0.328302
Austin Murr,PHI,369,329,71,7,42,30,6,0.290761,0.340426
Miguel Bleis,BOS,483,445,92,12,54,31,6,0.267081,0.334831
Gavin Sheets,SDP,452,409,96,15,40,37,3,0.300885,0.396088
Andrew Pintar,MIA,393,357,82,6,40,29,4,0.293367,0.338936
Curtis Washington Jr.,SEA,347,316,61,3,39,21,5,0.252907,0.275316
Nick Senzel,,371,332,72,9,40,32,4,0.291105,0.343374
Luke Mann,ATH,494,443,85,12,46,38,8,0.265182,0.327314
Esteban Mejia,TEX,358,326,69,5,31,26,4,0.276536,0.306748
Travis Honeyman,STL,368,323,73,2,47,30,12,0.3125,0.30031
Orlando Martinez,TEX,371,336,77,4,36,28,1,0.287263,0.324405
Ernesto Martinez Jr.,NYY,382,342,77,8,39,32,6,0.301047,0.347953
Brady Lindsly,,218,192,37,3,16,16,2,0.259434,0.270833
Onix Vega,,213,191,40,2,20,18,2,0.28169,0.282723
Estarling Mercado,NYM,218,195,38,6,22,18,4,0.275229,0.34359
Dairon Blanco,,318,281,64,5,46,21,7,0.29582,0.330961
David Fletcher,,335,314,69,2,26,16,2,0.260479,0.273885
Cole Gabrielson,NYY,279,247,46,6,22,25,6,0.275986,0.299595
Michael Conforto,CHC,397,347,73,11,43,41,6,0.302267,0.357349
Slade Caldwell,ARI,568,491,101,3,73,62,11,0.306878,0.291242
Yasmil Bucce,BAL,406,354,68,10,39,44,6,0.29064,0.324859
Aaron Bracho,,357,326,66,10,33,24,4,0.263305,0.337423
Cade Doughty,ATL,410,377,84,7,37,21,5,0.270936,0.32626
Brett Squires,KCR,464,421,94,9,43,34,6,0.288793,0.349169
Rowdy Tellez,ATL,360,327,77,14,33,28,2,0.297222,0.40367
Jordan Dissin,PHI,282,251,48,3,28,25,5,0.276596,0.25498
Viandel Pena,DET,344,314,66,3,36,25,0,0.267647,0.292994
Yoyner Fajardo,,375,343,79,3,40,26,3,0.289544,0.303207
David Fry,CLE,322,284,61,10,33,27,7,0.29595,0.376761
Jose F Miranda,,412,379,85,9,35,25,5,0.279126,0.348285
Jose Fernandez,ARI,528,497,117,10,52,23,3,0.272901,0.354125
Luken Baker,,437,384,81,17,41,47,2,0.297483,0.385417
Leonel Espinoza,CHC,473,437,100,7,58,26,7,0.28178,0.327231
Bennett Thompson,CLE,381,341,70,4,38,30,6,0.278215,0.29912
Ryan Spikes,TBR,412,385,84,11,44,18,5,0.260976,0.350649
Samuel Zavala,CHW,530,469,99,9,58,51,4,0.292776,0.313433
Nick Schwartz,,116,109,23,1,10,5,0,0.245614,0.275229
Ezequiel Pagan,,381,354,85,7,37,17,6,0.28496,0.347458
Konner Piotto,,196,173,35,2,18,16,4,0.282051,0.271676
Travis Jankowski,NYM,179,157,33,1,22,18,2,0.297753,0.261146
Aaron McKeithan,,220,191,39,3,15,17,7,0.288991,0.272251
Trey Mancini,LAA,327,296,67,9,34,22,6,0.29052,0.361486
Colby Smelley,,242,219,48,2,18,16,5,0.286307,0.292237
Yolmer Sánchez,LAA,390,338,65,4,36,41,5,0.286822,0.266272
Billy Amick,NYM,267,235,50,5,33,21,8,0.29588,0.344681
Jean Walters,ARI,317,286,62,2,28,17,1,0.262295,0.297203
Theo Hardy,TEX,171,148,25,1,19,17,3,0.266272,0.236486
Daniel Cope,,136,122,27,2,12,11,2,0.294118,0.327869
Patrick Lee,DET,354,314,57,6,38,32,7,0.271186,0.286624
Chase Adkison,,179,156,35,2,16,16,4,0.308989,0.307692
Ben Ross,MIN,484,439,90,11,50,37,3,0.268595,0.328018
Jose Ramos,SFG,300,267,53,3,38,25,5,0.277592,0.284644
Luis Caicuto,PHI,189,171,37,1,15,9,6,0.278075,0.269006
Brennan Orf,,183,158,29,2,19,22,3,0.295082,0.291139
Jose Colmenares,CHW,409,368,72,10,42,30,6,0.265356,0.336957
Angel Ortiz,ARI,502,460,110,9,51,31,4,0.289421,0.367391
Christopher Familia,,243,222,46,8,30,16,4,0.271605,0.373874
John Taylor,TEX,249,230,47,1,23,15,4,0.26506,0.295652
Johnathon Thomas,WSN,370,330,71,2,43,16,11,0.273743,0.287879
Sandy León,ATL,190,166,25,4,11,18,2,0.240642,0.246988
Andrew McCutchen,,390,338,73,10,39,47,3,0.315385,0.343195
Luis Pineda,,229,217,45,5,20,10,1,0.244541,0.308756
Manuel Pena,ARI,519,489,121,8,50,23,3,0.283784,0.359918
Damon Keith,MIL,407,370,81,12,46,31,3,0.282555,0.375676
Colton Becker,KCR,387,330,73,1,37,34,3,0.298103,0.275758
Daniel Vellojin,TBR,293,260,46,5,21,27,3,0.261168,0.269231
Donovan Solano,,292,263,63,4,20,21,6,0.308219,0.334601
Ryan Johnson,,293,268,50,7,28,17,7,0.25256,0.30597
Diego Hernandez,,347,321,76,5,35,13,2,0.269231,0.333333
Dominic Pitelli,CIN,409,370,75,3,39,31,3,0.269136,0.278378
Anthony Sherwin,,236,211,36,4,15,22,2,0.254237,0.246445
Kasen Wells,SDP,419,382,85,3,53,31,4,0.287081,0.28534
Kendall Simmons,,245,224,44,6,23,14,5,0.257143,0.325893
Matt Higgins,,313,282,64,7,35,23,6,0.297125,0.35461
Robert Brooks,,155,141,24,3,8,11,2,0.23871,0.262411
Imanol Vargas,,401,358,79,8,40,39,2,0.299252,0.343575
Elis Cuevas,BAL,355,315,67,7,44,25,9,0.287749,0.314286
Antonio Gomez,NYY,274,252,50,4,23,17,2,0.252747,0.289683
Nick Lorusso,NYM,444,405,87,6,40,31,3,0.272523,0.320988
Jeremy Rivas,,504,456,94,5,49,35,7,0.271457,0.276316
Nick Biddison,PHI,297,264,53,6,29,22,9,0.283784,0.314394
Jackson Castillo,NYY,497,446,95,8,56,44,4,0.287726,0.311659
Matthew Lugo,KCR,483,450,102,13,56,25,6,0.275934,0.382222
Danyer Cueva,,178,168,35,2,22,6,1,0.237288,0.291667
Caleb Knight,,89,79,15,1,6,5,4,0.272727,0.265823
Ronaldo Hernández,,291,269,59,7,24,16,3,0.268041,0.342007
Angel Mateo,TBR,511,468,107,9,53,28,10,0.283757,0.34188
Diego Cartaya,,360,322,61,10,38,29,7,0.269444,0.319876
Miguel Villarroel,,368,346,80,2,42,14,3,0.265753,0.297688
Alexis Hernandez,TOR,311,282,61,6,34,22,5,0.283871,0.329787
Jake Gelof,LAD,395,356,64,11,50,34,1,0.250633,0.325843
Caleb Pendleton,,98,95,17,2,7,3,0,0.204082,0.263158
Max Ferguson,BOS,435,381,75,6,46,45,3,0.286047,0.288714
Jeffrey Mercedes,CLE,361,332,70,4,25,22,3,0.263158,0.301205
Lucas Spence,HOU,512,449,92,8,58,50,9,0.296078,0.320713
Eliezer Alfonzo,LAD,329,309,71,5,33,15,2,0.268293,0.313916
Casey Yamauchi,ATH,464,429,104,1,36,16,12,0.286957,0.296037
Marcus Brown,HOU,385,352,72,4,39,19,7,0.257895,0.289773
Kyler Fedko,MIN,481,425,93,12,54,48,4,0.301455,0.355294
Cortland Lawson,WSN,383,350,74,2,33,24,4,0.268421,0.268571
Andrew Velazquez,,362,330,64,6,38,22,1,0.24507,0.290909
Maxton Martin,TEX,521,478,104,12,67,34,7,0.278311,0.368201
Alex De Goti,,341,299,60,2,31,32,4,0.284866,0.267559
Andy Lugo,MIN,366,339,78,5,37,20,5,0.281421,0.348083
Ryan McCarty,PIT,415,374,78,6,39,30,8,0.279518,0.312834
Jacob Burke,CHW,333,298,63,3,33,20,10,0.281818,0.288591
Nic Kent,COL,404,364,84,3,37,24,7,0.288945,0.299451
J.J. D'Orazio,LAA,333,309,67,4,28,19,2,0.26506,0.304207
Sam Praytor,,191,169,33,3,14,15,3,0.271277,0.284024
Myles Emmerson,,279,254,50,3,24,20,2,0.259928,0.279528
Matt Lloyd,BOS,370,328,75,7,38,35,2,0.303523,0.353659
Ambioris Tavarez,ATL,455,410,85,6,42,35,8,0.281319,0.282927
Gleider Figuereo,TEX,511,471,91,18,50,33,5,0.252446,0.339703
Anyelo Encarnación,STL,445,401,80,6,40,36,4,0.271493,0.289277
Bryce Arnold,,339,300,57,8,41,28,9,0.277286,0.316667
Dylan Shockley,,150,133,22,1,11,11,4,0.248322,0.203008
Justin Wishkoski,,377,340,74,4,40,22,12,0.288,0.297059
Eduardo Lopez,,250,227,45,6,27,19,2,0.264,0.325991
Logan Tanner,CIN,235,210,34,3,21,22,0,0.240343,0.247619
Tyler Tolve,,258,240,47,8,26,13,3,0.244186,0.341667
John Cristino,,197,182,34,4,28,7,6,0.238579,0.302198
Frainyer Chavez,TEX,412,371,79,4,41,33,3,0.281174,0.283019
Justin Boyd,,113,99,17,0,11,10,2,0.261261,0.222222
Tim Anderson,,337,318,76,2,32,14,3,0.276786,0.292453
Oscar Colás,,447,412,91,12,44,29,3,0.275168,0.356796
Wilfred Veras,,528,490,112,14,53,29,5,0.276515,0.365306
Adam Frazier,LAA,370,335,76,5,36,25,5,0.288043,0.319403
Juan Yepez,,411,374,89,12,41,30,3,0.296837,0.387701
Eddinson Paulino,NYM,427,394,80,10,41,27,4,0.259953,0.329949
Lyle Lin,,117,104,19,0,9,8,4,0.264957,0.211538
Adam Hall,,283,253,53,1,26,18,10,0.286219,0.268775
Jacob Sharp,TOR,254,227,43,4,23,15,9,0.265873,0.277533
Hunter Fitz-Gerald,SEA,400,370,81,7,39,27,3,0.2775,0.335135
Jake Anchia,,258,243,47,5,24,10,3,0.232558,0.296296
Josh Moylan,NYY,467,412,82,8,42,46,6,0.286938,0.305825
Felix Reyes,PHI,416,393,100,11,49,15,3,0.283654,0.399491
Matt Coutney,,463,417,91,12,43,34,7,0.286334,0.359712
Freili Encarnacion,BOS,475,445,102,14,56,16,12,0.273684,0.377528
Eddie Rosario,,327,301,67,9,34,22,0,0.273006,0.372093
Yeiner Fernandez,LAD,448,407,96,3,45,30,8,0.299107,0.304668
Max Burt,DET,303,276,53,4,36,17,6,0.252492,0.282609
Bryan De La Cruz,PHI,477,442,105,15,46,29,3,0.287212,0.382353
Garrett Pennington,DET,414,386,87,11,52,18,8,0.272947,0.378238
Randal Grichuk,CHW,327,302,68,11,39,20,3,0.278287,0.390728
Mike Ford,,314,276,58,9,28,33,4,0.302548,0.351449
Cole Fontenelle,LAA,412,370,69,9,41,27,12,0.262136,0.302703
Troy Schreffler Jr.,,229,209,41,5,29,14,3,0.254386,0.311005
Mike Sirota,LAD,298,259,54,8,45,33,3,0.302013,0.355212
Damiano Palmegiani,,436,385,75,12,43,36,12,0.28211,0.34026
Adam Zebrowski,ATL,375,344,70,8,31,25,4,0.264,0.31686
Josh Caron,SEA,346,322,56,5,29,18,4,0.225434,0.257764
Trey Paige,STL,397,359,74,4,44,31,2,0.271574,0.303621
Connor Joe,SEA,338,295,61,4,36,37,5,0.304734,0.315254
Tommy Hopfe,COL,451,399,90,8,41,28,16,0.299776,0.33584
Lamar King Jr.,SDP,448,408,91,5,45,29,9,0.287946,0.321078
Yamal Encarnacion,HOU,281,252,55,3,32,23,1,0.285199,0.297619
Justin Janas,,407,371,88,4,37,19,15,0.299754,0.318059
Jay Allen II,CIN,491,436,90,9,52,36,13,0.284836,0.309633
Nate Nankil,ATH,535,488,117,2,55,34,10,0.300935,0.307377
Brady Allen,,419,378,78,9,43,33,5,0.27685,0.335979
Alejandro Nuñez,HOU,437,403,91,6,44,23,3,0.270833,0.320099
Gavin Conticello,ARI,539,492,113,9,51,39,6,0.293135,0.351626
Phillip Sikes,,375,337,67,7,42,27,8,0.272,0.31454
Enrique Hernández,LAD,333,303,65,8,37,24,1,0.271084,0.339934
Jacob Nottingham,SEA,213,191,32,4,18,13,8,0.248826,0.272251
Spencer Nivens,KCR,489,436,95,10,48,47,1,0.292434,0.33945
Rainer Nunez,,421,391,95,10,40,25,3,0.292162,0.363171
Parker Chavers,,361,324,65,3,39,34,2,0.279778,0.274691
Carlos Pacheco,ATH,262,221,38,3,28,23,11,0.280156,0.253394
Micah Pries,,350,316,66,8,39,24,7,0.277937,0.348101
Wady Mendez,TEX,242,218,44,3,25,21,2,0.276859,0.284404
Darius Hill,,354,327,74,3,35,21,3,0.27762,0.314985
Johnny Tincher,,256,230,42,1,16,19,4,0.253906,0.23913
Johnny Ascanio,CIN,367,315,66,4,33,30,6,0.288136,0.28254
Tucker Toman,TOR,467,426,88,5,52,29,9,0.269807,0.293427
Tucker Mitchell,TEX,258,239,46,4,20,12,6,0.248062,0.284519
Nicolas Deschamps,,173,151,25,2,15,14,5,0.25731,0.251656
Devin Ortiz,WSN,464,417,90,5,45,35,5,0.283843,0.282974
Andrew Miller,,218,200,34,4,21,14,2,0.229358,0.26
Anthony Donofrio,SEA,340,306,56,3,32,28,4,0.258824,0.271242
Will Verdung,ATL,348,314,70,0,30,29,2,0.29023,0.267516
Kai Murphy,SDP,428,381,80,4,43,36,6,0.287059,0.288714
Quincy Scott,TEX,326,291,60,3,26,25,5,0.278638,0.278351
Davis Diaz,ATH,413,367,74,1,35,35,8,0.283293,0.26158
Wilfredo Lara,MIA,378,340,69,5,41,29,5,0.27321,0.308824
Kodey Shojinaga,PHI,351,313,63,1,30,33,4,0.2849,0.252396
Ryan Galanie,CHW,469,430,100,12,49,27,7,0.285714,0.369767
Drew Brutcher,HOU,444,405,90,4,43,35,2,0.286036,0.308642
Emaarion Boyd,MIA,409,363,82,3,49,26,12,0.29703,0.305785
Nick Gordon,,301,279,68,6,34,14,4,0.286667,0.383513
Matthew Batten,,424,385,77,7,40,32,3,0.265403,0.298701
Garret Guillemette,HOU,355,323,65,9,37,24,6,0.267606,0.325077
Jorel Ortega,,415,372,76,8,42,35,4,0.27845,0.322581
Caden Rose,BOS,294,259,47,5,32,21,12,0.273038,0.281853
TT Bowens,,363,332,70,11,36,25,4,0.272727,0.358434
Cade Fergus,,332,291,51,11,39,26,10,0.264438,0.323024
Junior Franco,ARI,349,323,77,6,33,22,2,0.289398,0.349845
Alexander Vargas,,430,403,89,9,46,20,3,0.261072,0.344913
Ricky Cabrera,CIN,369,333,74,7,38,19,11,0.284932,0.339339
Carter Kieboom,PHI,378,345,85,8,40,28,3,0.306878,0.35942
Andy Perez,COL,564,532,130,8,61,18,3,0.271583,0.351504
Sebastián Rivero,LAA,288,265,54,5,24,13,4,0.25,0.313208
Jalen Battles,,271,250,50,2,29,14,4,0.252788,0.26
Darick Hall,,369,336,72,10,31,28,3,0.279133,0.342262
Trace Willhoite,,433,384,72,15,57,33,12,0.270208,0.346354
Jake Cunningham,SDP,317,289,54,4,30,23,3,0.253165,0.273356
Kyle Farmer,ATL,316,291,64,6,27,17,6,0.275316,0.329897
Eric Brown Jr.,MIL,337,307,59,3,33,23,5,0.25816,0.260586
Ethan Murray,MIL,395,352,70,5,40,34,5,0.277354,0.289773
Jordan Sprinkle,CHW,400,350,71,2,42,32,5,0.277635,0.254286
Edwin Rios,,412,369,77,15,45,36,4,0.283981,0.382114
Zach Evans,,549,510,114,4,47,30,4,0.270567,0.286275
Je'Von Ward,,397,348,69,8,51,45,1,0.289673,0.321839
Stephen Paolini,,327,295,58,5,33,26,4,0.269113,0.291525
Andy Yerzy,STL,225,203,38,4,16,19,2,0.262222,0.285714
Alex De Jesus,,383,348,71,5,37,30,3,0.27154,0.304598
Nate Baez,BOS,391,352,84,8,43,30,6,0.306905,0.372159
Roberto Campos,DET,459,424,97,7,49,29,3,0.281046,0.34434
Nick Pratto,SDP,445,394,79,11,46,41,5,0.282167,0.332487
Connor Caskenette,MIA,250,220,47,0,20,25,3,0.3,0.268182
Ben McCabe,,192,170,28,0,11,9,11,0.251309,0.223529
Carter Frederick,KCR,422,383,81,2,50,33,5,0.281991,0.305483
Josh Breaux,,230,213,43,6,21,14,2,0.256522,0.333333
Wade Stauss,,99,85,12,0,5,8,5,0.255102,0.164706
Joe Redfield,,221,195,39,1,18,12,5,0.262911,0.276923
Kevin Kilpatrick Jr.,ATL,461,420,90,3,54,32,6,0.277657,0.285714
Aaron Zavala,TEX,494,431,89,9,52,51,7,0.298174,0.320186
Tyler Hardman,NYY,421,386,77,16,47,30,2,0.258907,0.370466
Aaron Sabato,MIN,412,373,79,12,36,32,5,0.281553,0.36193
Colin Barber,,385,348,72,7,35,28,6,0.275325,0.321839
Colin Davis,,260,237,42,5,23,17,4,0.243243,0.278481
Brody Moore,STL,410,377,84,2,43,22,4,0.271605,0.281167
Kyle Hess,,263,235,46,3,26,22,5,0.277567,0.302128
Jordan Nwogu,CHC,378,345,73,6,39,22,8,0.272487,0.307246
Bryce Willits,,367,334,71,4,32,28,2,0.275956,0.293413
Frederick Bencosme,BAL,431,390,81,5,41,29,3,0.266509,0.284615
Michael Curialle,,343,310,65,4,37,19,11,0.277778,0.306452
Luis Baez,,391,366,86,9,38,21,1,0.276215,0.368852
Jose Salas,MIN,352,318,68,6,36,18,5,0.265306,0.330189
Luis Mieses,,441,418,92,10,37,18,2,0.253968,0.349282
Jacob Buchberger,,396,363,78,6,43,30,2,0.277778,0.305785
Seth Beer,,361,321,69,8,33,25,12,0.293629,0.333333
Eriandys Ramon,CHC,238,226,42,3,24,9,3,0.226891,0.283186
Jack Rogers,,370,338,76,6,34,25,3,0.282609,0.343195
Alec Briley,CHW,450,418,88,10,42,27,2,0.26,0.34689
T.J. McCants,CHW,287,263,55,5,30,19,2,0.266667,0.323194
Christian Martin,,401,357,75,1,38,31,7,0.28392,0.266106
Hunter Renfroe,,349,317,69,9,31,28,2,0.283668,0.356467
Tres Barrera,,257,232,44,5,20,18,4,0.258824,0.275862
Mike Brosseau,,337,304,62,7,30,24,7,0.275964,0.302632
Hector Salas,HOU,308,268,55,1,34,28,2,0.284281,0.272388
Zach Kokoska,COL,351,315,65,11,43,25,8,0.28,0.368254
Jay Beshears,MIA,361,327,65,4,34,26,6,0.268698,0.29052
Jon Singleton,,387,335,64,10,38,48,1,0.29199,0.322388
Justin Riemer,ATH,307,254,51,1,32,44,7,0.333333,0.240157
Trevor Boone,,217,201,40,8,27,12,2,0.25,0.378109
Kyle Datres,,315,278,56,5,29,30,5,0.288889,0.294964
Jesus Valdez,ARI,274,257,54,5,26,13,2,0.251825,0.311284
Jefferson Valladares,,254,229,46,5,22,12,11,0.271654,0.323144
Hudson Head,,326,297,57,5,34,21,5,0.256173,0.296296
Tre Richardson III,STL,357,327,68,2,35,23,6,0.271709,0.275229
Bennett Hostetler,MIA,265,236,47,3,24,18,8,0.276515,0.283898
Albert Fabian,SDP,338,310,67,10,34,21,5,0.275148,0.364516
Jacob Stallings,BAL,215,193,36,3,15,16,4,0.261682,0.274611
Luis Marquez,TEX,285,263,55,3,25,16,4,0.263158,0.292776
Andrew Jenkins,DET,396,367,84,7,46,21,7,0.282828,0.337875
Lonnie White Jr.,PIT,367,329,65,8,42,27,9,0.275956,0.319149
Misael Urbina,,367,326,66,4,36,33,3,0.28022,0.312883
Reivaj Garcia,,429,400,95,1,43,19,2,0.273585,0.2925
Nate Rombach,WSN,302,283,53,5,24,16,1,0.231788,0.289753
Geraldo Quintero,,446,398,87,7,50,39,7,0.298206,0.324121
Connor Pavolony,,200,179,31,2,15,16,4,0.256281,0.251397
Oliver Carrillo,,314,280,54,9,33,26,6,0.273885,0.332143
Ben Newton,ATH,245,219,46,1,19,13,4,0.264706,0.283105
Manuel Margot,,314,288,70,4,32,20,3,0.297125,0.336806
Cole Roberts,,127,113,21,0,12,10,0,0.25,0.20354
Derlin Figueroa,KCR,524,475,101,9,53,38,3,0.273077,0.313684
Cade Bunnell,,347,308,54,7,26,36,2,0.26513,0.285714
Caden Connor,CHW,509,457,108,7,51,41,3,0.300395,0.326039
Ethan Workinger,,507,468,107,12,54,34,3,0.284024,0.361111
Luis Verdugo,SDP,377,345,69,4,30,24,2,0.254011,0.278261
Tyler McDonough,BOS,389,355,80,4,38,28,3,0.286082,0.31831
Drew Compton,,435,399,92,4,36,33,1,0.289655,0.313283
Drew Ehrhard,,243,223,51,5,19,12,3,0.276151,0.35426
Trevor Austin,HOU,424,378,75,4,37,34,11,0.283019,0.28836
Maikol Escotto,,325,304,64,6,38,13,4,0.250774,0.315789
Jalen Vasquez,,330,296,57,3,31,29,2,0.268293,0.283784
Ian Petrutz,STL,379,336,77,4,32,28,11,0.308511,0.315476
Ryan Burrowes,CHW,452,408,87,6,55,29,8,0.276169,0.29902
Andrick Nava,MIL,218,198,39,1,12,17,1,0.261468,0.252525
Kyle Nevin,LAD,403,368,83,8,46,29,3,0.28536,0.345109
Ronald Hernandez,NYM,431,392,80,6,44,32,5,0.271462,0.295918
Tyler Wilson,NYY,377,344,77,5,35,30,1,0.286472,0.299419
Jacob Campbell,,263,242,48,4,24,13,7,0.259542,0.285124
Alex Mooney,CLE,461,405,80,5,49,35,7,0.269316,0.291358
Drew Bowser,CHC,344,309,57,5,35,30,4,0.264535,0.281553
Jacob Wetzel,,329,293,56,6,37,31,3,0.27439,0.313993
Manuel Palencia,NYY,252,240,55,1,24,9,1,0.258964,0.291667
Peyton Williams,TOR,370,339,70,10,34,26,3,0.267568,0.342183
Juan Montero,BOS,132,116,21,0,10,11,4,0.272727,0.232759
Jared Dickey,ATH,503,447,105,6,49,43,7,0.308151,0.331096
Elijah Nunez,WSN,274,242,50,1,30,28,2,0.291971,0.260331
Patrick Wisdom,SEA,361,323,55,15,39,32,4,0.252078,0.356037
Bennett Lee,DET,238,211,28,3,18,21,4,0.222689,0.208531
Enmanuel Terrero,,256,231,47,4,28,16,2,0.258964,0.294372
Trey Faltine,CIN,174,156,25,1,14,11,3,0.22807,0.230769
Omar De Los Santos,,340,317,62,9,41,15,5,0.242604,0.328076
J.R. Freethy,TOR,379,329,65,5,47,40,9,0.300792,0.288754
Jacob Berry,KCR,486,440,101,7,49,35,7,0.294845,0.343182
Luke Gold,,394,363,77,10,47,19,10,0.269036,0.352617
Ronald Rosario,BOS,407,373,78,7,34,25,4,0.264198,0.308311
Ian Lewis Jr.,MIA,389,358,80,6,47,23,4,0.276486,0.335196
William Lugo,,451,409,85,8,41,34,5,0.274945,0.315403
Austin Callahan,,376,347,70,5,35,22,2,0.251337,0.299712
Jack Payton,SFG,295,263,55,5,34,23,7,0.288136,0.323194
Wilman Diaz,,337,308,64,5,37,22,3,0.265672,0.314935
Josh Hood,SEA,464,431,85,11,53,29,2,0.25,0.315545
Wilber Sanchez,,286,261,46,3,26,20,3,0.242105,0.245211
Fernando Caldera,,111,100,15,1,9,9,2,0.234234,0.23
Aidan Longwell,COL,475,434,106,8,43,30,5,0.298097,0.366359
Cody Morissette,MIN,412,374,73,7,41,28,3,0.254279,0.296791
Justin Gonzales,BOS,415,382,94,6,43,26,6,0.303614,0.358639
Samuel Munoz,LAD,537,484,101,13,58,44,3,0.275605,0.340909
Mac Guscette,ATL,281,256,49,2,17,17,5,0.252669,0.269531
DJ Stewart,,307,264,49,8,29,33,8,0.29316,0.314394
Drake Logan,,335,308,65,5,36,20,6,0.271642,0.301948
Eric Rataczak,,325,289,60,4,28,30,3,0.286154,0.294118
Victor Bericoto,SFG,499,463,112,12,51,30,2,0.288577,0.37149
Engelth Urena,NYY,473,421,75,10,51,41,8,0.262156,0.285036
Austin Deming,,327,299,57,9,30,23,5,0.259939,0.331104
Hogan Windish,,405,363,70,9,44,32,8,0.271605,0.316804
Blake Wright,COL,510,464,114,7,49,26,5,0.29,0.346983
Willy Vasquez,,385,364,83,7,36,18,2,0.267532,0.346154
Guillermo Williamson,,250,225,47,7,19,22,2,0.284,0.337778
Sam Brown,WSN,517,463,106,7,45,40,8,0.29845,0.336933
Rodolfo Nolasco,,399,359,70,9,36,32,5,0.26817,0.314763
Axel Sanchez,SEA,311,279,50,5,28,22,5,0.249191,0.272401
Jeremy De La Rosa,,365,339,72,8,34,23,1,0.263014,0.342183
Ethan Hearn,CHC,324,299,55,8,31,19,5,0.243827,0.311037
Cameron Decker,LAD,314,280,49,10,33,25,6,0.254777,0.335714
Aeverson Arteaga,SFG,498,465,91,7,39,24,2,0.236364,0.288172
Ali Camarillo,ATH,460,421,93,1,34,28,4,0.273523,0.273159
Joe Olsavsky,ATL,330,289,56,2,27,25,16,0.293939,0.259516
Jack López,,368,340,67,6,36,15,3,0.236111,0.291176
Jaylen Palmer,,439,393,73,10,46,39,6,0.268793,0.300254
Sean McLain,LAD,436,391,73,5,45,33,10,0.266667,0.268542
Nelly Taylor,BOS,504,445,89,6,53,53,3,0.287698,0.310112
Adrian De Leon,ARI,344,298,49,3,26,30,9,0.258824,0.234899
Colin Houck,NYM,522,476,91,10,60,36,6,0.254789,0.315126
Cole Foster,,272,249,42,4,23,15,6,0.232472,0.248996
Nick Cimillo,PIT,431,393,83,14,39,30,5,0.274419,0.389313
Jake Steels,,247,218,39,1,20,17,7,0.257143,0.224771
Won-Bin Cho,STL,440,395,85,5,45,34,5,0.284404,0.296203
Jake Snider,,356,307,60,2,41,35,9,0.294618,0.260586
Daniel Vazquez,KCR,516,465,105,2,54,41,1,0.288235,0.294624
Wilmer Flores,,370,332,73,9,33,29,5,0.289189,0.340361
GJ Hill,COL,247,221,43,5,19,16,5,0.262295,0.330317
Thomas Sosa,BAL,349,322,67,7,36,21,5,0.266476,0.326087
Nazzan Zanetello,BOS,389,347,62,8,43,35,6,0.264782,0.293948
Anthony Hall,,270,248,49,3,27,21,1,0.262963,0.28629
Carlos Arroyo,,169,156,27,2,12,8,4,0.230769,0.25
Mike Jarvis,PIT,321,294,57,4,36,16,5,0.245283,0.282313
Ryan Nicholson,LAA,503,446,94,14,50,45,6,0.289421,0.349776
Adrian Rodriguez,ARI,357,318,61,2,35,27,7,0.268362,0.245283
Omar Hernandez,KCR,322,295,60,1,28,14,3,0.245223,0.257627
Connor Scott,KCR,293,272,55,4,28,18,1,0.25256,0.316176
Coby Morales,NYY,484,449,101,7,47,30,4,0.278926,0.327394
Josh Kross,STL,438,401,79,12,47,24,10,0.257991,0.341646
Garrett Howe,CLE,389,347,68,2,37,31,4,0.267532,0.244957
Kaden Hollow,,355,308,63,3,33,35,3,0.289398,0.285714
Marcus Smith,CIN,346,305,52,8,33,33,3,0.255814,0.295082
Carter Cunningham,TOR,414,361,67,12,52,44,5,0.280193,0.32964
Mike Boeve,MIL,312,280,60,5,32,27,3,0.288462,0.310714
Ethan Long,SDP,220,200,36,4,17,17,2,0.25,0.265
Mitchell Daly,,320,287,50,3,26,23,3,0.24127,0.240418
Johnny Olmstead,MIA,485,443,93,10,62,31,5,0.267635,0.334086
Kyle Dernedde,CLE,262,236,44,1,20,15,7,0.251908,0.233051
Marvin Alcantara,BOS,527,491,112,3,52,29,3,0.273245,0.285132
Caleb Ketchup,,424,382,72,7,55,35,3,0.260664,0.287958
Jared Wegner,,266,238,44,5,25,20,5,0.259398,0.298319
Edwin Amparo,BAL,363,326,65,6,32,30,3,0.272222,0.303681
Diego Guzman,,210,188,34,1,18,10,1,0.225,0.25
David Mershon,LAA,369,323,59,2,32,40,1,0.273973,0.250774
Sean Barnett,SDP,264,238,45,6,28,17,8,0.265152,0.306723
Miguel Pabon,,274,246,45,2,23,21,3,0.253676,0.239837
Blayberg Diaz,MIL,265,249,52,0,21,11,4,0.25283,0.248996
Jordan Viars,,286,262,49,8,32,17,5,0.248252,0.324427
DJ Gladney,NYY,446,419,90,15,47,20,4,0.25618,0.377088
Hedbert Perez,TOR,355,322,62,12,32,31,2,0.267606,0.350932
Anthony Vilar,SDP,381,333,63,6,35,40,4,0.282322,0.282282
Luke Davis,PHI,316,264,42,6,25,47,3,0.291139,0.246212
Kevin Rivas,CLE,154,137,21,1,11,14,2,0.24026,0.218978
Arol Vera,LAA,444,407,83,5,38,24,4,0.253425,0.287469
Cal Conley,ATL,512,472,103,4,54,28,3,0.264822,0.290254
Nick Castellanos,,499,462,110,13,53,29,4,0.286573,0.376623
Victor Acosta,CIN,435,380,75,2,41,29,14,0.278302,0.263158
Alexander Ramirez,CHC,324,302,56,9,38,17,3,0.235294,0.317881
Yohairo Cuevas,NYM,445,394,77,2,42,42,7,0.283146,0.269036
Wes Kath,CHW,374,344,64,8,35,22,6,0.246649,0.302326
Boston Baro,NYM,473,439,94,4,48,28,2,0.262156,0.300683
Jairo Pomares,,345,323,70,8,33,16,3,0.259475,0.340557
Caeden Trenkle,,276,252,50,3,30,18,2,0.255474,0.277778
Josh Hatcher,,399,381,85,8,37,14,2,0.253133,0.333333
Lizandro Espinoza,ATL,450,413,78,10,53,25,5,0.242152,0.312349
Anderson De Los Santos,BAL,435,386,80,8,36,38,6,0.287703,0.323834
Pierce Bennett,,305,277,55,3,27,22,4,0.265574,0.277978
Anderdson Rojas,ARI,505,457,100,2,56,31,2,0.269231,0.282276
Dalvy Rosario,,334,306,64,5,39,17,2,0.253049,0.300654
Caleb Roberts,MIN,451,404,85,8,45,36,8,0.286031,0.334158
Brandon Drury,KCR,348,314,68,7,35,27,5,0.287356,0.347134
Brenny Escanio,,354,318,62,3,34,31,1,0.267045,0.264151
Yonatan Henriquez,NYM,444,402,83,7,53,37,2,0.276018,0.310945
Tyler Robertson,,287,254,50,4,28,17,6,0.261649,0.291339
Brian Kalmer,,369,334,64,10,37,31,2,0.262873,0.332335
Jakob Christian,SFG,437,397,84,11,62,26,8,0.270023,0.36272
Miguel Ugueto,STL,264,252,57,2,24,7,2,0.25,0.301587
Vance Honeycutt,BAL,455,412,71,6,44,36,3,0.243902,0.276699
Ivan Brethowr,PIT,430,369,70,5,55,39,21,0.302326,0.273713
Kris Bryant,COL,259,230,51,4,25,22,6,0.305019,0.317391
Zach Arnold,,344,323,63,9,33,14,5,0.238372,0.312694
Martín Maldonado,,216,194,33,5,15,13,3,0.233333,0.278351
Edgar Alvarez,CHC,432,392,85,7,39,34,3,0.282407,0.308673
Carson Jones,,358,327,54,7,37,23,5,0.229692,0.269113
Gavin Dugas,,356,315,56,4,31,23,16,0.266854,0.253968
Leandro Pineda,WSN,430,386,79,7,43,32,8,0.276744,0.316062
Shalin Polanco,PIT,416,378,76,9,37,28,3,0.260341,0.333333
Cam Fisher,,295,256,41,10,30,31,4,0.259386,0.304688
Carlos De La Cruz,,482,447,98,11,45,26,7,0.271784,0.348993
Logan Cerny,,359,329,60,8,38,24,5,0.247911,0.294833
Bryson Ware,PHI,397,363,76,10,47,25,6,0.270202,0.344353
Paul Witt,,227,208,41,5,21,12,4,0.253333,0.322115
Jackson Feltner,,267,237,41,6,24,22,6,0.259398,0.291139
Maick Collado,CLE,368,332,73,3,30,28,3,0.283379,0.289157
Tevin Tucker,COL,313,271,48,2,31,31,6,0.274194,0.236162
T.J. Schofield-Sam,,483,445,102,4,43,17,17,0.281574,0.314607
Peyton Stovall,CIN,309,277,53,2,25,28,2,0.268608,0.263538
Dylan Dreiling,TEX,491,446,91,11,44,41,1,0.270876,0.336323
Brenden Dixon,,269,240,45,5,25,24,3,0.268657,0.291667
Kevin Maitan,,273,252,52,3,23,16,3,0.260073,0.293651
Darlin Moquete,,328,300,63,7,40,18,4,0.262346,0.316667
Abel Bastidas,,234,218,44,2,23,12,1,0.24359,0.275229
Brenner Cox,WSN,337,299,51,7,34,26,6,0.249249,0.297659
Ryan Stafford,BAL,338,291,53,0,25,26,9,0.266667,0.243986
Sahid Valenzuela,,341,319,67,2,29,16,3,0.253687,0.263323
Samuel Gil,DET,419,376,77,1,45,37,5,0.28401,0.25
Luis Valdez,,269,248,51,1,33,12,2,0.246212,0.270161
Shawn Goosenberg,,383,354,76,6,41,22,5,0.26893,0.322034
Sam Shaw,TOR,333,298,57,6,38,32,2,0.273273,0.305369
Joe Naranjo,,420,370,74,4,38,43,3,0.287081,0.275676
Raudelis Martinez,,320,281,58,3,24,25,3,0.275641,0.27758
Isaiah Drake,ATL,504,465,102,5,45,34,2,0.27381,0.294624
Cole Urman,,276,252,50,3,23,19,1,0.257353,0.289683
Anthony Scull,LAA,531,490,109,11,57,23,12,0.272212,0.332653
Karson Simas,CHC,324,298,59,3,34,19,5,0.256966,0.261745
John Michael Faile,CIN,365,343,75,13,35,17,4,0.263014,0.38484
Carter Aldrete,,340,318,66,7,32,17,1,0.247788,0.327044
Carlos Franco,ATH,285,271,55,2,19,11,2,0.238596,0.258303
Carter Graham,CIN,411,380,78,9,41,19,8,0.255474,0.318421
Kalae Harrison,,187,172,29,1,19,11,1,0.221622,0.215116
Branden Boissiere,WSN,451,413,91,7,40,29,5,0.277162,0.324455
Gabriel Martinez,,405,376,82,5,34,23,4,0.269136,0.308511
Austin Hendrick,CIN,441,407,82,14,41,25,6,0.256236,0.339066
R.J. Yeager,,408,374,81,7,47,22,7,0.27027,0.315508
Kevin Graham,,271,249,47,3,23,18,2,0.247232,0.281125
Jose Perez,TBR,247,211,39,1,22,26,5,0.288066,0.246445
Angel Tejada,,233,222,45,3,23,7,2,0.232759,0.288288
Vincent Perozo,NYM,329,296,57,3,31,21,10,0.267477,0.273649
Reginald Preciado,CHC,352,328,65,3,31,16,5,0.245714,0.268293
Hunter Haas,,359,321,54,4,27,26,6,0.241573,0.246106
Jack Moss,HOU,214,194,45,0,18,16,1,0.28972,0.268041
Juan Chacon,,262,240,49,0,24,17,3,0.264368,0.266667
Jacob Jenkins-Cowart,MIA,332,305,56,3,31,22,3,0.243976,0.278689
Alexis Hernandez,CHC,291,265,49,3,30,22,2,0.251724,0.256604
Leandro Arias,BAL,362,322,67,4,31,26,6,0.277311,0.282609
Elio Prado,,347,313,61,5,32,23,6,0.261628,0.28115
Arturo Disla,TEX,441,409,86,11,35,25,6,0.265306,0.337408
Jordan Thompson,,424,388,77,9,42,25,7,0.257683,0.306701
Colby Jones,ATL,511,460,93,1,59,41,7,0.27593,0.232609
Hudson White,BOS,278,252,44,2,19,18,5,0.241877,0.238095
Miguel Palma,NYY,251,227,46,5,21,18,4,0.270916,0.30837
Lyle Miller-Green,,402,352,67,8,47,39,7,0.2825,0.309659
Erick Torres,KCR,511,458,101,3,49,31,7,0.279116,0.279476
Eduardo Guerrero,LAD,415,359,71,3,41,44,5,0.291971,0.259053
Cristian Gonzalez,,306,291,56,4,25,11,1,0.222222,0.264605
Jake Gatewood,,334,308,54,10,33,19,4,0.231928,0.324675
Alex Ramírez,CHC,456,419,84,5,49,34,2,0.263158,0.27685
Teo Banks,WSN,192,175,30,1,16,9,3,0.223404,0.222857
Zavier Warren,,437,394,79,10,40,35,4,0.270023,0.319797
Jack Hurley,ARI,401,372,74,7,38,20,5,0.2475,0.314516
Bryce Madron,,218,186,28,1,23,27,2,0.263889,0.193548
Anthony Gutierrez,TEX,396,363,84,2,47,21,7,0.285714,0.297521
Harrison Spohn,,319,290,50,3,21,26,1,0.241379,0.241379
Rafe Perich,TEX,420,376,72,5,35,38,3,0.269048,0.268617
Reylin Perez,,242,219,40,2,21,15,2,0.239496,0.26484
Chase Valentine,,288,259,47,2,28,19,3,0.243816,0.247104
Jackson Hornung,,431,393,86,7,47,30,5,0.280742,0.330789
Joe Vetrano,LAD,420,385,78,8,41,32,2,0.266667,0.316883
Jefrey De Los Santos,,323,293,56,5,29,22,4,0.255452,0.303754
Arxy Hernandez,,500,462,93,6,49,27,8,0.256,0.285714
Kenni Gomez,HOU,435,411,88,6,41,20,2,0.252874,0.313869
Rodney Green Jr.,ATH,500,452,83,10,48,41,4,0.256,0.307522
Tommy Sacco Jr.,,444,402,77,5,33,35,3,0.260181,0.271144
Antonis Macias,TEX,467,404,89,2,39,47,5,0.305195,0.289604
Maikol Hernández,,405,350,64,4,23,32,3,0.253197,0.26
Kay-Lan Nicasia,,316,280,43,8,31,31,3,0.243671,0.289286
Miguel Santos,,343,313,64,3,24,19,7,0.26393,0.271565
Sonny DiChiara,,323,285,53,7,24,30,6,0.275542,0.298246
Luis Sanchez,CHC,266,243,42,2,25,16,6,0.240602,0.238683
Evan Edwards,,296,263,48,6,19,25,5,0.263514,0.288973
Cody Schrier,MIA,310,287,59,5,33,18,4,0.26129,0.299652
Brayan Buelvas,ATH,420,385,77,7,39,28,5,0.261905,0.314286
EJ Andrews Jr.,,322,286,53,6,31,25,3,0.257143,0.307692
Trevor Werner,KCR,414,375,72,8,43,30,3,0.254854,0.32
Modeifi Marte,ARI,391,362,83,3,32,22,4,0.278772,0.30663
Milkar Perez,,374,336,66,3,28,33,3,0.272727,0.27381
Victor Figueroa,BAL,413,370,73,9,42,39,2,0.276029,0.332432
Alberto Rios,LAA,225,201,32,3,17,14,3,0.223744,0.233831
Diego Mosquera,,265,239,47,0,17,17,5,0.264368,0.225941
Jackson Ross,WSN,352,319,60,7,36,26,2,0.251429,0.31348
Luis Ravelo,,309,284,54,3,25,20,3,0.249191,0.260563
Nolan Clifford,,243,216,43,0,18,20,4,0.278008,0.236111
Jhon Diaz,TBR,429,396,78,11,43,26,3,0.25,0.330808
Korey Holland,,351,329,66,6,28,18,1,0.242857,0.31307
Jared McKenzie,,381,358,73,6,39,13,5,0.240741,0.307263
Adam Retzbach,,415,368,69,8,29,32,9,0.26764,0.30163
Juan Corniel,,348,320,64,1,33,18,3,0.248538,0.25625
Casey Cook,TEX,496,445,85,5,47,34,9,0.260692,0.27191
Skyler Messinger,COL,417,385,85,7,36,20,8,0.270983,0.324675
Carter Young,,396,368,72,3,29,21,3,0.243655,0.266304
Kamren James,TBR,282,256,48,4,26,15,7,0.250896,0.265625
Christopher Paciolla,,264,247,44,2,18,11,5,0.227273,0.246964
Haydn McGeary,,401,357,71,8,33,37,4,0.279302,0.305322
Donta' Williams,,294,263,47,2,25,25,5,0.261905,0.250951
Esmith Pineda,CIN,483,434,94,9,49,32,8,0.279749,0.331797
Yhoswar Garcia,,341,314,64,1,36,18,2,0.25,0.257962
Brayden Jobert,,373,332,59,7,33,29,9,0.260054,0.277108
Fernando Peguero,BAL,354,319,65,2,32,24,3,0.26361,0.260188
Dyan Jorge,COL,486,445,103,2,56,32,3,0.286307,0.285393
Bladimir Restituyo,,430,404,87,5,43,11,3,0.239905,0.29703
Brandon Pimentel,,347,326,70,4,29,9,10,0.256484,0.300613
Wyatt Hoffman,SDP,279,242,38,1,23,21,7,0.243542,0.202479
Cole McConnell,,389,349,68,5,38,30,9,0.275064,0.272206
Mairo Martinus,LAD,425,392,77,9,50,25,3,0.247059,0.311224
Andy Garriola,CHC,418,387,72,10,40,20,7,0.23741,0.315245
Drew Vogel,,418,377,60,8,33,27,9,0.230769,0.251989
Jose Sanabria,,198,181,31,1,16,13,2,0.233503,0.226519
Corey Collins,NYM,288,241,34,5,23,33,10,0.267361,0.228216
Johnfrank Salazar,,317,290,61,2,26,18,5,0.266667,0.275862
Titus Dumitru,PIT,468,430,90,6,44,30,6,0.269231,0.316279
Antonio Anderson,BOS,442,402,81,5,41,33,4,0.266968,0.288557
Ryan Wrobleski,,258,236,45,4,21,14,7,0.255814,0.283898
Alfredo Velásquez,,370,354,81,1,40,10,1,0.251366,0.274011
Mason Guerra,ATL,413,372,69,10,34,35,4,0.261501,0.298387
Nathan Hickey,BOS,475,418,89,12,46,50,4,0.301053,0.358852
Nathan Martorella,,530,476,96,12,51,46,4,0.275472,0.321429
T.J. White,WSN,472,435,91,11,35,31,3,0.26483,0.331034
Elvis Rijo,,163,144,22,0,8,7,8,0.23125,0.194444
Juan Guerrero,,476,441,112,4,52,24,3,0.293869,0.333333
Darlyn Montero,,295,275,57,4,27,12,5,0.251701,0.290909
Tyler Miller,,374,346,72,7,35,20,3,0.254692,0.320809
Jean Perez,,269,250,53,3,26,6,4,0.241379,0.284
Tayden Hall,MIL,377,325,57,3,33,44,5,0.281167,0.246154
Yerlin Confidan,CIN,466,428,88,6,44,33,3,0.266667,0.308411
Luis Encarnacion,,348,329,67,8,28,15,2,0.241379,0.31307
Joel Dragoo,PHI,300,268,46,0,18,26,3,0.251678,0.227612
Nick Roselli,,362,326,60,8,35,24,6,0.252809,0.309816
Jack Costello,SDP,426,394,77,10,38,18,13,0.253521,0.312183
Anthony Servideo,,376,337,54,3,30,32,2,0.237197,0.231454
Ariel Almonte,,453,418,77,14,42,31,2,0.242826,0.332536
Rafael Morel,,409,368,66,4,44,32,6,0.254902,0.244565
Gunner Gouldsmith,ATH,321,285,43,0,32,29,4,0.2375,0.192982
Ruben Santana,,488,443,87,6,43,35,7,0.264344,0.284424
Brandon Eike,SEA,397,371,66,6,28,18,6,0.2267,0.277628
Myles Smith,,292,254,43,3,26,27,6,0.263889,0.224409
Juan Baez,MIL,472,433,84,0,39,32,4,0.254237,0.226328
Armando Cruz,,385,352,68,2,30,13,2,0.224932,0.247159
Randy De Jesus,LAA,517,474,93,17,48,32,8,0.257752,0.341772
Jesus Castillo,PIT,422,380,76,1,39,30,7,0.26969,0.236842
Albert Feliz,,284,264,47,9,20,16,2,0.228873,0.310606
Bryson Horne,,344,323,64,7,26,17,2,0.241279,0.303406
Yiddi Cappe,,395,373,84,6,41,19,1,0.263291,0.316354
Bryan Gonzalez,,378,352,77,4,37,20,2,0.264,0.321023
Mac McCroskey,LAA,310,278,48,1,25,21,2,0.235099,0.223022
Aneudis Mordán,,244,213,42,4,21,14,2,0.252174,0.295775
Peyton Powell,,318,284,55,1,28,30,1,0.272152,0.232394
Jace Grady,,316,287,52,3,25,24,2,0.246835,0.254355
Jesus Bugarin,,345,331,77,4,34,9,2,0.255814,0.314199
Jheremy Vargas,MIL,373,344,69,2,30,25,3,0.260054,0.244186
Luiyin Alastre,MIL,379,353,73,2,33,20,4,0.255937,0.263456
Tyler Whitaker,HOU,402,357,64,4,33,33,8,0.261194,0.263305
Ed Howard,CHC,321,299,54,1,25,17,2,0.22884,0.227425
Benny Montgomery,,426,393,88,6,43,28,3,0.28,0.310433
Fraymi De Leon,,330,302,54,1,35,19,5,0.237082,0.228477
Roismar Quintana,,325,303,65,3,27,16,3,0.259259,0.283828
Yeison Morrobel,TEX,404,376,69,7,29,23,4,0.237624,0.284574
Jaime Ferrer,MIN,384,347,69,4,32,16,14,0.259162,0.305476
John Rhodes,,442,400,75,7,38,36,5,0.262443,0.2825
Brock Vradenburg,,402,357,64,6,36,41,1,0.263682,0.280112
Caleb Hobson,COL,367,312,52,1,45,39,5,0.268908,0.233974
Jackson Nicklaus,,324,288,45,7,34,33,2,0.246914,0.267361
Dario Laverde,LAA,432,400,84,5,35,23,6,0.262791,0.2925
Bubba Alleyne,,330,306,54,4,30,17,4,0.227964,0.261438
Daniel Guilarte,MIL,428,389,67,2,41,33,2,0.238876,0.226221
Colin Summerhill,,452,408,74,6,37,36,3,0.25167,0.276961
Noelberth Romero,BAL,329,308,57,5,25,12,3,0.220859,0.269481
C.J. Pittaro,ATH,507,462,93,1,39,36,8,0.270217,0.257576