Name,Team,PA,AB,H,HR,R,BB,HBP,OBP,SLG
Bobby Witt Jr.,KCR,8.39537,7.4739,2.133,0.3138,1.2549,0.7514,0.0756,0.354131,0.484633
Yordan Alvarez,HOU,8.22904,6.7878,2.0322,0.448,1.3589,1.236,0.1152,0.412816,0.56027
Elly De La Cruz,CIN,8.38653,7.349,1.9512,0.3455,1.2118,0.8957,0.0503,0.346904,0.477725
Juan Soto,NYM,8.11434,6.4377,1.7754,0.4327,1.3377,1.549,0.0406,0.41627,0.528434
Fernando Tatis Jr.,SDP,8.55265,7.4674,2.0797,0.3646,1.3117,0.8946,0.0855,0.359985,0.483716
Junior Caminero,TBR,8.17326,7.281,1.9779,0.4991,1.1514,0.7658,0.0572,0.343121,0.526027
Julio Rodríguez,SEA,8.08884,7.3084,1.9327,0.3383,1.0348,0.5978,0.1052,0.326576,0.454121
Kevin McGonigle,DET,8.38806,7.2212,1.9439,0.2316,1.1065,1.0284,0.0503,0.361728,0.431853
Mookie Betts,LAD,8.22755,7.2152,1.9631,0.3119,1.1612,0.8705,0.0576,0.352577,0.463133
Cal Raleigh,SEA,7.53712,6.4404,1.3705,0.4162,0.9678,0.9632,0.0678,0.31923,0.445516
Shohei Ohtani,LAD,8.58372,7.2017,1.9428,0.5041,1.4871,1.2069,0.0687,0.377343,0.54401
Geraldo Perdomo,ARI,8.11573,6.8868,1.8172,0.1466,1.0215,1.0623,0.0893,0.366836,0.394799
Francisco Lindor,NYM,8.49937,7.4627,1.8706,0.342,1.1855,0.8006,0.136,0.332119,0.442427
Ketel Marte,ARI,8.34285,7.3082,1.9926,0.3354,1.2001,0.8501,0.0918,0.353358,0.475767
Isaac Paredes,HOU,8.1674,6.9686,1.7439,0.3375,1.0501,0.9327,0.196,0.35219,0.446316
Gabriel Moreno,ARI,7.43665,6.5404,1.8802,0.2002,0.9158,0.7727,0.0595,0.365257,0.441869
José Ramírez,CLE,8.28993,7.3086,1.9336,0.3106,1.1399,0.8423,0.058,0.342759,0.454273
William Contreras,MIL,7.52811,6.5567,1.7689,0.2411,0.923,0.8559,0.0527,0.356197,0.436058
Corey Seager,TEX,7.70077,6.7348,1.721,0.3469,1.0061,0.8217,0.0693,0.340078,0.459123
Ronald Acuña Jr.,ATL,8.29481,7.0318,1.91,0.3526,1.2721,1.0767,0.0912,0.37288,0.473648
JJ Wetherholt,STL,8.31867,7.2207,1.8385,0.2347,1.0817,0.836,0.1581,0.342726,0.398784
Jackson Merrill,SDP,7.89671,7.2514,1.8689,0.3018,0.953,0.5164,0.0553,0.309717,0.448134
Corbin Carroll,ARI,8.15867,7.062,1.7558,0.3162,1.1634,0.9048,0.1061,0.340257,0.473124
Vladimir Guerrero Jr.,TOR,8.2869,7.204,2.0689,0.3223,1.1315,0.9198,0.0829,0.371603,0.477984
Jeremy Peña,HOU,8.47663,7.7379,2.0416,0.2732,1.1039,0.484,0.1526,0.317819,0.425774
Michael Harris II,ATL,7.88426,7.4199,2.0585,0.3088,0.9792,0.3359,0.0552,0.311456,0.463672
Zach Neto,LAA,8.46388,7.4719,1.767,0.3328,1.1015,0.6949,0.1947,0.315758,0.428084
Dillon Dingler,DET,6.85731,6.2489,1.5258,0.2563,0.7744,0.4204,0.1234,0.302542,0.422234
Miguel Vargas,CHW,8.19045,6.9856,1.6851,0.3104,1.0435,1.0402,0.0901,0.344408,0.431745
Otto Lopez,MIA,8.19636,7.4918,2.0787,0.1533,0.9696,0.5442,0.0738,0.330272,0.405296
Bryce Harper,PHI,8.19778,6.9502,1.8686,0.3444,1.1164,1.1223,0.0574,0.372189,0.483094
James Wood,WSN,8.54188,7.1665,1.8517,0.3854,1.2835,1.2121,0.0598,0.367872,0.478658
Wyatt Langford,TEX,8.22279,7.0631,1.7238,0.3027,1.072,0.9999,0.074,0.341437,0.429571
Mike Trout,LAA,7.86815,6.4717,1.5249,0.3249,1.0508,1.1999,0.1102,0.361787,0.431525
Bo Bichette,NYM,8.24143,7.5428,2.0844,0.2359,0.9769,0.5736,0.0494,0.329195,0.426499
Alejandro Kirk,TOR,4.9684,4.3526,1.1709,0.1497,0.5773,0.5366,0.0348,0.351277,0.41844
Xander Bogaerts,SDP,7.54104,6.644,1.7155,0.1787,0.8296,0.7586,0.0603,0.337156,0.38838
Steven Kwan,CLE,8.16701,7.104,1.9461,0.1092,1.0107,0.9049,0.0572,0.358312,0.375535
Maikel Garcia,KCR,7.70852,6.93,1.856,0.1397,0.8985,0.6753,0.0308,0.333316,0.397908
Andy Pages,LAD,7.09457,6.4168,1.6617,0.2812,0.9178,0.498,0.0993,0.319714,0.447824
Will Smith,LAD,6.04662,5.1979,1.3202,0.2206,0.7754,0.7056,0.0907,0.35064,0.433521
Pete Crow-Armstrong,CHC,4.1412,3.6813,0.9347,0.2018,0.6192,0.352,0.058,0.326574,0.484611
Brice Turang,MIL,7.92102,6.9303,1.7463,0.1984,0.9662,0.8776,0.0317,0.336403,0.394225
Jackson Chourio,MIL,8.31163,7.5478,2.0109,0.3321,1.1371,0.6192,0.0499,0.323965,0.458677
Matt Olson,ATL,8.16855,7.1044,1.8057,0.4074,1.097,0.9312,0.0653,0.343424,0.481153
CJ Abrams,WSN,8.14732,7.2886,1.8159,0.3112,1.0438,0.6225,0.1629,0.320101,0.439316
Riley Greene,DET,7.95757,6.994,1.8376,0.3215,0.9978,0.8316,0.0637,0.343943,0.46191
Oneil Cruz,PIT,8.00852,6.9865,1.6547,0.3249,1.043,0.8825,0.0641,0.325675,0.429371
Manny Machado,SDP,8.15193,7.283,1.8231,0.3492,0.9874,0.7704,0.0326,0.322427,0.439352
Trea Turner,PHI,8.46142,7.7112,2.0456,0.2329,1.1074,0.5754,0.0762,0.320393,0.413515
Konnor Griffin,PIT,8.19713,7.4496,1.9896,0.174,1.0453,0.5254,0.123,0.323701,0.403512
Luke Keaschall,MIN,7.25659,6.3192,1.7161,0.1407,0.9084,0.6785,0.1742,0.355814,0.404497
Chase Meidroth,CHW,7.47614,6.5176,1.6528,0.148,0.8011,0.7775,0.0972,0.339508,0.368418
J.P. Crawford,SEA,8.1559,6.9315,1.6306,0.1771,0.9657,1.0342,0.0897,0.339739,0.357051
Drake Baldwin,ATL,8.022,7.1087,1.8969,0.312,1.0878,0.7316,0.0882,0.340464,0.445243
Kyle Tucker,LAD,7.82022,6.6611,1.6965,0.3077,1.058,1.0362,0.0469,0.356354,0.451112
Carter Jensen,KCR,6.90375,6.0769,1.4396,0.2688,0.9013,0.7021,0.0414,0.318041,0.431042
Ryan Jeffers,MIN,6.34119,5.4968,1.353,0.2222,0.7632,0.6703,0.1141,0.337806,0.426212
Yandy Díaz,TBR,8.52467,7.5216,2.1473,0.2773,1.1629,0.8081,0.0938,0.359762,0.449971
Randy Arozarena,SEA,7.94967,6.7872,1.6549,0.2698,1.0427,0.8252,0.2544,0.345226,0.417374
Brayan Rocchio,CLE,6.44259,5.7867,1.4223,0.1492,0.7176,0.4806,0.0966,0.311862,0.383932
Liam Hicks,TBR,5.80789,5.0296,1.2929,0.1361,0.6566,0.6151,0.1103,0.348319,0.385816
Freddie Freeman,LAD,8.13639,7.115,1.98,0.2536,1.0731,0.8535,0.0976,0.360791,0.448039
Brooks Lee,MIN,7.70388,7.0794,1.7597,0.2546,0.8828,0.4853,0.0539,0.299609,0.410077
Kazuma Okamoto,TOR,7.53747,6.7155,1.5724,0.3378,0.8761,0.6708,0.0829,0.30926,0.432998
Gunnar Henderson,BAL,4.13166,3.6179,0.9215,0.1555,0.5331,0.4285,0.0454,0.338607,0.450095
Masyn Winn,STL,6.73161,6.0464,1.4822,0.1242,0.6918,0.5365,0.074,0.312157,0.364366
Max Muncy,LAD,6.24906,5.2474,1.1897,0.2892,0.8073,0.8586,0.0812,0.341732,0.438713
Kyle Schwarber,PHI,8.50725,6.9947,1.565,0.5205,1.3027,1.3178,0.0936,0.351837,0.484824
Walker Jenkins,MIN,6.59174,5.853,1.4606,0.1796,0.7357,0.5966,0.0725,0.324274,0.402887
Jose Altuve,HOU,7.8936,7.1267,1.8343,0.247,0.9332,0.6323,0.0631,0.321244,0.413024
Henry Bolte,ATH,6.75085,6.0228,1.5524,0.1917,0.8537,0.5245,0.1215,0.327543,0.41147
Munetaka Murakami,CHW,7.86026,6.5516,1.4003,0.4388,1.0576,1.1562,0.0786,0.336118,0.449051
Andrés Giménez,TOR,6.7433,6.1428,1.5201,0.142,0.7103,0.3507,0.1686,0.303848,0.370938
Travis Bazzana,CLE,6.82183,5.9199,1.4143,0.1711,0.7901,0.749,0.0819,0.330196,0.390767
Kyle Teel,CHW,5.59441,4.8502,1.1608,0.1626,0.6538,0.6154,0.0671,0.330821,0.3825
Jakob Marsee,MIA,7.09175,6.064,1.399,0.1555,0.7897,0.8418,0.1135,0.333093,0.369673
Cole Young,SEA,6.89734,6.1593,1.5119,0.1708,0.7339,0.5573,0.1035,0.316324,0.384849
Nolan Arenado,ARI,7.30665,6.5911,1.642,0.272,0.8345,0.5692,0.0804,0.314318,0.423768
Joe Mack,MIA,5.28008,4.7883,1.0987,0.2,0.5768,0.377,0.0475,0.28999,0.399181
Jac Caglianone,KCR,7.27411,6.6337,1.7515,0.3183,0.8951,0.483,0.0946,0.320632,0.46704
Max Clark,DET,6.79767,6.0149,1.5016,0.1502,0.7841,0.6349,0.068,0.325955,0.387754
Ezequiel Duran,TEX,7.7297,7.0647,1.7502,0.1958,0.822,0.5009,0.085,0.303087,0.39301
Bryson Stott,PHI,6.86311,6.0871,1.5478,0.1435,0.7658,0.6582,0.048,0.329494,0.388609
Brandon Nimmo,TEX,8.2192,7.2628,1.8309,0.2491,0.9788,0.7701,0.1068,0.330469,0.411591
Carson Benge,NYM,7.52916,6.7628,1.7711,0.2211,0.8981,0.6084,0.0903,0.328776,0.415272
Patrick Bailey,CLE,4.65894,4.1917,0.929,0.1108,0.4543,0.3802,0.028,0.288469,0.348975
Brandon Lowe,PIT,7.40944,6.6012,1.589,0.3406,0.9621,0.6683,0.0593,0.313885,0.444768
Xavier Edwards,MIA,6.48201,5.7368,1.5954,0.0555,0.7109,0.6456,0.0324,0.352007,0.367243
Colson Montgomery,CHW,7.61311,6.7592,1.3799,0.3378,0.8356,0.6471,0.1294,0.284084,0.395002
Josh Naylor,SEA,7.80192,7.0405,1.855,0.2438,0.8983,0.6234,0.0702,0.327243,0.416022
Sam Antonacci,CHW,7.2404,6.262,1.6586,0.1127,0.9143,0.6372,0.2534,0.354169,0.381236
Gleyber Torres,DET,7.13039,6.1406,1.5499,0.1723,0.8718,0.8592,0.0499,0.34648,0.383269
Chase DeLauter,CLE,5.77396,5.1036,1.4135,0.1822,0.732,0.5878,0.0289,0.352343,0.451524
Kaelen Culpepper,MIN,5.94313,5.3745,1.3132,0.1647,0.657,0.3988,0.0951,0.305635,0.389208
Alec Burleson,STL,8.09376,7.3136,1.9843,0.3058,0.9694,0.6459,0.0648,0.333403,0.450394
Zack Gelof,ATH,7.26321,6.51,1.5667,0.2996,0.8693,0.6079,0.0726,0.310211,0.431106
Brett Bateman,TOR,7.56367,6.5925,1.6548,0.0689,0.8784,0.8244,0.0529,0.336908,0.333591
A.J. Ewing,NYM,7.0017,6.2428,1.5892,0.1248,0.7861,0.6302,0.049,0.325433,0.37323
Garrett Mitchell,MIL,6.02363,5.2607,1.2664,0.1506,0.7066,0.6367,0.0602,0.327298,0.390518
Jonathan Aranda,TBR,8.14292,7.0811,1.825,0.2627,1.0217,0.846,0.1303,0.345247,0.418748
Ozzie Albies,ATL,7.86086,7.1246,1.7902,0.2434,0.8977,0.5841,0.0786,0.312822,0.40923
Javier Sanoja,MIA,6.95754,6.4274,1.7421,0.1398,0.7556,0.4195,0.0348,0.316785,0.413402
Evan Carter,TEX,5.64053,4.9182,1.1017,0.1429,0.6142,0.5787,0.079,0.313233,0.37044
Sal Stewart,CIN,8.20628,7.3573,1.9168,0.3557,1.0436,0.709,0.0657,0.328616,0.455711
Austin Riley,ATL,7.35507,6.5998,1.5882,0.2775,0.8494,0.5833,0.0883,0.308471,0.418543
Dominic Canzone,SEA,6.81493,6.153,1.5328,0.2788,0.8114,0.5438,0.0545,0.313374,0.440127
Jacob Young,WSN,6.3971,5.7671,1.4477,0.0951,0.6701,0.4568,0.096,0.314218,0.357233
Kody Clemens,MIN,6.3697,5.8028,1.3418,0.2714,0.7418,0.4401,0.0701,0.291227,0.433084
Jake Bauers,MIL,7.76356,6.5104,1.494,0.3124,0.9604,1.1102,0.0699,0.345121,0.421526
Kyle Karros,COL,6.80354,5.9737,1.5581,0.1709,0.7674,0.6783,0.0816,0.341822,0.411872
Nathan Lukes,TOR,6.93925,6.2942,1.7018,0.148,0.7751,0.4996,0.0694,0.328487,0.396746
Joey Ortiz,MIL,5.42857,4.8962,1.2139,0.1118,0.5755,0.4321,0.038,0.31154,0.379805
Vinnie Pasquantino,KCR,7.74289,6.8553,1.7561,0.3014,0.9466,0.748,0.0697,0.332894,0.447231
Yainer Diaz,HOU,4.19613,3.9509,1.0655,0.1554,0.4768,0.1725,0.0294,0.302916,0.441798
Adley Rutschman,BOS,3.17862,2.7754,0.6984,0.0911,0.3746,0.3582,0.0159,0.338051,0.414895
Iván Herrera,STL,7.71265,6.6074,1.7027,0.2282,0.9806,0.8129,0.2082,0.354588,0.410161
Leo Bernal,STL,6.01084,5.4724,1.3144,0.1711,0.6235,0.4436,0.0361,0.299081,0.383342
Hunter Goodman,COL,6.78959,6.202,1.5092,0.3861,0.8789,0.4692,0.0611,0.30078,0.487198
Marcus Semien,NYM,6.8711,6.1347,1.4208,0.2109,0.7426,0.6191,0.0481,0.304871,0.379236
Luis Torrens,NYM,3.4217,3.1136,0.7288,0.0973,0.3658,0.2275,0.0376,0.291963,0.378886
Cole Carrigg,COL,8.06036,7.3238,1.881,0.2109,0.9797,0.557,0.0967,0.315453,0.414471
Ernie Clement,TOR,6.9976,6.5741,1.7598,0.1231,0.7146,0.2939,0.049,0.301791,0.386532
George Springer,TOR,7.13054,6.286,1.5934,0.262,0.8983,0.7059,0.0713,0.333436,0.430146
Cooper Pratt,MIL,5.74488,5.0938,1.214,0.1036,0.6208,0.5205,0.0574,0.313549,0.355884
Ben Rice,NYY,4.1877,3.5936,0.888,0.2302,0.6168,0.4962,0.0503,0.344219,0.493878
Cody Bellinger,NYY,4.10536,3.6721,0.9571,0.1508,0.5249,0.374,0.0205,0.330061,0.441627
Pete Alonso,BAL,4.11838,3.5651,0.8933,0.2251,0.5706,0.4353,0.0782,0.342562,0.487448
Nick Gonzales,PIT,7.2964,6.635,1.8161,0.1103,0.7697,0.4823,0.1094,0.330787,0.390641
JJ Bleday,CIN,7.25126,6.2609,1.4257,0.3008,0.8765,0.8854,0.0363,0.324433,0.427207
Nico Hoerner,CHC,3.87419,3.518,0.977,0.0501,0.4182,0.2596,0.0581,0.335258,0.377203
Daylen Lile,WSN,7.79494,7.1363,1.8591,0.2219,0.912,0.5028,0.0779,0.313986,0.431484
Ceddanne Rafaela,BOS,3.71173,3.4546,0.8877,0.1071,0.4407,0.1667,0.0483,0.298374,0.416286
Tristan Peters,CHW,5.26853,4.7204,1.1428,0.1224,0.5471,0.4268,0.0632,0.31114,0.383273
Chandler Simpson,TBR,7.04836,6.5921,1.9255,0.0227,0.7401,0.3623,0.0211,0.328575,0.358368
Lars Nootbaar,ARI,6.88579,5.8433,1.449,0.1976,0.8918,0.922,0.0413,0.352037,0.408553
Dansby Swanson,CHC,3.59797,3.2016,0.7493,0.119,0.4196,0.331,0.0216,0.307716,0.396364
Bryan Reynolds,PIT,8.19754,7.1661,1.8129,0.2369,0.9655,0.8542,0.1066,0.338797,0.413851
Francisco Alvarez,NYM,4.97547,4.3929,1.0037,0.2169,0.5833,0.4682,0.0547,0.308223,0.419472
Cedric Mullins,TBR,5.79814,5.1426,1.1531,0.1692,0.6422,0.5323,0.058,0.301893,0.378155
J.T. Realmuto,PHI,5.92235,5.3322,1.2596,0.1615,0.6224,0.4264,0.0948,0.301964,0.380256
Jake Burger,TEX,7.80824,7.0846,1.6789,0.3626,0.9025,0.5599,0.0937,0.299342,0.436595
Angel Genao,CLE,4.81804,4.345,1.1136,0.0926,0.4905,0.3883,0.0337,0.319857,0.380115
Jazz Chisholm Jr.,NYY,3.18943,2.8103,0.655,0.135,0.3918,0.3228,0.0255,0.315414,0.422588
Caleb Durbin,BOS,3.61239,3.187,0.814,0.0826,0.4036,0.2883,0.0975,0.33338,0.395074
Austin Wells,NYY,2.77598,2.4349,0.5224,0.1099,0.3174,0.2782,0.0278,0.299938,0.395376
Rafael Flores Jr.,PIT,4.47218,3.9985,0.9682,0.1434,0.4813,0.3944,0.0313,0.3128,0.402151
Jake Cronenworth,SDP,7.26619,6.304,1.4408,0.1576,0.7808,0.7455,0.1308,0.32032,0.356853
Lawrence Butler,ATH,7.4321,6.5825,1.5738,0.2736,0.898,0.7425,0.0297,0.316787,0.418473
Christian Walker,HOU,7.76676,6.9213,1.5806,0.3441,0.8991,0.661,0.1165,0.3042,0.42466
Ty France,SDP,7.79676,6.9439,1.7814,0.2297,0.8626,0.5411,0.2417,0.3295,0.407048
Eduardo Valencia,DET,5.02297,4.5907,1.1534,0.2085,0.587,0.328,0.0603,0.307497,0.439584
Michael Massey,KCR,5.92576,5.5346,1.4223,0.171,0.6213,0.2862,0.0415,0.296324,0.408105
Wade Meckler,LAA,6.97896,6.1725,1.6232,0.0872,0.6946,0.6909,0.0489,0.339385,0.359708
Jake McCarthy,COL,7.90273,7.1889,1.948,0.1707,1.0353,0.4915,0.1264,0.3266,0.41948
Matt McLain,CIN,6.91303,6.0784,1.3332,0.204,0.7728,0.6685,0.083,0.303,0.369538
Jordan Walker,STL,7.97501,7.232,1.818,0.287,0.9226,0.6045,0.0718,0.313264,0.424682
Jo Adell,CLE,7.44951,6.7695,1.6049,0.3284,0.8627,0.473,0.1415,0.298495,0.43275
Victor Mesa Jr.,TBR,5.76938,5.2306,1.2778,0.2057,0.6543,0.4483,0.0346,0.306054,0.42215
Richie Palacios,TBR,4.8284,4.1852,0.9791,0.0993,0.5214,0.5355,0.0531,0.326,0.361106
Drew Gilbert,SFG,5.48393,4.8409,1.1384,0.1517,0.6031,0.4831,0.0932,0.314387,0.388915
Emmanuel Rodriguez,MIN,5.95895,5.0545,1.1098,0.1764,0.6637,0.7633,0.0655,0.326975,0.379068
Wilyer Abreu,BOS,3.92932,3.4596,0.852,0.1531,0.4797,0.4153,0.0196,0.327998,0.443866
Jonah Cox,SFG,6.90417,6.3626,1.5748,0.1073,0.7411,0.4101,0.0552,0.296772,0.365857
Alec Bohm,PHI,7.26094,6.5821,1.7637,0.1844,0.8096,0.53,0.0799,0.327569,0.410659
Royce Lewis,MIN,6.82014,6.191,1.4809,0.2593,0.7643,0.5197,0.0409,0.300199,0.417525
Henry Davis,PIT,3.55227,3.1374,0.6882,0.1143,0.3919,0.3062,0.0639,0.299471,0.37343
Braden Montgomery,CHW,6.91544,6.1333,1.4788,0.1707,0.7472,0.6362,0.0692,0.317038,0.389008
Roman Anthony,BOS,4.1079,3.5133,0.8893,0.1166,0.5534,0.5118,0.0329,0.351204,0.423334
Sean Murphy,ATL,3.75485,3.2694,0.693,0.129,0.4211,0.3721,0.0676,0.30312,0.37698
Justin Crawford,PHI,5.76142,5.274,1.4307,0.0719,0.6333,0.3745,0.0403,0.321981,0.377664
Keibert Ruiz,WSN,4.48941,4.1599,1.0765,0.1277,0.4756,0.2317,0.0449,0.3027,0.405178
Seiya Suzuki,CHC,4.09942,3.5534,0.9017,0.162,0.5485,0.4755,0.0287,0.344061,0.44881
Ezequiel Tovar,COL,6.73575,6.2486,1.5231,0.1943,0.7413,0.3651,0.0404,0.287709,0.399225
Teoscar Hernández,LAD,7.27855,6.5958,1.6714,0.3082,0.8896,0.5466,0.0655,0.314549,0.446026
John Peck,DET,4.81807,4.4421,1.084,0.0971,0.5121,0.2664,0.0482,0.291825,0.365908
Cam Smith,HOU,6.43571,5.7546,1.3151,0.2133,0.7165,0.5219,0.0837,0.299735,0.399055
Denzer Guzman,LAA,6.28424,5.7595,1.316,0.1945,0.6151,0.4166,0.044,0.283616,0.378488
Tommy Edman,LAD,5.78495,5.2312,1.2589,0.1499,0.6687,0.3887,0.0983,0.303123,0.382073
Spencer Jones,NYY,3.84594,3.4657,0.797,0.1712,0.4533,0.3115,0.0308,0.296956,0.429985
Shea Langeliers,ATH,6.61439,5.974,1.4987,0.3504,0.8534,0.5206,0.0595,0.314908,0.478741
Leo Rivas,SEA,5.2831,4.4359,0.8865,0.0667,0.5303,0.7116,0.0687,0.317159,0.283663
Michael Busch,CHC,4.02994,3.4657,0.844,0.1565,0.5054,0.4675,0.0604,0.341065,0.435698
Brandon Valenzuela,TOR,3.30237,2.9572,0.6432,0.1003,0.3417,0.284,0.0231,0.288968,0.364399
Luis Arraez,PHI,3.36667,3.1264,0.947,0.0383,0.3858,0.1818,0.0269,0.344255,0.403755
Victor Caratini,MIN,3.20255,2.8283,0.6828,0.0801,0.3264,0.2668,0.0737,0.320623,0.367606
Luis Campusano,SDP,3.621,3.1921,0.7732,0.1198,0.3965,0.357,0.0326,0.322337,0.399956
Thomas Saggese,STL,4.80273,4.3897,1.0617,0.1167,0.4724,0.3074,0.0528,0.297207,0.374513
Vaughn Grissom,LAA,7.54293,6.8376,1.7088,0.1902,0.7645,0.5295,0.1131,0.312188,0.384769
George Lombard Jr.,NYY,3.55413,3.1395,0.7088,0.084,0.3633,0.3348,0.0426,0.306646,0.364039
Kyle Stowers,MIA,7.41982,6.5235,1.5249,0.3074,0.9225,0.716,0.1039,0.317113,0.435196
Spencer Horwitz,PIT,6.16188,5.2995,1.3704,0.1478,0.7284,0.7098,0.0801,0.352236,0.403868
Brandon Marsh,PHI,6.00372,5.3779,1.3795,0.1698,0.6718,0.5337,0.03,0.324711,0.410402
Hao-Yu Lee,DET,4.80941,4.3303,1.0571,0.1292,0.5539,0.3771,0.0481,0.309477,0.393599
Jeff McNeil,ATH,6.44436,5.7936,1.5287,0.1398,0.7047,0.4807,0.1031,0.328901,0.395039
Heriberto Hernández,MIA,6.97377,6.1347,1.4146,0.2821,0.8406,0.7016,0.0697,0.314265,0.420591
Sal Frelick,MIL,5.43722,4.8587,1.2832,0.0878,0.5815,0.46,0.0544,0.332102,0.375389
Donovan Walton,ATH,4.85271,4.2891,1.0311,0.1244,0.5018,0.4455,0.0679,0.319349,0.379287
Griffin Conine,MIA,7.02829,6.2304,1.4722,0.3023,0.8172,0.6571,0.0773,0.314617,0.426249
Brady House,WSN,5.79742,5.3762,1.3351,0.175,0.5968,0.316,0.0464,0.293619,0.399706
Mauricio Dubón,ATL,7.21687,6.698,1.7755,0.1258,0.7493,0.3933,0.0505,0.30845,0.379307
Tyler Heineman,LAA,2.85614,2.5765,0.5697,0.0407,0.2564,0.1865,0.0571,0.286222,0.315117
Alika Williams,ATH,6.10498,5.5976,1.3882,0.1098,0.6052,0.3632,0.0672,0.299407,0.368551
Christian Moore,LAA,5.22389,4.6134,1.0073,0.1261,0.5096,0.5015,0.047,0.299135,0.354641
Bo Davidson,SFG,6.57115,5.999,1.4945,0.2026,0.6785,0.462,0.046,0.305338,0.404984
Luis García Jr.,NYY,2.85494,2.6585,0.71,0.1324,0.3634,0.159,0.0114,0.309053,0.475945
José Fermín,STL,4.32265,3.7834,0.9328,0.0801,0.4635,0.4297,0.0605,0.330592,0.365861
Nathan Church,STL,5.10796,4.6933,1.1855,0.1086,0.5177,0.2968,0.0562,0.30258,0.374854
Lucas Spence,HOU,5.54916,4.9639,1.058,0.1539,0.5643,0.4445,0.0777,0.285947,0.365741
Ha-Seong Kim,ATL,5.14254,4.4681,1.0124,0.0907,0.5517,0.5708,0.0411,0.317351,0.337705
Salvador Perez,KCR,7.10906,6.5933,1.6201,0.2872,0.7881,0.3291,0.128,0.292642,0.423718
Jose Trevino,CIN,3.36201,3.1232,0.7386,0.0884,0.3252,0.1745,0.0235,0.279891,0.366291
TJ Rumfield,COL,7.50599,6.6148,1.8024,0.2017,0.8773,0.7333,0.0976,0.351238,0.425395
Ian Happ,CHC,3.82858,3.2545,0.7462,0.1305,0.4619,0.5019,0.0345,0.335847,0.40636
Ethan Salas,SDP,3.4276,3.1056,0.7306,0.0772,0.3633,0.255,0.024,0.296079,0.365276
Willson Contreras,BOS,2.64545,2.2683,0.5655,0.1112,0.3363,0.2717,0.0847,0.348901,0.453467
Isaac Collins,KCR,5.90686,5.0591,1.1831,0.0968,0.6418,0.7017,0.0768,0.333566,0.358918
Dylan Beavers,BAL,3.42098,2.9732,0.7056,0.103,0.4121,0.3849,0.0239,0.327331,0.394693
Edmundo Sosa,PHI,6.50178,6.0401,1.4935,0.1919,0.6982,0.2666,0.1235,0.290805,0.403089
Harry Ford,WSN,2.77384,2.3882,0.5194,0.0624,0.2793,0.319,0.0361,0.316435,0.34436
Connor Norby,COL,5.7713,5.1627,1.3101,0.1678,0.6656,0.4727,0.075,0.322933,0.412885
Cody Freeman,TEX,4.18472,3.8585,0.9494,0.1103,0.4298,0.2461,0.0293,0.294063,0.385253
Spencer Torkelson,DET,6.98009,6.0277,1.3328,0.2832,0.7998,0.7922,0.0907,0.31832,0.41364
Joshua Kuroda-Grauer,ATH,3.3671,3.131,0.8884,0.0421,0.3408,0.1596,0.0404,0.324344,0.38978
Nathaniel Lowe,CLE,4.67893,4.0941,1.0061,0.1484,0.516,0.5091,0.0328,0.331541,0.402408
Alex Bregman,CHC,2.36917,2.0601,0.5254,0.0846,0.2975,0.2559,0.0332,0.344339,0.432649
Jordan Lawlar,ARI,5.22657,4.7289,1.0759,0.1454,0.5888,0.3549,0.0784,0.290208,0.380279
Mark Vientos,NYM,5.37293,4.8956,1.1807,0.2583,0.6426,0.374,0.0537,0.300002,0.447075
Justin Foscue,TEX,4.55998,4.0581,0.9428,0.1455,0.5242,0.3862,0.0638,0.306872,0.398314
Heliot Ramos,NYY,4.0073,3.6013,0.891,0.1505,0.4772,0.3126,0.0561,0.315059,0.425041
Christian Vázquez,HOU,3.127,2.8523,0.6305,0.0701,0.3084,0.2098,0.025,0.278196,0.335343
Alan Roden,MIN,3.30776,2.9049,0.7439,0.0769,0.3632,0.3093,0.0562,0.336774,0.39337
Josh Bell,MIN,6.80825,6.027,1.4941,0.233,0.7759,0.6713,0.0545,0.326456,0.413506
Aaron Judge,NYY,1,0.8058,0.2188,0.0639,0.1605,0.1748,0.01,0.40449,0.55659
Brett Baty,NYM,5.17762,4.6286,1.1094,0.1629,0.5662,0.4556,0.0362,0.310358,0.392624
Colton Cowser,BAL,2.65344,2.3233,0.5197,0.0945,0.2923,0.2722,0.0292,0.310611,0.390307
Dane Myers,CIN,4.816,4.3096,1.041,0.1188,0.5167,0.4017,0.053,0.311786,0.366763
Kyle Isbel,KCR,5.1124,4.6862,1.115,0.0931,0.5178,0.3088,0.0511,0.290061,0.359396
Josh Smith,TOR,4.44463,3.8701,0.8984,0.0899,0.4678,0.44,0.0844,0.321471,0.355572
Christian Encarnacion-Strand,BAL,3.61325,3.3669,0.8082,0.1578,0.4034,0.1677,0.0434,0.282762,0.43595
Nicky Lopez,TEX,5.24923,4.7206,1.1402,0.0265,0.4645,0.3974,0.0735,0.308138,0.306529
Taylor Ward,SEA,3.06757,2.6066,0.5864,0.0926,0.3634,0.3948,0.0337,0.332144,0.379613
Jarren Duran,BOS,3.47197,3.1174,0.7434,0.0945,0.4014,0.2736,0.0417,0.306284,0.408898
Ryan O'Hearn,PIT,6.86031,6.1176,1.6106,0.2162,0.7773,0.6051,0.0755,0.334677,0.421946
David Hamilton,MIL,5.03221,4.523,0.9924,0.1047,0.5508,0.4157,0.0302,0.287281,0.341278
Taylor Walls,TBR,6.10949,5.342,1.1205,0.073,0.6139,0.6531,0.0367,0.297874,0.307095
Austin Hedges,CLE,2.44521,2.1744,0.4582,0.0591,0.2365,0.2144,0.0245,0.286625,0.330482
Tyler Stephenson,CIN,5.22608,4.5973,1.0705,0.1588,0.5534,0.5263,0.0523,0.31638,0.386009
Carson Kelly,CHC,1.91597,1.6882,0.4055,0.0565,0.2115,0.182,0.023,0.320052,0.383663
Coby Mayo,BAL,2.96684,2.6521,0.6141,0.1358,0.3512,0.2546,0.0326,0.304504,0.44297
Osleivis Basabe,SFG,5.33618,4.9193,1.1742,0.1063,0.4987,0.3063,0.0534,0.288522,0.35751
Eugenio Suárez,CIN,6.82811,6.0059,1.325,0.3562,0.8206,0.6391,0.1229,0.306182,0.439818
Jonah Heim,ATL,4.77526,4.3366,0.9878,0.1519,0.4953,0.3567,0.0287,0.288681,0.378615
Ke'Bryan Hayes,CIN,4.74926,4.338,1.025,0.0971,0.4691,0.3187,0.038,0.292151,0.353942
Nick Fortes,TBR,2.62193,2.4052,0.5762,0.0628,0.2645,0.1377,0.0472,0.291665,0.368119
Josh Lowe,LAA,5.90414,5.3258,1.2324,0.1947,0.6241,0.4794,0.0354,0.297006,0.393706
Jonny DeLuca,TBR,3.82692,3.5162,0.8392,0.1045,0.4101,0.2392,0.0344,0.291553,0.388488
Bryan Torres,STL,4.70071,4.1187,1.0618,0.0588,0.4788,0.4997,0.0329,0.340444,0.354384
Christian Yelich,MIL,6.21529,5.4215,1.3363,0.1819,0.7207,0.6818,0.0497,0.333731,0.39727
Turner Hill,SFG,4.50932,4.0207,1.044,0.0574,0.4562,0.3883,0.0541,0.330693,0.373044
Miguel Rojas,LAD,2.47453,2.2627,0.5913,0.0468,0.2712,0.1613,0.0223,0.314463,0.380033
Moisés Ballesteros,LAA,6.48418,5.835,1.4322,0.1789,0.6612,0.5388,0.0454,0.311741,0.385244
Wander Franco,TBR,1,0.8928,0.2398,0.0312,0.1244,0.0867,0.009,0.336949,0.444892
Jake Rogers,CHW,1.79771,1.5863,0.3172,0.0554,0.1866,0.1726,0.0162,0.282934,0.350879
Héctor Rodríguez,CIN,5.88998,5.4525,1.3491,0.2435,0.6686,0.3234,0.0471,0.293222,0.437066
Angel Martínez,CLE,3.64793,3.3782,0.8216,0.1146,0.3955,0.1875,0.0438,0.289632,0.40714
Brenton Doyle,CHW,3.27513,3.013,0.667,0.0944,0.3441,0.2096,0.0164,0.273775,0.360538
Miguel Amaya,CHC,1.8297,1.6234,0.3677,0.0479,0.1963,0.1427,0.0403,0.302566,0.364605
Esteury Ruiz,MIA,6.40805,5.6528,1.2563,0.1416,0.717,0.5351,0.1474,0.303801,0.352622
Taylor Trammell,HOU,4.32749,3.7648,0.7819,0.1452,0.4882,0.4639,0.0476,0.300232,0.378028
Dustin Harris,SDP,5.05061,4.5466,1.0959,0.1033,0.5808,0.3864,0.0606,0.306807,0.369331
Dylan Crews,WSN,6.73519,6.0897,1.4104,0.2035,0.7346,0.4809,0.101,0.296442,0.385536
Michael Arroyo,SEA,3.02504,2.7131,0.64,0.0777,0.323,0.2084,0.0666,0.303926,0.376543
Mike Yastrzemski,ATL,5.00057,4.3534,0.9922,0.1673,0.5716,0.5451,0.045,0.317782,0.398815
Ryan Waldschmidt,ARI,4.92601,4.3483,1.0092,0.0863,0.5341,0.433,0.0837,0.311319,0.35354
Andrew Knizner,SFG,2.53793,2.2711,0.5258,0.0617,0.2397,0.1909,0.0482,0.302535,0.363084
Byron Buxton,MIN,1,0.8953,0.2212,0.053,0.1424,0.0782,0.015,0.31598,0.486876
Ryan McMahon,NYY,2.1268,1.8606,0.3971,0.0714,0.2288,0.2305,0.0128,0.302161,0.372407
Jorbit Vivas,WSN,3.53497,3.0762,0.7253,0.0463,0.3402,0.3609,0.0601,0.32545,0.334731
Shay Whitcomb,SFG,4.96827,4.5836,1.0262,0.1702,0.4826,0.2901,0.0447,0.274794,0.379854
Luisangel Acuña,CHW,2.39399,2.2198,0.5582,0.0341,0.2433,0.1293,0.0168,0.295477,0.347374
Jhonny Pereda,SEA,1.45174,1.2902,0.3134,0.0229,0.1438,0.1304,0.0131,0.316281,0.344443
Danny Jansen,TEX,3.36672,2.9213,0.6232,0.119,0.3657,0.3488,0.0572,0.30705,0.383733
Caden Bodine,TBR,1,0.9099,0.247,0.0219,0.1098,0.0666,0.012,0.327006,0.400374
Luis Robert Jr.,BAL,1.5325,1.3848,0.3306,0.0594,0.1765,0.118,0.0153,0.303421,0.413706
Gary Sánchez,MIL,3.63583,3.1318,0.6794,0.1521,0.4205,0.4065,0.0618,0.31652,0.405805
Matt Shaw,CHC,1.67407,1.4806,0.3578,0.0502,0.1978,0.1574,0.0167,0.319114,0.405309
Pedro Ramírez,CHC,2.06095,1.8763,0.4878,0.0449,0.2244,0.1422,0.0185,0.316033,0.392954
Trevor Story,BOS,3.57011,3.3015,0.7671,0.1005,0.3605,0.2028,0.0321,0.281374,0.374981
Daniel Susac,SFG,1,0.9216,0.2135,0.0262,0.0949,0.0534,0.013,0.281193,0.368381
Carlos Narváez,BAL,2.25532,2.0043,0.4166,0.0558,0.2225,0.1935,0.0293,0.28495,0.336227
Luis Lara,MIL,3.74751,3.3075,0.8167,0.0509,0.3812,0.3624,0.0375,0.325843,0.353983
Carlos Correa,HOU,1,0.8841,0.2332,0.0288,0.1207,0.0992,0.007,0.340353,0.417939
Ben Williamson,TBR,2.39725,2.1823,0.5496,0.0284,0.2288,0.1668,0.0216,0.309058,0.351235
Jose Siri,LAA,4.40968,4.0204,0.8456,0.1577,0.4492,0.2924,0.0485,0.270058,0.374789
Randal Grichuk,CHW,2.65584,2.4484,0.6124,0.1062,0.3131,0.1567,0.0239,0.299517,0.441921
Myles Straw,TOR,4.65685,4.1923,0.9988,0.0417,0.4535,0.3819,0.0279,0.30384,0.323021
Brendan Donovan,SEA,1,0.8804,0.2302,0.0202,0.1152,0.0908,0.018,0.34043,0.385847
Jeremiah Jackson,BAL,2.28534,2.1466,0.5118,0.0802,0.2372,0.0948,0.0183,0.274536,0.403103
Jordan Westburg,BAL,1,0.9124,0.2335,0.04,0.1218,0.0631,0.014,0.311691,0.449364
Rainiel Rodriguez,STL,1,0.9076,0.2253,0.032,0.1112,0.0679,0.013,0.307522,0.409982
Anthony Volpe,NYY,1.21443,1.0926,0.2503,0.0334,0.1332,0.0997,0.0085,0.296403,0.382391
Nasim Nuñez,WSN,4.44501,3.9317,0.8856,0.0397,0.4474,0.4321,0.0267,0.303929,0.296615
Lazaro Montes,SEA,4.51959,4.0054,0.8334,0.2191,0.5198,0.4149,0.0407,0.286712,0.414016
Nick Allen,HOU,2.25898,2.0411,0.4782,0.0279,0.2183,0.1742,0.0181,0.29804,0.322424
Nick Loftin,KCR,2.88776,2.5457,0.6118,0.0582,0.3082,0.2732,0.0375,0.320691,0.372393
Freddy Fermin,SDP,1.30307,1.181,0.276,0.0278,0.1286,0.0943,0.0117,0.294594,0.349534
Ricardo Olivar,MIN,1,0.9002,0.2127,0.0307,0.1099,0.0793,0.009,0.3023,0.392357
Jake Mangum,PIT,6.46443,5.9795,1.6076,0.0671,0.6775,0.3239,0.084,0.313292,0.362739
Charles McAdoo,TOR,2.84695,2.5871,0.6045,0.084,0.3098,0.205,0.0228,0.293601,0.381933
Jared Triolo,PIT,2.39084,2.1052,0.5081,0.0358,0.2502,0.2324,0.0239,0.321298,0.343958
Alejandro Osuna,TEX,4.01298,3.5367,0.8905,0.0691,0.4263,0.356,0.0722,0.330145,0.363899
Trent Grisham,NYY,1,0.8497,0.1892,0.0408,0.1314,0.1307,0.008,0.329581,0.415912
Christian Koss,SFG,6.6252,6.1539,1.4268,0.1249,0.6061,0.3081,0.0795,0.275297,0.344074
Adael Amador,COL,3.88711,3.4318,0.8338,0.0963,0.4331,0.3798,0.0311,0.321561,0.383093
Nick Kurtz,ATH,1,0.835,0.2072,0.0541,0.1448,0.1472,0.007,0.362888,0.493892
Colt Keith,DET,1,0.8966,0.2314,0.0274,0.1152,0.0854,0.008,0.325745,0.412335
Jacob Wilson,ATH,1,0.9258,0.2628,0.0217,0.1148,0.0514,0.012,0.327477,0.415857
Ryan Vilade,TBR,3.13926,2.8152,0.6613,0.0866,0.3392,0.2596,0.0345,0.305132,0.383276
Ben Malgeri,DET,2.63214,2.3561,0.56,0.0708,0.2831,0.2143,0.0342,0.3082,0.389118
Josue Briceño,DET,1,0.8901,0.2016,0.0345,0.1111,0.0884,0.01,0.301296,0.39254
Josh Jung,TEX,1,0.9168,0.2408,0.0327,0.1129,0.0628,0.011,0.315325,0.427247
Sung-Mun Song,SDP,2.48698,2.2556,0.5336,0.0455,0.2528,0.1925,0.0099,0.297242,0.342304
Amed Rosario,NYY,1.34862,1.2584,0.3276,0.0312,0.1429,0.0655,0.0108,0.300431,0.38994
Carlos Cortes,ATH,5.31309,4.78,1.1553,0.1722,0.5765,0.4341,0.0425,0.308237,0.40841
Ryan Kreidler,MIN,2.30543,2.0391,0.4288,0.0546,0.239,0.2133,0.0254,0.2909,0.345545
Franklin Arias,BOS,1,0.9147,0.2433,0.0252,0.1103,0.0628,0.011,0.318469,0.405707
Boston Smith,SEA,1,0.8707,0.1724,0.0368,0.1081,0.1078,0.01,0.291453,0.36396
Jace Jung,DET,2.37843,2.0667,0.4548,0.0728,0.2667,0.27,0.0143,0.312146,0.376687
Jacob Gonzalez,PIT,2.85858,2.6011,0.6094,0.0794,0.3041,0.1918,0.0314,0.292623,0.382569
Matt Chapman,SFG,1,0.8651,0.2008,0.0322,0.1085,0.1138,0.012,0.327287,0.402612
Ethan Anderson,BAL,1,0.9065,0.2128,0.0281,0.1041,0.074,0.008,0.296073,0.373966
Graham Pauley,MIA,3.96761,3.5675,0.7882,0.1217,0.4213,0.3154,0.0357,0.288562,0.379706
Nick Sogard,BOS,2.90065,2.5306,0.5964,0.0416,0.3061,0.3124,0.0232,0.322838,0.342567
Andruw Monasterio,BOS,1.72512,1.5418,0.3766,0.0297,0.1766,0.1463,0.0173,0.314454,0.362758
Weston Wilson,SEA,2.59673,2.3086,0.4648,0.08,0.268,0.2358,0.0208,0.279126,0.344711
Mike Sirota,LAD,1,0.8668,0.2092,0.0312,0.1225,0.1097,0.012,0.332329,0.407937
Hunter Feduccia,LAD,1.65131,1.4461,0.3155,0.0333,0.175,0.1745,0.0099,0.304298,0.336837
Khadim Diaw,MIN,1,0.8933,0.2167,0.0159,0.1012,0.0722,0.023,0.313247,0.352849
Michael Stefanic,ATH,1.93494,1.6837,0.4399,0.0208,0.1912,0.1894,0.0406,0.347513,0.346618
Willy Adames,SFG,1,0.8836,0.201,0.0374,0.1096,0.0999,0.007,0.308703,0.406406
Rafael Devers,SFG,1,0.8638,0.2135,0.0473,0.1269,0.1189,0.008,0.341287,0.466427
Bennett Thompson,CLE,1,0.8838,0.2038,0.017,0.0995,0.0947,0.01,0.309832,0.341593
Max Anderson,DET,1,0.9162,0.2396,0.0278,0.1109,0.0623,0.01,0.313247,0.408535
John Rave,KCR,4.25585,3.7881,0.871,0.1126,0.4563,0.3941,0.0255,0.304495,0.377102
Anthony Santander,TOR,2.33862,2.0654,0.4685,0.103,0.2773,0.2315,0.021,0.308819,0.42447
Yohel Pozo,BAL,1.16711,1.109,0.2792,0.0338,0.12,0.0369,0.007,0.278151,0.396123
LaMonte Wade Jr.,HOU,2.9194,2.4539,0.5354,0.074,0.3214,0.4035,0.0292,0.332932,0.353723
Alfredo Duno,CIN,1,0.889,0.2043,0.0299,0.1076,0.0915,0.008,0.305112,0.382115
Pedro Pagés,STL,1.3154,1.2015,0.2674,0.0342,0.1287,0.0855,0.0118,0.278673,0.35181
Jonathan India,KCR,1,0.8575,0.2075,0.0217,0.1198,0.1087,0.022,0.340036,0.374927
Tyler Soderstrom,ATH,1,0.8814,0.2223,0.0443,0.1257,0.0998,0.01,0.332699,0.464148
Owen Ayers,CHC,1,0.8905,0.1982,0.0272,0.1073,0.088,0.01,0.297479,0.366423
Henry Godbout,BOS,1,0.9057,0.2205,0.0261,0.1071,0.0668,0.016,0.30461,0.383019
Nolan Gorman,STL,3.94386,3.4573,0.7014,0.1598,0.4174,0.4271,0.0197,0.291962,0.377838
Andrés Chaparro,WSN,4.3928,3.926,0.9269,0.1805,0.5172,0.3747,0.0483,0.308091,0.425981
Phil Clarke,,1,0.8745,0.1979,0.0141,0.0979,0.1,0.014,0.313247,0.321555
Javier Báez,DET,3.47794,3.2557,0.7724,0.0843,0.3482,0.1329,0.0452,0.274719,0.368554
Juan Brito,CIN,3.17035,2.8028,0.6367,0.0762,0.3281,0.2999,0.0285,0.305895,0.366455
César Salazar,HOU,1,0.8739,0.1808,0.0213,0.1021,0.0892,0.025,0.296363,0.325781
Rafael Marchán,PHI,1.17042,1.0591,0.2306,0.0235,0.1148,0.0819,0.0152,0.281336,0.331413
Kody Huff,CLE,1,0.8939,0.1956,0.0229,0.1021,0.0836,0.011,0.291453,0.354961
Matthew Wood,MIL,1,0.8677,0.1876,0.0231,0.1044,0.1098,0.011,0.309732,0.344589
Cam Cannarella,MIA,1,0.895,0.2316,0.0222,0.1091,0.0835,0.01,0.326504,0.390056
Buddy Kennedy,WSN,1,0.8798,0.2056,0.0208,0.1029,0.0922,0.017,0.316001,0.358377
Johanfran Garcia,BOS,1,0.9296,0.2177,0.034,0.1041,0.0479,0.011,0.277795,0.387371
Elias Díaz,TEX,4.53425,4.1663,0.9236,0.1224,0.4385,0.2711,0.0408,0.273819,0.355735
Marco Luciano,NYY,1,0.886,0.1947,0.0352,0.1107,0.0962,0.006,0.298272,0.383183
Theo Gillen,TBR,1,0.8918,0.2135,0.0247,0.1101,0.0857,0.011,0.31154,0.382036
Reed Trimble,BAL,1,0.9054,0.2052,0.038,0.1132,0.0721,0.011,0.289545,0.405898
Kerry Carpenter,DET,1.73158,1.5725,0.3736,0.0792,0.2086,0.1183,0.0242,0.298859,0.444134
Daulton Varsho,HOU,1,0.9022,0.2041,0.0381,0.1139,0.0801,0.008,0.292932,0.411771
José Caballero,NYY,1.16797,1.0323,0.2326,0.0255,0.1308,0.1006,0.021,0.304688,0.346023
Jesus Rodriguez,SFG,1,0.9,0.2295,0.0186,0.099,0.0792,0.009,0.319136,0.370222
Zach Ehrhard,LAD,1,0.8886,0.2095,0.0321,0.1201,0.0889,0.011,0.310736,0.395791
James McCann,ARI,2.58186,2.3895,0.5789,0.0802,0.2705,0.1314,0.031,0.288343,0.392342
Luis Urías,TOR,1,0.8771,0.2067,0.0279,0.1083,0.092,0.019,0.319168,0.379318
Travis d'Arnaud,LAA,2.79786,2.5435,0.522,0.0785,0.2563,0.1827,0.0392,0.267004,0.343857
Scott Bandura,SFG,5.68359,5.1198,1.2554,0.0886,0.5219,0.4501,0.0512,0.310267,0.360288
Jackson Holliday,BAL,1,0.8816,0.2074,0.0232,0.1109,0.0987,0.008,0.315615,0.3674
Drew Millas,WSN,1,0.8978,0.2068,0.0176,0.0975,0.0803,0.009,0.297678,0.342281
Trevor Larnach,MIN,1,0.8773,0.2192,0.0312,0.1205,0.1037,0.008,0.332329,0.411262
Joey Bart,CHW,1,0.874,0.199,0.0274,0.1038,0.092,0.023,0.315166,0.363959
Cadyn Grenier,BAL,1,0.8739,0.1961,0.0144,0.099,0.1036,0.011,0.312042,0.329328
Oswald Peraza,LAA,3.64009,3.315,0.713,0.0914,0.3445,0.2231,0.0619,0.275227,0.340302
Nolan Schanuel,LAA,1,0.8705,0.2333,0.0224,0.1116,0.1049,0.015,0.354085,0.396324
Leody Taveras,BAL,1.67292,1.5187,0.3521,0.0383,0.1692,0.1288,0.0067,0.292642,0.365905
Anthony Seigler,BOS,1,0.8664,0.2001,0.0181,0.113,0.1137,0.008,0.32345,0.361496
Petey Halpin,CLE,1.93756,1.779,0.4057,0.0428,0.1945,0.123,0.0136,0.281043,0.358572
Mitch Garver,NYY,1,0.8576,0.1762,0.0338,0.1077,0.1205,0.011,0.308843,0.364855
Joc Pederson,TEX,1,0.8573,0.2014,0.0466,0.1305,0.1136,0.018,0.334505,0.443602
Rafe Perich,TEX,1,0.9098,0.2154,0.0282,0.1055,0.0697,0.009,0.29537,0.387008
Jake Munroe,LAA,1,0.8983,0.2136,0.0252,0.1018,0.0722,0.018,0.305112,0.37571
Luke Shliger,DET,1,0.8911,0.1964,0.0194,0.0995,0.0854,0.012,0.295069,0.33554
Nelson Quiroz,LAD,1,0.9172,0.2264,0.0154,0.1035,0.0623,0.009,0.298986,0.35314
Andrew Benintendi,CHW,5.89624,5.2865,1.2899,0.1803,0.6462,0.5189,0.0354,0.313437,0.397446
Cooper Ingle,CLE,1,0.8591,0.2033,0.0267,0.1082,0.1239,0.007,0.335172,0.387033
Blaze Jordan,STL,1,0.9288,0.2397,0.0275,0.1061,0.0502,0.009,0.300281,0.412252
Denzel Clarke,ATH,3.12785,2.8128,0.622,0.0711,0.3215,0.2368,0.0407,0.28894,0.355624
Tyler Tolbert,KCR,3.06235,2.7966,0.6445,0.0402,0.3215,0.1942,0.0367,0.287035,0.325502
Ali Sánchez,NYY,0.761292,0.6972,0.1547,0.0162,0.0729,0.0478,0.0069,0.276399,0.331612
Carlos Jorge,CIN,5.003,4.5853,1.0737,0.1007,0.5632,0.3107,0.045,0.287496,0.353674
Tyler O'Neill,BAL,1,0.8748,0.1982,0.0422,0.1153,0.1056,0.01,0.314618,0.414152
Brooks Baldwin,CHW,1,0.913,0.2276,0.0356,0.1127,0.068,0.007,0.303998,0.418182
Endy Rodríguez,PIT,1,0.8849,0.2078,0.0256,0.1058,0.0972,0.007,0.31319,0.378009
Aron Estrada,BAL,1,0.9321,0.2351,0.0248,0.1031,0.0484,0.008,0.292759,0.385366
Aidan Miller,PHI,1,0.8836,0.2031,0.0218,0.1117,0.0929,0.012,0.30933,0.362268
Kristian Campbell,BOS,1,0.874,0.2052,0.0204,0.1017,0.1007,0.015,0.32193,0.357437
Jung Hoo Lee,SFG,1,0.9128,0.2481,0.0173,0.1025,0.0663,0.011,0.326314,0.403265
Addison Barger,TOR,1,0.8949,0.2148,0.0369,0.1161,0.087,0.008,0.310732,0.424293
Austin Overn,TBR,1,0.9059,0.2057,0.0295,0.113,0.0726,0.01,0.289545,0.379512
Luis Rengifo,SDP,1,0.9034,0.2256,0.0212,0.1055,0.0755,0.01,0.312349,0.367722
Dylan Dreiling,TEX,1,0.9167,0.2193,0.0274,0.1045,0.0668,0.005,0.292357,0.383986
Darrien Miller,MIL,1,0.8447,0.1593,0.0217,0.1012,0.1148,0.029,0.304409,0.315733
Kane Kepley,CHC,1,0.8545,0.1871,0.0163,0.1107,0.114,0.02,0.322487,0.338444
Tatem Levins,TBR,1,0.8776,0.1789,0.0224,0.0985,0.0999,0.011,0.291052,0.325775
Jake Meyers,HOU,1,0.9017,0.2142,0.0206,0.1017,0.0751,0.012,0.30248,0.359654
José Tena,WSN,1.88633,1.7074,0.4112,0.0396,0.1913,0.1439,0.0151,0.303282,0.371208
Isiah Kiner-Falefa,BOS,1.30545,1.1946,0.3037,0.0143,0.1293,0.0807,0.0144,0.306958,0.3407
Jack Pineda,KCR,1,0.9211,0.2308,0.0146,0.1006,0.0544,0.013,0.299488,0.360873
Reese McGuire,CHW,1,0.9145,0.2019,0.0232,0.0951,0.063,0.01,0.276281,0.338546
Leo De Vries,ATH,1,0.9069,0.2138,0.0277,0.1073,0.0716,0.01,0.296676,0.384938
Mathieu Vallee,TOR,1,0.9135,0.2252,0.0178,0.1046,0.064,0.011,0.301496,0.360701
Noah Cardenas,MIN,1,0.8698,0.1698,0.0243,0.0987,0.1017,0.017,0.289746,0.321568
William Bergolla Jr.,CHW,1,0.9195,0.2383,0.0054,0.0949,0.06,0.009,0.308627,0.329201
Freuddy Batista,HOU,1,0.9274,0.2058,0.0253,0.0986,0.0481,0.013,0.268053,0.355941
Nick Madrigal,TBR,1,0.8977,0.2368,0.009,0.0978,0.0726,0.019,0.32962,0.35357
Jurickson Profar,ATL,1,0.8561,0.2146,0.0284,0.1293,0.1169,0.016,0.349036,0.403107
Triston Casas,BOS,1,0.8571,0.2013,0.0403,0.1196,0.1247,0.009,0.335772,0.428888
Daniel Schneemann,CLE,2.39622,2.1201,0.4541,0.0535,0.2378,0.2365,0.0144,0.295214,0.340739
Nelson Velázquez,HOU,1.80178,1.6157,0.3431,0.0795,0.2044,0.1515,0.0162,0.284378,0.403664
Christian Franklin,BAL,2.00301,1.7379,0.3891,0.0311,0.1969,0.2135,0.026,0.315451,0.329421
Dom Keegan,BAL,1,0.8956,0.1831,0.0238,0.0956,0.0809,0.012,0.277192,0.331956
Jakson Reetz,SEA,1,0.9003,0.1748,0.0275,0.0967,0.0709,0.017,0.263887,0.331667
Brandon Butterworth,BAL,1,0.9114,0.2024,0.0248,0.1015,0.0661,0.011,0.280707,0.360435
Jace Avina,NYY,1,0.9026,0.2039,0.0298,0.1076,0.0729,0.013,0.291052,0.380678
Caleb Bonemer,CHW,1,0.8925,0.1907,0.0353,0.109,0.082,0.014,0.287938,0.383641
Austin Martin,MIN,1.20966,1.0423,0.2534,0.0117,0.1341,0.1352,0.0181,0.337819,0.3357
Abrahan Gutierrez,NYY,1,0.9197,0.2111,0.0184,0.0954,0.0588,0.01,0.281109,0.33848
Paul Goldschmidt,NYY,1.52446,1.3682,0.3442,0.0504,0.1815,0.1281,0.0122,0.319002,0.413975
Marek Houston,MIN,1,0.9215,0.2262,0.0134,0.098,0.058,0.009,0.294466,0.346066
Jorge Mateo,TBR,2.06194,1.9044,0.4055,0.0469,0.2155,0.1186,0.0144,0.262376,0.340685
Peyton Graham,DET,1,0.9002,0.2081,0.0136,0.1011,0.0723,0.016,0.29768,0.333148
Parker Meadows,DET,1,0.8904,0.1983,0.0245,0.111,0.0904,0.007,0.297246,0.368935
Blaze Alexander,BAL,0.723724,0.6448,0.1542,0.0155,0.0765,0.0565,0.0138,0.311676,0.36523
Ryan Ignoffo,MIA,1,0.9262,0.2218,0.0167,0.0978,0.0543,0.008,0.285327,0.357482
Émilien Pitre,NYM,1,0.8905,0.2224,0.0112,0.1036,0.089,0.009,0.321784,0.348119
TJ Friedl,,1,0.8692,0.2021,0.025,0.1142,0.0977,0.021,0.322509,0.366544
Thayron Liranzo,DET,1,0.8891,0.174,0.0305,0.1008,0.0914,0.008,0.274581,0.343493
Leo Jiménez,,1,0.878,0.2079,0.019,0.1002,0.081,0.03,0.320149,0.352278
Nate Furman,SFG,1,0.8914,0.2196,0.0138,0.0934,0.0851,0.012,0.318036,0.344626
Jesús  Báez,STL,1,0.9362,0.2198,0.0354,0.1052,0.0433,0.009,0.273275,0.393185
Ronald Rosario,BOS,1,0.9267,0.2069,0.0281,0.0991,0.0528,0.009,0.26986,0.360958
Sam Huff,,1,0.9186,0.1878,0.0304,0.0956,0.0612,0.008,0.258214,0.346179
Zach McKinstry,DET,2.95622,2.6141,0.5947,0.0493,0.3013,0.2761,0.0325,0.306827,0.35255
Brock Rodden,SEA,1,0.9085,0.1937,0.0252,0.1021,0.0699,0.009,0.274025,0.350138
Miguel Useche,CHC,1,0.9105,0.2023,0.0235,0.1003,0.068,0.01,0.281511,0.347062
Blake Hunt,,1,0.9119,0.1924,0.0282,0.1006,0.064,0.012,0.269695,0.356508
Jadher Areinamo,TBR,1,0.9371,0.2248,0.0252,0.1017,0.0444,0.007,0.277393,0.373386
Diego Castillo,TEX,1,0.8987,0.2114,0.0163,0.0986,0.0847,0.005,0.302431,0.343496
Payton Eeles,BAL,1,0.8767,0.2042,0.0124,0.0979,0.0888,0.023,0.317365,0.319722
Jonah Bride,,1,0.8591,0.1925,0.0212,0.1025,0.1196,0.011,0.324105,0.34443
Romy Gonzalez,BOS,1.08679,1.0023,0.2578,0.0279,0.1174,0.0628,0.0109,0.305925,0.406365
Aaron Parker,TOR,1,0.9125,0.1875,0.0316,0.0995,0.068,0.008,0.264638,0.349151
Davis Schneider,TOR,0.743428,0.6179,0.126,0.0258,0.0859,0.1071,0.0104,0.328743,0.37676
Chris Suero,NYM,1,0.8701,0.1648,0.0276,0.104,0.1014,0.017,0.284423,0.32479
Esmerlyn Valdez,PIT,1,0.8758,0.2015,0.0431,0.1202,0.1052,0.01,0.317398,0.429778
Deniel Ortiz,STL,1,0.8938,0.2093,0.0244,0.1045,0.0827,0.012,0.305313,0.364623
Edgar Quero,CHW,1,0.8923,0.2173,0.0212,0.1006,0.084,0.013,0.315372,0.357391
Yoán Moncada,LAA,1,0.882,0.1974,0.0266,0.1007,0.095,0.013,0.306196,0.368141
Paul McIntosh,PHI,1,0.8996,0.1955,0.0273,0.1031,0.0749,0.014,0.285628,0.356158
Wehiwa Aloy,BAL,1,0.9292,0.2149,0.0229,0.0973,0.0513,0.008,0.275384,0.360095
Matt Thaiss,,1,0.8639,0.1847,0.0182,0.0991,0.1132,0.012,0.31102,0.32689
Orlando Arcia,CIN,1,0.9183,0.2138,0.029,0.1017,0.0651,0.005,0.285126,0.373407
Jason Schiavone,HOU,1,0.8803,0.1617,0.0295,0.1012,0.0962,0.012,0.271066,0.326593
Trevor Cohen,SFG,1,0.9152,0.2341,0.0111,0.0942,0.0663,0.007,0.308728,0.353912
Agustín Ramírez,MIA,3.27776,2.9548,0.7063,0.1043,0.3689,0.2537,0.0328,0.304027,0.40507
Parks Harber,SFG,1,0.9063,0.2148,0.0234,0.0972,0.0732,0.009,0.298283,0.372945
Jeferson Quero,MIL,1,0.9162,0.2016,0.0272,0.0987,0.0614,0.011,0.275156,0.355708
Malcolm Moore,TEX,1,0.9177,0.1939,0.024,0.0943,0.0538,0.017,0.265843,0.340307
Jack Winnay,BOS,1,0.8868,0.2017,0.0257,0.1036,0.0877,0.014,0.30471,0.360284
RJ Schreck,TOR,1,0.8575,0.1872,0.0319,0.1135,0.114,0.017,0.319574,0.381924
Brent Rooker,ATH,1,0.8824,0.2183,0.0493,0.1286,0.0978,0.011,0.327723,0.467475
Murf Gray,PIT,1,0.9054,0.2185,0.0297,0.1081,0.0691,0.014,0.302902,0.38922
Luke Raley,SEA,1,0.8889,0.1945,0.0392,0.1093,0.0689,0.032,0.296319,0.39532
Luca Tresh,KCR,1,0.9271,0.2073,0.0252,0.0977,0.0544,0.007,0.26986,0.356704
Nacho Alvarez Jr.,LAA,1,0.8864,0.2065,0.0182,0.0955,0.0851,0.016,0.309146,0.342171
Patrick Clohisy,ATL,1,0.9141,0.2256,0.0171,0.1107,0.0654,0.009,0.301296,0.363965
Kyler Fedko,PIT,1,0.8939,0.198,0.0299,0.1114,0.0862,0.009,0.294378,0.373532
Calvin Harris,CHW,1,0.9115,0.2005,0.0186,0.0929,0.069,0.008,0.278698,0.325727
Victor Labrada,SEA,1,0.8937,0.1962,0.0181,0.0999,0.0788,0.016,0.292257,0.330424
Jesús Made,MIL,1,0.913,0.2172,0.0157,0.1014,0.0695,0.006,0.293964,0.353341
Cole Conn,ATH,1,0.8988,0.1988,0.0205,0.0988,0.0797,0.01,0.289746,0.3419
Griffin Lockwood-Powell,LAD,1,0.8955,0.1906,0.0235,0.1033,0.084,0.009,0.284825,0.338917
Adrián Sugastey,SFG,1,0.93,0.2182,0.0182,0.0886,0.0495,0.009,0.277895,0.342688
Cayden Wallace,WSN,1,0.926,0.2267,0.0297,0.1078,0.0535,0.009,0.290449,0.39838
Dub Gleed,TOR,1,0.9115,0.2129,0.0242,0.1016,0.064,0.013,0.291152,0.366319
Ramón Urías,HOU,1,0.9008,0.2118,0.0297,0.107,0.0741,0.014,0.301074,0.383881
Christopher Morel,NYM,2.06675,1.8369,0.3997,0.0804,0.232,0.1862,0.0227,0.295351,0.394251
Colt Emerson,SEA,1,0.9043,0.1896,0.0251,0.1004,0.0699,0.013,0.273952,0.340263
Josh Kasevich,TOR,1,0.9115,0.2233,0.008,0.092,0.067,0.01,0.301597,0.321997
Jace Bohrofen,TOR,1,0.8975,0.1869,0.0345,0.1075,0.079,0.012,0.2791,0.377382
Andrick Nava,MIL,1,0.907,0.1989,0.0213,0.0972,0.0725,0.009,0.281611,0.336935
Ramón Rodríguez,MIL,1,0.91,0.2043,0.0201,0.096,0.0655,0.013,0.284021,0.334505
Jesús Sánchez,ARI,1,0.8981,0.225,0.0302,0.1164,0.0809,0.011,0.317822,0.411869
Victor Scott II,STL,2.28902,2.0583,0.4469,0.0293,0.2267,0.1712,0.032,0.285369,0.307633
Adrian Pinto,TOR,1,0.9015,0.2081,0.0188,0.1004,0.076,0.011,0.296374,0.353744
Anthony Rendon,LAA,1,0.8712,0.197,0.0165,0.1028,0.1019,0.016,0.316292,0.332645
Matt Vierling,DET,1,0.9039,0.2163,0.0221,0.1069,0.0774,0.008,0.30279,0.371723
Nate Baez,BOS,1,0.9157,0.2016,0.0205,0.095,0.0588,0.014,0.275585,0.338976
Harrison Bader,SFG,1,0.9098,0.213,0.0283,0.0998,0.0623,0.016,0.292646,0.376127
Ryan Cesarini,CLE,1,0.911,0.2209,0.0322,0.1122,0.0675,0.01,0.299689,0.400768
Charlie Pagliarini,SEA,1,0.8977,0.1834,0.0305,0.1019,0.0808,0.01,0.275384,0.357024
Phillip Glasser,WSN,1,0.8952,0.2303,0.0102,0.099,0.0833,0.01,0.324997,0.342382
John Taylor,TEX,1,0.8838,0.1955,0.0183,0.0993,0.0907,0.014,0.301496,0.335144
Luke Hill,CLE,1,0.8979,0.2035,0.0204,0.1014,0.0796,0.011,0.29537,0.351264
Luke Adams,MIL,1,0.8457,0.1859,0.0374,0.121,0.1068,0.036,0.330119,0.403571
Jake Gelof,LAD,1,0.8985,0.1906,0.0411,0.1167,0.084,0.006,0.281812,0.397218
Garret Forrester,MIA,1,0.8558,0.1697,0.0166,0.096,0.1187,0.014,0.303706,0.303809
Raudi Rodriguez,LAA,1,0.8984,0.2012,0.0237,0.0993,0.0811,0.009,0.292558,0.353629
Drew Romo,CHW,0.708442,0.6456,0.1355,0.0208,0.0709,0.046,0.0078,0.268625,0.348823
Logan Porter,LAA,1,0.8812,0.173,0.0217,0.0907,0.096,0.011,0.281266,0.309691
Coby Morales,NYY,1,0.9096,0.2097,0.025,0.1033,0.0729,0.006,0.289846,0.363127
Josiah Ragsdale,STL,1,0.8919,0.2012,0.0255,0.1041,0.0876,0.009,0.299086,0.359794
Michael Turner,CHW,1,0.9035,0.1967,0.0149,0.091,0.078,0.007,0.282917,0.314887
Kevin Parada,NYM,1,0.9078,0.194,0.0231,0.0978,0.0717,0.009,0.275886,0.33796
Jancel Villarroel,SFG,1,0.9201,0.2066,0.0174,0.0881,0.0534,0.015,0.276188,0.33692
CJ Kayfus,CLE,1,0.8891,0.205,0.0283,0.107,0.0846,0.015,0.305823,0.38927
Luke Pelzer,KCR,1,0.9181,0.2509,0.0113,0.1068,0.0624,0.008,0.322688,0.384925
Stuart Fairchild,SEA,1,0.8803,0.1876,0.0259,0.1052,0.0888,0.02,0.297501,0.354652
Jacob Cozart,LAA,1,0.9063,0.1867,0.0254,0.0911,0.0712,0.011,0.270061,0.328478
Nick Raposo,SEA,1,0.9017,0.1811,0.0177,0.0907,0.0778,0.009,0.269057,0.306976
Rhys Hoskins,CLE,2.95417,2.5353,0.5357,0.1113,0.3304,0.3572,0.0355,0.314851,0.38879
Andrew Fischer,MIL,1,0.8808,0.1741,0.045,0.1131,0.0977,0.01,0.283017,0.391803
Arjun Nimmala,LAA,1,0.9082,0.1953,0.0248,0.0963,0.0703,0.01,0.27679,0.351685
Trey Sweeney,DET,1,0.8984,0.1974,0.0236,0.1013,0.0804,0.009,0.288183,0.350512
Nick Dini,TBR,1,0.8837,0.1687,0.0264,0.098,0.0918,0.013,0.274681,0.321376
Jacob Reimer,NYM,1,0.8926,0.2002,0.0254,0.1063,0.0819,0.014,0.297379,0.3622
Andrew Cossetti,MIN,1,0.8739,0.1592,0.0258,0.0966,0.0986,0.016,0.274982,0.316512
Kevin Bazzell,WSN,1,0.9101,0.2077,0.0172,0.095,0.0644,0.014,0.287336,0.333809
Carson Roccaforte,KCR,1,0.911,0.2014,0.032,0.1096,0.0705,0.007,0.280104,0.386389
Enrique Bradfield Jr.,BAL,1,0.9005,0.2058,0.0138,0.1004,0.078,0.01,0.295069,0.327374
Easton Carmichael,PIT,1,0.9354,0.2231,0.0199,0.0977,0.0431,0.01,0.277393,0.357173
Jaison Chourio,CLE,1,0.8848,0.2013,0.0145,0.0992,0.0977,0.006,0.306317,0.327306
Alex Call,LAD,1.14221,0.9755,0.2254,0.0232,0.1287,0.1343,0.0194,0.333304,0.35387
Manuel Palencia,NYY,1,0.9308,0.2165,0.015,0.0908,0.0507,0.007,0.275384,0.325526
Samuel Zavala,CHW,1,0.8695,0.1809,0.0248,0.1018,0.111,0.008,0.301195,0.33433
Kendall George,LAD,1,0.8965,0.2224,0.01,0.1086,0.085,0.007,0.315758,0.330842
Emmanuel Rivera,,1,0.907,0.2177,0.0197,0.0969,0.071,0.011,0.300813,0.356009
George Valera,CLE,1,0.895,0.2076,0.0324,0.1097,0.0877,0.007,0.30324,0.393296
Tony Santa Maria,TBR,1,0.9029,0.2048,0.0222,0.1032,0.0716,0.014,0.291654,0.349319
Noah Mendlinger,STL,1,0.8789,0.2153,0.0055,0.0943,0.0876,0.022,0.326303,0.317328
Kyle Higashioka,TEX,0.586973,0.5331,0.1175,0.0222,0.0629,0.0427,0.0041,0.281239,0.389983
Spencer Steer,CIN,1,0.8771,0.2061,0.0355,0.1139,0.1007,0.013,0.320505,0.410101
Tim Tawa,ARI,6.14159,5.5513,1.271,0.2002,0.6678,0.4784,0.043,0.293029,0.389584
Mickey Gasper,BOS,1,0.8629,0.2133,0.0287,0.122,0.1107,0.015,0.340498,0.405493
Aaron Walton,CLE,1,0.904,0.1991,0.0242,0.1018,0.0675,0.017,0.284825,0.357633
Everson Pereira,STL,2.97858,2.686,0.592,0.1067,0.3153,0.2168,0.0417,0.286702,0.384289
Brayden Taylor,MIA,1,0.8859,0.1896,0.0296,0.1077,0.0956,0.007,0.293462,0.37318
Ryan Sprock,TOR,1,0.8985,0.1859,0.019,0.0929,0.079,0.011,0.277092,0.309405
Onil Perez,SFG,1,0.9043,0.2014,0.0108,0.0855,0.0732,0.011,0.286833,0.309742
Johan Rojas,PHI,1,0.9206,0.2256,0.0161,0.107,0.058,0.009,0.29407,0.356833
Roc Riggio,COL,1,0.8947,0.2101,0.0332,0.1155,0.0848,0.009,0.305212,0.407064
Wenceel Pérez,DET,1,0.9021,0.2095,0.0294,0.1089,0.0804,0.007,0.297913,0.390977
Nick Goodwin,TOR,1,0.9025,0.1931,0.0212,0.0971,0.072,0.014,0.280305,0.338726
Tyler Fitzgerald,LAD,1,0.9117,0.202,0.0339,0.1144,0.0642,0.012,0.27957,0.383459
Ryan Campos,STL,1,0.8919,0.1911,0.0138,0.0916,0.0856,0.011,0.288942,0.308218
Jay Harry,TOR,1,0.9305,0.2142,0.0205,0.0964,0.045,0.013,0.273376,0.35583
Woody Hadeen,DET,1,0.8992,0.2062,0.0092,0.0949,0.0733,0.016,0.296776,0.316948
Edouard Julien,COL,1,0.8519,0.2008,0.0218,0.1143,0.1272,0.009,0.338659,0.366944
Jacob Berry,KCR,1,0.905,0.21,0.0205,0.1043,0.0725,0.011,0.294767,0.358785
Casey Schmitt,SFG,1,0.9247,0.2302,0.0365,0.1071,0.0525,0.013,0.296471,0.419055
Jared Young,NYM,1,0.8934,0.2193,0.0334,0.1142,0.0819,0.015,0.316961,0.417954
Leonel Valera,,1,0.9302,0.2207,0.0175,0.098,0.0483,0.01,0.280205,0.354332
Michael Conforto,CHC,1.98204,1.7146,0.3877,0.0683,0.2243,0.218,0.0277,0.32079,0.394669
Andrew Navigato,DET,1,0.9132,0.1978,0.0246,0.1,0.0633,0.012,0.274279,0.351511
Ramón Laureano,SDP,1,0.8948,0.2057,0.0355,0.1141,0.0785,0.016,0.301285,0.403666
Ramon Mendoza,STL,1,0.8977,0.2129,0.0165,0.0977,0.0788,0.012,0.305012,0.347666
Marcelo Mayer,SFG,5.8255,5.3097,1.2417,0.1405,0.5532,0.4148,0.0466,0.293077,0.370379
Ildemaro Vargas,ARI,4.9564,4.5736,1.1614,0.0839,0.5132,0.287,0.0397,0.301491,0.372442
Eduardo Quintero,LAD,1,0.8915,0.1982,0.026,0.1114,0.085,0.012,0.296475,0.358273
Alex Freeland,LAD,0.777545,0.6812,0.1511,0.0196,0.0874,0.0807,0.0062,0.307533,0.358191
Masataka Yoshida,BOS,1,0.8969,0.2449,0.0235,0.1136,0.0768,0.016,0.33875,0.412532
Cristofer Torin,ARI,1,0.9146,0.2237,0.0116,0.0984,0.0649,0.009,0.298885,0.339383
Pascanel Ferreras,HOU,1,0.9184,0.2054,0.0174,0.0968,0.0571,0.013,0.27669,0.340483
Jacob Melton,TBR,1,0.9055,0.1936,0.0295,0.1102,0.0746,0.008,0.277449,0.365875
Tucupita Marcano,SDP,1,0.9091,0.2118,0.017,0.0987,0.0684,0.011,0.292458,0.344407
Cal Stevenson,DET,1,0.8545,0.1849,0.0179,0.1061,0.1276,0.006,0.319972,0.337975
Ricardo Genovés,,1,0.9059,0.1805,0.026,0.0956,0.0706,0.012,0.264236,0.331494
Max Muncy,ATH,1,0.9106,0.2076,0.0335,0.1037,0.0636,0.015,0.287234,0.390182
Gavin Kilen,SFG,1,0.9281,0.2232,0.0118,0.088,0.0524,0.008,0.284825,0.348885
Core Jackson,NYY,1,0.9137,0.2003,0.0185,0.0993,0.0628,0.012,0.276288,0.339937
Bryant Betancourt,COL,1,0.9174,0.2162,0.0267,0.1039,0.0641,0.007,0.288541,0.37312
Matt Scheffler,,1,0.8857,0.1711,0.0131,0.0882,0.0888,0.014,0.275083,0.279101
Tyrone Taylor,CHC,0.927052,0.852,0.2063,0.0269,0.1025,0.0501,0.0148,0.293634,0.400822
Jacob Humphrey,COL,1,0.9162,0.2417,0.0203,0.1106,0.0593,0.013,0.315356,0.393364
Adam Zebrowski,ATL,1,0.9211,0.1922,0.0329,0.1013,0.0584,0.009,0.260721,0.359679
Andres Sosa,,1,0.8835,0.1711,0.0172,0.0924,0.087,0.018,0.277292,0.301981
Vinny Capra,BOS,1,0.8983,0.2077,0.017,0.099,0.0798,0.01,0.298905,0.340532
Maverick Handley,ATL,1,0.8786,0.1721,0.0138,0.0957,0.0921,0.017,0.282641,0.287617
Miguel Palma,NYY,1,0.9076,0.1859,0.0233,0.0944,0.0699,0.011,0.267952,0.323821
Tyler Hardman,NYY,1,0.9177,0.1942,0.0401,0.1078,0.0628,0.008,0.266144,0.38651
Demetrio Crisantes,ARI,1,0.9116,0.2227,0.016,0.1027,0.0669,0.01,0.300894,0.361781
Poncho Ruiz,MIN,1,0.9012,0.1899,0.0127,0.0902,0.0783,0.009,0.278397,0.309143
Christian Cerda,ARI,1,0.8886,0.1813,0.0225,0.0984,0.0919,0.008,0.282414,0.324105
Caleb Lomavita,WSN,1,0.9259,0.2086,0.0226,0.0953,0.0496,0.013,0.272371,0.350578
Brewer Hicklen,ATL,1.60934,1.4444,0.3269,0.0525,0.188,0.1196,0.0257,0.294812,0.390335
Victor Robles,SEA,0.738947,0.6633,0.16,0.0082,0.0756,0.0517,0.0155,0.30878,0.339967
Seby Zavala,DET,1,0.896,0.1632,0.0241,0.0921,0.0804,0.012,0.256704,0.307143
Daz Cameron,TOR,1,0.9061,0.2132,0.0303,0.1096,0.073,0.01,0.2973,0.395762
Milan Tolentino,CLE,1,0.8999,0.1794,0.028,0.101,0.0816,0.007,0.269157,0.344927
Kyle Manzardo,CLE,1.71552,1.5178,0.3353,0.0665,0.1933,0.1625,0.0206,0.302715,0.403281
Brendan Rodgers,BOS,1,0.9055,0.2136,0.0216,0.1006,0.0738,0.01,0.298445,0.361237
James Tibbs III,LAD,1,0.8777,0.195,0.0392,0.1203,0.1028,0.008,0.307121,0.40139
Brett Wisely,ATL,1,0.8905,0.2076,0.019,0.108,0.0872,0.01,0.306332,0.353285
Yohandy Morales,WSN,4.11579,3.7625,0.9296,0.1471,0.4491,0.2737,0.037,0.302306,0.417648
Santiago Espinal,ARI,1,0.9136,0.2349,0.0114,0.1008,0.0669,0.008,0.311107,0.348621
Enrique Hernández,LAD,3.574,3.2662,0.7394,0.1025,0.3813,0.2473,0.0179,0.282358,0.370614
Michael De La Cruz,,1,0.901,0.1904,0.0166,0.0927,0.0805,0.007,0.2791,0.310766
Rodolfo Durán,SDP,1,0.9209,0.1916,0.0283,0.0981,0.0563,0.01,0.259274,0.347595
Jihwan Bae,MIL,1,0.8919,0.2077,0.0117,0.1018,0.0866,0.01,0.305583,0.333221
James Outman,DET,1,0.8839,0.1759,0.0325,0.1085,0.0884,0.016,0.281539,0.361579
Spencer Packard,SEA,1,0.8807,0.2017,0.0201,0.1014,0.0938,0.014,0.310837,0.342909
Ronny Simon,PIT,2.0297,1.8243,0.4704,0.0356,0.2165,0.1668,0.0162,0.323209,0.377515
Miles Mastrobuoni,SEA,1,0.8933,0.1992,0.0123,0.0937,0.0908,0.004,0.295329,0.314228
Luis Peña,MIL,1,0.9281,0.2181,0.0153,0.0993,0.0504,0.01,0.279703,0.345006
Hendry Mendez,MIN,1,0.888,0.2182,0.0188,0.1035,0.0915,0.009,0.320076,0.360473
Blake Rambusch,SEA,1,0.8967,0.2049,0.005,0.0935,0.0808,0.011,0.297981,0.291736
Orlando Martinez,TEX,1,0.9157,0.2121,0.0158,0.0961,0.0668,0.006,0.28613,0.342907
Marcos Castañon,SDP,1,0.9242,0.2123,0.0295,0.102,0.0553,0.009,0.277795,0.372106
Joshua Báez,STL,1,0.9168,0.209,0.0434,0.1154,0.0591,0.014,0.28292,0.423429
Blake Dunn,CIN,1,0.8889,0.212,0.0193,0.1095,0.0784,0.021,0.312996,0.351446
Brett Callahan,DET,2.7255,2.4794,0.5789,0.0648,0.2802,0.1752,0.0382,0.292017,0.36896
Chadwick Tromp,LAD,1,0.9141,0.184,0.0232,0.0989,0.0682,0.005,0.25857,0.320753
James Triantos,CHC,1,0.9294,0.2322,0.0145,0.1039,0.05,0.01,0.293226,0.352378
Colin Tuft,BAL,1,0.8966,0.1702,0.0198,0.0925,0.0779,0.014,0.263232,0.308053
Caden Kendle,MIN,1,0.9165,0.2238,0.0263,0.1071,0.058,0.014,0.297077,0.389416
Shane McGuire,ATH,1,0.8817,0.183,0.0175,0.0935,0.0968,0.01,0.291052,0.310196
Brice Matthews,HOU,1,0.8992,0.1872,0.0308,0.1066,0.0791,0.01,0.277549,0.359208
Bryan Rincon,PHI,1,0.8736,0.1789,0.0232,0.1048,0.1029,0.012,0.295069,0.333448
Luis Durango,NYY,1,0.9248,0.2253,0.0118,0.0999,0.0507,0.013,0.290248,0.33391
Davis Diaz,ATH,1,0.9039,0.2002,0.015,0.0923,0.0726,0.012,0.28603,0.320168
Seaver King,WSN,0.648711,0.5994,0.1449,0.0144,0.0656,0.0347,0.0071,0.289054,0.369369
Ben Ross,MIN,0.815818,0.7361,0.1527,0.0193,0.0834,0.0639,0.0065,0.274618,0.342481
Mac Horvath,TBR,1,0.919,0.2048,0.0257,0.1036,0.0625,0.007,0.275485,0.358868
Izaac Pacheco,DET,1,0.8991,0.1835,0.0354,0.1052,0.0834,0.006,0.274079,0.372261
Luis Matos,MIL,1,0.9185,0.2201,0.0331,0.1104,0.0604,0.01,0.291667,0.40196
Omar Martinez,LAA,1,0.9003,0.1706,0.0311,0.0915,0.0772,0.01,0.259095,0.327113
Dean Curley,CLE,1,0.8788,0.177,0.0175,0.0934,0.0977,0.012,0.287938,0.30792
Luis Vázquez,BAL,1,0.9261,0.2062,0.0232,0.0967,0.0503,0.013,0.270419,0.346831
David Fry,CLE,1.56835,1.382,0.2991,0.0535,0.1684,0.147,0.0235,0.300333,0.379667
Tyler Austin,CHC,1,0.9035,0.2223,0.0397,0.1199,0.078,0.007,0.308627,0.433204
Hector Osorio,TEX,1,0.8968,0.1929,0.025,0.0976,0.0757,0.016,0.285829,0.334523
Josh Caron,SEA,1,0.9196,0.174,0.0245,0.0923,0.0599,0.009,0.243949,0.316551
Rece Hinds,BAL,1.20101,1.1004,0.2457,0.0425,0.1277,0.0747,0.012,0.277973,0.395947
Charles Davalan,LAD,1,0.9082,0.2067,0.0285,0.1094,0.0633,0.017,0.288239,0.365448
Jason Delay,BOS,1,0.9083,0.1937,0.0096,0.0889,0.0668,0.013,0.274792,0.304525
Bryce Eldridge,SFG,1,0.8815,0.2143,0.0372,0.1119,0.1029,0.006,0.324043,0.421327
Elih Marrero,KCR,1,0.9161,0.1982,0.0124,0.0921,0.0634,0.009,0.271769,0.317542
Dakota Jordan,SFG,1,0.931,0.2173,0.026,0.0958,0.0495,0.008,0.275987,0.371643
Ramon Ramirez,KCR,1,0.9251,0.1942,0.0264,0.0955,0.0534,0.01,0.258712,0.338774
Chris Williams,,1,0.8843,0.1591,0.0308,0.0992,0.0932,0.011,0.264437,0.323985
Jose Cordova,COL,1,0.9144,0.2184,0.0156,0.099,0.0641,0.01,0.293763,0.349519
Cade McGee,STL,1,0.9056,0.181,0.0247,0.0944,0.0669,0.016,0.26504,0.328401
Giancarlo Stanton,NYY,1,0.8929,0.203,0.0548,0.1232,0.0921,0.006,0.301643,0.450106
Lenyn Sosa,,1,0.9448,0.2275,0.0287,0.0989,0.037,0.008,0.273347,0.38008
Ryan Fitzgerald,LAD,1,0.914,0.2109,0.0258,0.1088,0.0623,0.012,0.286432,0.373085
Peyton Wilson,KCR,1,0.905,0.2078,0.0152,0.0998,0.0735,0.01,0.292558,0.34221
Graysen Tarlow,STL,1,0.9007,0.1928,0.0134,0.089,0.0738,0.014,0.281812,0.303986
Jefferson Rojas,NYM,1,0.916,0.2077,0.0271,0.1045,0.0635,0.009,0.28141,0.364192
Felnin Celesten,SEA,1,0.9196,0.1967,0.0176,0.092,0.0599,0.009,0.266747,0.319922
Elijah Hainline,LAD,1,0.8816,0.1845,0.0189,0.1028,0.0959,0.011,0.292658,0.319306
Jordan Groshans,ATL,1,0.9151,0.2165,0.0243,0.1042,0.0664,0.007,0.291152,0.369905
Jake Thompson,LAA,1,0.8953,0.2105,0.0235,0.1005,0.0792,0.014,0.305012,0.368033
Cooper Kinney,TBR,1,0.926,0.2121,0.0237,0.0988,0.0555,0.007,0.275786,0.363715
Carson DeMartini,PHI,1,0.8896,0.197,0.0235,0.1073,0.0879,0.011,0.297178,0.353417
Omar Alfonzo,NYY,1,0.9056,0.1769,0.0258,0.0932,0.0739,0.009,0.260922,0.319567
Mitch Voit,NYM,1,0.9131,0.2058,0.016,0.0981,0.0614,0.014,0.282414,0.326361
Chas McCormick,CHC,1,0.8883,0.2065,0.0276,0.1098,0.086,0.014,0.307824,0.366881
Jarred Kelenic,NYY,1,0.9006,0.1981,0.0322,0.109,0.083,0.005,0.287336,0.383189
Lorenzo Cedrola,,1,0.9171,0.2138,0.0157,0.0961,0.0534,0.018,0.286432,0.336823
Eric Genther,NYY,1,0.8956,0.178,0.0198,0.0915,0.0729,0.02,0.27207,0.301027
Darell Hernaiz,ATH,0.546733,0.4895,0.1214,0.0065,0.0529,0.0463,0.0044,0.316244,0.340347
Kyle Nevin,LAD,1,0.9192,0.2172,0.0225,0.1056,0.0603,0.009,0.287737,0.359661
Mitch Jebb,PIT,1,0.9044,0.2221,0.0115,0.1004,0.0781,0.006,0.307522,0.343543
Bo Naylor,MIL,0.367548,0.3243,0.0669,0.0133,0.0399,0.0366,0.0022,0.288877,0.381437
Tomás Nido,BOS,1,0.9305,0.2053,0.0181,0.0901,0.0479,0.009,0.263571,0.322622
Tavian Josenberger,BAL,1,0.8838,0.1791,0.0202,0.0993,0.0967,0.008,0.285026,0.317945
Gabriel Cancel,,1,0.9005,0.1888,0.0257,0.0998,0.077,0.011,0.277995,0.345808
Samad Taylor,SDP,2.27948,2.0435,0.477,0.0452,0.2417,0.1903,0.0182,0.302155,0.349743
Josh Rojas,KCR,0.87763,0.7903,0.1864,0.0151,0.0881,0.0716,0.0053,0.301362,0.351006
Jake Fraley,,1,0.887,0.2098,0.0241,0.1064,0.091,0.011,0.312895,0.366967
Franklin Primera,BOS,1,0.9067,0.1929,0.0168,0.0893,0.0618,0.02,0.275886,0.303959
Walker Janek,HOU,1,0.9334,0.1919,0.0223,0.0939,0.0451,0.01,0.248067,0.326441
Sam Kulasingam,KCR,1,0.899,0.2088,0.0108,0.0971,0.0805,0.009,0.299588,0.330033
Ryan Bliss,SEA,1,0.9118,0.196,0.017,0.098,0.0649,0.011,0.273239,0.328471
Carlos Rodríguez,SDP,1,0.9091,0.2176,0.0121,0.0959,0.0754,0.004,0.298283,0.328347
Andrew Vaughn,MIL,1,0.8972,0.2255,0.03,0.1109,0.0816,0.012,0.319772,0.409385
José Barrero,BAL,1.75692,1.5981,0.3115,0.0549,0.1736,0.1093,0.0281,0.256749,0.339528
Dayson Croes,SFG,1,0.926,0.2318,0.0071,0.0867,0.0495,0.013,0.295571,0.339741
Ralphy Velazquez,CLE,0.648711,0.5878,0.1424,0.0253,0.0752,0.047,0.0065,0.303251,0.429228
Adrian Del Castillo,ARI,0.379587,0.3427,0.0758,0.0115,0.0396,0.0303,0.0027,0.287526,0.374672
Duce Gourson,PIT,1,0.8883,0.2002,0.0185,0.1035,0.0842,0.016,0.301697,0.343915
J.J. D'Orazio,LAA,1,0.9271,0.1967,0.0194,0.0857,0.0534,0.008,0.259215,0.317873
Daniel Johnson,,1,0.9231,0.2087,0.0314,0.1087,0.0551,0.01,0.275065,0.379591
Jonny Farmelo,SEA,1,0.8937,0.1785,0.0205,0.0969,0.0868,0.008,0.27448,0.32013
Edward Duran,TOR,1,0.9265,0.1997,0.0144,0.0879,0.051,0.011,0.26283,0.313222
Nolan Jones,,1,0.8754,0.1885,0.0248,0.1035,0.1048,0.009,0.303392,0.35104
Maxwell Romero Jr.,WSN,1,0.9051,0.1784,0.0312,0.0968,0.0714,0.012,0.262931,0.342393
Tsung-Che Cheng,BOS,1,0.8968,0.1912,0.0131,0.0962,0.0838,0.007,0.283417,0.317351
Will Turner,BOS,1,0.8539,0.1597,0.0255,0.1033,0.1236,0.011,0.295571,0.324394
Owen Caissie,MIA,1,0.8912,0.2017,0.0369,0.108,0.0895,0.009,0.301164,0.402154
Justice Bigbie,DET,1,0.9092,0.2311,0.018,0.1014,0.0703,0.009,0.31174,0.361197
Corey Joyce,TEX,1,0.8918,0.1921,0.0168,0.094,0.0827,0.014,0.290047,0.317672
Thairo Estrada,,1,0.9294,0.2384,0.0256,0.106,0.0464,0.014,0.299729,0.394556
Alejo Lopez,KCR,1,0.897,0.2243,0.0089,0.0989,0.0765,0.015,0.317164,0.333333
Justin Riemer,ATH,1,0.8555,0.192,0.0087,0.0948,0.118,0.015,0.326404,0.300409
Andy Weber,CHW,1,0.9285,0.2107,0.0163,0.0916,0.053,0.007,0.271869,0.332149
Kala'i Rosario,MIN,1,0.8982,0.1963,0.0349,0.1093,0.0813,0.009,0.287838,0.389
Emil Morales,LAD,1,0.9251,0.2006,0.0317,0.1046,0.0544,0.009,0.26514,0.362123
Luke Maile,KCR,0.371021,0.3268,0.0694,0.0069,0.0367,0.0344,0.0052,0.295313,0.323745
Frainyer Chavez,TEX,1,0.9028,0.1961,0.0131,0.0898,0.0777,0.008,0.283017,0.304054
Diego Velasquez,SFG,1,0.8973,0.214,0.0065,0.0868,0.0792,0.012,0.306518,0.315279
Akil Baddoo,MIL,1,0.8826,0.1955,0.0313,0.1122,0.1007,0.005,0.302531,0.385679
Logan Sauve,ATH,1,0.8968,0.1922,0.0134,0.0899,0.0787,0.013,0.285126,0.308207
Braylon Payne,MIL,1,0.9201,0.1984,0.035,0.1064,0.0614,0.007,0.267952,0.380285
Jorge Corona,CHW,1,0.9205,0.1792,0.0283,0.0925,0.05,0.018,0.248268,0.330038
Cooper Johnson,TEX,1,0.8988,0.1649,0.0245,0.0909,0.0817,0.008,0.2557,0.308189
Jim Jarvis,ATL,0.379028,0.3422,0.0834,0.0041,0.0401,0.0282,0.0038,0.306101,0.34512
Eguy Rosario,,1,0.9048,0.1893,0.0315,0.1039,0.0744,0.009,0.273933,0.363064
Jake Rucker,MIN,1,0.9063,0.2012,0.0186,0.0967,0.0722,0.01,0.284624,0.338519
Brennen Davis,SEA,1,0.8916,0.1805,0.0378,0.107,0.0759,0.021,0.278598,0.371916
Edian Espinal,DET,1,0.9172,0.1975,0.0133,0.0885,0.0603,0.011,0.269961,0.302333
Sam Petersen,WSN,1,0.8902,0.1935,0.0234,0.1025,0.0793,0.019,0.29306,0.348012
Estevan Florial,,1,0.8949,0.1965,0.0301,0.1075,0.0856,0.008,0.291382,0.374343
Johnathan Rodríguez,ATH,0.326211,0.2921,0.0733,0.0107,0.0359,0.0283,0.0023,0.319692,0.413215
Seth Stephenson,DET,1,0.9223,0.214,0.0127,0.1001,0.0452,0.021,0.28141,0.326466
Mario Camilletti,CHW,1,0.8745,0.1883,0.0123,0.093,0.106,0.008,0.303605,0.300972
Jose Mujica,ATH,1,0.925,0.2022,0.022,0.0935,0.0535,0.01,0.266847,0.338054
Antonio Gomez,NYY,1,0.9177,0.1867,0.0204,0.091,0.0618,0.009,0.258612,0.315789
Nick Mitchell,WSN,1,0.8982,0.2112,0.0143,0.0978,0.0803,0.01,0.302802,0.335894
Jacob Sharp,TOR,1,0.9155,0.1831,0.0202,0.0902,0.056,0.017,0.257206,0.313927
Joseph Sullivan,HOU,1,0.8834,0.1733,0.0256,0.1019,0.0891,0.016,0.279602,0.329635
Zyhir Hope,DET,1,0.9082,0.2138,0.028,0.1072,0.0733,0.007,0.29537,0.380973
John Gil,ATL,1,0.9151,0.2081,0.0151,0.0989,0.0654,0.008,0.282716,0.327614
Alex Lodise,ATL,1,0.9319,0.2128,0.0232,0.0989,0.0436,0.013,0.270563,0.355832
Nelson Rada,LAA,1,0.8904,0.2007,0.0081,0.0903,0.0861,0.012,0.30009,0.298405
Jahmai Jones,BOS,0.911878,0.7958,0.1849,0.0275,0.1082,0.09,0.0164,0.320638,0.398593
Connor Caskenette,MIA,1,0.9061,0.1915,0.0166,0.0913,0.0714,0.011,0.275083,0.313431
Xavier Isaac,TBR,1,0.8696,0.1842,0.0386,0.1144,0.1099,0.009,0.304409,0.392019
Taylor Young,LAD,1,0.8895,0.2037,0.0108,0.1034,0.088,0.011,0.304007,0.317594
Gleider Figuereo,TEX,1,0.9207,0.194,0.0328,0.0992,0.0588,0.009,0.262931,0.359835
Pablo Reyes,LAA,1,0.8965,0.2149,0.0204,0.1007,0.0841,0.008,0.308295,0.359398
Creed Willems,BAL,0.188532,0.1707,0.0384,0.0072,0.0203,0.013,0.0026,0.287693,0.39133
Payton Henry,PHI,1,0.9235,0.1997,0.0261,0.0957,0.051,0.014,0.265843,0.340011
D'Andre Smith,NYM,1,0.9223,0.2136,0.0194,0.1012,0.0522,0.014,0.281008,0.347935
Enmanuel Valdez,PIT,1,0.9063,0.2145,0.032,0.1099,0.0751,0.008,0.298645,0.403619
Eric Snow,TOR,1,0.9235,0.213,0.0093,0.0903,0.056,0.009,0.279201,0.312832
Vidal Bruján,NYM,1,0.8903,0.1997,0.0145,0.1004,0.0859,0.012,0.298915,0.328878
Damon Dues,,1,0.8729,0.1889,0.0087,0.0942,0.1066,0.009,0.305815,0.297399
Connor Wong,BOS,1.23301,1.1132,0.2633,0.0256,0.1266,0.0861,0.0185,0.299837,0.361031
Aiva Arquette,MIA,1,0.9282,0.2159,0.0189,0.0961,0.0503,0.01,0.277393,0.346693
Ryan Ritter,COL,0.624422,0.5606,0.134,0.0133,0.0663,0.045,0.0112,0.306034,0.370496
Ryan McCrystal,CIN,1,0.9256,0.2085,0.0141,0.0893,0.0539,0.009,0.272572,0.325411
Keyber Rodriguez,TEX,1,0.9317,0.2041,0.0191,0.092,0.0488,0.008,0.262027,0.333476
Cam Cauley,TEX,0.402098,0.3672,0.0808,0.0111,0.0422,0.028,0.0024,0.277653,0.369826
Adrian Santana,MIA,1,0.9282,0.2294,0.006,0.091,0.0533,0.007,0.290951,0.320405
John Garcia,HOU,1,0.9044,0.1803,0.0152,0.0893,0.0671,0.017,0.265542,0.29456
Silas Ardoin,BAL,1,0.8779,0.1599,0.0145,0.0861,0.1016,0.009,0.271668,0.275658
Garrett Martin,NYY,1,0.9198,0.2034,0.0404,0.1122,0.0547,0.014,0.273275,0.399652
Gustavo Campero,LAA,0.399693,0.3612,0.0885,0.0119,0.0418,0.0253,0.0088,0.307963,0.398394
Francisco Acuna,SDP,1,0.891,0.1821,0.0165,0.0938,0.0825,0.015,0.280807,0.309315
Connor Hollis,,1,0.9031,0.2107,0.0102,0.094,0.0714,0.014,0.297379,0.319344
Jared Sundstrom,SEA,1,0.9136,0.181,0.0281,0.0983,0.0629,0.012,0.257005,0.339426
Eric Haase,ATL,1,0.9113,0.1889,0.0316,0.1014,0.0674,0.009,0.26658,0.350379
César Prieto,STL,0.483248,0.4486,0.1146,0.0084,0.0491,0.0229,0.0058,0.298045,0.370709
Jose Colmenares,CHW,1,0.9125,0.1903,0.0202,0.0938,0.065,0.011,0.26745,0.325808
Nick Lorusso,NYM,1,0.9119,0.1963,0.0287,0.1029,0.0676,0.009,0.274079,0.358702
Axiel Plaz,PIT,1,0.9234,0.2012,0.0232,0.0939,0.0521,0.013,0.26745,0.333225
River Town,,1,0.8779,0.2023,0.0201,0.1051,0.0946,0.016,0.314251,0.351065
Eli White,BOS,1,0.9137,0.217,0.0285,0.107,0.0638,0.011,0.29306,0.383496
Ronny Mauricio,NYM,2.45477,2.2816,0.5417,0.0905,0.2777,0.1203,0.0221,0.280116,0.401034
Alex Madera,CHC,1,0.8965,0.2135,0.0051,0.0933,0.085,0.007,0.306819,0.307418
Keiner Delgado,PIT,1,0.8994,0.1987,0.017,0.0974,0.0771,0.012,0.289043,0.324439
Luke Hanson,TEX,1,0.9217,0.201,0.0159,0.0891,0.0568,0.01,0.268957,0.315829
Starling Marte,,1,0.9088,0.2306,0.0204,0.1033,0.063,0.018,0.312569,0.370268
Billy Amick,NYM,1,0.9039,0.1799,0.039,0.1055,0.0706,0.014,0.265642,0.367961
Victor Arias,TOR,1,0.9235,0.2076,0.0192,0.0962,0.056,0.009,0.273777,0.343801
Gavin Lux,TBR,0.24963,0.2176,0.0526,0.0031,0.0252,0.028,0.0015,0.329851,0.34421
Dru Baker,CHW,1,0.9265,0.216,0.0157,0.0945,0.051,0.011,0.279201,0.330815
Riley Unroe,CHW,1,0.8815,0.1784,0.0206,0.0974,0.098,0.009,0.286633,0.318434
Rafael Ortega,,1,0.8758,0.1889,0.0237,0.104,0.106,0.007,0.303112,0.340603
Mikey Romero,BOS,1,0.9306,0.2095,0.0232,0.0982,0.0499,0.008,0.268555,0.365786
Dairon Blanco,,1,0.9104,0.2126,0.02,0.1085,0.0624,0.016,0.292169,0.351054
Maick Collado,CLE,1,0.919,0.2115,0.0161,0.0929,0.0615,0.008,0.282214,0.331991
Marco Vargas,NYM,1,0.9027,0.2003,0.0087,0.0938,0.0788,0.007,0.287336,0.302758
Miguel Andujar,SDP,1.17789,1.094,0.2951,0.0299,0.1278,0.0628,0.0094,0.312755,0.411609
Justin DeCriscio,SDP,1,0.9242,0.205,0.0167,0.0926,0.0493,0.015,0.270463,0.323956
Jared Oliva,TBR,1,0.9127,0.2063,0.0232,0.1078,0.0625,0.014,0.283879,0.357292
Pablo Aliendo,CIN,1,0.9175,0.1792,0.0323,0.0961,0.055,0.016,0.25128,0.345177
Eric Hartman,ATL,1,0.9131,0.1995,0.027,0.1053,0.0634,0.012,0.276087,0.354835
Dylan O'Rae,MIL,1,0.8738,0.1899,0.0061,0.0977,0.1027,0.012,0.305915,0.293545
Terrin Vavra,,1,0.8965,0.2067,0.0117,0.0932,0.0819,0.01,0.29992,0.320357
Josue De Paula,LAD,1,0.8799,0.2165,0.0289,0.1193,0.1018,0.007,0.326705,0.401296
Josh Adamczewski,MIL,1,0.8929,0.2107,0.0207,0.1044,0.0856,0.01,0.307623,0.364654
Yamal Encarnacion,HOU,1,0.9204,0.2098,0.0104,0.0971,0.0611,0.007,0.2791,0.321382
Blake Perkins,CLE,0.565027,0.4946,0.1084,0.0092,0.0557,0.0603,0.004,0.30675,0.329357
Abimelec Ortiz,WSN,4.46739,4.0261,0.9131,0.1824,0.5336,0.3458,0.0491,0.293807,0.414843
Tyler McDonough,BOS,1,0.9067,0.1983,0.0196,0.0979,0.0718,0.01,0.28131,0.338921
Blake Sabol,TBR,1,0.9003,0.1864,0.0229,0.0955,0.0766,0.011,0.275294,0.327557
Rhylan Thomas,TOR,1,0.9234,0.2433,0.0115,0.099,0.058,0.007,0.309631,0.349578
Tai Peete,STL,1,0.9323,0.2109,0.024,0.0997,0.0502,0.006,0.268254,0.36426
Jose Ramos,NYM,1,0.9038,0.1874,0.0318,0.1027,0.0757,0.009,0.273275,0.355056
Jerar Encarnacion,SFG,1,0.9174,0.2196,0.035,0.101,0.0643,0.007,0.292068,0.399063
Justyn-Henry Malloy,TBR,1,0.8513,0.1872,0.0279,0.1135,0.1241,0.014,0.326541,0.365911
Tommy Troy,ARI,1.0185,0.9136,0.214,0.0197,0.1079,0.0824,0.0102,0.302456,0.356064
Sean Keys,TOR,0.502905,0.4459,0.0997,0.0187,0.0563,0.0432,0.0085,0.302015,0.401884
Bennett Hostetler,MIA,1,0.9172,0.1862,0.0229,0.0928,0.0573,0.014,0.258612,0.327846
Lane Thomas,ATL,0.67936,0.6023,0.1372,0.0199,0.0777,0.0626,0.0075,0.306113,0.379545
Austin Gauthier,LAD,1,0.8698,0.1851,0.0141,0.1015,0.1117,0.007,0.305112,0.307657
Raynel Delgado,HOU,0.641323,0.5831,0.133,0.0083,0.0632,0.045,0.0058,0.287772,0.324644
Beau Philip,TOR,1,0.9005,0.1802,0.0202,0.0924,0.077,0.011,0.269358,0.311494
Willi Castro,COL,0.253083,0.2242,0.0554,0.0063,0.0284,0.021,0.0053,0.323821,0.390723
Jud Fabian,BAL,1,0.8799,0.1629,0.0301,0.098,0.1006,0.008,0.272673,0.325264
Rudy Martin Jr.,TOR,1,0.8931,0.2018,0.0217,0.1104,0.085,0.01,0.298202,0.344866
Eddys Leonard,SFG,1,0.918,0.2134,0.0325,0.0997,0.0574,0.013,0.285026,0.394771
Jeral Perez,CHW,1,0.9155,0.1959,0.0247,0.0961,0.064,0.009,0.270061,0.343091
Leo Balcazar,CIN,1,0.9174,0.2094,0.0173,0.0928,0.0631,0.008,0.281711,0.331153
Luis Guillorme,,1,0.8726,0.1922,0.0077,0.0955,0.1082,0.007,0.308914,0.294293
Sterlin Thompson,COL,0.47876,0.42,0.1055,0.0137,0.0554,0.0439,0.0091,0.332634,0.407857
Wyatt Hendrie,PIT,1,0.9004,0.1828,0.0194,0.0932,0.0751,0.013,0.27207,0.311639
Anderson De Los Santos,BAL,1,0.8917,0.1809,0.0193,0.0937,0.0878,0.009,0.278899,0.317259
Rob Refsnyder,,1,0.8796,0.2007,0.0287,0.1085,0.097,0.013,0.31176,0.373124
Ariel Armas,CHC,1,0.9125,0.1889,0.0145,0.09,0.064,0.012,0.266044,0.302575
Connor McGinnis,NYY,1,0.9127,0.2005,0.0191,0.0949,0.0608,0.015,0.277493,0.331544
Julian Brock,TEX,1,0.9157,0.1787,0.0176,0.0861,0.0618,0.011,0.252586,0.299443
Tyler Locklear,ARI,1,0.8948,0.2144,0.0287,0.1108,0.0769,0.017,0.309569,0.391484
Ty Hanchey,SFG,1,0.9132,0.1872,0.0165,0.0828,0.0643,0.011,0.263634,0.308038
Max Kepler,,1,0.889,0.205,0.029,0.1049,0.092,0.009,0.306828,0.37964
Jose Astudillo,SFG,1,0.9261,0.2398,0.0145,0.094,0.0524,0.01,0.303505,0.36076
Frank Rodriguez,LAD,1,0.9231,0.1921,0.0213,0.0958,0.0544,0.011,0.258612,0.323475
Archer Brookman,ATL,1,0.9061,0.1881,0.0174,0.0918,0.0704,0.012,0.271668,0.306809
Ryan Ward,,1,0.9073,0.2007,0.0405,0.1079,0.077,0.005,0.283721,0.403064
Jaiden Lo Re,BAL,1,0.9104,0.2044,0.0133,0.0906,0.0681,0.01,0.28372,0.311402
Kaden Polcovich,SEA,1,0.8967,0.1773,0.0183,0.0933,0.0798,0.012,0.270262,0.308018
Chris Meyers,DET,1,0.8982,0.2031,0.0258,0.104,0.0753,0.015,0.294667,0.366956
Ali Camarillo,ATH,1,0.9271,0.224,0.0095,0.0902,0.0514,0.01,0.286633,0.327041
Lonnie White Jr.,PIT,1,0.9014,0.1912,0.0302,0.104,0.0761,0.011,0.279502,0.360439
Cody Morissette,MIN,1,0.9154,0.193,0.0263,0.0985,0.0661,0.007,0.267249,0.346078
Armando Alvarez,,1,0.9101,0.2089,0.0302,0.1036,0.0706,0.008,0.288684,0.380837
Jasson Domínguez,NYY,0.168603,0.1522,0.038,0.0051,0.0192,0.0135,0.0013,0.313912,0.400131
Patrick Wisdom,SEA,0.411308,0.3701,0.0729,0.0221,0.048,0.0329,0.0037,0.267269,0.416374
Drew Waters,,1,0.9119,0.214,0.0229,0.1038,0.0675,0.009,0.291755,0.37537
Carlos Sanchez,CIN,1,0.9062,0.1984,0.0168,0.0934,0.0773,0.005,0.281912,0.325646
Matt Wallner,MIN,0.167394,0.1455,0.0315,0.0069,0.0195,0.016,0.0042,0.309766,0.410997
Nate George,BAL,1,0.9252,0.2095,0.0154,0.0936,0.0533,0.01,0.273978,0.32166
Josh Hood,SEA,1,0.9246,0.1769,0.0287,0.0932,0.0579,0.006,0.24184,0.327493
Johnny Olmstead,MIA,1,0.9081,0.1907,0.0215,0.0966,0.0684,0.012,0.272271,0.334435
Jay Thomason,MIN,1,0.9043,0.2046,0.027,0.1045,0.0732,0.011,0.290047,0.363596
Trevor Austin,HOU,1,0.8934,0.1831,0.0176,0.096,0.0781,0.017,0.279401,0.31867
Luke Waddell,ATL,1,0.9012,0.2022,0.0091,0.0931,0.0763,0.011,0.29075,0.304594
Ryan Burrowes,CHW,1,0.9135,0.1952,0.0134,0.0901,0.064,0.011,0.271367,0.303777
J.T. Arruda,TBR,1,0.8968,0.1845,0.0134,0.0912,0.0847,0.007,0.277393,0.297168
Marcus Lee Sang,TEX,1,0.9227,0.2177,0.0254,0.1005,0.0568,0.009,0.284724,0.368917
Gage Miller,MIA,1,0.893,0.1954,0.0184,0.0973,0.0825,0.013,0.292156,0.329451
Max Williams,MIA,1,0.9171,0.2354,0.0368,0.1146,0.0614,0.01,0.308125,0.427979
Graham Brown,MIN,1,0.9033,0.2003,0.0291,0.1056,0.0752,0.01,0.286733,0.367209
Connor Joe,SEA,1,0.8768,0.1868,0.0213,0.1003,0.1008,0.012,0.300592,0.338161
Michael Helman,TEX,1.27424,1.1662,0.2402,0.0347,0.1263,0.0762,0.0166,0.262556,0.343766
Will Wilson,SEA,1,0.9097,0.1852,0.0225,0.0915,0.0699,0.009,0.265187,0.321315
Yeiner Fernandez,LAD,1,0.9053,0.2098,0.0138,0.1001,0.0702,0.013,0.294265,0.326743
Bryan Ramos,BAL,1,0.9042,0.1843,0.024,0.0934,0.072,0.013,0.2703,0.326919
J.C. Escarra,NYY,0.0729559,0.0656,0.0155,0.0018,0.0077,0.0056,0.0009,0.30303,0.375
Curtis Mead,BOS,0.130356,0.116,0.0295,0.0039,0.0156,0.0108,0.0022,0.327175,0.418966
Miguel Bleis,BOS,1,0.9306,0.2046,0.0284,0.1,0.0479,0.01,0.263634,0.358049
Colby Shelton,CHW,1,0.9125,0.1887,0.0277,0.0985,0.066,0.01,0.265843,0.347397
Termarr Johnson,PIT,1,0.8813,0.1902,0.0184,0.1005,0.0992,0.008,0.298684,0.325315
Jaxson West,TOR,1,0.9125,0.1872,0.0132,0.0851,0.065,0.011,0.264337,0.283945
Yasmil Bucce,BAL,1,0.8887,0.1558,0.0235,0.0873,0.0888,0.011,0.256704,0.284911
Juan Flores,LAA,1,0.9379,0.1883,0.0253,0.0857,0.0356,0.015,0.239932,0.323702
Tanner Schobel,MIN,1,0.9022,0.1932,0.0168,0.094,0.0773,0.009,0.280707,0.321547
Zach Morgan,SFG,0.226238,0.2044,0.0435,0.0037,0.0195,0.0172,0.002,0.278419,0.31409
Spencer Nivens,KCR,1,0.902,0.2126,0.0198,0.1037,0.0815,0.005,0.300392,0.363415
E.J. Exposito,DET,1,0.9202,0.1935,0.0284,0.0995,0.0603,0.008,0.262931,0.350467
Riley Adams,,0.149414,0.1336,0.0291,0.0048,0.0153,0.0114,0.0027,0.290323,0.373503
Jose Devers,CLE,1,0.9281,0.2018,0.0147,0.089,0.0524,0.008,0.263332,0.321086
Felix Reyes,PHI,1,0.9494,0.239,0.0361,0.1103,0.033,0.007,0.279952,0.419212
Nick Yorke,PIT,0.241808,0.2204,0.0554,0.0046,0.0247,0.0165,0.0022,0.307597,0.369328
Grant McCray,SFG,1.44748,1.2986,0.2761,0.0324,0.138,0.1217,0.0101,0.283028,0.346373
Ben Cowles,CHC,1,0.9195,0.1989,0.016,0.0946,0.058,0.011,0.269057,0.323437
Duke Ellis,NYY,1,0.9188,0.2076,0.0188,0.1133,0.0608,0.009,0.278598,0.337723
Brandon Compton,MIA,1,0.883,0.1866,0.0368,0.1101,0.0965,0.009,0.293361,0.384145
Braylen Wimmer,COL,1,0.9193,0.2244,0.0201,0.1051,0.0562,0.013,0.294868,0.368868
Tanner Murray,CHW,0.24098,0.2234,0.0521,0.0055,0.0228,0.0125,0.0024,0.279167,0.360788
Carlos Pérez,DET,0.0754127,0.068,0.0143,0.0028,0.0081,0.0057,0.0008,0.277333,0.380882
Jimmy Crooks,STL,0.0729926,0.0656,0.0149,0.0022,0.0076,0.0056,0.0009,0.294766,0.370427
Liover Peguero,WSN,1,0.9164,0.2028,0.0202,0.0975,0.0644,0.007,0.275578,0.339917
Colby Shade,MIA,1,0.9051,0.1969,0.0191,0.0997,0.0654,0.018,0.281511,0.332228
Homer Bush Jr.,TBR,1,0.919,0.2098,0.0106,0.095,0.0565,0.013,0.280506,0.312514
Robert Hassell III,PIT,1,0.9101,0.2156,0.0162,0.0978,0.0721,0.006,0.295028,0.341391
Yohendrick Piñango,TOR,0.25036,0.2261,0.053,0.0069,0.0269,0.0198,0.0018,0.298998,0.38169
Keaton Anthony,PHI,1,0.9115,0.2379,0.0239,0.1093,0.067,0.01,0.31626,0.397477
Ben Rortvedt,LAD,1,0.8943,0.1789,0.0194,0.0982,0.0801,0.013,0.273422,0.305267
Jorge Barrosa,HOU,2.24632,2.0132,0.4196,0.0389,0.2186,0.1889,0.018,0.280138,0.321131
Gabriel Arias,CHC,0.324851,0.298,0.065,0.0093,0.0323,0.0201,0.0032,0.272868,0.361409
Will Brennan,SFG,1,0.9356,0.2424,0.0184,0.0944,0.0435,0.01,0.297029,0.379863
Jack Blomgren,,1,0.9024,0.191,0.0156,0.0944,0.0711,0.015,0.278297,0.313941
Alexis Hernandez,TOR,1,0.9145,0.2108,0.025,0.1024,0.062,0.012,0.28603,0.364899
C.J. Hinojosa,,1,0.9291,0.2042,0.0163,0.0907,0.0504,0.009,0.264738,0.324077
Blake Mitchell,KCR,1,0.8728,0.1493,0.0246,0.093,0.1057,0.01,0.266144,0.286893
Jeferson Morales,,1,0.9013,0.2042,0.0213,0.1014,0.0722,0.015,0.292658,0.358593
Danny Serretti,ARI,1,0.8846,0.1877,0.0172,0.0989,0.0929,0.011,0.292859,0.322745
Omar Narváez,,1,0.8828,0.1863,0.0164,0.0942,0.095,0.01,0.292705,0.307318
Kenedy Corona,NYY,1,0.9057,0.1897,0.0224,0.1,0.0729,0.01,0.27375,0.330352
Chris Newell,LAD,1,0.8994,0.1753,0.0377,0.1098,0.0821,0.007,0.265542,0.360129
Noelvi Marte,CIN,0.405268,0.3762,0.0936,0.0124,0.0432,0.0214,0.0032,0.292792,0.401116
Luke Stevenson,SEA,1,0.8747,0.1393,0.0209,0.0858,0.1038,0.01,0.254193,0.259746
Eliezer Alfonzo,LAD,0.0738068,0.0679,0.0166,0.0013,0.0078,0.0045,0.0005,0.294278,0.351988
Chase Davis,STL,1,0.8968,0.1893,0.0226,0.0959,0.0827,0.009,0.282214,0.329839
Will Taylor,PIT,1,0.9104,0.2039,0.0218,0.1003,0.0661,0.012,0.283218,0.347979
Willie MacIver,SEA,0.0737002,0.0666,0.0137,0.0016,0.0069,0.0052,0.001,0.271487,0.325826
Michael Trautwein,CIN,1,0.89,0.1649,0.0242,0.0923,0.0855,0.013,0.264538,0.307865
Alex Jackson,MIN,0.0743436,0.0682,0.0141,0.0025,0.0076,0.0044,0.001,0.263158,0.366569
Kenny Piper,TBR,0.0792152,0.0712,0.0141,0.0025,0.0081,0.0062,0.0012,0.271808,0.349719
Niko Kavadas,LAA,0.808667,0.6976,0.1383,0.0325,0.0871,0.0904,0.0113,0.298063,0.378297
Jimmy Obertop,COL,1,0.8946,0.1838,0.0238,0.0977,0.0819,0.012,0.278899,0.332886
Derek Hill,PHI,2.3147,2.1283,0.4794,0.0669,0.2475,0.1366,0.0231,0.277267,0.367946
Tommy Pham,CHW,1.47413,1.3047,0.3038,0.0379,0.1625,0.1445,0.0088,0.311376,0.36928
Gavin Sheets,SDP,3.48473,3.0834,0.7132,0.1144,0.3785,0.3331,0.0348,0.311063,0.392521
Adolis García,PHI,1,0.906,0.2035,0.0396,0.1122,0.0739,0.011,0.289007,0.404084
Travis Honeyman,STL,1,0.9016,0.2181,0.0169,0.1001,0.0709,0.016,0.306317,0.349157
Michael Chavis,CIN,1,0.9195,0.209,0.036,0.1066,0.057,0.012,0.279201,0.391408
Gavin Logan,ARI,1,0.8946,0.1673,0.022,0.0934,0.0809,0.013,0.262328,0.305276
Garrett Pennington,DET,1,0.9313,0.2281,0.0307,0.1075,0.0452,0.012,0.286532,0.403522
Collin Price,HOU,0.0744151,0.0668,0.0127,0.0026,0.0077,0.0059,0.0008,0.262162,0.345808
Tristan Gray,MIN,0.2364,0.2174,0.0462,0.0066,0.0232,0.0139,0.0021,0.264456,0.355566
Logan Driscoll,MIA,0.0743196,0.0676,0.0152,0.0015,0.0071,0.005,0.0008,0.284168,0.347633
Edwin Arroyo,CIN,0.156543,0.1447,0.0354,0.0029,0.0158,0.0081,0.0017,0.290302,0.366275
Braden Shewmake,HOU,1,0.9277,0.2031,0.0206,0.0962,0.0521,0.009,0.265261,0.341813
Jay Allen II,CIN,1,0.9044,0.1966,0.0236,0.099,0.0651,0.019,0.281912,0.342105
Cole Messina,COL,1,0.9084,0.2007,0.0163,0.0967,0.0701,0.01,0.282013,0.32926
Anthony Scull,LAA,1,0.9379,0.2074,0.0258,0.0915,0.0396,0.011,0.259114,0.349078
Dillon Lewis,MIA,1,0.9282,0.2014,0.0309,0.1011,0.0533,0.007,0.26283,0.370071
Bill Knight,SEA,1,0.9126,0.1902,0.0133,0.0909,0.0569,0.019,0.267249,0.302542
Will Benson,,1,0.8764,0.1872,0.0321,0.1104,0.1048,0.007,0.300382,0.378822
Owen Miller,,1,0.9274,0.2241,0.0149,0.0985,0.051,0.011,0.287105,0.35152
Duncan Pastore,NYY,1,0.9157,0.2088,0.01,0.0907,0.0608,0.012,0.282816,0.313858
Ryan Mountcastle,BAL,0.212177,0.1947,0.0487,0.0072,0.0231,0.0138,0.0017,0.303259,0.414484
Jair Camargo,ATL,1,0.9346,0.191,0.0271,0.0944,0.0436,0.01,0.245706,0.334475
Mason White,BOS,1,0.9097,0.1969,0.0189,0.0952,0.0688,0.01,0.276891,0.338353
Bryan Lavastida,ATH,0.0754127,0.0682,0.015,0.0016,0.0074,0.0054,0.0009,0.284,0.33871
Matthew Etzel,MIA,1,0.894,0.2038,0.0264,0.1067,0.0885,0.006,0.299588,0.368456
Brett Squires,KCR,1,0.9181,0.2169,0.0317,0.1112,0.0624,0.008,0.288541,0.40366
Yoeilin Cespedes,BOS,1,0.9376,0.2018,0.0235,0.0936,0.0439,0.007,0.253791,0.345243
Eddie Micheletti Jr.,LAA,1,0.8914,0.1917,0.0255,0.099,0.0831,0.014,0.290047,0.355845
Devin Taylor,ATH,1,0.9028,0.2117,0.0297,0.1045,0.0787,0.007,0.298684,0.379597
Cristian Hernández,MIA,1,0.9161,0.2014,0.014,0.0925,0.0664,0.006,0.274982,0.318852
P.J. Higgins,,1,0.9152,0.2038,0.0145,0.0907,0.0631,0.009,0.27737,0.317636
Caleb Ricketts,PHI,1,0.9325,0.1983,0.0234,0.0932,0.045,0.011,0.255398,0.332976
Tommy Hawke,CLE,1,0.8918,0.1943,0.0074,0.0909,0.0887,0.008,0.292257,0.284817
Samuel Basallo,BAL,0.0832796,0.0751,0.0176,0.0039,0.0096,0.0065,0.0008,0.3,0.436751
Austin Slater,TBR,1,0.8762,0.1933,0.0195,0.1029,0.1039,0.009,0.307399,0.333257
Enrique Jimenez,MIN,1,0.9032,0.1664,0.0232,0.0881,0.0773,0.008,0.252787,0.295726
Tre Richardson III,STL,1,0.9175,0.2056,0.0173,0.0948,0.06,0.011,0.277795,0.331117
Allan Castro,BOS,1,0.9067,0.211,0.0226,0.1035,0.0758,0.006,0.294064,0.363075
Austin Wynns,CHC,0.0367198,0.0334,0.0072,0.001,0.0037,0.0025,0.0004,0.275956,0.350299
Zach Dezenzo,HOU,0.481951,0.4287,0.0944,0.0117,0.0491,0.0425,0.0053,0.29625,0.352461
Anthony Vilar,SDP,1,0.8879,0.1623,0.0168,0.0875,0.0926,0.008,0.264035,0.280212
Justin Gonzales,BOS,1,0.9067,0.2124,0.0223,0.1014,0.0688,0.013,0.295471,0.36131
Daniel Vellojin,TBR,1,0.8988,0.1682,0.0165,0.0868,0.0807,0.009,0.259014,0.286604
Juan Yepez,,1,0.9078,0.216,0.0337,0.1097,0.0744,0.008,0.299178,0.401851
Cade Marlowe,LAA,1,0.9072,0.2057,0.0232,0.1027,0.0742,0.007,0.288197,0.359127
Jack Suwinski,TBR,0.0818649,0.0721,0.0154,0.0032,0.0091,0.0081,0.0008,0.297794,0.395284
Carson Williams,TBR,0.0786518,0.0709,0.0139,0.0024,0.0081,0.0062,0.0006,0.264368,0.35402
Caleb Cali,SEA,1,0.9106,0.1713,0.0306,0.0957,0.0709,0.007,0.250276,0.330332
Jett Williams,MIL,0.0810889,0.0719,0.0158,0.0019,0.0087,0.0074,0.0008,0.297398,0.360223
Wyatt Young,,1,0.8904,0.1922,0.0071,0.0892,0.0911,0.007,0.291554,0.27965
Alek Thomas,LAD,0.0786461,0.0726,0.0172,0.0023,0.0086,0.0043,0.0007,0.283887,0.391185
Kevin Alcántara,CHC,0.0808825,0.0735,0.0164,0.0027,0.0088,0.0059,0.0005,0.28323,0.379592
Garrett Stubbs,PHI,0.298805,0.2674,0.0579,0.0058,0.0301,0.0233,0.0045,0.288164,0.324607
C.J. Stubbs,TOR,1,0.8964,0.1537,0.0279,0.0908,0.076,0.016,0.246786,0.301428
Christian Bethancourt,PIT,0.0720683,0.0678,0.0148,0.002,0.0071,0.0029,0.0005,0.253835,0.352507
Jorge Polanco,NYM,1,0.8845,0.2055,0.0362,0.1141,0.0982,0.007,0.311666,0.400226
Eddinson Paulino,NYM,1,0.912,0.1937,0.0227,0.0993,0.0665,0.01,0.271367,0.341996
Coco Montes,,1,0.9123,0.2009,0.02,0.095,0.0676,0.009,0.278559,0.341883
Rikuu Nishida,CHW,0.154926,0.1342,0.0315,0.0005,0.0146,0.0166,0.0022,0.3262,0.285395
Max Schuemann,NYY,0.0403858,0.0351,0.0077,0.0008,0.0043,0.0041,0.0007,0.310945,0.34188
MJ Melendez,NYM,0.243907,0.2164,0.0456,0.0093,0.0272,0.0227,0.0022,0.290004,0.396026
Gabriel Gonzalez,MIN,0.0835593,0.0768,0.019,0.0019,0.0085,0.0048,0.0011,0.29892,0.380208
Kameron Misner,PHI,0.321294,0.2859,0.0589,0.009,0.0338,0.0295,0.0022,0.283213,0.35327
Brian Navarreto,MIA,0.576791,0.5326,0.1094,0.0121,0.052,0.0307,0.0063,0.255097,0.321442
Jonatan Clase,TOR,0.15684,0.1408,0.0311,0.0039,0.0168,0.013,0.0011,0.289558,0.359375
Braiden Ward,BOS,0.0405444,0.0362,0.0084,0.0004,0.0043,0.0025,0.0014,0.304455,0.331492
Joey Loperfido,HOU,0.0805193,0.0727,0.0169,0.0019,0.0083,0.0058,0.0011,0.296758,0.368638
Hayden Senger,NYM,0.071409,0.0659,0.0132,0.0016,0.0066,0.0037,0.0009,0.250704,0.31563
Alberto Barriga,ARI,1,0.9196,0.1879,0.0168,0.0915,0.0589,0.01,0.257909,0.309591
Corey Julks,DET,0.0828039,0.0753,0.0176,0.0022,0.0088,0.0061,0.0005,0.293333,0.374502
Gage Workman,SDP,0.0813511,0.0746,0.0162,0.0022,0.0083,0.0052,0.0006,0.271605,0.365952
Jorge Alfaro,KCR,1,0.9415,0.1994,0.0288,0.0931,0.0342,0.014,0.24837,0.350823
Kyle Farmer,ATL,0.318786,0.2911,0.0643,0.0068,0.0306,0.0193,0.0048,0.278425,0.335967
Tyler Freeman,COL,0.0853677,0.0759,0.0202,0.0013,0.0097,0.0058,0.0027,0.337647,0.372859
Jake Cave,CHW,0.0803579,0.0737,0.0174,0.0021,0.0082,0.0051,0.0006,0.28875,0.375848
Will Banfield,CIN,0.2257,0.2122,0.0453,0.0055,0.0201,0.0092,0.0018,0.250333,0.336004
Gerardo Rodriguez,BOS,1,0.9256,0.1984,0.015,0.0859,0.0529,0.01,0.262428,0.301534
Kahlil Watson,CLE,0.0838061,0.0755,0.0161,0.0027,0.009,0.0065,0.001,0.282297,0.37351
Kyren Paris,LAA,1,0.8842,0.1728,0.0265,0.096,0.094,0.01,0.278023,0.330808
Zach Humphreys,LAA,1,0.8944,0.1681,0.0104,0.0807,0.0841,0.01,0.263332,0.267777
Dalton Rushing,LAD,0.235986,0.2074,0.0471,0.0096,0.0285,0.0222,0.0035,0.309919,0.412247
Sam Haggerty,,1,0.8994,0.2049,0.0155,0.1046,0.078,0.011,0.295258,0.334779
Jon Jon Gazdar,STL,1,0.9055,0.2088,0.0092,0.0895,0.063,0.02,0.29306,0.306681
Andrew Pintar,MIA,0.0810889,0.0737,0.017,0.0014,0.008,0.0056,0.0008,0.289963,0.34464
Jamari Baylor,NYM,1,0.8906,0.1815,0.0207,0.0976,0.0829,0.015,0.280607,0.319672
Jorge Soler,,0.403229,0.3534,0.0757,0.0154,0.0455,0.0415,0.0048,0.303181,0.393605
Jonathon Long,MIA,0.486533,0.433,0.1061,0.0116,0.0515,0.0435,0.0044,0.317919,0.38037
Sebastián Rivero,LAA,0.143993,0.134,0.0286,0.0025,0.0121,0.0068,0.0013,0.256285,0.316418
Jackson Appel,CHW,1,0.8905,0.1688,0.012,0.0836,0.084,0.014,0.267952,0.263447
Andy Ibáñez,SEA,1,0.9206,0.2151,0.0196,0.0987,0.0579,0.011,0.285026,0.348468
Marcell Ozuna,,0.236573,0.2049,0.0468,0.0093,0.027,0.0279,0.0017,0.323455,0.404588
Brendan Jones,MIA,1,0.886,0.1951,0.022,0.1072,0.0945,0.008,0.298885,0.356659
Abraham Toro,KCR,1,0.9095,0.2142,0.0238,0.1058,0.0664,0.013,0.294809,0.375811
Maximo Acosta,MIA,0.15722,0.1436,0.0311,0.0033,0.0153,0.0103,0.0014,0.273482,0.335655
Eduardo Tait,MIN,1,0.9439,0.1907,0.0255,0.0884,0.0366,0.008,0.236316,0.325458
Hyeseong Kim,LAD,0.07776,0.0716,0.0173,0.0009,0.0078,0.0048,0.0005,0.291613,0.325419
Matt O'Neill,ARI,1,0.8996,0.1732,0.0174,0.0907,0.0819,0.007,0.263232,0.298466
Brian Serven,ATH,2.84746,2.5661,0.5253,0.0722,0.2668,0.2127,0.0342,0.272477,0.332762
Trey Lipscomb,WSN,0.23642,0.2214,0.0527,0.0066,0.0238,0.0108,0.0014,0.275818,0.378049
Casey Yamauchi,ATH,1,0.9332,0.2325,0.0105,0.092,0.0373,0.018,0.289043,0.334012
Sammy Hernandez,STL,1,0.9026,0.1756,0.0161,0.0873,0.0719,0.014,0.262629,0.286173
Matthew Lugo,KCR,1.13061,1.044,0.2348,0.0307,0.1167,0.0615,0.0124,0.274132,0.378831
Christian Cairo,NYM,0.0810889,0.0702,0.0147,0.0007,0.0078,0.0087,0.0012,0.304833,0.2849
Trei Cruz,DET,1,0.8813,0.1957,0.0174,0.1006,0.1005,0.006,0.303658,0.337229
Shawn Ross,TOR,0.0747171,0.0664,0.0108,0.0024,0.0069,0.0066,0.0008,0.244953,0.307229
Nate Eaton,BOS,0.203723,0.1855,0.042,0.0043,0.0212,0.0134,0.0024,0.28515,0.354178
Ethan O'Donnell,MIA,1,0.898,0.1944,0.019,0.0959,0.0785,0.012,0.28613,0.322829
BJ Murray Jr.,CHC,0.0405266,0.0359,0.0081,0.0011,0.0044,0.0039,0.0003,0.304455,0.376045
Tirso Ornelas,SDP,1,0.9086,0.209,0.0253,0.1015,0.0724,0.008,0.290446,0.365507
Victor Ortega,MIA,1,0.885,0.1752,0.0103,0.0847,0.0915,0.012,0.279904,0.273333
John Bay,NYM,1,0.8999,0.1823,0.0246,0.0991,0.0696,0.019,0.27207,0.33037
Jhostynxon Garcia,PIT,0.0819708,0.0757,0.0179,0.0025,0.0086,0.0046,0.0008,0.28519,0.387054
Kemp Alderman,MIA,0.0810889,0.0749,0.0174,0.0026,0.0084,0.0044,0.0008,0.28005,0.385848
Braxton Fulford,COL,0.524617,0.4714,0.1029,0.0146,0.0548,0.0383,0.0089,0.287273,0.368053
Andy Garriola,CHC,1,0.9345,0.1986,0.0331,0.1008,0.043,0.011,0.253691,0.365436
Vimael Machín,COL,0.163205,0.148,0.0368,0.0037,0.0174,0.0121,0.0011,0.307882,0.378378
LuJames Groover,ARI,0.0784406,0.0703,0.0173,0.0015,0.0082,0.0063,0.0009,0.3137,0.365576
Angelo Castellano,,1,0.9045,0.1903,0.0186,0.0932,0.075,0.009,0.275485,0.315423
Hunter Fitz-Gerald,SEA,1,0.9296,0.2108,0.0318,0.104,0.0509,0.008,0.270865,0.385219
Andrew Pinckney,WSN,0.401393,0.3673,0.0861,0.0111,0.0415,0.0247,0.0048,0.289289,0.367275
Dakota Harris,STL,1,0.9273,0.212,0.0174,0.0938,0.0502,0.011,0.27438,0.334196
David Villar,,1,0.8854,0.1903,0.0296,0.0974,0.092,0.011,0.294567,0.363452
Ivan Johnson,CIN,0.161386,0.1444,0.0302,0.0046,0.0167,0.0133,0.0018,0.281892,0.352493
Gregory Barrios,TBR,1,0.9432,0.2186,0.0067,0.088,0.0373,0.008,0.26504,0.303965
Miguel Rodríguez,BAL,1,0.9025,0.1756,0.0107,0.0807,0.071,0.015,0.26273,0.262493
Tyler Callihan,PIT,0.161402,0.1468,0.0321,0.0034,0.0158,0.0116,0.0011,0.27878,0.345368
Junior Perez,CHW,0.167083,0.1515,0.0294,0.0054,0.0174,0.0127,0.001,0.259014,0.352475
Jeremy Eierman,ATH,1,0.9261,0.1904,0.032,0.0968,0.0494,0.013,0.253892,0.353202
David Bote,LAD,1,0.9137,0.2032,0.0241,0.1044,0.0642,0.011,0.279518,0.356134
Juan Matheus,MIA,1,0.9191,0.2129,0.013,0.0932,0.0614,0.008,0.283519,0.330323
Jhonny Level,SFG,1,0.932,0.2035,0.0177,0.0853,0.0465,0.01,0.261123,0.321459
Connor Hujsak,TBR,1,0.9502,0.221,0.0325,0.1054,0.0313,0.007,0.26042,0.395706
Ryan Galanie,CHW,1,0.9225,0.2178,0.03,0.1061,0.055,0.011,0.285026,0.388943
Justin Turner,,1,0.8842,0.2119,0.0214,0.1051,0.091,0.015,0.318793,0.359308
Ian Moller,TEX,1,0.8958,0.1599,0.0167,0.084,0.0857,0.007,0.253691,0.274503
Brett Auerbach,,1,0.9053,0.1919,0.0187,0.0887,0.0742,0.009,0.276288,0.325086
Gabriel Rincones Jr.,PHI,0.157307,0.1409,0.0305,0.0049,0.0165,0.0124,0.002,0.286901,0.370476
Derek Berg,PIT,1,0.9174,0.1889,0.0188,0.0897,0.0611,0.01,0.261123,0.314476
Arturo De Freitas,TEX,1,0.9217,0.173,0.0218,0.0851,0.0568,0.01,0.240836,0.299121
Luis Hernandez,MIN,1,0.9105,0.1732,0.0159,0.0848,0.061,0.017,0.252285,0.288193
Brayan Buelvas,ATH,1,0.9189,0.1952,0.029,0.0992,0.0626,0.007,0.265944,0.361846
Robert Moore,PHI,1,0.9075,0.1938,0.0251,0.1025,0.069,0.012,0.275987,0.351625
Tim Elko,CHW,0.241055,0.2233,0.0506,0.0091,0.0251,0.013,0.0019,0.27303,0.390954
Logan Wagner,LAD,1,0.9113,0.1839,0.0319,0.1049,0.0672,0.01,0.262228,0.353232
Brendan Durfee,SDP,1,0.9161,0.1727,0.0222,0.0875,0.0604,0.012,0.246158,0.302587
Garrett Spain,MIN,1,0.9134,0.1799,0.0285,0.0974,0.0651,0.01,0.256101,0.341252
Welbyn Francisca,CLE,1,0.9251,0.1927,0.0195,0.0895,0.0564,0.007,0.257206,0.30948
Cade Hunter,CIN,1,0.9023,0.1742,0.0217,0.0896,0.0732,0.013,0.261525,0.30389
Angel Acosta,KCR,1,0.9292,0.2204,0.0095,0.0904,0.0483,0.011,0.280908,0.321675
Jared Serna,MIA,1.64189,1.4958,0.3321,0.0316,0.1548,0.109,0.0164,0.280039,0.335005
Ethan Murray,MIL,0.0810889,0.0735,0.0149,0.0012,0.0072,0.006,0.0007,0.267327,0.296599
Max Wagner,TEX,1,0.9157,0.1832,0.0253,0.093,0.0638,0.009,0.257106,0.331004
Drew Cavanaugh,SFG,4.60271,4.0451,0.8888,0.0922,0.4209,0.4281,0.0736,0.30351,0.337371
Leandro Pineda,WSN,1,0.8981,0.2046,0.0246,0.1035,0.0764,0.014,0.296274,0.369447
Sergio Alcántara,,1,0.8785,0.1815,0.0108,0.0849,0.1039,0.006,0.292688,0.291975
Omar Hernandez,KCR,1,0.9402,0.2037,0.0118,0.0857,0.0393,0.009,0.253088,0.300362
Greg Allen,,1,0.9012,0.1975,0.0187,0.0968,0.0642,0.023,0.28593,0.333444
Fenwick Trimble,MIA,1,0.9071,0.2108,0.0233,0.1035,0.0684,0.013,0.293462,0.36534
Jack Brannigan,PIT,1,0.9019,0.1869,0.0259,0.0973,0.0761,0.012,0.275827,0.344162
Tyler Howard,CLE,1,0.9009,0.1747,0.0109,0.0813,0.0756,0.012,0.263433,0.265401
Andrew Bechtold,PHI,1,0.9036,0.1883,0.0285,0.1022,0.0759,0.009,0.27438,0.35093
Owen Hull,BOS,1,0.9157,0.1991,0.0196,0.0934,0.0618,0.011,0.273074,0.325762
Matt King,PIT,1,0.9024,0.2133,0.0053,0.0917,0.0701,0.016,0.300693,0.305519
Ty Southisene,TOR,1,0.9005,0.1906,0.0044,0.0845,0.071,0.017,0.279803,0.267074
Dayan Frias,CLE,1,0.9019,0.1828,0.0178,0.0938,0.0786,0.008,0.270563,0.310677
Sam Mongelli,LAD,1,0.9172,0.1978,0.0226,0.1015,0.0583,0.013,0.270262,0.338966
Joshua Palacios,PIT,1,0.9033,0.2168,0.0231,0.1045,0.0741,0.012,0.303964,0.370087
Andrés Alvarez,,1,0.9044,0.1973,0.0191,0.0971,0.0731,0.011,0.282615,0.333481
Griff O'Ferrall,BAL,1,0.9144,0.1909,0.0092,0.0851,0.0651,0.009,0.266144,0.282371
Tucker Toman,TOR,1,0.9105,0.1912,0.0179,0.0905,0.066,0.012,0.270363,0.3162
Korey Lee,CHW,1,0.9256,0.1922,0.0281,0.0959,0.054,0.009,0.256251,0.344533
Dom Nuñez,CLE,1,0.8715,0.1445,0.0179,0.0871,0.1068,0.01,0.262455,0.267699
Aramis Garcia,,1,0.9142,0.1715,0.0271,0.092,0.0609,0.013,0.246485,0.315358
Justin Thomas Jr.,HOU,1,0.8803,0.1647,0.0204,0.0952,0.0922,0.016,0.274079,0.299898
Andy Blake,,1,0.9182,0.1913,0.0222,0.0901,0.0603,0.01,0.26273,0.32433
Carlos Virahonda,ARI,1,0.9176,0.1832,0.0194,0.0901,0.0469,0.024,0.255197,0.303509
Trevor Hauver,TEX,1,0.8868,0.1879,0.0218,0.097,0.0937,0.008,0.290851,0.334348
David McCabe,ATL,1,0.9013,0.2126,0.0302,0.1093,0.0812,0.006,0.301095,0.385221
Eric Wagaman,NYM,0.330948,0.3027,0.0707,0.0088,0.0339,0.023,0.002,0.289912,0.37595
Drew Brutcher,HOU,1,0.8974,0.2094,0.0185,0.1019,0.0821,0.009,0.301798,0.353131
Caden Connor,CHW,1,0.9125,0.2147,0.0166,0.0968,0.069,0.007,0.291955,0.339068
Chad Wallach,ATH,1,0.9118,0.18,0.0266,0.0922,0.0656,0.011,0.257708,0.326168
Mason McCoy,SDP,0.398758,0.3645,0.0741,0.006,0.0363,0.0269,0.0028,0.261395,0.300137
Geisel Cepeda,,1,0.9117,0.209,0.0181,0.0961,0.0648,0.012,0.287034,0.339037
Jack Winkler,ATH,0.163455,0.1498,0.03,0.0033,0.0148,0.0099,0.002,0.257213,0.311081
Victor Duarte,SDP,1,0.9151,0.1752,0.0178,0.0865,0.0634,0.01,0.249674,0.289586
Edward Olivares,,1,0.9071,0.2192,0.0259,0.105,0.0691,0.014,0.303088,0.378349
Ernesto Martinez Jr.,NYY,1,0.9015,0.1998,0.0303,0.1074,0.076,0.011,0.288039,0.376595
Sam Ruta,KCR,1,0.907,0.1839,0.0239,0.0955,0.0715,0.01,0.266546,0.333517
Nathan Flewelling,TBR,1,0.8988,0.1611,0.0204,0.0863,0.0807,0.009,0.251883,0.283267
Rowdy Tellez,ATL,1,0.9047,0.208,0.0401,0.1116,0.0793,0.006,0.294183,0.405991
Harold Coll,LAA,1,0.9092,0.1825,0.0224,0.0903,0.0683,0.011,0.262931,0.320172
Carlos Santana,,0.469437,0.4138,0.0913,0.0127,0.0481,0.0474,0.0038,0.304227,0.352827
Devin Fitz-Gerald,WSN,1,0.918,0.2018,0.0223,0.0955,0.0585,0.012,0.273476,0.34183
Brandon Winokur,MIN,1,0.9287,0.1952,0.0249,0.0947,0.0498,0.01,0.256101,0.338861
Dante Nori,PHI,1,0.9135,0.2076,0.0124,0.0977,0.067,0.008,0.28382,0.329283
Mike Boeve,MIL,1,0.8989,0.2107,0.0177,0.0991,0.0826,0.007,0.301597,0.345088
Noah Miller,LAD,1,0.9272,0.2003,0.0183,0.0956,0.0563,0.005,0.26273,0.324202
Austin Hays,SDP,2.47003,2.2668,0.538,0.076,0.2591,0.1566,0.0222,0.291039,0.394433
Eloy Jiménez,,1,0.9127,0.2297,0.024,0.1022,0.071,0.007,0.308378,0.377671
Yeison Morrobel,TEX,1,0.9307,0.2173,0.0222,0.0965,0.0498,0.008,0.276288,0.358547
Daniel Cope,,1,0.9075,0.191,0.0203,0.0939,0.069,0.012,0.273175,0.32573
Mark Kolozsvary,PHI,1,0.8906,0.1577,0.0261,0.0938,0.0829,0.015,0.256704,0.305749
Adonys Guzman,BOS,1,0.9167,0.1736,0.0237,0.0873,0.0598,0.012,0.24646,0.300753
Colton Becker,KCR,1,0.9,0.1948,0.0081,0.0927,0.0755,0.013,0.284523,0.296778
Andrés Nolaya,BAL,1,0.9232,0.1808,0.0143,0.0817,0.0523,0.013,0.247163,0.279138
Cameron Sisneros,HOU,1,0.8783,0.1917,0.0247,0.1043,0.0992,0.011,0.303204,0.348173
Brody Moore,STL,1,0.9293,0.2132,0.0068,0.0849,0.0512,0.008,0.273576,0.296998
Colby Thomas,PHI,0.252507,0.2338,0.0501,0.0089,0.0264,0.0126,0.0035,0.263012,0.380667
Reivaj Garcia,,1,0.9365,0.2286,0.0061,0.0899,0.045,0.007,0.281812,0.318954
Ian Lewis Jr.,MIA,1,0.9222,0.2053,0.0182,0.0972,0.0573,0.009,0.272773,0.333984
Ryan Noda,BAL,1,0.8415,0.1549,0.0304,0.1039,0.1293,0.018,0.303444,0.3306
Colton Ledbetter,STL,1,0.9214,0.2174,0.0211,0.1006,0.0591,0.008,0.285729,0.361298
Andrew McCutchen,,1,0.8664,0.1938,0.0249,0.1104,0.114,0.009,0.317977,0.354571
Zach Cole,HOU,1,0.9118,0.1812,0.0361,0.1047,0.0661,0.011,0.259337,0.371353
Billy Cook,PIT,0.901185,0.8243,0.1849,0.0224,0.0915,0.0578,0.0099,0.281167,0.359335
Alfonsin Rosario,CLE,1,0.914,0.1917,0.0323,0.1033,0.0615,0.013,0.26735,0.371882
Jonah Advincula,CLE,1,0.8707,0.1957,0.0203,0.1096,0.1038,0.014,0.314854,0.3488
Enddy Azocar,BAL,1,0.944,0.2034,0.0237,0.0913,0.0365,0.008,0.248971,0.339407
Kehden Hettiger,PHI,1,0.8926,0.164,0.0221,0.0925,0.0889,0.007,0.261022,0.300359
Roberto Campos,DET,1,0.9112,0.209,0.0181,0.098,0.0703,0.007,0.287536,0.349759
Chad Stevens,COL,1,0.9068,0.2089,0.0202,0.1039,0.07,0.011,0.291328,0.357852
Heston Kjerstad,BAL,0.84508,0.7754,0.1809,0.0259,0.0857,0.0476,0.0127,0.286563,0.384834
Vahn Lackey,MIN,1,0.8962,0.1603,0.0165,0.0858,0.0813,0.011,0.253691,0.269583
Bryson Brigman,,1,0.9226,0.2178,0.0136,0.0917,0.0539,0.012,0.284925,0.326685
Jose Fernandez,ARI,0.889351,0.8323,0.1952,0.0174,0.0865,0.0408,0.0062,0.273456,0.352277
Jake Fox,CLE,1,0.8797,0.1973,0.0161,0.1007,0.1028,0.006,0.307422,0.339093
Jansel Luis,ARI,1,0.9445,0.2236,0.0132,0.0951,0.035,0.009,0.268756,0.341768
Carson Tucker,SDP,1,0.9252,0.2004,0.0094,0.0856,0.0553,0.008,0.264839,0.298206
Oswaldo Cabrera,CIN,3.35269,3.0565,0.7282,0.0915,0.3468,0.232,0.0235,0.294821,0.374055
Jackson Castillo,NYY,1,0.8985,0.1988,0.0204,0.0989,0.081,0.009,0.290047,0.336227
Max Ferguson,BOS,1,0.8947,0.1802,0.0174,0.0944,0.0868,0.007,0.275183,0.308483
Je'Von Ward,,1,0.8955,0.1866,0.0282,0.1008,0.087,0.006,0.280807,0.350195
Nick Rodriguez,LAA,1,0.9202,0.2059,0.0079,0.0827,0.0603,0.008,0.275384,0.302217
Cameron Barstad,PIT,1,0.9114,0.1764,0.0212,0.0893,0.0611,0.016,0.254595,0.309524
Jose Herrera,PIT,1,0.8832,0.186,0.0131,0.0939,0.0972,0.007,0.291717,0.298573
Grant Magill,CHW,1,0.9295,0.184,0.0151,0.0819,0.049,0.01,0.244049,0.292093
Druw Jones,ARI,1,0.9116,0.2041,0.011,0.0945,0.0699,0.007,0.282214,0.313734
Yunior Severino,,1,0.8981,0.2006,0.028,0.1035,0.0834,0.007,0.292257,0.368667
Jared Sprague-Lott,ATH,1,0.8968,0.1966,0.0138,0.0924,0.0827,0.009,0.289545,0.313782
Maui Ahuna,SFG,1,0.9102,0.1865,0.0106,0.0819,0.0673,0.011,0.265944,0.29477
Travis Jankowski,NYM,1,0.8835,0.2042,0.0127,0.0988,0.0942,0.011,0.310643,0.320317
Pavin Smith,ARI,2.24926,1.9372,0.4404,0.0616,0.2494,0.2742,0.0112,0.324047,0.373013
Chuckie Robinson,ATL,1,0.9229,0.19,0.0194,0.0914,0.0535,0.011,0.25583,0.309676
Blake Burke,MIL,1,0.9121,0.2057,0.0367,0.1107,0.0654,0.011,0.283318,0.397654
Agustin Ruiz,,1,0.9054,0.1892,0.0314,0.1023,0.0691,0.014,0.273476,0.361829
Samuel Escudero,PIT,1,0.9134,0.1819,0.0178,0.0888,0.0631,0.012,0.25811,0.303263
Keith Jones II,TEX,1,0.8988,0.1897,0.0226,0.0976,0.0817,0.008,0.280607,0.337895
Connor Burns,CIN,1,0.9123,0.1636,0.0317,0.092,0.0672,0.009,0.240836,0.321276
Tre' Morgan,TBR,1,0.8999,0.2075,0.0236,0.1025,0.0766,0.012,0.297379,0.360373
Sebastian Walcott,TEX,1,0.9078,0.2138,0.0242,0.1052,0.0727,0.008,0.295772,0.374972
Cole Gabrielson,NYY,1,0.8924,0.1909,0.0206,0.1,0.0821,0.014,0.288239,0.330345
DJ Gladney,NYY,1,0.9329,0.2025,0.036,0.1043,0.0466,0.009,0.259215,0.38107
Jackson Lovich,NYY,1,0.9359,0.1914,0.0224,0.0905,0.0446,0.008,0.245054,0.315739
Alex McCoy,SDP,1,0.9272,0.2118,0.0272,0.101,0.0503,0.011,0.274279,0.365401
Nick Solak,SDP,1,0.9035,0.2262,0.0225,0.1018,0.0694,0.016,0.31282,0.371223
Jared Thomas,COL,1,0.9094,0.2261,0.0248,0.1087,0.0681,0.011,0.306518,0.38212
Will Robertson,,1,0.9041,0.1871,0.0328,0.101,0.074,0.01,0.272353,0.365336
Robbie Tenerowicz,,1,0.8911,0.1986,0.0283,0.1046,0.0694,0.028,0.297278,0.361576
CJ Rodriguez,ATH,1,0.9008,0.1814,0.011,0.0834,0.0787,0.009,0.270262,0.279751
Brandon Lockridge,MIL,1.48091,1.3343,0.3102,0.017,0.145,0.1179,0.0118,0.298338,0.322866
Arturo Disla,TEX,1,0.9217,0.2107,0.03,0.1022,0.0578,0.009,0.278698,0.379842
Jackson Cluff,CHC,1,0.8875,0.1611,0.0178,0.0945,0.089,0.012,0.263232,0.291268
Darren Baker,SFG,1,0.9165,0.2148,0.004,0.0832,0.0673,0.005,0.288253,0.297763
Andy Yerzy,STL,1,0.9047,0.1631,0.023,0.0866,0.0758,0.008,0.247966,0.292473
Raider Tello,PHI,1,0.9315,0.2175,0.0185,0.0936,0.049,0.008,0.275685,0.339345
Kleyver Salazar,BOS,1,0.9147,0.1768,0.0175,0.0842,0.0648,0.009,0.251682,0.285012
Reiner Herrera,CLE,1,0.903,0.16,0.022,0.086,0.0735,0.012,0.24656,0.278848
Dalton McIntyre,ATL,1,0.9161,0.2009,0.0168,0.0948,0.0634,0.009,0.27448,0.321144
Trent Youngblood,ARI,1,0.8896,0.2043,0.014,0.1014,0.0869,0.012,0.304509,0.330036
Joey Meneses,,1,0.9212,0.2351,0.025,0.1022,0.0605,0.009,0.305302,0.392423
Cade Doughty,ATL,1,0.932,0.2031,0.016,0.0904,0.0485,0.008,0.260721,0.318133
Kien Vu,CIN,1,0.9094,0.1825,0.0281,0.0985,0.0641,0.015,0.26273,0.343853
Dayne Leonard,CIN,1,0.9033,0.1763,0.0145,0.0844,0.0712,0.014,0.262629,0.284734
Juan Centeno,ARI,1,0.9286,0.195,0.0131,0.0873,0.0509,0.009,0.256001,0.300883
Gavin Cross,KCR,0.243267,0.2261,0.0498,0.0071,0.0254,0.0125,0.0019,0.264961,0.371517
Nick Morabito,NYM,2.86686,2.583,0.6005,0.0456,0.2939,0.2113,0.0373,0.297617,0.331591
Zack Short,,1,0.8653,0.1584,0.0203,0.0971,0.1136,0.009,0.282355,0.293424
Oswaldo Linares,SDP,1,0.9131,0.1717,0.0161,0.084,0.0644,0.011,0.248167,0.281678
Oscar Colás,,1,0.9151,0.2014,0.0301,0.1,0.066,0.008,0.276451,0.364769
Carlos Jimenez,SEA,1,0.9096,0.1861,0.0273,0.0982,0.0709,0.008,0.266144,0.335862
Ryan Spikes,TBR,1,0.9392,0.1952,0.0264,0.095,0.0403,0.009,0.245556,0.342845
Alejandro Nuñez,HOU,1,0.9354,0.2059,0.0152,0.0903,0.0461,0.007,0.260119,0.316015
Oscar Gonzalez,,1,0.9453,0.227,0.0292,0.1008,0.0362,0.008,0.272098,0.386332
Javier Rivas,PIT,1,0.9464,0.2085,0.0234,0.0927,0.0321,0.01,0.251682,0.344886
GJ Hill,COL,1,0.9242,0.201,0.0315,0.1076,0.0533,0.011,0.266446,0.37546
Jonathan Ornelas,MIL,1,0.9116,0.1955,0.0189,0.0944,0.0655,0.011,0.27323,0.320426
Errol Robinson,BAL,1,0.9055,0.1819,0.0081,0.0824,0.074,0.009,0.266044,0.271673
Andrew Velazquez,,0.643509,0.5968,0.1234,0.0106,0.0597,0.0347,0.0039,0.253046,0.304625
Hoy Park,ATH,1,0.8806,0.1852,0.0185,0.0966,0.0989,0.009,0.294366,0.319441
Ryan McCarty,PIT,1,0.9004,0.194,0.0153,0.0941,0.0741,0.014,0.283318,0.316082
Jace LaViolette,CLE,1,0.917,0.1731,0.0323,0.0949,0.0625,0.009,0.245656,0.33566
Aroon Escobar,PHI,1,0.9045,0.1973,0.0169,0.0963,0.072,0.012,0.282515,0.31874
Charlie Condon,COL,1,0.8916,0.208,0.0368,0.1156,0.0789,0.018,0.306217,0.413302
Luke Heyman,BOS,1,0.9137,0.1665,0.0245,0.0866,0.0658,0.009,0.242342,0.295064
Rainer Nunez,,1,0.9205,0.2146,0.0287,0.1019,0.059,0.009,0.28382,0.371103
Aaron Zavala,TEX,1,0.8958,0.187,0.0219,0.0961,0.0827,0.01,0.280908,0.333222
Canyon Brown,KCR,1,0.9312,0.186,0.0154,0.085,0.0473,0.01,0.244351,0.294781
Lizandro Espinoza,ATL,1,0.9131,0.1867,0.022,0.1004,0.0644,0.011,0.263232,0.329537
Tyresse Turner,CLE,1,0.8959,0.181,0.0098,0.089,0.0816,0.011,0.274782,0.2805
Luis Castro,,1,0.9164,0.2045,0.0311,0.1058,0.0601,0.012,0.277795,0.378328
Jordan Sprinkle,CHW,1,0.9185,0.1889,0.0076,0.0868,0.061,0.009,0.260018,0.274143
Dominic Fletcher,CIN,1,0.9121,0.2134,0.0239,0.0993,0.0641,0.012,0.290809,0.36871
Isaiah Barkett,SFG,1,0.9211,0.209,0.0093,0.0821,0.0574,0.01,0.277594,0.30203
Andy Perez,COL,1,0.9519,0.2382,0.0122,0.094,0.0296,0.007,0.275987,0.34678
Jacob Stallings,BAL,1,0.8898,0.1798,0.0169,0.0886,0.0819,0.017,0.279819,0.303776
Sammy Siani,SEA,1,0.9126,0.1937,0.021,0.0961,0.0699,0.006,0.270764,0.327416
Juan Benjamin,CLE,1,0.919,0.197,0.0114,0.0877,0.0615,0.008,0.267651,0.30185
DaShawn Keirsey Jr.,ATL,0.490554,0.4542,0.1007,0.008,0.0489,0.0262,0.0044,0.268837,0.326728
Brooks Brannon,BOS,1,0.9237,0.2126,0.0328,0.1052,0.0568,0.008,0.278598,0.391036
Zac Veen,COL,4.34444,3.9469,0.9614,0.1467,0.5051,0.3085,0.0348,0.301818,0.420153
Daniel Cabrera,DET,1,0.8971,0.1944,0.0188,0.0977,0.0814,0.01,0.287034,0.331736
Michael Toglia,SEA,1,0.8892,0.1842,0.0423,0.109,0.0956,0.005,0.285657,0.395861
Roynier Hernandez,COL,1,0.9045,0.2235,0.0073,0.0938,0.077,0.007,0.308828,0.326258
Caleb Bartolero,LAA,1,0.934,0.2244,0.0239,0.0962,0.0435,0.011,0.280104,0.374839
Nolan Schubart,CLE,1,0.8848,0.1738,0.0413,0.1076,0.0967,0.007,0.278698,0.374774
Justin Johnson,KCR,1,0.9181,0.1915,0.0189,0.093,0.0594,0.011,0.263031,0.32186
Anthony DePino,CHW,1,0.9055,0.1977,0.0323,0.1034,0.071,0.012,0.281912,0.369188
Gavin Conticello,ARI,1,0.9146,0.2101,0.0212,0.1022,0.0639,0.01,0.285226,0.362235
Antonis Macias,TEX,1,0.9088,0.1922,0.0103,0.0838,0.0697,0.01,0.273074,0.286422
Wilmer Flores,,1,0.8931,0.2082,0.0321,0.1022,0.0841,0.013,0.306065,0.384615
A.J. Vukovich,ARI,1,0.9256,0.2106,0.0303,0.1041,0.0559,0.007,0.274681,0.376296
Otto Kemp,PHI,1,0.8986,0.1981,0.0296,0.1047,0.06,0.03,0.289286,0.371133
Euribiel Angeles,ATH,1,0.9351,0.2213,0.0127,0.0899,0.0454,0.008,0.275886,0.326596
Ricardo Cova,SEA,1,0.9466,0.2009,0.0173,0.0878,0.0319,0.01,0.243849,0.310902
Jose Cerice,KCR,1,0.9232,0.2062,0.0132,0.0891,0.0433,0.022,0.272673,0.307517
Quinn McDaniel,MIN,1,0.9032,0.1991,0.0157,0.0955,0.0773,0.008,0.285628,0.330159
Luis De Los Santos,,1,0.9185,0.1915,0.0209,0.0909,0.058,0.012,0.262629,0.32172
Marvin Alcantara,BOS,1,0.9316,0.2113,0.0113,0.0882,0.0499,0.007,0.269358,0.312473
Hedbert Perez,TOR,1,0.9045,0.1835,0.0318,0.102,0.076,0.008,0.268655,0.355556
Caleb Roberts,MIN,1,0.883,0.1792,0.0211,0.098,0.0895,0.016,0.28593,0.326954
Lourdes Gurriel Jr.,,2.51978,2.3224,0.5764,0.0734,0.2655,0.1461,0.0277,0.298373,0.395884
Logan O'Hoppe,TEX,0.858582,0.7785,0.1738,0.0286,0.0875,0.0598,0.0103,0.285263,0.374438
Thomas Gavello,SFG,1,0.9012,0.1758,0.0227,0.0878,0.0653,0.022,0.264236,0.314248
Oliver Dunn,TBR,1,0.8958,0.1777,0.0213,0.098,0.0807,0.012,0.271595,0.322393
Colin Moran,SEA,1,0.8977,0.1937,0.0261,0.1001,0.0788,0.012,0.285729,0.342876
Alex Mooney,CLE,1,0.913,0.1843,0.0143,0.0902,0.0635,0.012,0.260922,0.302081
Eli Willits,WSN,1,0.8932,0.1763,0.0151,0.092,0.0843,0.011,0.272773,0.294111
Kole Myers,LAD,1,0.8806,0.1909,0.0172,0.1049,0.0979,0.01,0.30009,0.325233
Ahbram Liendo,BOS,1,0.9077,0.1911,0.0123,0.0902,0.0718,0.009,0.273074,0.295913
Will Simpson,TBR,1,0.9169,0.2002,0.0346,0.106,0.0646,0.007,0.272974,0.381503
Kyle DeBarge,MIN,1,0.9073,0.182,0.0139,0.091,0.0722,0.009,0.264337,0.297035
Carlos Franco,ATH,1,0.926,0.1892,0.0157,0.0842,0.0545,0.008,0.252787,0.298704
Cam Collier,CIN,1,0.9114,0.1898,0.0235,0.0934,0.0671,0.01,0.268053,0.331907
Kervin Pichardo,WSN,1,0.9081,0.1905,0.0223,0.0929,0.0714,0.009,0.27207,0.323753
Dustin Dickerson,KCR,1,0.8879,0.1805,0.0106,0.0893,0.0906,0.01,0.282314,0.283816
Won-Bin Cho,STL,1,0.9007,0.1985,0.0211,0.0985,0.0798,0.008,0.287536,0.338403
Roderick Arias,NYY,1,0.9228,0.1891,0.0187,0.0914,0.0567,0.009,0.2559,0.314586
Axel Sanchez,SEA,1,0.9116,0.1702,0.0209,0.0889,0.0649,0.012,0.248167,0.295744
Adrian Placencia,LAA,1,0.8825,0.1556,0.0243,0.0886,0.096,0.01,0.26273,0.296657
David García,MIL,1,0.904,0.1693,0.014,0.0831,0.0715,0.013,0.254896,0.273451
Josh Rivera,TOR,1,0.9155,0.174,0.0192,0.086,0.068,0.005,0.248067,0.297542
Jeisson Rosario,ATH,1,0.8766,0.1866,0.0214,0.0996,0.1039,0.008,0.299789,0.335501
Frederick Bencosme,BAL,1,0.9085,0.2,0.0173,0.0934,0.073,0.007,0.281209,0.32383
Josh Springer,TEX,1,0.9287,0.1857,0.0097,0.0775,0.0458,0.014,0.24656,0.264779
Dylan Moore,PHI,1,0.8828,0.1817,0.025,0.1059,0.0899,0.016,0.288784,0.342773
Victor Bericoto,SFG,6.9471,6.4631,1.5798,0.2104,0.6827,0.3779,0.0417,0.288351,0.39249
Quincy Scott,TEX,1,0.9078,0.1804,0.0187,0.0876,0.0687,0.012,0.262228,0.294338
Austin Charles,KCR,1,0.9342,0.1947,0.0174,0.0886,0.0453,0.009,0.250075,0.309249
Yanquiel Fernández,NYY,1,0.9278,0.215,0.0401,0.1082,0.0547,0.006,0.276863,0.4072
Matt Lloyd,BOS,1,0.8957,0.2009,0.0257,0.1038,0.0858,0.007,0.294968,0.364073
Kaeden Kent,SFG,1,0.9449,0.2102,0.0112,0.0788,0.0356,0.008,0.254896,0.303207
Wilder Dalis,COL,1,0.9233,0.2062,0.0209,0.0959,0.0562,0.009,0.272572,0.33586
Daniel Vazquez,KCR,1,0.9271,0.2026,0.0061,0.0835,0.0554,0.006,0.26514,0.28875
J.P. Martínez,,1,0.8882,0.1909,0.0203,0.1059,0.0892,0.011,0.292387,0.336186
Ely Brown,CHW,1,0.8985,0.1872,0.0102,0.0858,0.081,0.009,0.278397,0.278575
Geovanny Planchart,TOR,1,0.9005,0.1617,0.0131,0.0801,0.078,0.01,0.250778,0.256191
Isiah Gilliam,,1,0.8837,0.1796,0.0302,0.1044,0.0948,0.01,0.285628,0.352043
Irvin Nunez,MIN,1,0.9104,0.1657,0.0162,0.0814,0.0651,0.013,0.244853,0.269881
Kendrey Maduro,LAA,1,0.9428,0.1934,0.0202,0.0824,0.0317,0.014,0.240133,0.309504
Dameury Pena,TOR,1,0.9305,0.2106,0.0084,0.0852,0.046,0.012,0.26976,0.294573
Nick Castellanos,,1,0.9232,0.2228,0.0296,0.1032,0.058,0.009,0.290555,0.391681
Yolfran Castillo,TEX,1,0.9227,0.1898,0.0081,0.0814,0.0548,0.011,0.256704,0.271594
Kayson Cunningham,ARI,1,0.9136,0.1939,0.0084,0.0875,0.0659,0.009,0.269961,0.284807
Luke Mann,ATH,1,0.915,0.181,0.0333,0.0969,0.0635,0.01,0.255599,0.348197
Camden Janik,PIT,1,0.9004,0.1813,0.0099,0.0834,0.0731,0.015,0.270563,0.269658
Kyle Lodise,CHW,1,0.8955,0.1562,0.0216,0.0885,0.081,0.012,0.250276,0.281184
Aledmys Díaz,,1,0.9188,0.1967,0.0183,0.0945,0.0561,0.013,0.267082,0.325316
Jacob Teter,,1,0.9114,0.2017,0.0261,0.1023,0.0681,0.009,0.280004,0.359008
Logan Poteet,CHC,1,0.9205,0.1629,0.0298,0.0892,0.059,0.009,0.231897,0.304943
Stiven Flores,CHW,1,0.9355,0.1934,0.0097,0.0771,0.042,0.011,0.247464,0.268306
Albert Fabian,SDP,1,0.9222,0.2115,0.0279,0.1028,0.0573,0.009,0.279,0.37237
Eduardo Garcia,MIL,1,0.9211,0.1819,0.0203,0.0897,0.0554,0.012,0.250377,0.306264
Zach Levenson,STL,1,0.9007,0.1921,0.0257,0.0983,0.0768,0.011,0.281109,0.345731
Romeo Sanabria,SDP,1,0.9101,0.2116,0.0248,0.1008,0.0734,0.005,0.291252,0.359741
Payton Green,MIA,1,0.9121,0.1906,0.0186,0.0921,0.0644,0.012,0.268153,0.319483
Davis Wendzel,,1,0.8935,0.1897,0.0281,0.1044,0.0781,0.017,0.286059,0.355456
Steward Berroa,PHI,1,0.8862,0.188,0.0167,0.1021,0.0949,0.007,0.29124,0.316746
Anthony Gutierrez,TEX,1,0.9277,0.1969,0.0126,0.087,0.0488,0.012,0.258813,0.293414
RJ Austin,BAL,1,0.9212,0.1907,0.0121,0.0869,0.0533,0.014,0.259114,0.291685
Braedon Karpathios,SDP,1,0.905,0.1906,0.0263,0.0981,0.0785,0.005,0.275284,0.344751
Erick Mejia,WSN,1,0.9061,0.1856,0.0209,0.0941,0.0744,0.008,0.269157,0.320936
Hayden Alvarez,LAA,1,0.9122,0.1863,0.0136,0.0849,0.0673,0.009,0.263734,0.289081
Max Burt,DET,1,0.9192,0.1781,0.0145,0.0874,0.0563,0.013,0.248468,0.288621
Viandel Pena,DET,1,0.9152,0.1903,0.0122,0.088,0.0673,0.006,0.264738,0.298842
Thomas Sosa,BAL,1,0.9223,0.1979,0.0251,0.0952,0.0562,0.01,0.265241,0.345874
Cannon Peebles,CLE,1,0.8878,0.1446,0.0171,0.0818,0.0897,0.011,0.246359,0.253548
Max Holy,HOU,1,0.8863,0.1599,0.0102,0.0859,0.0932,0.009,0.263232,0.255218
Jeimer Candelario,,1,0.9044,0.1836,0.0284,0.0937,0.0732,0.013,0.270395,0.35084
Erick Brito,PHI,1,0.9135,0.1975,0.0066,0.0885,0.063,0.012,0.273677,0.287137
Imanol Vargas,,1,0.8983,0.1928,0.028,0.1026,0.0842,0.006,0.284222,0.359234
Luis Verdugo,SDP,1,0.9161,0.1881,0.0183,0.0885,0.0654,0.007,0.261625,0.307608
Evan White,LAA,1,0.9053,0.1851,0.0339,0.0998,0.0712,0.012,0.269459,0.359881
Dylan Campbell,CHW,1,0.9145,0.1936,0.0235,0.099,0.067,0.007,0.268756,0.33942
Christian Knapczyk,CLE,1,0.903,0.1828,0.0106,0.0849,0.0705,0.015,0.269459,0.284939
Pedro León,PHI,1,0.9103,0.2028,0.031,0.109,0.066,0.012,0.282041,0.377238
JoJo Parker,TOR,1,0.9055,0.1735,0.0127,0.0847,0.072,0.011,0.257608,0.277968
Dylan Carlson,,1,0.8743,0.1945,0.0242,0.1052,0.1,0.014,0.309863,0.356628
Freddy Zamora,MIL,1,0.8949,0.1823,0.0123,0.0893,0.0826,0.011,0.277091,0.290647
Jack Payton,SFG,1,0.9122,0.2072,0.0165,0.089,0.0643,0.012,0.284724,0.33622
Joey Wiemer,CHW,1,0.8958,0.1841,0.027,0.0984,0.082,0.011,0.278213,0.340701
Andrew Jenkins,DET,1,0.9343,0.226,0.0215,0.0982,0.0442,0.01,0.28141,0.366692
Peyton Williams,TOR,1,0.9195,0.2056,0.0284,0.1006,0.061,0.008,0.275786,0.368461
Angel Ortiz,ARI,1,0.9216,0.2092,0.021,0.1015,0.0599,0.007,0.277292,0.358181
Juneiker Caceres,CLE,1,0.912,0.2011,0.0202,0.0941,0.0625,0.014,0.278799,0.329496
Edward Florentino,PIT,1,0.9024,0.175,0.0279,0.0978,0.0761,0.01,0.262228,0.330563
Luke Williams,ATL,1,0.9101,0.1887,0.0189,0.1005,0.0694,0.009,0.268227,0.318427
Jose Salas,MIN,1,0.9318,0.1791,0.0213,0.088,0.0437,0.013,0.236818,0.305752
Carter Graham,CIN,1,0.9073,0.2063,0.0304,0.1046,0.0672,0.014,0.288742,0.376722
Kenni Gomez,HOU,1,0.9364,0.1954,0.0166,0.0896,0.0441,0.008,0.248569,0.315784
Ruben Ibarra,CIN,1,0.9013,0.1912,0.0423,0.1094,0.0732,0.014,0.279602,0.393432
Victor Figueroa,BAL,1,0.9223,0.2009,0.0313,0.1002,0.0582,0.008,0.268254,0.369511
Will Wagner,SDP,1,0.877,0.2054,0.0148,0.0978,0.1026,0.009,0.318305,0.335918
Carter Kieboom,PHI,1,0.912,0.2123,0.0196,0.0972,0.069,0.008,0.290404,0.343311
Raylin Heredia,PHI,1,0.9455,0.2265,0.027,0.1032,0.034,0.009,0.270664,0.37927
Jase Bowen,SDP,1.0681,0.9842,0.2064,0.0308,0.1085,0.0612,0.0107,0.261634,0.354603
Wuilfredo Antunez,PHI,1,0.9315,0.2059,0.0337,0.1069,0.051,0.006,0.264035,0.389801
Nic Kent,COL,1,0.9173,0.2074,0.0205,0.0978,0.0592,0.012,0.279803,0.347324
Mickey Moniak,COL,6.09078,5.658,1.3845,0.261,0.7222,0.3125,0.0548,0.288676,0.451096
Julio Carreras,CIN,1,0.9195,0.1894,0.0127,0.0874,0.059,0.01,0.259516,0.299837
Miguel Ugueto,STL,1,0.946,0.2108,0.0134,0.0895,0.0315,0.011,0.254394,0.325053
Cavan Biggio,HOU,1,0.8537,0.1733,0.023,0.1033,0.1182,0.017,0.309677,0.332787
David Calabrese,TOR,1,0.9175,0.1971,0.0224,0.0966,0.064,0.007,0.269258,0.338856
Clark Elliott,ATH,1,0.8615,0.1733,0.0208,0.0987,0.112,0.015,0.301597,0.31805
Moisés Gómez,,1,0.9191,0.1901,0.0333,0.1005,0.0604,0.009,0.260621,0.361005
Ronald Hernandez,NYM,1,0.9058,0.1647,0.0149,0.0839,0.0727,0.01,0.248468,0.265401
Tyler Black,MIL,1,0.8733,0.1909,0.0205,0.1048,0.1037,0.013,0.308495,0.348563
Bobby Boser,ATH,1,0.913,0.1793,0.0212,0.0882,0.0615,0.014,0.2559,0.307557
Luis Suisbel,SEA,1,0.9286,0.1733,0.0273,0.0883,0.0469,0.013,0.234207,0.309714
Jared Dickey,ATH,1,0.8927,0.1992,0.0182,0.0966,0.0878,0.008,0.296274,0.334043
Dauri Fernández,CLE,1,0.9392,0.1932,0.0105,0.0855,0.0413,0.008,0.243547,0.288011
Jacob Hurtubise,MIL,1,0.8604,0.1818,0.0087,0.0985,0.1017,0.026,0.310993,0.290795
Lisbel Diaz,SFG,1,0.9478,0.2203,0.0253,0.0934,0.0327,0.008,0.262127,0.36685
Luis Fragoza,MIN,1,0.9267,0.1864,0.0228,0.0894,0.0468,0.015,0.249272,0.313154
Ivan Luciano,ARI,1,0.9106,0.1722,0.0141,0.0842,0.0679,0.01,0.25118,0.273776
Cutter Coffey,TOR,1,0.9155,0.1826,0.0163,0.0872,0.064,0.009,0.256704,0.301256
Kristian Robinson,ARI,1,0.8916,0.1843,0.0242,0.1031,0.0879,0.009,0.282414,0.337259
Bryce Johnson,SDP,1,0.8964,0.1919,0.012,0.0933,0.0795,0.013,0.285514,0.302209
Yostin Pena,NYY,1,0.934,0.1913,0.0248,0.0924,0.0445,0.01,0.246862,0.317666
Junior Franco,ARI,1,0.9216,0.2151,0.0166,0.0995,0.0589,0.008,0.283218,0.345378
CJ Alexander,HOU,1,0.9196,0.1883,0.0344,0.1017,0.0631,0.006,0.25846,0.368856
Michael Siani,DET,1,0.8984,0.1677,0.0139,0.0901,0.0824,0.007,0.258366,0.279942
Bryce Rainer,DET,1,0.9162,0.1726,0.0213,0.0866,0.0643,0.008,0.245958,0.294368
Colby Halter,ATH,1,0.9008,0.1832,0.0164,0.0915,0.0777,0.01,0.27207,0.307726
Aeverson Arteaga,SFG,1,0.936,0.1938,0.0137,0.0786,0.0445,0.008,0.247364,0.303205
Jordan Nwogu,CHC,1,0.9125,0.2021,0.0203,0.0986,0.062,0.014,0.279301,0.33611
Alex Ramírez,CHC,1,0.9265,0.2133,0.0183,0.0997,0.056,0.006,0.276489,0.339018
Zach Daudet,HOU,1,0.8643,0.1494,0.0051,0.0824,0.1122,0.012,0.274782,0.22469
Alan Trejo,,1,0.9257,0.214,0.0233,0.1009,0.0542,0.008,0.277476,0.366425
Brett Sullivan,COL,2.42411,2.2254,0.5115,0.0553,0.2441,0.1505,0.0194,0.282352,0.366945
Jake Cunningham,SDP,1,0.9171,0.1957,0.0263,0.0978,0.0624,0.009,0.268253,0.345001
Connor Charping,SEA,1,0.8847,0.1937,0.0153,0.0968,0.0838,0.02,0.298785,0.321239
Sam Shaw,TOR,1,0.8965,0.168,0.0189,0.0881,0.083,0.009,0.261123,0.288344
Narbe Cruz,HOU,1,0.9334,0.1892,0.0139,0.0827,0.0431,0.012,0.245355,0.287122
Drew Swift,ATH,1,0.8927,0.1819,0.0051,0.0826,0.0878,0.008,0.278899,0.264142
Braylon Whitaker,BAL,1,0.9104,0.1837,0.012,0.0841,0.0681,0.01,0.262931,0.277131
Ryan Cermak,TBR,1,0.915,0.1687,0.032,0.0953,0.0605,0.013,0.243246,0.322295
Ben Gobbel,LAA,1,0.926,0.2086,0.0289,0.0969,0.0495,0.013,0.272271,0.364903
Jax Biggers,HOU,1,0.8873,0.1677,0.0094,0.0863,0.0952,0.006,0.270061,0.266426
Troy Johnston,COL,3.64228,3.2928,0.8564,0.0764,0.3907,0.2517,0.0583,0.321384,0.396501
Carlos Gutierrez,BOS,1,0.9057,0.2017,0.0134,0.0946,0.0738,0.009,0.285729,0.318759
Kevin Made,WSN,1,0.9121,0.1969,0.0117,0.0876,0.0654,0.011,0.27448,0.30205
Cooper Flemming,TBR,1,0.9362,0.1935,0.0138,0.0824,0.0403,0.012,0.246862,0.290857
Carter Cunningham,TOR,1,0.8965,0.1734,0.0267,0.0975,0.08,0.012,0.266546,0.332515
Jaron Elkins,LAD,1,0.9251,0.1926,0.0191,0.0968,0.0504,0.013,0.257106,0.313912
Luis Caicuto,PHI,1,0.9135,0.1798,0.0125,0.0841,0.063,0.012,0.2559,0.274329
Trenton Brooks,HOU,1,0.8773,0.1923,0.0213,0.1037,0.1032,0.007,0.304051,0.342414
Jordan Dissin,PHI,1,0.9105,0.1739,0.0147,0.0843,0.068,0.01,0.252988,0.279187
Damon Keith,MIL,1,0.9161,0.1945,0.0288,0.1001,0.0644,0.008,0.268053,0.35662
Victor Rodrigues,LAD,1,0.8994,0.1681,0.0101,0.0848,0.0791,0.01,0.258311,0.25328
Aidan Smith,NYM,1,0.9201,0.1796,0.0267,0.0947,0.0604,0.008,0.249071,0.317792
Sabin Ceballos,SFG,1,0.8884,0.1954,0.02,0.0929,0.0851,0.015,0.296776,0.334984
Wyatt Sanford,PIT,1,0.9084,0.1759,0.0192,0.0905,0.0641,0.016,0.257106,0.297886
Luis De La Cruz,CLE,1,0.9312,0.192,0.0185,0.0887,0.0473,0.01,0.250377,0.305627
Ryan Jackson,SDP,1,0.9101,0.1916,0.0083,0.084,0.0674,0.011,0.271166,0.281288
Jason Matthews,CHW,1,0.8965,0.1626,0.0131,0.0821,0.078,0.014,0.2557,0.2628
Chase Harlan,LAD,1,0.9182,0.1854,0.0243,0.0956,0.0593,0.011,0.256804,0.318994
Alberto Hernandez,HOU,1,0.9254,0.1903,0.0117,0.0863,0.0541,0.009,0.254494,0.296737
Ace Reese,SEA,1,0.9126,0.1713,0.0192,0.0843,0.0649,0.011,0.248268,0.279641
Theo Hardy,TEX,1,0.9038,0.1744,0.0107,0.0834,0.0717,0.013,0.260219,0.278712
Ben McLaughlin,ARI,1,0.9056,0.2122,0.0177,0.1014,0.0719,0.011,0.296374,0.350596
Carter Trice,CHC,1,0.9045,0.1841,0.0275,0.1016,0.075,0.009,0.269258,0.344942
Zach Kokoska,COL,1,0.9113,0.1987,0.0363,0.1107,0.0622,0.015,0.277091,0.393943
Tate Southisene,ATL,1,0.9141,0.1796,0.0148,0.0889,0.0614,0.013,0.255097,0.28684
Maddox Latta,TOR,1,0.9075,0.1725,0.0121,0.0815,0.069,0.012,0.254595,0.264242
Kerrington Cross,SDP,1,0.897,0.1656,0.0223,0.0898,0.0795,0.012,0.25821,0.291527
Cortland Lawson,WSN,1,0.916,0.1905,0.0096,0.0824,0.0635,0.009,0.264136,0.287555
Kenny Castillo,ARI,1,0.9455,0.1944,0.014,0.0824,0.035,0.008,0.238425,0.293072
Brennan Milone,ATH,1,0.8867,0.1914,0.0274,0.1024,0.0928,0.009,0.294466,0.357505
Sammy Stafura,NYM,1,0.915,0.1726,0.0193,0.0881,0.0625,0.011,0.247163,0.290601
Dom Krupinski,CHC,1,0.9045,0.1773,0.0146,0.0901,0.07,0.014,0.262428,0.29508
Jake Casey,TOR,1,0.9105,0.1647,0.0265,0.0905,0.059,0.019,0.243748,0.307084
Noah Myers,TBR,1,0.8887,0.1818,0.0169,0.0941,0.0898,0.01,0.282816,0.307303
Luken Baker,,1,0.8865,0.1758,0.0357,0.1055,0.096,0.007,0.279723,0.363565
Ben Hartl,CHW,1,0.9015,0.1584,0.0111,0.0767,0.061,0.026,0.24646,0.242596
Narciso Polanco,TBR,1,0.92,0.1808,0.0106,0.0826,0.0605,0.008,0.250377,0.276957
Angel Cepeda,CHC,1,0.9215,0.1789,0.0195,0.0871,0.054,0.013,0.246962,0.292458
Jon Singleton,,1,0.8704,0.1749,0.0327,0.104,0.1142,0.005,0.295044,0.353745
Nick Cimillo,PIT,1,0.9054,0.1943,0.035,0.1074,0.0741,0.009,0.278598,0.383698
Jake Schaffner,BOS,1,0.9416,0.202,0.0091,0.0812,0.0369,0.01,0.249975,0.291313
Josue Gonzalez,NYY,1,0.9066,0.1531,0.0162,0.0813,0.0699,0.012,0.236015,0.25899
Peter Burns,LAA,1,0.9122,0.1657,0.0118,0.0737,0.0633,0.013,0.243045,0.248301
Bennett Lee,DET,1,0.9092,0.1573,0.014,0.0794,0.0663,0.013,0.237622,0.262758
Zach Remillard,,1,0.9075,0.1862,0.0124,0.086,0.07,0.011,0.268354,0.289366
Luis Guanipa,ATL,1,0.9418,0.2101,0.0167,0.0914,0.0377,0.009,0.257909,0.318008
Avery Owusu-Asiedu,ARI,1,0.9136,0.1934,0.0263,0.1025,0.0659,0.009,0.269459,0.349715
Luis Escudero,NYY,1,0.8904,0.1628,0.018,0.0887,0.0881,0.01,0.262027,0.274483
Ryan Lasko,ATH,1,0.919,0.1899,0.0192,0.09,0.0565,0.013,0.26052,0.318934
Jacob McCombs,MIN,1,0.9289,0.1899,0.0176,0.088,0.0376,0.022,0.250577,0.304984
Bryan Broecker,TBR,1,0.8847,0.1443,0.0129,0.0788,0.0918,0.012,0.249171,0.234882
Daniel Dickinson,MIL,1,0.8939,0.1743,0.0128,0.0901,0.0806,0.014,0.270061,0.276317
Luis De Leon,HOU,1,0.9364,0.1755,0.0159,0.0795,0.0421,0.01,0.228583,0.270397
Owen Carey,ATL,1,0.929,0.2136,0.0183,0.0972,0.0475,0.012,0.274279,0.347147
Giaconino Lasaracina,TOR,1,0.9305,0.1621,0.0253,0.0818,0.048,0.01,0.221051,0.282536
Jean Carlos Sió,SFG,1,0.9171,0.2026,0.0183,0.0882,0.0574,0.014,0.275183,0.330171
Eduardo Guerrero,LAD,1,0.9074,0.1916,0.009,0.0905,0.0731,0.008,0.273878,0.28477
Robert Arias,CLE,1,0.913,0.1783,0.0163,0.0876,0.0665,0.009,0.254896,0.282694
Jack O'Dowd,COL,1,0.9154,0.2232,0.028,0.1076,0.0621,0.011,0.29758,0.394363
Patrick Lee,DET,1,0.9001,0.1774,0.0236,0.0983,0.0754,0.013,0.266948,0.319853
Ethan Frey,HOU,1,0.9164,0.1779,0.0195,0.0885,0.0641,0.008,0.25108,0.294195
Derlin Figueroa,KCR,1,0.9302,0.185,0.026,0.0923,0.0513,0.007,0.244351,0.323264
Kyle Hayes,WSN,1,0.8951,0.1547,0.0155,0.0814,0.0754,0.018,0.249171,0.263993
Peyton Stovall,CIN,1,0.9074,0.1834,0.0176,0.0905,0.0711,0.01,0.265642,0.309125
Hector Salas,HOU,1,0.8994,0.1768,0.0068,0.0832,0.0811,0.008,0.267048,0.262731
Paxton Kling,TEX,1,0.9077,0.1729,0.0143,0.0845,0.0648,0.016,0.254796,0.274981
Austin Murr,PHI,1,0.9055,0.2046,0.0237,0.105,0.071,0.012,0.288842,0.363887
Justin Dean,CHC,1,0.8945,0.1831,0.0135,0.0966,0.086,0.009,0.279105,0.297149
Justin Lebron,CIN,1,0.9398,0.1887,0.026,0.0892,0.0387,0.01,0.238425,0.317514
Tyriq Kemp,KCR,1,0.9181,0.1762,0.0145,0.0865,0.0614,0.009,0.247665,0.281669
Isaiah Jackson,BOS,1,0.9187,0.1797,0.0232,0.0898,0.0588,0.011,0.250577,0.311092
Matt Gorski,LAD,1,0.9259,0.194,0.0405,0.1096,0.0573,0.006,0.25823,0.390215
Marcus Brown,HOU,1,0.9304,0.1931,0.0103,0.0842,0.0451,0.013,0.252285,0.292132
Freili Encarnacion,BOS,1,0.9336,0.1842,0.0275,0.0906,0.0399,0.015,0.240133,0.324229
Nathan Hickey,BOS,1,0.8868,0.1797,0.026,0.1009,0.0947,0.007,0.282615,0.348557
Carlos Colmenarez,TBR,1,0.9059,0.172,0.0174,0.086,0.0686,0.014,0.2557,0.28767
Fernando Gonzalez,SFG,1,0.9082,0.1608,0.015,0.0746,0.0653,0.015,0.242141,0.257542
Sean McLain,LAD,1,0.9132,0.1822,0.0165,0.0938,0.0613,0.014,0.258612,0.303876
Bligh Madris,STL,1,0.8941,0.1853,0.027,0.0981,0.0896,0.006,0.281745,0.343698
Karson Simas,CHC,1,0.9225,0.1834,0.0096,0.0855,0.054,0.012,0.250477,0.275664
Nick Pratto,SDP,1,0.897,0.1804,0.0289,0.1014,0.0835,0.008,0.273074,0.347492
Lamar King Jr.,SDP,1,0.9292,0.1763,0.0109,0.0777,0.0473,0.012,0.236617,0.262161
Ike Irish,BAL,1,0.9183,0.1902,0.0241,0.093,0.0592,0.011,0.261525,0.32375
James Taussig,CHW,1,0.9235,0.1997,0.0378,0.1048,0.054,0.011,0.265843,0.38863
José Azócar,ATL,1,0.9351,0.2227,0.0135,0.0971,0.0446,0.009,0.277382,0.333654
Callan Moss,PIT,1,0.9164,0.2201,0.0193,0.0995,0.0631,0.009,0.293462,0.358141
Hyungchan Um,KCR,1,0.9211,0.1675,0.0162,0.0804,0.0554,0.012,0.235914,0.269786
Boston Baro,NYM,1,0.9314,0.1926,0.0099,0.0836,0.0491,0.008,0.250778,0.282263
Jack Penney,DET,1,0.9092,0.1792,0.0141,0.0848,0.0683,0.011,0.259616,0.282116
Drew Lugbauer,,1,0.9089,0.1822,0.0463,0.1086,0.0716,0.008,0.262931,0.395643
Kevin Verde,NYY,1,0.94,0.1936,0.0175,0.0866,0.0405,0.008,0.243146,0.307766
Carter Beck,ATL,1,0.9121,0.1836,0.0184,0.0909,0.0664,0.01,0.261123,0.297445
Jesus Galiz,LAD,1,0.9261,0.1722,0.0173,0.0856,0.0514,0.011,0.235613,0.278588
Javier Vaz,KCR,1,0.8829,0.2051,0.0106,0.1,0.0926,0.013,0.312042,0.322573
Owen Carapellotti,TOR,1,0.9215,0.1508,0.0271,0.0822,0.057,0.01,0.218741,0.276506
Titus Dumitru,PIT,1,0.9154,0.2036,0.0205,0.0974,0.0621,0.011,0.277895,0.344112
Vance Honeycutt,BAL,1,0.9144,0.1633,0.0207,0.088,0.0651,0.009,0.238425,0.291885
Shane Sasaki,CIN,1,0.9052,0.2001,0.0136,0.0944,0.0743,0.009,0.284624,0.323685
Richard Ramirez,PIT,1,0.9404,0.1822,0.0218,0.0839,0.0391,0.009,0.231295,0.300404
Nate Nankil,ATH,1,0.915,0.2122,0.0151,0.0921,0.0605,0.013,0.286934,0.331148
Marco Argudin,TEX,1,0.9177,0.1796,0.015,0.0826,0.0588,0.012,0.251481,0.281138
Anderdson Rojas,ARI,1,0.9306,0.197,0.0072,0.0848,0.0509,0.007,0.256001,0.282721
Tucker Flint,LAA,1,0.8835,0.1752,0.0246,0.0948,0.092,0.013,0.28141,0.327561
Brock Wilken,MIL,1,0.8738,0.1635,0.0342,0.1046,0.1047,0.01,0.279401,0.349622
Clay Dungan,SDP,1,0.895,0.1673,0.0139,0.0877,0.0835,0.01,0.261926,0.279106
Jose Izarra,LAD,1,0.9212,0.1826,0.0111,0.0883,0.0583,0.009,0.250979,0.283652
Alec Briley,CHW,1,0.9285,0.1971,0.033,0.1011,0.053,0.007,0.25821,0.370921
Brendan Summerhill,TBR,1,0.922,0.1869,0.0137,0.0849,0.0565,0.01,0.254494,0.286659
Roldy Brito,COL,1,0.94,0.2273,0.0105,0.0925,0.0395,0.009,0.276991,0.32734
Gio Cueto,LAD,1,0.9162,0.1612,0.0215,0.0866,0.0603,0.012,0.234508,0.275049
Ricardo Hurtado,DET,1,0.9072,0.1522,0.0167,0.079,0.0663,0.015,0.234508,0.254409
Nico Perez,LAD,1,0.9172,0.1847,0.0155,0.0947,0.0613,0.01,0.257106,0.295901
Josh Moylan,NYY,1,0.9167,0.1895,0.0333,0.1009,0.0638,0.008,0.262428,0.361514
Alex Binelas,PHI,1,0.8916,0.1878,0.032,0.1059,0.0889,0.008,0.28593,0.363616
Nicholas Torres,,1,0.9137,0.205,0.0217,0.0974,0.0638,0.011,0.281008,0.34125
Harold Ramírez,,1,0.9297,0.2396,0.0179,0.0977,0.0496,0.011,0.300983,0.366785
Javier Mogollon,CHW,1,0.9185,0.1718,0.0224,0.0877,0.059,0.011,0.242844,0.2957
Mairo Martinus,LAD,1,0.9499,0.201,0.0234,0.0949,0.0306,0.008,0.240635,0.327824
Korbyn Dickerson,SEA,1,0.9146,0.1658,0.0192,0.0843,0.0619,0.012,0.240735,0.274328
Cristian Arguelles,COL,1,0.9232,0.2132,0.0143,0.0921,0.0533,0.012,0.279703,0.323657
Luke Davis,PHI,1,0.8756,0.1419,0.0163,0.084,0.1039,0.009,0.2559,0.247259
Yolmer Sánchez,LAA,1,0.8874,0.1715,0.0125,0.0842,0.0891,0.012,0.273777,0.278792
Cristian Santana,DET,1,0.8901,0.1466,0.0296,0.0909,0.0844,0.014,0.246058,0.292888
Yuli Gurriel,SDP,1,0.9073,0.2097,0.0194,0.096,0.0744,0.008,0.293067,0.344318
Yasser Mercedes,MIN,1,0.9256,0.1746,0.0218,0.0894,0.0539,0.009,0.238526,0.300562
Tommy White,ATH,6.20226,5.834,1.4821,0.1622,0.6093,0.2506,0.0558,0.289139,0.386921
Carlos Rodriguez,SDP,1,0.9201,0.1632,0.0156,0.0785,0.0604,0.008,0.2326,0.262798
Rio Foster,LAA,1,0.9023,0.1793,0.0234,0.0893,0.0732,0.013,0.266647,0.31331
Sandy León,ATL,1,0.905,0.1483,0.0199,0.0838,0.0743,0.008,0.231829,0.261105
Sam Brown,WSN,1,0.8972,0.2026,0.0178,0.0968,0.0803,0.011,0.295169,0.341061
Edinson Duran,NYY,1,0.9319,0.1663,0.0176,0.0794,0.0446,0.012,0.223863,0.267303
José Mejía,ARI,1,0.9036,0.1839,0.0096,0.0877,0.0749,0.01,0.269961,0.27811
Jean Walters,ARI,1,0.9276,0.1978,0.0103,0.0871,0.0539,0.007,0.259817,0.301854
JT Benson,NYM,1,0.9264,0.1945,0.024,0.0984,0.0491,0.013,0.257708,0.344883
Yordany De Los Santos,PIT,1,0.9404,0.1934,0.0161,0.0889,0.0391,0.009,0.242543,0.301574
Daiverson Gutierrez,NYM,1,0.9131,0.1643,0.0129,0.0799,0.0594,0.016,0.240735,0.254956
Austin St. Laurent,SEA,1,0.9176,0.1782,0.0093,0.0788,0.0629,0.008,0.250176,0.258827
Luis Puello,NYY,1,0.941,0.1683,0.0217,0.0803,0.0375,0.01,0.216732,0.279277
Cole Fontenelle,LAA,1,0.9191,0.1709,0.0199,0.0831,0.0554,0.014,0.241338,0.294745
Carson Tinney,MIN,1,0.9104,0.1431,0.0254,0.0815,0.0661,0.012,0.222155,0.265158
Justin Stransky,CHC,1,0.9045,0.1596,0.0139,0.0824,0.073,0.011,0.244652,0.254505
Austin Machado,ATL,1,0.8744,0.1422,0.0113,0.0807,0.1001,0.014,0.257407,0.225984
Dylan Palmer,PIT,1,0.9234,0.2064,0.0043,0.086,0.0571,0.008,0.272673,0.285792
Dong-Yub Kim,CHC,1,0.9215,0.1961,0.0211,0.0943,0.056,0.011,0.264236,0.326424
Logan Braunschweig,ATL,1,0.9022,0.1978,0.0133,0.094,0.0773,0.009,0.285327,0.309133
Antonio Anderson,BOS,1,0.9187,0.1823,0.0154,0.0843,0.0608,0.009,0.253189,0.29324
Levi Jordan,WSN,1,0.912,0.2046,0.0182,0.0965,0.0615,0.015,0.282314,0.335636
Anthony Huezo,HOU,1,0.9284,0.17,0.0246,0.09,0.0501,0.01,0.231094,0.302779
Marcus Smith,,1,0.9001,0.161,0.0265,0.0918,0.0804,0.008,0.250477,0.308743
Stanley Tucker,BOS,1,0.9277,0.1885,0.015,0.087,0.0518,0.009,0.250377,0.290611
Enmanuel Tejeda,NYY,1,0.9096,0.1769,0.012,0.0847,0.0689,0.01,0.256905,0.26825
Eric Brown Jr.,MIL,1,0.902,0.1728,0.014,0.087,0.0765,0.01,0.26042,0.281486
Ryan Tayman,NYM,1,0.9233,0.1615,0.0215,0.082,0.0532,0.012,0.227679,0.271201
Yassel Soler,ARI,1,0.9275,0.1902,0.0214,0.0896,0.048,0.013,0.252285,0.311051
Blake Wright,COL,1,0.9351,0.2119,0.0206,0.094,0.0434,0.01,0.266446,0.337932
Eli Serrano III,NYM,1,0.8986,0.1797,0.0197,0.0959,0.0799,0.01,0.270764,0.319942
Kai Roberts,SDP,1,0.9111,0.1704,0.0164,0.088,0.0664,0.011,0.24887,0.277028
Kevin Alvarez,HOU,1,0.9314,0.1848,0.0158,0.0848,0.0451,0.012,0.242945,0.290101
Edgleen Perez,PIT,1,0.9044,0.1752,0.0056,0.0765,0.0741,0.01,0.26042,0.241597
Mac McCroskey,LAA,1,0.9122,0.1696,0.0079,0.0745,0.0693,0.007,0.246962,0.252795
Cameron Leary,ATH,1,0.9079,0.1882,0.0223,0.0982,0.0736,0.007,0.269961,0.333297
Dylan Jasso,MIA,1,0.9141,0.2087,0.0195,0.0958,0.0624,0.012,0.284323,0.349415
Ryan Clifford,NYM,1,0.8864,0.168,0.0345,0.1041,0.0931,0.009,0.271266,0.348488
Mason Martin,,1,0.8973,0.1729,0.0398,0.1025,0.0792,0.012,0.265241,0.36933
Josuar Gonzalez,SFG,1,0.9261,0.1814,0.0103,0.0756,0.0544,0.008,0.244853,0.270813
Dax Kilby,NYY,1,0.8985,0.1573,0.012,0.0814,0.081,0.009,0.248368,0.246411
Camden Troyer,NYY,1,0.9268,0.1804,0.0193,0.0853,0.0547,0.007,0.243146,0.29208
Randal Diaz,BAL,1,0.9262,0.1831,0.0123,0.0811,0.0513,0.011,0.24646,0.275103
Devin Ortiz,WSN,1,0.9091,0.1832,0.0157,0.0861,0.0694,0.01,0.263734,0.288967
Logun Clark,CLE,1,0.8969,0.1454,0.0116,0.0744,0.0746,0.017,0.238024,0.229457
Jackson Strong,DET,1,0.9132,0.1642,0.0228,0.0878,0.0673,0.008,0.240534,0.293035
Elian Peña,NYM,1,0.9161,0.174,0.0136,0.0837,0.0624,0.01,0.247464,0.271368
Carson Taylor,ATL,1,0.8883,0.191,0.0209,0.0994,0.0912,0.009,0.292458,0.328042
Jacob Burke,CHW,1,0.9195,0.1962,0.0146,0.0893,0.054,0.015,0.266345,0.307558
Dominic Smith,ATL,2.65853,2.3876,0.591,0.0687,0.281,0.2135,0.0292,0.314675,0.382057
David Mershon,LAA,1,0.9033,0.1716,0.0066,0.0781,0.0762,0.009,0.257909,0.255618
Alexander Albertus,CHW,1,0.9125,0.1751,0.0151,0.0821,0.066,0.01,0.252184,0.272986
Roman Quinn,COL,1,0.8848,0.1868,0.0205,0.1004,0.0907,0.013,0.291755,0.335556
Capri Ortiz,LAA,1,0.9389,0.1829,0.0121,0.0779,0.0386,0.011,0.233504,0.270742
Jeremy Almonte,MIA,1,0.9332,0.1812,0.0136,0.0769,0.0433,0.012,0.237521,0.268217
Esteban Mejia,TEX,1,0.9247,0.1796,0.0153,0.0809,0.0538,0.01,0.244451,0.278685
Branden Boissiere,WSN,1,0.92,0.2092,0.0233,0.0972,0.0595,0.009,0.278899,0.357391
Charlie Szykowny,SFG,1,0.9339,0.2148,0.0192,0.0897,0.0416,0.013,0.270563,0.353143
Nelly Taylor,BOS,1,0.8937,0.1745,0.0176,0.0942,0.0868,0.008,0.270463,0.310507
Bryce Teodosio,LAA,1.75741,1.6203,0.3299,0.0276,0.1593,0.0903,0.0246,0.254433,0.304573
Brady Day,PHI,1,0.9245,0.1923,0.0172,0.0894,0.055,0.009,0.257407,0.303191
Christian Olivo,CHC,1,0.9165,0.1714,0.0136,0.0837,0.06,0.012,0.244451,0.267649
Kamren James,TBR,1,0.921,0.1872,0.0243,0.0927,0.0555,0.012,0.2558,0.328013
Adrian De Leon,ARI,1,0.9026,0.1519,0.0143,0.0809,0.0719,0.014,0.238827,0.254709
Jake Brown,SEA,1,0.9376,0.1791,0.0181,0.0819,0.0409,0.01,0.230993,0.278157
Ryan Stafford,BAL,1,0.9104,0.1527,0.0078,0.0735,0.0641,0.014,0.231797,0.228032
DJ Layton,BAL,1,0.9025,0.1558,0.0106,0.0783,0.076,0.01,0.242844,0.244654
Matt Halbach,CHC,1,0.9285,0.1863,0.0189,0.0867,0.048,0.012,0.247364,0.297469
Skyler Messinger,COL,1,0.9331,0.2036,0.021,0.094,0.0424,0.013,0.260119,0.33737
Ryan Nicholson,LAA,1,0.9192,0.1925,0.0283,0.0926,0.0613,0.008,0.262931,0.343233
Jose Escobar,CHC,1,0.9285,0.2127,0.0123,0.0905,0.049,0.011,0.273878,0.315886
Jonathan Linares,LAA,1,0.9132,0.1487,0.0178,0.0738,0.0623,0.013,0.224967,0.247372
Will Bush,HOU,1,0.8823,0.1681,0.0247,0.097,0.0942,0.012,0.275485,0.313272
Manuel Pena,ARI,1,0.9435,0.2257,0.0216,0.0981,0.039,0.006,0.271869,0.36142
Jack Costello,SDP,1,0.9232,0.1988,0.0275,0.098,0.0503,0.015,0.265241,0.349328
Brady Ebel,MIL,1,0.8949,0.1587,0.0114,0.0816,0.0816,0.012,0.25339,0.252877
Jack Gurevitch,STL,1,0.9312,0.2042,0.0304,0.0974,0.0463,0.011,0.262629,0.361684
Yeremy Cabrera,WSN,1,0.92,0.1825,0.0181,0.0879,0.0585,0.01,0.252084,0.296957
Starlyn Caba,MIA,1,0.894,0.1639,0.0095,0.0808,0.0865,0.008,0.259516,0.252461
Danny De Andrade,MIN,1,0.9338,0.1816,0.0169,0.0835,0.0417,0.013,0.23732,0.297815
Alexey Lumpuy,CHC,1,0.9315,0.1806,0.0205,0.0894,0.045,0.012,0.238626,0.302308
Kevyn Castillo,LAA,1,0.9092,0.1863,0.0178,0.0863,0.0703,0.009,0.266747,0.301804
Josh Hammond,KCR,1,0.9412,0.1957,0.0079,0.0782,0.0393,0.008,0.244049,0.272524
Bryson Ware,PHI,1,0.9225,0.1932,0.0288,0.0997,0.057,0.009,0.260319,0.351111
Francisco Urbaez,CIN,1,0.9093,0.2216,0.0132,0.0969,0.0692,0.01,0.302099,0.34774
Ethan Petry,WSN,1,0.923,0.2014,0.0328,0.1007,0.0555,0.01,0.268053,0.370748
Jeffrey Mercedes,CLE,1,0.9412,0.1909,0.0158,0.0816,0.0383,0.009,0.239229,0.293986
Corey Collins,NYM,1,0.8783,0.1703,0.0259,0.0994,0.0972,0.013,0.281711,0.32506
Michael Dattalo,STL,1,0.9302,0.1976,0.0102,0.0799,0.0453,0.013,0.257005,0.283272
Garrett Hampson,CIN,1,0.9104,0.1988,0.0099,0.0888,0.0702,0.008,0.278168,0.302395
T.J. White,WSN,1,0.9121,0.1905,0.0246,0.0944,0.0684,0.008,0.268053,0.333735
Zane Zielinski,SFG,1,0.9231,0.1902,0.007,0.0755,0.0544,0.011,0.256704,0.27321
Sergio Tapia,DET,1,0.9353,0.1653,0.0185,0.078,0.0432,0.01,0.219444,0.265476
Joendry Vargas,LAD,1,0.9518,0.1959,0.0158,0.0873,0.0287,0.008,0.233604,0.29523
Nathan Humphreys,PHI,1,0.9135,0.1764,0.0222,0.0914,0.065,0.01,0.252486,0.302682
Leandro Arias,BAL,1,0.9163,0.179,0.0092,0.0779,0.0612,0.011,0.252285,0.261377
Alberto Rios,LAA,1,0.9201,0.1562,0.0138,0.0721,0.0594,0.009,0.22557,0.246495
Juan Ortega,BAL,1,0.9261,0.1574,0.0135,0.0746,0.0464,0.016,0.220749,0.246086
Carlos Sanchez,MIA,1,0.9141,0.1589,0.0185,0.0795,0.0664,0.008,0.234308,0.265616
Yoiber Ocopio,SDP,1,0.9202,0.1602,0.013,0.0757,0.0533,0.015,0.229487,0.248207
Anthony Martinez,CLE,1,0.9191,0.1936,0.0277,0.0952,0.0574,0.012,0.264136,0.339136
Matthew Miura,STL,1,0.9076,0.1777,0.0124,0.0831,0.0709,0.01,0.259717,0.2684
Brock Jones,TBR,1,0.8958,0.1556,0.0302,0.0982,0.0817,0.011,0.249372,0.320942
Kodey Shojinaga,PHI,1,0.9115,0.1717,0.0073,0.0779,0.068,0.009,0.249774,0.248821
Juan Villavicencio,PHI,1,0.9205,0.1766,0.0165,0.0868,0.06,0.008,0.245656,0.288104
Jesus Lopez,TEX,1,0.9247,0.1539,0.0165,0.0748,0.0538,0.01,0.21864,0.249811
Maxton Martin,TEX,1,0.9367,0.1889,0.0268,0.0913,0.0428,0.009,0.241739,0.333618
Kai Murphy,SDP,1,0.9071,0.1879,0.0148,0.0896,0.0704,0.011,0.270463,0.300408
Gable Mitchell,TOR,1,0.9185,0.1712,0.0123,0.0791,0.055,0.015,0.242242,0.261404
Cal Conley,ATL,1,0.931,0.1925,0.011,0.0871,0.0495,0.008,0.25108,0.291729
Grae Kessinger,PIT,1,0.8937,0.1726,0.0139,0.0901,0.0842,0.011,0.268903,0.283428
Bryce Martin-Grudzielanek,NYY,1,0.9279,0.1738,0.0117,0.0801,0.0496,0.011,0.235412,0.263067
Josiah Hartshorn,CHC,1,0.9005,0.1871,0.0257,0.0997,0.077,0.011,0.276288,0.334259
Andy Lugo,MIN,1,0.9267,0.177,0.0166,0.083,0.0508,0.011,0.239831,0.287148
Johan De Los Santos,PIT,1,0.9264,0.1888,0.0072,0.0839,0.0521,0.01,0.251984,0.267379
Sebastian Baquera,TEX,1,0.9267,0.1593,0.0135,0.0726,0.0488,0.013,0.222055,0.243876
Michael Oliveto,DET,1,0.9263,0.1644,0.012,0.0746,0.0522,0.01,0.227579,0.24776
Braylin Tavera,BAL,1,0.9164,0.1665,0.0177,0.0819,0.0631,0.009,0.23963,0.271934
Connor Kaiser,KCR,1,0.8957,0.1623,0.014,0.0867,0.0836,0.009,0.256027,0.274087
J.R. Freethy,TOR,1,0.8945,0.1785,0.0111,0.0862,0.08,0.014,0.273677,0.283734
Jordan Sanchez,BAL,1,0.9331,0.1906,0.0263,0.0903,0.0454,0.01,0.247062,0.327082
Asbel Gonzalez,KCR,1,0.9181,0.1861,0.0072,0.084,0.0544,0.016,0.257608,0.262063
Jesus Pinto,DET,1,0.9263,0.1832,0.0134,0.0821,0.0532,0.009,0.24646,0.276584
Jirvin Morillo,CIN,1,0.9113,0.1546,0.0185,0.0795,0.0692,0.008,0.232801,0.261495
Dyan Jorge,COL,1,0.9154,0.2077,0.0052,0.0891,0.0661,0.007,0.282013,0.29102
Johnathon Thomas,WSN,1,0.9259,0.187,0.0128,0.0863,0.0446,0.018,0.250678,0.289988
Rod Barajas Jr.,SFG,1,0.934,0.1659,0.0165,0.0719,0.0435,0.011,0.221352,0.264026
Fernando Peguero,BAL,1,0.9173,0.1902,0.0113,0.0871,0.0632,0.008,0.262529,0.290527
Jesus Hernandez,MIA,1,0.9141,0.1832,0.0111,0.0838,0.0664,0.008,0.258712,0.278307
Dominic Pitelli,CIN,1,0.9174,0.1752,0.0101,0.0809,0.0641,0.007,0.247364,0.269675
Maika Niu,NYY,1,0.9238,0.1668,0.0245,0.0861,0.0537,0.011,0.2325,0.290214
Mike Antico,COL,1,0.9064,0.1987,0.0206,0.1012,0.0661,0.016,0.282013,0.340026
Kris Bryant,COL,1,0.8934,0.2089,0.0262,0.1049,0.0799,0.017,0.306566,0.373405
Adam Frazier,LAA,2.84408,2.5649,0.5882,0.0385,0.2548,0.2028,0.0427,0.294469,0.322976
T.J. McCants,CHW,1,0.9225,0.1868,0.021,0.09,0.057,0.009,0.253892,0.314363
Francisco Espinoza,LAD,1,0.9212,0.1681,0.0113,0.0797,0.0563,0.011,0.236417,0.248589
Carter Dorighi,SEA,1,0.9316,0.1845,0.0049,0.0749,0.0479,0.009,0.242443,0.250322
Carlos Pacheco,ATH,1,0.9129,0.1759,0.0148,0.0866,0.0626,0.013,0.252586,0.287545
Austin Hendrick,CIN,1,0.9257,0.188,0.0351,0.0978,0.0518,0.011,0.251883,0.353246
Jhonny Severino,PIT,1,0.9464,0.1926,0.0251,0.0899,0.0351,0.007,0.235714,0.324704
Ronny Hernandez,BOS,1,0.9067,0.1974,0.0191,0.0927,0.0748,0.007,0.280406,0.320944
Esteban González,CLE,1,0.9301,0.1896,0.0215,0.0907,0.0464,0.012,0.249071,0.318998
Emilio Barreras,MIA,1,0.9151,0.1872,0.0101,0.0813,0.0614,0.012,0.261725,0.274615
Ricson Gonzalez,KCR,1,0.9241,0.1665,0.0102,0.0746,0.0524,0.012,0.231897,0.245212
John Spikerman,NYM,1,0.8925,0.1587,0.0131,0.0867,0.085,0.011,0.2558,0.256471
Marco Dinges,MIL,1,0.8989,0.19,0.0291,0.1012,0.0796,0.01,0.280807,0.351318
Ian Petrutz,STL,1,0.9213,0.1991,0.0158,0.0885,0.0512,0.016,0.26745,0.309888
Caden Rose,BOS,1,0.9007,0.1741,0.0196,0.0914,0.0708,0.017,0.263031,0.305873
Juan Torres,NYY,1,0.9441,0.1928,0.0143,0.0821,0.0324,0.012,0.238224,0.282597
Derek Cerda,CHW,1,0.9265,0.1937,0.0193,0.088,0.049,0.013,0.256804,0.308689
Jordan Yost,DET,1,0.9192,0.1725,0.0075,0.0765,0.0573,0.012,0.242844,0.247715
Randy De Jesus,LAA,1,0.929,0.1785,0.0319,0.0893,0.0505,0.009,0.239028,0.333584
Ramiro Dominguez,MIN,1,0.9277,0.1763,0.0154,0.0823,0.0468,0.014,0.238124,0.280263
Juan Sulbaran,TEX,1,0.9337,0.1636,0.0113,0.0716,0.0428,0.012,0.219343,0.242155
Abrahan Ramirez,MIA,1,0.9121,0.1832,0.0093,0.0821,0.0684,0.008,0.260721,0.271461
Will Verdung,ATL,1,0.9062,0.2055,0.0122,0.0942,0.0733,0.009,0.289043,0.316376
Jordan Beck,COL,2.73282,2.4809,0.5786,0.0744,0.2996,0.2022,0.0191,0.293919,0.38611
Yordalin Peña,STL,1,0.9441,0.1856,0.0203,0.0848,0.0354,0.009,0.230993,0.307383
Andreimi Antunez,TBR,1,0.9382,0.1794,0.0118,0.0771,0.0383,0.012,0.230692,0.268386
Tyler Whitaker,HOU,1,0.9044,0.1718,0.0176,0.0903,0.0701,0.014,0.257005,0.297988
Bladimir Restituyo,,1,0.9463,0.2098,0.0207,0.0929,0.0342,0.008,0.253088,0.333615
Steven Lancia,CHW,1,0.9325,0.1619,0.0149,0.0737,0.045,0.011,0.218841,0.248365
Rosman Verdugo,SDP,1,0.9091,0.1607,0.0212,0.0843,0.0684,0.011,0.241137,0.279947
Edgar Alvarez,CHC,1,0.8895,0.1806,0.0191,0.0954,0.09,0.009,0.280807,0.314334
Dixon Williams,ATL,1,0.916,0.192,0.0274,0.1021,0.0605,0.012,0.265642,0.350873
Trey Paige,STL,1,0.9077,0.195,0.0162,0.0924,0.0728,0.008,0.276991,0.322463
Logan Tanner,CIN,1,0.9093,0.1495,0.0186,0.0791,0.0712,0.008,0.229688,0.257671
Jakey Josepha,ARI,1,0.9186,0.181,0.012,0.0874,0.0619,0.008,0.251984,0.277705
Daniel Rogers,SFG,1,0.9181,0.1552,0.0138,0.07,0.0594,0.011,0.226574,0.245616
Dillon Head,MIA,1,0.9262,0.1848,0.0136,0.0853,0.0543,0.008,0.248167,0.287195
Ryan Wideman,SDP,1,0.9393,0.1898,0.0114,0.0838,0.0372,0.012,0.240032,0.275311
Mark Coley II,MIL,1,0.9101,0.1763,0.0244,0.0946,0.0624,0.016,0.2558,0.319745
Waner Luciano,HOU,1,0.9174,0.1637,0.0186,0.084,0.0601,0.011,0.235814,0.2724
Nick Biddison,PHI,1,0.9055,0.1723,0.017,0.0883,0.068,0.015,0.256403,0.284484
DJ Newman,HOU,1,0.9304,0.1914,0.0204,0.0896,0.0491,0.009,0.250577,0.309867
Jheremy Vargas,MIL,1,0.912,0.1813,0.0071,0.0807,0.0675,0.009,0.258913,0.263048
Wilson Rodriguez,NYY,1,0.9066,0.1767,0.0184,0.0899,0.0729,0.009,0.259717,0.297265
Jalin Flores,STL,1,0.947,0.1839,0.0162,0.0783,0.0315,0.01,0.226373,0.286589
Chase Jaworsky,MIA,1,0.9162,0.1781,0.0133,0.0845,0.0583,0.014,0.251481,0.276359
Yandel Ricardo,KCR,1,0.9372,0.1826,0.0089,0.0785,0.0423,0.009,0.23491,0.266965
JD Dix,ARI,1,0.9166,0.1794,0.0105,0.0854,0.0619,0.01,0.252385,0.274056
Emaarion Boyd,MIA,1,0.9212,0.2003,0.0132,0.0913,0.0493,0.018,0.268756,0.309705
Slade Caldwell,ARI,1,0.8866,0.1618,0.0095,0.0851,0.0889,0.013,0.264839,0.253327
Cristian Santana,,1,0.9202,0.2016,0.022,0.0998,0.0573,0.011,0.271066,0.336449
Greg Jones,CHC,1,0.9093,0.1773,0.0198,0.0964,0.063,0.016,0.257459,0.301331
Yerlin Confidan,CIN,1,0.9245,0.197,0.0201,0.0912,0.057,0.007,0.262127,0.328177
Xavier Neyens,HOU,1,0.8803,0.133,0.0221,0.0843,0.0982,0.01,0.242242,0.251392
Aiden Taurek,SEA,1,0.9156,0.1776,0.0136,0.0839,0.0639,0.009,0.251582,0.282219
Daniel Bucciero,ATH,1,0.9139,0.1777,0.0163,0.0829,0.0636,0.011,0.25339,0.284276
Jack Hurley,ARI,1,0.9296,0.1955,0.0204,0.0931,0.0469,0.012,0.255499,0.33154
Samuel Gil,DET,1,0.9202,0.1858,0.0043,0.0768,0.0583,0.01,0.255197,0.253097
Enderson Delgado,DET,1,0.9273,0.1584,0.0134,0.0739,0.0472,0.014,0.220548,0.24415
Sebastian Dos Santos,STL,1,0.9115,0.1583,0.0163,0.0796,0.065,0.012,0.236316,0.258804
Johnny Ascanio,CIN,1,0.9012,0.1929,0.0112,0.0871,0.0743,0.013,0.28141,0.295051
Ambioris Tavarez,ATL,1,0.9081,0.1693,0.0144,0.0856,0.0674,0.013,0.250778,0.274309
Elijah Green,WSN,1,0.919,0.1673,0.0232,0.087,0.0635,0.006,0.237823,0.299891
Rylan Galvan,CHW,1,0.8985,0.1264,0.0219,0.0761,0.078,0.012,0.217335,0.235838
Logan Davidson,TBR,1,0.898,0.1727,0.0227,0.0924,0.0807,0.01,0.264484,0.314477
Ronny Cruz,WSN,1,0.9349,0.1766,0.0166,0.0833,0.0436,0.01,0.231194,0.282062
Aaron Sabato,MIN,2.74206,2.5028,0.5387,0.096,0.2845,0.1785,0.0274,0.272847,0.382212
Jack Moss,HOU,1,0.9164,0.2052,0.0101,0.0874,0.0651,0.007,0.278498,0.29845
Jhosmmel Zue,KCR,1,0.9372,0.1683,0.0131,0.0748,0.0423,0.009,0.220548,0.254588
Yophery Rodriguez,BOS,1,0.9237,0.1901,0.018,0.0893,0.0578,0.007,0.256001,0.317419
Merphy Hernandez,MIN,1,0.9277,0.1721,0.0145,0.0854,0.0498,0.011,0.233906,0.265819
Noah Franklin,TEX,1,0.9277,0.1539,0.0138,0.0713,0.0488,0.012,0.215627,0.238116
Anyelo Encarnación,STL,1,0.9175,0.1629,0.0146,0.0789,0.061,0.01,0.23491,0.260817
Austin Smith,TOR,1,0.9175,0.1848,0.0175,0.0879,0.056,0.015,0.256905,0.297875
Kevin Kilpatrick Jr.,ATL,1,0.9191,0.1959,0.0128,0.0927,0.0594,0.01,0.266446,0.303667
José Pirela,CLE,1,0.9322,0.1712,0.0206,0.0824,0.0433,0.013,0.228482,0.287921
Chase Meggers,NYM,1,0.9273,0.1667,0.0086,0.0736,0.0502,0.011,0.228884,0.241777
Arturo Flores,HOU,1,0.9274,0.1456,0.0221,0.0759,0.0521,0.009,0.207593,0.252426
Bryan De La Cruz,PHI,2.78965,2.5585,0.6072,0.0839,0.2935,0.1841,0.0167,0.290742,0.382412
Marlon Quintero,LAA,1,0.9508,0.1747,0.0123,0.069,0.0297,0.008,0.213317,0.252629
Yirer Garcia,TBR,1,0.923,0.1629,0.0073,0.071,0.0545,0.011,0.229386,0.227627
Mike Jarvis,PIT,1,0.9244,0.1732,0.0124,0.084,0.0541,0.01,0.238325,0.270554
Matthew Batten,,1,0.907,0.1802,0.0167,0.0891,0.0734,0.008,0.26273,0.294377
Aidan Longwell,COL,1,0.9341,0.2269,0.0214,0.1002,0.0444,0.01,0.282515,0.373193
Drew Bowser,CHC,1,0.9175,0.1709,0.0144,0.0832,0.058,0.013,0.242945,0.275204
Colby Turner,MIN,1,0.9338,0.1822,0.0134,0.0793,0.0407,0.014,0.237923,0.273185
George Wolkow,CHW,1,0.9295,0.1788,0.03,0.0915,0.05,0.009,0.238827,0.325874
Jaime Ferrer,MIN,1,0.9217,0.1937,0.0195,0.0912,0.0478,0.019,0.261625,0.325594
Dariel Ramon,TOR,1,0.9115,0.1707,0.007,0.0782,0.062,0.015,0.24877,0.249589
Will Vierling,PHI,1,0.9305,0.1661,0.0184,0.0796,0.047,0.011,0.225068,0.266201
Zion Rose,KCR,1,0.9141,0.1837,0.0192,0.0916,0.0624,0.012,0.259215,0.29953
Josh Wakefield,HOU,1,0.9244,0.1717,0.0133,0.0812,0.0531,0.011,0.236818,0.261142
Luis Arana,MIA,1,0.9222,0.1778,0.0078,0.0783,0.0543,0.012,0.245154,0.252657
Kasen Wells,SDP,1,0.9242,0.183,0.0081,0.0784,0.0563,0.008,0.248368,0.256979
Elis Cuevas,BAL,1,0.9252,0.1818,0.0201,0.0883,0.0493,0.014,0.246158,0.297341
Arol Vera,LAA,1,0.9251,0.1755,0.0101,0.0745,0.0544,0.009,0.239932,0.265593
Yonatan Henriquez,NYM,1,0.9334,0.1796,0.0161,0.085,0.0481,0.007,0.235714,0.285087
Louis Andujar,BOS,1,0.9306,0.1721,0.0222,0.0837,0.0439,0.014,0.230993,0.288846
Caleb Farmer,WSN,1,0.92,0.1539,0.018,0.0773,0.0555,0.013,0.22336,0.259783
Cesar Hernandez,HOU,1,0.9214,0.1822,0.0195,0.0893,0.0551,0.012,0.250377,0.297808
Drew Avans,COL,1,0.8975,0.2003,0.0123,0.0973,0.0848,0.006,0.292387,0.314986
Anson Aroz,LAD,1,0.9142,0.149,0.0169,0.0804,0.0613,0.013,0.224264,0.246336
Luiyin Alastre,MIL,1,0.909,0.1638,0.0084,0.0775,0.0705,0.009,0.244351,0.244444
Jesus Castillo,PIT,1,0.9164,0.2081,0.0076,0.0865,0.0611,0.011,0.28141,0.294304
Ivan Cespedes,CHC,1,0.9375,0.1579,0.0227,0.0783,0.041,0.01,0.209802,0.26464
Ricky Cabrera,CIN,1,0.9307,0.1851,0.0163,0.0828,0.0438,0.014,0.243949,0.2886
Abraham Nunez,CHW,1,0.9295,0.1763,0.0154,0.0803,0.049,0.01,0.236316,0.27036
Ryan Weingartner,STL,1,0.9086,0.1573,0.0123,0.0779,0.0699,0.01,0.238224,0.244992
Isaiah Lane,MIN,1,0.9226,0.1625,0.0112,0.0755,0.0549,0.011,0.229386,0.250163
Isaiah Drake,ATL,1,0.932,0.199,0.0204,0.0922,0.0495,0.007,0.256603,0.315129
Angel Mateo,TBR,1,0.9291,0.1888,0.0204,0.0885,0.0484,0.011,0.249272,0.310193
Kyle Walker,HOU,1,0.9234,0.1733,0.007,0.0794,0.0511,0.014,0.23943,0.25222
Cobb Hightower,BAL,1,0.9302,0.1787,0.01,0.0752,0.0483,0.01,0.238024,0.256074
Angel Arredondo,LAA,1,0.9152,0.1657,0.0129,0.0745,0.0613,0.012,0.240032,0.255463
Trey Snyder,NYM,1,0.9273,0.1834,0.0097,0.0809,0.0532,0.008,0.245656,0.262806
Nolan Sailors,KCR,1,0.9101,0.1853,0.0108,0.0885,0.0694,0.009,0.264839,0.289858
Lorenzo Meola,SFG,1,0.9369,0.1713,0.0143,0.0726,0.0406,0.011,0.223863,0.268225
Bryce Chance,TOR,1,0.9205,0.1848,0.0169,0.086,0.058,0.01,0.253892,0.291363
Max Viera,TOR,1,0.9235,0.16,0.0201,0.0816,0.053,0.012,0.225972,0.275365
Jared Davis,ATH,1,0.917,0.1835,0.0078,0.0793,0.0605,0.011,0.256101,0.265976
Ryder Helfrick,ARI,1,0.9296,0.1574,0.0174,0.078,0.0489,0.01,0.217234,0.257423
Robert Phelps,PHI,1,0.9125,0.1782,0.0116,0.0841,0.063,0.013,0.255298,0.267397
Deyvison De Los Santos,MIA,2.39714,2.224,0.5248,0.0802,0.2516,0.1206,0.024,0.28053,0.389838
Ivan Brethowr,PIT,1,0.8843,0.1688,0.016,0.0913,0.0842,0.02,0.274179,0.292209
Stephen Hrustich,DET,1,0.9002,0.1695,0.0196,0.0886,0.0763,0.012,0.258913,0.289047
Angel De Los Santos,DET,1,0.9413,0.1758,0.012,0.076,0.0362,0.011,0.223963,0.257622
Ichiro Cano,CIN,1,0.9093,0.175,0.0123,0.0799,0.0692,0.01,0.255298,0.265809
Alexander Suarez,SFG,1,0.9389,0.1914,0.0244,0.0849,0.0376,0.012,0.242041,0.320481
Isaiah Greene,BAL,1,0.8966,0.1621,0.0173,0.0847,0.0829,0.009,0.255097,0.273589
Tucker Mitchell,TEX,1,0.9237,0.1923,0.0186,0.088,0.0538,0.011,0.25821,0.31298
Anthony Stephan,CIN,1,0.9134,0.181,0.024,0.0911,0.0631,0.012,0.257206,0.315634
Elaineiker Coronado,TOR,1,0.8925,0.1492,0.0055,0.0719,0.086,0.01,0.246259,0.2093
Starlyn Nunez,BOS,1,0.9456,0.1807,0.0185,0.082,0.0339,0.009,0.224566,0.293041
Andres Torres,TBR,1,0.9129,0.1497,0.0072,0.0699,0.0656,0.01,0.226273,0.214919
Dervy Ventura,SEA,1,0.9146,0.1573,0.0098,0.0754,0.0679,0.006,0.232198,0.233763
Jhon Diaz,TBR,1,0.929,0.1782,0.0239,0.09,0.0525,0.007,0.238727,0.316254
Tyler Wilson,NYY,1,0.9208,0.1856,0.0168,0.0866,0.0597,0.008,0.254394,0.290943
Kelvin Hidalgo,COL,1,0.94,0.1949,0.0141,0.0848,0.0395,0.009,0.244451,0.296596
Franyerber Montilla,DET,1,0.9182,0.1667,0.0124,0.0796,0.0603,0.01,0.238024,0.257134
Chris Brito,KCR,1,0.9,0.183,0.0199,0.0916,0.0785,0.01,0.272673,0.306333
Donovan Casey,,1,0.9182,0.1845,0.0198,0.0948,0.0583,0.012,0.2559,0.309628
Alcides Hernandez,SDP,1,0.904,0.1422,0.0091,0.071,0.0745,0.01,0.227679,0.213053
Yimy Tovar,SDP,1,0.9242,0.1759,0.0095,0.0781,0.0553,0.009,0.241237,0.257736
Casey Cook,TEX,1,0.9207,0.1632,0.0137,0.0774,0.0528,0.015,0.231998,0.256978
Juan Ortuno,MIL,1,0.897,0.1617,0.0087,0.0803,0.0755,0.016,0.254293,0.242029
J.D. Gonzalez,TBR,1,0.9432,0.1686,0.0093,0.0696,0.0373,0.008,0.214824,0.239398
Ty Doucette,CIN,1,0.9154,0.1861,0.0319,0.0965,0.0631,0.01,0.260319,0.342036
Jaden Fauske,CHW,1,0.9065,0.1591,0.0104,0.0775,0.072,0.01,0.242141,0.242581
Jaxon Willits,LAA,1,0.9181,0.1566,0.0116,0.0715,0.0594,0.011,0.22798,0.236031
Connor Rasmussen,KCR,1,0.9151,0.1718,0.009,0.0787,0.0634,0.01,0.246259,0.255491
Avinson Pinto,BOS,1,0.9366,0.1759,0.0088,0.0749,0.0439,0.008,0.228784,0.256246
Juan Martinez,COL,1,0.9203,0.1954,0.009,0.0864,0.0582,0.01,0.264738,0.290231
Oliver Carrillo,,1,0.9014,0.1649,0.0294,0.0939,0.0751,0.012,0.253088,0.313401
Yovanny Rodriguez,NYM,1,0.9304,0.1519,0.0187,0.0755,0.0491,0.009,0.210907,0.250645
Carson Kerce,ARI,1,0.9236,0.1719,0.0096,0.0781,0.0529,0.012,0.237823,0.249783
Jose Silva,CHC,1,0.8915,0.1295,0.013,0.075,0.084,0.013,0.227478,0.213909
Scott Mudler,PHI,1,0.9255,0.1591,0.0154,0.0771,0.052,0.011,0.223059,0.25316
Carlos Renzullo,COL,1,0.9174,0.1978,0.0092,0.0844,0.0621,0.009,0.270061,0.282211
Miguel Hernández,STL,1,0.9165,0.1579,0.0139,0.0761,0.06,0.012,0.230893,0.248445
Pedro Pineda,ATH,1,0.9371,0.1825,0.0196,0.0823,0.0424,0.009,0.23491,0.293672
Stone Russell,KCR,1,0.9272,0.1791,0.0087,0.0777,0.0513,0.01,0.241438,0.263374
Blayberg Diaz,MIL,1,0.9392,0.1727,0.0071,0.0701,0.0383,0.011,0.222959,0.239779
Junior Tilien,ATL,1,0.93,0.1848,0.0112,0.081,0.0515,0.007,0.244351,0.274731
Byron Chourio,MIN,1,0.9154,0.1799,0.0153,0.0852,0.0641,0.009,0.254093,0.282062
Tanner Smith,ATL,1,0.9339,0.1502,0.0236,0.0785,0.0456,0.009,0.205684,0.265125
Jean Ramirez,KCR,1,0.9191,0.1859,0.0167,0.0872,0.0604,0.009,0.256403,0.293004
Colin Burgess,ATL,1,0.931,0.1618,0.0119,0.0744,0.0475,0.01,0.220247,0.245005
Pablo Nunez,CIN,1,0.8687,0.1616,0.0127,0.0871,0.1048,0.015,0.282615,0.259814
Brayden Smith,STL,1,0.9244,0.1717,0.0127,0.0791,0.0541,0.01,0.236818,0.267309
Clayton Campbell,DET,1,0.9212,0.1917,0.0183,0.0895,0.0573,0.01,0.260119,0.315675
Diego Omana,CIN,1,0.9296,0.1651,0.0112,0.0722,0.0499,0.009,0.224967,0.244621
Alfredo Alcantara,CIN,1,0.9185,0.1688,0.0198,0.0821,0.058,0.012,0.239831,0.279042
Echedry Vargas,MIA,1,0.9483,0.2081,0.0289,0.0946,0.0312,0.009,0.249372,0.355373
Ramon Landaeta,ATH,1,0.9321,0.1607,0.0176,0.0743,0.0474,0.009,0.218038,0.257483
Rafael Ramirez Jr.,WSN,1,0.9061,0.1645,0.0137,0.0802,0.0724,0.01,0.247966,0.26454
Carson Rucker,DET,1,0.9273,0.168,0.0166,0.0786,0.0512,0.01,0.23019,0.266796
Walker Martin,SFG,1,0.9191,0.162,0.019,0.0764,0.0604,0.009,0.232399,0.2707
Noelberth Romero,BAL,1,0.9351,0.1866,0.0167,0.0833,0.0434,0.01,0.241036,0.296332
Jay McQueen,TEX,1,0.9197,0.167,0.0124,0.0753,0.0578,0.011,0.236818,0.251169
Elijah Nunez,WSN,1,0.8942,0.1765,0.0109,0.0861,0.0833,0.011,0.271969,0.278573
Sebastian Puche,CLE,1,0.913,0.1424,0.0113,0.0697,0.0625,0.013,0.218841,0.21391
Chase Call,HOU,1,0.9154,0.1611,0.0251,0.0897,0.0621,0.011,0.235211,0.300852
Caden Powell,HOU,1,0.9254,0.1788,0.0198,0.0868,0.0551,0.008,0.242945,0.291766
Slater de Brun,TBR,1,0.913,0.1615,0.0123,0.0784,0.0575,0.018,0.238024,0.245564
Estevan Moreno,SEA,1,0.9366,0.1535,0.0237,0.079,0.0419,0.01,0.206287,0.267777
Devin Saltiban,PHI,1,0.9385,0.1833,0.0164,0.0849,0.039,0.011,0.234308,0.291316
Conner Capel,COL,1,0.9058,0.207,0.0238,0.1031,0.0759,0.007,0.291093,0.36178
Jorgelys Mota,WSN,1,0.9319,0.1759,0.0191,0.0822,0.0436,0.013,0.233504,0.285438
Gabriel Rodriguez,CLE,1,0.911,0.1531,0.0092,0.0733,0.0665,0.011,0.231596,0.224698
Shalin Polanco,PIT,1,0.9194,0.1795,0.0238,0.0928,0.0621,0.007,0.249674,0.325212
Daniel Guilarte,MIL,1,0.9181,0.1612,0.0083,0.0762,0.0634,0.007,0.2326,0.244309
Bradley Frye,SDP,1,0.9252,0.17,0.0125,0.0783,0.0523,0.011,0.234308,0.256701
Angel Feliz,WSN,1,0.9349,0.1816,0.0132,0.0816,0.0476,0.006,0.236216,0.280886
Sawyer Strosnider,MIL,1,0.9251,0.1645,0.02,0.0823,0.0514,0.012,0.228884,0.278132
Manuel Campos,ATL,1,0.9428,0.1819,0.0095,0.0775,0.0347,0.011,0.228583,0.258379
Brando Mayea,NYY,1,0.938,0.1738,0.0174,0.0784,0.0405,0.01,0.225269,0.268337
Juan Sanchez,TOR,1,0.9395,0.1717,0.0168,0.0777,0.037,0.012,0.221653,0.272592
Drew Burress,ATH,1,0.912,0.1601,0.023,0.0851,0.0645,0.012,0.237622,0.281579
Diomedes Hernandez,NYY,1,0.9319,0.1516,0.0127,0.0709,0.0456,0.011,0.209099,0.231141
Jean Joseph,TOR,1,0.9325,0.1832,0.0202,0.0852,0.044,0.012,0.240233,0.300268
Alan Espinal,COL,1,0.9252,0.1675,0.0166,0.0806,0.0533,0.01,0.231797,0.271293
Ethan Conrad,CHC,1,0.9345,0.1715,0.0203,0.0822,0.044,0.01,0.226474,0.280471
Chase Heath,STL,1,0.9283,0.1537,0.0139,0.0717,0.0502,0.01,0.214824,0.237316
Brian Sanchez,MIA,1,0.9242,0.1887,0.0165,0.0867,0.0553,0.009,0.254093,0.307185
Dean Moss,TBR,1,0.9382,0.1796,0.0112,0.0767,0.0403,0.01,0.230893,0.261778
Jay Beshears,MIA,1,0.9101,0.1865,0.0175,0.091,0.0664,0.012,0.266044,0.318866
Hunter Dobbins,DET,1,0.9323,0.1465,0.017,0.0719,0.0462,0.01,0.203575,0.242626
Beau Ankeney,DET,1,0.9303,0.1871,0.0277,0.0917,0.0472,0.011,0.246359,0.329464
Nick Dumesnil,DET,1,0.9232,0.1644,0.0152,0.0788,0.0553,0.01,0.230692,0.257582
Rylan Mills,MIL,1,0.9211,0.1367,0.0246,0.0767,0.0584,0.009,0.204981,0.251438
Connor Dykstra,SEA,1,0.9156,0.13,0.0118,0.0667,0.0499,0.023,0.203776,0.20533
Luis Guevara,BAL,1,0.9163,0.1656,0.0061,0.0727,0.0612,0.011,0.238827,0.232238
Conor Essenburg,ATL,1,0.8963,0.1629,0.0227,0.0906,0.0822,0.01,0.256202,0.292648
Kellon Lindsey,LAD,1,0.9103,0.1582,0.0176,0.0857,0.0682,0.01,0.237421,0.261892
Gabriel Davalillo,LAA,1,0.927,0.1613,0.0203,0.0754,0.0515,0.01,0.223762,0.266559
Wes Kath,CHW,1,0.9215,0.1782,0.0261,0.0899,0.055,0.012,0.246259,0.318611
Carlos Caro,PIT,1,0.9174,0.1758,0.0103,0.08,0.0591,0.012,0.247966,0.263026
Brett Harris,SFG,6.17936,5.4733,1.2044,0.1214,0.5723,0.532,0.105,0.299162,0.333638
Aiden Robbins,NYM,1,0.9273,0.1638,0.0229,0.0824,0.0502,0.011,0.225972,0.275747
JP Smith II,MIN,1,0.9144,0.1738,0.0283,0.0913,0.0641,0.01,0.248971,0.314086
Erick Torres,KCR,1,0.9342,0.2021,0.0099,0.0829,0.0453,0.009,0.257507,0.286127
Cameron Nelson,COL,1,0.9006,0.1708,0.0156,0.0866,0.0769,0.011,0.259817,0.27948
Garret Guillemette,HOU,1,0.9144,0.1762,0.0207,0.0897,0.0611,0.013,0.251381,0.304024
Angeibel Gomez,KCR,1,0.9302,0.1675,0.0218,0.0823,0.0473,0.011,0.226775,0.276177
Francisco Renteria,PHI,1,0.9385,0.1746,0.0271,0.0873,0.041,0.009,0.22557,0.301012
Bryan Arendt,ATH,1,0.9281,0.1538,0.017,0.074,0.0484,0.012,0.215125,0.249219
Jesus Freitez,COL,1,0.9341,0.1804,0.0101,0.078,0.0444,0.01,0.235814,0.261428
Leonel Espinoza,CHC,1,0.9335,0.1913,0.0174,0.0877,0.044,0.011,0.247364,0.299625
Coy James,WSN,1,0.9299,0.1596,0.0212,0.0799,0.0476,0.011,0.219142,0.269706
Wallace Clark,ARI,1,0.9196,0.1619,0.0108,0.0775,0.0579,0.011,0.231797,0.244454
Gabriel Silva,KCR,1,0.9382,0.1447,0.0242,0.0757,0.0393,0.011,0.195842,0.257728
Josmir Reyes,NYM,1,0.914,0.1449,0.0119,0.0727,0.0645,0.01,0.220347,0.220569
Marshall Toole,TBR,1,0.9069,0.1692,0.0138,0.0853,0.0706,0.011,0.251883,0.27401
Andy Thomas,SDP,1,0.896,0.1817,0.017,0.0911,0.0835,0.009,0.275384,0.302567
Yerald Nin,ARI,1,0.9306,0.1837,0.0055,0.0794,0.0509,0.007,0.242643,0.256501
Jonathan Mejía,STL,1,0.9135,0.1481,0.0156,0.0757,0.067,0.008,0.224063,0.245539
Tyler Pettorini,PHI,1,0.9315,0.1868,0.0077,0.0805,0.046,0.011,0.244853,0.264412
Corey Nunez,CHC,1,0.9315,0.1737,0.0142,0.0795,0.044,0.013,0.231696,0.263124
Ricardo Gonzalez,TBR,1,0.927,0.1756,0.0049,0.0738,0.0535,0.008,0.238124,0.240992
Willy Montero,NYY,1,0.94,0.1901,0.0174,0.0839,0.0415,0.007,0.23963,0.294255
Gage Harrelson,LAA,1,0.9122,0.1513,0.0156,0.0735,0.0663,0.01,0.228583,0.244245
Damian Bravo,SFG,1,0.9369,0.1884,0.0196,0.0803,0.0396,0.012,0.241036,0.302487
Edgar Montero,ATH,1,0.9059,0.1487,0.0168,0.0768,0.0736,0.009,0.232299,0.249586
Jared Jones,PIT,1,0.9174,0.1903,0.0265,0.0925,0.0621,0.009,0.262529,0.325376
Edgardo Ordonez,MIL,1,0.9231,0.1434,0.0167,0.073,0.0554,0.01,0.209702,0.236919
Caden Sorrell,CHC,1,0.9405,0.1675,0.0238,0.083,0.037,0.011,0.216431,0.283573
AJ Lewis,COL,1,0.8896,0.1916,0.0221,0.1013,0.0819,0.017,0.291755,0.344424
Nolan Beltran,PHI,1,0.9175,0.1765,0.0093,0.0793,0.061,0.01,0.248569,0.256894
Sir Jamison Jones,WSN,1,0.9339,0.1508,0.0217,0.0747,0.0436,0.011,0.206287,0.255381
Kade Snell,CHC,1,0.9275,0.1852,0.0161,0.0871,0.05,0.011,0.247263,0.291321
Daniel Flames,TEX,1,0.9267,0.1723,0.0047,0.0697,0.0518,0.01,0.235111,0.233948
Luis Lameda,MIL,1,0.8989,0.1594,0.006,0.0756,0.0816,0.008,0.250075,0.230726
Eliomar Garces,TBR,1,0.8908,0.1383,0.0064,0.0722,0.0867,0.011,0.237019,0.19881
Nolan McCarthy,DET,1,0.9182,0.173,0.0188,0.0846,0.0603,0.01,0.244351,0.283598
Brandon Eike,SEA,1,0.9346,0.1813,0.0233,0.0863,0.0439,0.01,0.236216,0.307511
Dereck Salom,ATH,1,0.9069,0.169,0.0082,0.0766,0.0726,0.009,0.251682,0.246554
Cam Maldonado,SFG,1,0.928,0.175,0.0236,0.0831,0.0505,0.01,0.236517,0.303879
Cody Miller,ATL,1,0.921,0.1636,0.0153,0.0824,0.0525,0.015,0.232098,0.260586
J.P. Cabrera,STL,1,0.9362,0.1583,0.0107,0.0687,0.0423,0.01,0.211509,0.232856
Nazzan Zanetello,BOS,1,0.9127,0.1496,0.0185,0.0794,0.0648,0.011,0.226373,0.257916
Tommy Hopfe,COL,1,0.9222,0.2028,0.0166,0.0916,0.0493,0.017,0.270262,0.31761
Jonathan Guzmán,,1,0.9242,0.1725,0.0105,0.0771,0.0553,0.009,0.237823,0.262822
Yovanny Duran,MIN,1,0.9104,0.1552,0.0108,0.0769,0.0681,0.01,0.234308,0.237149
Edwin Amparo,BAL,1,0.9183,0.1513,0.0144,0.0763,0.0612,0.009,0.222457,0.244147
Jacob Nottingham,SEA,1,0.9096,0.1661,0.0268,0.0912,0.0629,0.016,0.246058,0.310686
Bobby Blandford,ATH,1,0.922,0.1606,0.024,0.0823,0.0555,0.011,0.228081,0.280152
Tyson Lewis,CIN,1,0.948,0.1859,0.0157,0.0791,0.0315,0.009,0.227378,0.283228
Victor Mesa,MIA,1,0.9202,0.1855,0.0145,0.0845,0.0563,0.012,0.254896,0.291132
Yosweld Vasquez,HOU,1,0.9384,0.1512,0.0106,0.0688,0.0391,0.011,0.202169,0.224105
Zach MacDonald,DET,1,0.9233,0.1469,0.0253,0.0819,0.0522,0.013,0.213016,0.268385
Luis Castillo,MIL,1,0.911,0.1628,0.0285,0.0899,0.0705,0.007,0.241338,0.305379
Bernard Moon,CIN,1,0.9277,0.1738,0.0138,0.0784,0.0478,0.013,0.235613,0.268298
Billy Carlson,CHW,1,0.9205,0.1576,0.0053,0.0691,0.057,0.011,0.226574,0.21912
Ethan Hedges,COL,1,0.9361,0.1917,0.0181,0.0846,0.0414,0.011,0.245154,0.301464
Grant Jay,SEA,1,0.9216,0.1224,0.018,0.0679,0.0519,0.015,0.190118,0.213433
Carter Garate,TEX,1,0.9366,0.1671,0.0138,0.0732,0.0379,0.014,0.219946,0.254431
Kam Durnin,HOU,1,0.9334,0.1576,0.0118,0.0728,0.0431,0.012,0.213619,0.235376
Hayden Yost,SEA,1,0.9246,0.1592,0.0257,0.083,0.0519,0.012,0.224063,0.281203
Antonio Pimentel,PIT,1,0.9334,0.1817,0.0099,0.0797,0.0461,0.009,0.237823,0.266231
Skylar King,BOS,1,0.9376,0.186,0.0181,0.0858,0.0389,0.012,0.237923,0.298315
Bryce Eblin,CHW,1,0.9265,0.1635,0.0117,0.074,0.046,0.016,0.226474,0.247059
Eric Bitonti,MIL,1,0.911,0.166,0.0337,0.0954,0.0705,0.007,0.244552,0.327442
Breyson Guedez,ATH,1,0.9503,0.2138,0.0125,0.0817,0.0302,0.008,0.253088,0.310323
Jose Verdugo,SDP,1,0.9403,0.1801,0.0083,0.0751,0.0392,0.009,0.229286,0.249069
Colin Yeaman,BAL,1,0.9094,0.1507,0.0089,0.0721,0.0641,0.015,0.230792,0.225973
Tyler Rodriguez,MIL,1,0.8819,0.1566,0.0134,0.0849,0.0896,0.017,0.264337,0.25343
Eric Becker,CIN,1,0.9378,0.1779,0.0158,0.0787,0.0377,0.013,0.229587,0.275112
Javier Herrera,LAD,1,0.9153,0.165,0.0098,0.0813,0.0642,0.009,0.239229,0.246695
Dean Toigo,NYY,1,0.9299,0.1779,0.0186,0.0835,0.0476,0.011,0.237521,0.287773
Jayson Bass,MIN,1,0.9358,0.1782,0.0222,0.0848,0.0427,0.01,0.231897,0.29611
Luis Marquez,TEX,1,0.9367,0.1696,0.0106,0.0716,0.0408,0.011,0.222356,0.248105
Michael Brooks,ATH,1,0.9018,0.1608,0.01,0.0765,0.0787,0.008,0.248569,0.243069
Jake Cook,TOR,1,0.9225,0.1577,0.0128,0.075,0.056,0.01,0.224666,0.244661
Kyle Henley,CIN,1,0.9408,0.1857,0.009,0.0763,0.0377,0.01,0.234408,0.264881
Joswa Lugo,LAA,1,0.9359,0.1662,0.0152,0.0717,0.0416,0.011,0.219745,0.255797
Marcos Torres,TEX,1,0.9317,0.1799,0.0213,0.0877,0.0468,0.01,0.237722,0.305785
Jemone Nuel,BAL,1,0.9173,0.1533,0.01,0.0739,0.0622,0.009,0.22547,0.231876
Jose Ortiz,SFG,1,0.927,0.164,0.0146,0.072,0.0475,0.014,0.226474,0.255879
Paulino Santana,TEX,1,0.9187,0.1699,0.0151,0.08,0.0568,0.013,0.240735,0.270382
Anthony Silva,CLE,1,0.9291,0.1585,0.0077,0.0693,0.0484,0.011,0.218841,0.227855
Rafhlmil Torres,CIN,1,0.9266,0.1708,0.0063,0.0722,0.0509,0.011,0.233705,0.238075
Derek Bernard,COL,1,0.9203,0.1972,0.0185,0.0911,0.0602,0.008,0.266546,0.317722
Johan Rodriguez,CLE,1,0.9302,0.1588,0.0114,0.0721,0.0463,0.012,0.218038,0.240163
Francisco Toledo,NYM,1,0.9335,0.1501,0.014,0.0715,0.045,0.01,0.205986,0.230745
Juan Martinez,NYY,1,0.94,0.1575,0.0074,0.0675,0.0385,0.01,0.20689,0.215638
Caleb Johnson,LAD,1,0.936,0.162,0.0166,0.0805,0.0415,0.011,0.215426,0.253846
Ryan McCoy,TBR,1,0.9089,0.1681,0.0211,0.0884,0.0656,0.014,0.24877,0.297062
Jimmy Anderson,BAL,1,0.9351,0.1611,0.0075,0.0679,0.0414,0.012,0.215426,0.225751
Luis Rodriguez,LAD,1,0.9192,0.1746,0.0214,0.0905,0.0593,0.01,0.244953,0.293734
Francisco Perez,TEX,1,0.9456,0.1438,0.0209,0.0697,0.0319,0.011,0.187506,0.237098
Efren Teran,CHW,1,0.9345,0.1782,0.0055,0.0707,0.045,0.009,0.233203,0.236918
Dario Reynoso,SFG,1,0.9132,0.1503,0.016,0.0727,0.0663,0.009,0.226574,0.250329
Cesar Quintas,SEA,1,0.9226,0.1731,0.0176,0.0832,0.0489,0.017,0.240032,0.282896
Ben Newton,ATH,1,0.9311,0.1567,0.0111,0.0695,0.0464,0.011,0.215025,0.236387
Frainker Benitez,TEX,1,0.9386,0.1547,0.0072,0.0638,0.0399,0.01,0.205484,0.21042
Modeifi Marte,ARI,1,0.9375,0.2067,0.0154,0.0892,0.043,0.008,0.258813,0.312853
Ty Harvey,SDP,1,0.9272,0.1427,0.0129,0.069,0.0523,0.009,0.204881,0.219909
Daniel Pierce,TBR,1,0.9422,0.1606,0.0154,0.0727,0.0343,0.012,0.207794,0.2474
Félix Amparo,BAL,1,0.937,0.1858,0.0133,0.0789,0.0395,0.012,0.238325,0.273426
Luis Almeyda,BAL,1,0.939,0.1674,0.0122,0.0728,0.0395,0.01,0.217837,0.248456
Jorge Ruiz,LAA,1,0.9419,0.1936,0.0094,0.0759,0.0376,0.009,0.241237,0.277949
Victor Santana,ARI,1,0.9365,0.1828,0.0095,0.0763,0.043,0.009,0.235814,0.257448
Colby Jones,ATL,1,0.8973,0.1538,0.0055,0.0787,0.0822,0.009,0.246058,0.224451
Nu'u Contrades,SDP,1,0.9302,0.1649,0.0134,0.076,0.0473,0.011,0.224164,0.248979
Jakob Christian,SFG,1,0.9191,0.1753,0.024,0.0839,0.0564,0.013,0.245757,0.310739
Blaine Bullard,TOR,1,0.9365,0.1663,0.0128,0.075,0.041,0.011,0.219243,0.251361
Brent Iredale,PIT,1,0.9134,0.1533,0.0218,0.0817,0.0631,0.012,0.229386,0.2679
Brody Donay,TBR,1,0.918,0.1283,0.0173,0.0699,0.0585,0.012,0.199659,0.219172
Anthony Donofrio,SEA,1,0.9116,0.1544,0.0158,0.0795,0.0689,0.008,0.232299,0.255595
Yannic Walther,MIL,1,0.914,0.1382,0.0112,0.0689,0.0665,0.008,0.213619,0.215536
Ryland Zaborowski,LAA,1,0.931,0.1759,0.0295,0.0857,0.0465,0.011,0.234408,0.314393
Adrián Lunar,KCR,1,0.9392,0.1622,0.0071,0.0671,0.0383,0.011,0.212413,0.218164
Michael Hallquist,CHC,1,0.9235,0.1549,0.0176,0.0805,0.052,0.013,0.22085,0.25739
Raylin Ramos,BAL,1,0.944,0.1846,0.0158,0.0792,0.0355,0.009,0.230089,0.286017
Luis Cova,MIA,1,0.9161,0.1575,0.0151,0.0795,0.0634,0.009,0.230893,0.253138
Rodney Green Jr.,ATH,1,0.9179,0.1552,0.0197,0.0797,0.0626,0.008,0.226775,0.269855
Alberth Palma,TBR,1,0.918,0.1668,0.003,0.0716,0.0605,0.01,0.238325,0.220479
Nixon Chirinos,MIA,1,0.9181,0.145,0.011,0.0689,0.0604,0.01,0.21633,0.219911
Jose Alpuria,ARI,1,0.9166,0.1743,0.0171,0.088,0.0539,0.018,0.247263,0.284421
Nicandro Aybar,TBR,1,0.9301,0.1901,0.0073,0.0778,0.0504,0.008,0.249573,0.266746
Hayden Jatczak,SFG,1,0.9142,0.1818,0.0165,0.0805,0.0643,0.01,0.257206,0.291402
Christian Astudillo,BAL,1,0.9232,0.14,0.0099,0.0652,0.0523,0.013,0.206187,0.204831
Josh Tate,PIT,1,0.9344,0.1983,0.0104,0.084,0.0451,0.009,0.25349,0.29131
Esmil Valencia,MIA,1,0.9453,0.1931,0.0184,0.0868,0.0332,0.01,0.23732,0.304559
Caleb Klein,ATL,1,0.923,0.1648,0.0135,0.0794,0.0555,0.01,0.231295,0.249404
Arnaldo Lantigua,CIN,1,0.9184,0.173,0.0233,0.0862,0.0611,0.009,0.24415,0.298127
Wilfredo Lara,MIA,1,0.9111,0.1719,0.0158,0.0844,0.0684,0.009,0.250377,0.282406
Ethan Holliday,COL,1,0.9213,0.1635,0.0212,0.0822,0.0552,0.012,0.231696,0.277543
Luke Dickerson,WSN,1,0.9071,0.1495,0.0159,0.0787,0.0734,0.008,0.231897,0.253776
Wuinder Torres,CLE,1,0.9473,0.1597,0.0069,0.0643,0.0312,0.01,0.201768,0.218516
Kavares Tears,SDP,1,0.9252,0.1613,0.028,0.0863,0.0553,0.008,0.22557,0.299827
Andres Valor,MIA,1,0.9232,0.1568,0.017,0.08,0.0543,0.011,0.223059,0.261915
Robbie Burnett,NYY,1,0.9025,0.1525,0.0212,0.0837,0.076,0.01,0.23953,0.267701
Garrett Howe,CLE,1,0.9211,0.1591,0.0082,0.0722,0.0584,0.009,0.227478,0.230702
Brady Marget,TBR,1,0.919,0.1833,0.0164,0.0838,0.0585,0.011,0.253892,0.286942
Stiven Marinez,NYY,1,0.9268,0.1496,0.0116,0.0727,0.0517,0.01,0.212213,0.22486
Caden Ferraro,STL,1,0.9283,0.1759,0.0215,0.0836,0.0492,0.011,0.23712,0.292901
Juan Castillo,COL,1,0.9351,0.1725,0.012,0.0746,0.0444,0.009,0.226876,0.25655
Luis Hernández,SFG,1,0.9429,0.1675,0.0101,0.0658,0.0356,0.01,0.21402,0.24255
Sebastian Blanco,COL,1,0.9321,0.1851,0.0086,0.0768,0.0454,0.011,0.242543,0.261989
Adrian Rodriguez,ARI,1,0.9226,0.1597,0.0074,0.0735,0.0539,0.012,0.226574,0.230761
Yoffry Solano,MIA,1,0.9373,0.1856,0.0056,0.0721,0.0422,0.009,0.237823,0.25168
Fredderick Ovalle,PIT,1,0.9154,0.1695,0.0068,0.0768,0.0641,0.009,0.243648,0.241971
Juan Mateo,ATL,1,0.9379,0.182,0.0071,0.0761,0.0436,0.007,0.233604,0.25088
Victor Cardoza,PHI,1,0.9445,0.1783,0.0176,0.08,0.034,0.01,0.22326,0.279195
Daunte Stuart,PHI,1,0.9325,0.1767,0.0102,0.0797,0.046,0.01,0.233705,0.258552
Eddie King Jr.,PIT,1,0.8883,0.1649,0.0145,0.0846,0.0882,0.012,0.266245,0.264325
Robert Calaz,COL,1,0.9321,0.1954,0.0232,0.092,0.0464,0.01,0.252887,0.330008
Alexis Hernandez,CHC,1,0.9195,0.1623,0.0081,0.0756,0.061,0.008,0.232299,0.238173
Joe Olsavsky,ATL,1,0.9051,0.1526,0.0103,0.0772,0.0644,0.019,0.237019,0.236107
Owen Nowak,HOU,1,0.9254,0.1724,0.0151,0.0813,0.0501,0.013,0.236517,0.270802
Cody Schrier,MIA,1,0.9322,0.1845,0.0273,0.0923,0.0463,0.01,0.24184,0.322999
Vincent Perozo,NYM,1,0.9264,0.1742,0.0186,0.0841,0.0461,0.016,0.23732,0.289508
Estarling Mercado,NYM,1,0.915,0.1718,0.0253,0.0905,0.0625,0.011,0.246359,0.304262
Scott Kingery,,1,0.9245,0.1902,0.0217,0.0928,0.057,0.007,0.255298,0.323094
Conner O'Neal,LAD,1,0.9142,0.1328,0.0156,0.0738,0.0633,0.011,0.207994,0.219427
Gunner Gouldsmith,ATH,1,0.9099,0.1636,0.0081,0.0748,0.0706,0.008,0.243246,0.238488
Tanner Mally,SFG,1,0.9092,0.1693,0.0128,0.0758,0.0663,0.013,0.249674,0.262538
Josnaider Orellana,BAL,1,0.937,0.1456,0.0105,0.064,0.0405,0.011,0.197951,0.209498
Nehomar Ochoa Jr.,HOU,1,0.9354,0.1792,0.0231,0.0884,0.0431,0.01,0.233303,0.302865
Jacob Friend,CIN,1,0.886,0.1444,0.0266,0.0891,0.0885,0.014,0.247966,0.282844
Nick McLain,CHW,1,0.9005,0.1743,0.0182,0.0871,0.079,0.009,0.263433,0.288728
Jonathan Martinez,CLE,1,0.8999,0.1407,0.0083,0.0727,0.0786,0.01,0.23029,0.213468
John Michael Faile,CIN,1,0.9388,0.1914,0.0278,0.0901,0.0397,0.01,0.242141,0.330954
Jose Ramos,SFG,1,0.9043,0.1661,0.0098,0.0759,0.0742,0.01,0.251381,0.253566
Cole Mathis,NYM,1,0.913,0.1654,0.0275,0.0919,0.0635,0.012,0.24194,0.307558
Carter Johnson,MIA,1,0.9312,0.1679,0.0131,0.0759,0.0473,0.01,0.226173,0.262242
Juan Cabada,CHC,1,0.9365,0.1695,0.0129,0.0762,0.038,0.014,0.222457,0.252643
Santiago Camacho,SFG,1,0.934,0.1462,0.0127,0.0636,0.0435,0.011,0.201567,0.221306
Wilson Weber,MIA,1,0.9282,0.1446,0.0144,0.0691,0.0503,0.01,0.205785,0.229584
Cal Stark,TEX,1,0.9356,0.1347,0.016,0.0662,0.0399,0.013,0.18841,0.220393
Gavin Fien,WSN,1,0.9329,0.1653,0.0192,0.0777,0.0476,0.008,0.221854,0.269911
Andruw Musett,BOS,1,0.9207,0.1819,0.0186,0.0849,0.0588,0.009,0.250778,0.294776
Trevor Werner,KCR,1,0.9241,0.1728,0.0251,0.0901,0.0564,0.008,0.238224,0.312304
Danny Bautista Jr.,ATH,1,0.9281,0.1987,0.0144,0.086,0.0494,0.011,0.260219,0.302985
Tayden Hall,MIL,1,0.8818,0.1553,0.0179,0.0879,0.0957,0.011,0.263131,0.273758
Yeiferth Castillo,CLE,1,0.9472,0.1953,0.0115,0.077,0.0333,0.008,0.237622,0.274599
Tanner Thach,COL,1,0.9321,0.2124,0.0202,0.093,0.0434,0.013,0.269961,0.335479
Curtis Washington Jr.,SEA,1,0.9246,0.1573,0.0166,0.0806,0.0539,0.01,0.222155,0.2573
Bryan Gonzalez Garcia,LAD,1,0.932,0.1484,0.0115,0.0722,0.0465,0.01,0.205785,0.223605
Kyle Jones,MIL,1,0.9332,0.1645,0.0164,0.0768,0.0453,0.01,0.220749,0.256215
Ryan Mitchell,STL,1,0.9017,0.1412,0.0152,0.0756,0.0778,0.009,0.228985,0.231341
Tony Blanco Jr.,PIT,1,0.9284,0.1828,0.0307,0.0929,0.0511,0.009,0.243949,0.3324
Yorger Bautista,SEA,1,0.9456,0.1544,0.0181,0.0717,0.0329,0.01,0.198152,0.246827
Matt Klein,COL,1,0.8986,0.1411,0.0136,0.0753,0.0789,0.011,0.231998,0.228578
Yohairo Cuevas,NYM,1,0.9028,0.1611,0.0124,0.0827,0.0737,0.012,0.247866,0.261963
Jorge Quintana,SDP,1,0.9282,0.1506,0.011,0.0714,0.0523,0.008,0.211811,0.227322
Brailyn Antunez,MIL,1,0.9282,0.1584,0.0169,0.0767,0.0463,0.014,0.219644,0.254471
José Suárez,STL,1,0.946,0.1909,0.0149,0.0807,0.0315,0.011,0.234408,0.289112
Dylan Grego,SDP,1,0.9362,0.1646,0.012,0.0731,0.0433,0.009,0.217837,0.248772
Deinys Gonzalez,TBR,1,0.9331,0.1382,0.0151,0.0675,0.0414,0.014,0.194436,0.218412
Daniel Pire,MIA,1,0.9332,0.1523,0.0116,0.0679,0.0443,0.011,0.208497,0.22321
Andrew Sojka,DET,1,0.9212,0.1674,0.0146,0.0819,0.0553,0.012,0.235714,0.268129
Wyatt Hoffman,SDP,1,0.9162,0.1518,0.008,0.0724,0.0573,0.015,0.225068,0.230627
Eriandys Ramon,CHC,1,0.9455,0.1642,0.0116,0.0725,0.033,0.01,0.208095,0.244527
Carter Frederick,KCR,1,0.9221,0.1721,0.0141,0.0815,0.0564,0.01,0.23953,0.275133
Raimel Medina,KCR,1,0.9312,0.152,0.0144,0.0724,0.0453,0.012,0.210204,0.235073
Clayton Gray,COL,1,0.9055,0.1839,0.0153,0.0881,0.073,0.01,0.268053,0.294313
Anyelo Marquez,LAA,1,0.934,0.1579,0.0148,0.07,0.0455,0.009,0.213317,0.244004
Max Durrington,ATH,1,0.922,0.1705,0.0076,0.0736,0.0585,0.008,0.238024,0.240889
Colin Houck,NYM,1,0.9334,0.1607,0.0148,0.0757,0.0471,0.008,0.216732,0.256696
Jonny McGill,LAA,1,0.8963,0.1705,0.0168,0.0839,0.0802,0.012,0.263834,0.279929
Juan Sierra,HOU,1,0.9344,0.167,0.024,0.0834,0.0441,0.01,0.222055,0.285424
Deward Tovar,TEX,1,0.9347,0.1657,0.0237,0.0801,0.0448,0.009,0.220448,0.284583
Oscar Borges,PIT,1,0.9144,0.1478,0.0065,0.0675,0.0631,0.011,0.222858,0.20385
Abdias De La Cruz,ARI,1,0.9216,0.1747,0.0154,0.0845,0.0599,0.007,0.242643,0.281901
Filippo Di Turi,MIL,1,0.902,0.145,0.0119,0.0754,0.0785,0.008,0.2325,0.230044
Eduardo Rojas,LAD,1,0.9123,0.1379,0.0084,0.0712,0.0652,0.011,0.215025,0.199605
Luke Cantwell,SDP,1,0.9061,0.1679,0.018,0.0843,0.0684,0.014,0.251381,0.277894
Dashyll Tejeda,WSN,1,0.922,0.1588,0.0138,0.0781,0.0565,0.01,0.226273,0.247505
Jorge Rodriguez,BOS,1,0.9376,0.1463,0.0131,0.0676,0.0389,0.012,0.198052,0.218963
Aaron Antonini,,1,0.9042,0.1687,0.0205,0.0894,0.0683,0.016,0.254093,0.298607
Tom Poole,TBR,1,0.919,0.1577,0.0231,0.0822,0.0585,0.011,0.228181,0.279108
Cris Rodriguez,DET,1,0.9544,0.1616,0.0256,0.0774,0.0251,0.009,0.196545,0.275985
Nick Montgomery,ATL,1,0.9201,0.1321,0.0171,0.0714,0.0594,0.009,0.201366,0.222693
Stiven Martinez,BAL,1,0.9341,0.1675,0.0211,0.0794,0.0444,0.01,0.222858,0.27952
Felix Cotes,TBR,1,0.922,0.1594,0.0059,0.0712,0.0565,0.01,0.226876,0.224837
Cristhian Vaquero,WSN,1,0.9269,0.1759,0.0197,0.0843,0.0516,0.01,0.238526,0.292372
David Bañuelos,MIN,1,0.9126,0.1684,0.0252,0.0891,0.0641,0.012,0.245507,0.308021
Joe Vetrano,LAD,1,0.9252,0.1771,0.0244,0.0936,0.0563,0.007,0.241438,0.311716
Samuel Munoz,LAD,1,0.9242,0.1733,0.0186,0.0879,0.0563,0.008,0.238626,0.283597
Hans Montero,NYY,1,0.9157,0.1673,0.0198,0.0865,0.0628,0.01,0.241137,0.284373
Dallas Macias,ATL,1,0.92,0.1738,0.0189,0.0857,0.0545,0.014,0.243346,0.280978
Maximus Martin,BOS,1,0.9346,0.1514,0.0135,0.0701,0.0429,0.011,0.206187,0.23807
Matthew Ferrara,PHI,1,0.9315,0.1627,0.0089,0.0742,0.045,0.012,0.220649,0.239291
Ediel Rivera,NYY,1,0.932,0.1382,0.0116,0.0659,0.0415,0.015,0.195541,0.209227
Brayden Dowd,ARI,1,0.9246,0.1599,0.0143,0.0776,0.0539,0.01,0.224766,0.249081
Joshua Liranzo,BAL,1,0.9213,0.1503,0.0091,0.0699,0.0562,0.011,0.218439,0.222837
Franklin Rojas,TOR,1,0.9245,0.1344,0.0107,0.0645,0.052,0.012,0.199257,0.200973
Josue Brito,BOS,1,0.9067,0.1516,0.0233,0.0838,0.0708,0.011,0.234408,0.273188
Slate Alford,LAA,1,0.9122,0.1686,0.0183,0.0796,0.0663,0.01,0.245958,0.277242
Yohendry Sanchez,SFG,1,0.929,0.1444,0.0086,0.0611,0.0485,0.011,0.204781,0.207104
Oswaldo Bracho,CLE,1,0.906,0.1421,0.0112,0.0718,0.0715,0.011,0.22557,0.215342
Bryan Andrade,ATH,1,0.9311,0.1707,0.0132,0.0748,0.0474,0.01,0.229085,0.256686
Alejandro Blasco,CLE,1,0.918,0.1637,0.0151,0.0795,0.0595,0.011,0.235211,0.260349
Nick Hollifield,WSN,1,0.914,0.1365,0.0115,0.0679,0.0635,0.011,0.211911,0.210941
Carlos Torres,TEX,1,0.9456,0.1509,0.0073,0.0619,0.0329,0.01,0.194637,0.206536
Miguel Briceno,,1,0.9357,0.1909,0.0145,0.0816,0.0458,0.007,0.244752,0.287806
David McCann,NYY,1,0.935,0.171,0.0306,0.0884,0.0405,0.013,0.22547,0.311979
Mason Guerra,ATL,1,0.9111,0.1711,0.0235,0.0894,0.0684,0.009,0.249573,0.297113
Angel Mata,PHI,1,0.9335,0.1551,0.009,0.0689,0.044,0.011,0.211007,0.223889
Easton Shelton,LAD,1,0.9232,0.1631,0.0371,0.0962,0.0563,0.009,0.229386,0.325607
Matthew Ellis,SEA,1,0.8997,0.1524,0.0253,0.0862,0.0788,0.01,0.242242,0.281538
Griffin Burkholder,PHI,1,0.9245,0.1589,0.0166,0.0793,0.049,0.015,0.223863,0.258302
Handelfry Encarnacion,MIL,1,0.911,0.164,0.0161,0.0827,0.0675,0.01,0.242543,0.268167
Will Gasparino,PHI,1,0.9255,0.1589,0.0188,0.08,0.051,0.012,0.222858,0.260616
Juan Hernandez,DET,1,0.9383,0.1691,0.0076,0.0694,0.0402,0.01,0.220247,0.23777
Ian Daugherty,MIN,1,0.9277,0.1318,0.014,0.0658,0.0488,0.012,0.193432,0.210521
Juan Baez,MIL,1,0.9291,0.1678,0.0076,0.0724,0.0514,0.008,0.228181,0.238833
Ching-Hsien Ko,LAD,1,0.9004,0.1578,0.0186,0.087,0.0791,0.009,0.246962,0.267548
Trevor Haskins,STL,1,0.9381,0.1624,0.015,0.0743,0.0394,0.011,0.213719,0.254877
Angel Abreu,CLE,1,0.9261,0.16,0.0074,0.0701,0.0524,0.01,0.22336,0.220171
Jesus Valdez,ARI,1,0.9276,0.1924,0.0208,0.0914,0.0499,0.011,0.254394,0.319211
Zander Darby,SFG,1,0.9281,0.182,0.0177,0.0787,0.0514,0.009,0.243447,0.293826
Emmanuel Cedeno,TBR,1,0.8988,0.1438,0.0055,0.0703,0.0797,0.01,0.234508,0.201046
Eliesbert Alejos,ARI,1,0.9375,0.1686,0.0053,0.0697,0.039,0.012,0.220548,0.22752
Yamvier Carrero,ATL,1,0.9329,0.1695,0.0104,0.0747,0.0446,0.011,0.226072,0.243113
Felix Morrobel,LAA,1,0.931,0.162,0.0072,0.0668,0.0485,0.009,0.220448,0.224382
Jacob Walsh,WSN,1,0.9309,0.1773,0.0311,0.0904,0.0476,0.01,0.235914,0.325814
Matthew Boughton,CHW,1,0.9355,0.1635,0.0078,0.0702,0.042,0.011,0.217435,0.230465
Logan Hughes,HOU,1,0.9274,0.1714,0.0222,0.0857,0.0491,0.012,0.233504,0.288656
Kevin Garcia,MIL,1,0.9443,0.1459,0.0169,0.0684,0.0332,0.011,0.190921,0.233506
Ashly Andujar,COL,1,0.944,0.1904,0.0061,0.074,0.0355,0.009,0.235914,0.257203
Matt Scannell,ATL,1,0.9022,0.14,0.0152,0.0778,0.0763,0.01,0.227277,0.234649
Alexander Frias,STL,1,0.9292,0.1797,0.0147,0.0799,0.0483,0.011,0.240032,0.274322
Randy Guzman,NYM,1,0.9325,0.1777,0.026,0.0883,0.044,0.012,0.234709,0.308847
Kyle Sinzza,ARI,1,0.9306,0.1705,0.0075,0.0745,0.0469,0.011,0.229386,0.238878
Kaleb Freeman,CHW,1,0.8745,0.1402,0.0177,0.0827,0.1,0.014,0.255298,0.249971
Wilberson De Pena,NYY,1,0.941,0.1689,0.0243,0.0832,0.0375,0.01,0.217335,0.287566
Juan Cespedes,LAA,1,0.9211,0.1493,0.0083,0.074,0.0564,0.011,0.217636,0.210509
Ty Hodge,BOS,1,0.9296,0.1548,0.0163,0.074,0.0469,0.012,0.214623,0.246235
Jaider Suárez,KCR,1,0.9332,0.157,0.0071,0.0693,0.0453,0.01,0.213217,0.220103
Andy Polanco,SFG,1,0.9488,0.1746,0.0074,0.0677,0.0297,0.01,0.215225,0.245573
Antonio Jimenez,NYM,1,0.9263,0.1563,0.0122,0.0753,0.0512,0.011,0.219444,0.238907
Miguel Welch,BOS,1,0.9286,0.1639,0.0065,0.0719,0.0509,0.009,0.224766,0.22787
Hunter Hines,WSN,1,0.9388,0.1833,0.0297,0.0893,0.0407,0.009,0.234006,0.325628
Santiago Ramirez,TEX,1,0.9486,0.1476,0.0109,0.0618,0.0299,0.01,0.18831,0.210099
Chandler Pollard,TEX,1,0.9327,0.1757,0.0078,0.0755,0.0428,0.013,0.2325,0.251635
Victor Leal,MIN,1,0.9206,0.1306,0.0104,0.0647,0.0559,0.012,0.199357,0.195416
Jalen Hairston,CIN,1,0.9225,0.1715,0.0202,0.0827,0.055,0.011,0.238526,0.28336
Jose Rivas,LAD,1,0.9291,0.1478,0.0077,0.0692,0.0484,0.011,0.208095,0.204607
Vladi Gomez,NYM,1,0.9263,0.1604,0.007,0.0743,0.0522,0.01,0.223561,0.227356
Jose Monzon,TBR,1,0.924,0.1582,0.0064,0.0698,0.0565,0.008,0.223662,0.22197
Queni Pineda,NYY,1,0.9167,0.124,0.0134,0.0663,0.0618,0.01,0.196646,0.19712
Kolby Branch,TEX,1,0.9347,0.1511,0.0153,0.0708,0.0428,0.011,0.205785,0.237081
Jeremy Rodriguez,NYM,1,0.9222,0.1629,0.0053,0.0721,0.0583,0.008,0.23019,0.222403
Raimundo De Los Santos,TOR,1,0.9265,0.1559,0.0074,0.0697,0.053,0.009,0.218841,0.220291
Carlos Villarroel,NYY,1,0.939,0.1336,0.0184,0.0674,0.0395,0.01,0.183891,0.218317
Justin Barry,BOS,1,0.9296,0.1545,0.0134,0.0739,0.0479,0.011,0.214322,0.239781
Jeffery Heard,LAA,1,0.9161,0.1565,0.0174,0.0765,0.0594,0.013,0.229889,0.256413
Jorge Hernandez,KCR,1,0.9332,0.1664,0.0075,0.0705,0.0393,0.016,0.222657,0.233498
German Ramirez,HOU,1,0.9384,0.1536,0.0062,0.0666,0.0421,0.008,0.20458,0.213555
Andrews Opata,BOS,1,0.9227,0.1645,0.018,0.0816,0.0558,0.01,0.231295,0.267259
Jude Warwick,DET,1,0.9373,0.16,0.0109,0.0713,0.0402,0.011,0.212112,0.238878
Ethan Hearn,CHC,1,0.9325,0.1716,0.0265,0.0893,0.045,0.011,0.228583,0.310885
Aidan West,LAD,1,0.9439,0.163,0.0112,0.0734,0.0336,0.011,0.208497,0.236678
Jhosep Villarroel,ARI,1,0.9136,0.1336,0.0096,0.069,0.0589,0.016,0.2094,0.200635
John Wimmer,LAA,1,0.932,0.1491,0.0148,0.0688,0.0455,0.011,0.206488,0.237983
Josh Kross,STL,1,0.9283,0.1762,0.0225,0.0846,0.0492,0.011,0.237421,0.302165
Ire Garcia,HOU,1,0.9134,0.1255,0.0059,0.0642,0.0661,0.009,0.201466,0.176812
Pablo Martinez,HOU,1,0.9294,0.149,0.0056,0.0669,0.0461,0.013,0.208999,0.201851
Jeferson Abreu,MIN,1,0.9378,0.1353,0.0151,0.0657,0.0407,0.01,0.186803,0.213585
Sean Gamble,KCR,1,0.9302,0.1556,0.0124,0.0739,0.0473,0.011,0.214824,0.239088
Gabriel Guanchez,SEA,1,0.9466,0.1304,0.0162,0.0623,0.0329,0.009,0.173044,0.208219
Henry Ramos,KCR,1,0.9322,0.1785,0.0117,0.0792,0.0483,0.008,0.235814,0.267325
TJ Ford,LAA,1,0.9241,0.1475,0.0119,0.0685,0.0534,0.011,0.212815,0.223028
Anderson Areinamo,HOU,1,0.9374,0.1461,0.0133,0.0688,0.0401,0.011,0.198052,0.22061
Brayan Rodriguez,TBR,1,0.9341,0.1655,0.0057,0.0704,0.0424,0.012,0.22085,0.219784
Jendy Martinez,MIN,1,0.8931,0.1348,0.0049,0.0697,0.0854,0.01,0.231194,0.192924
Jhonayker Ugarte,KCR,1,0.9312,0.1639,0.0072,0.0703,0.0473,0.01,0.222155,0.231314
Cristian Pache,NYM,1.53534,1.4021,0.2678,0.0221,0.1305,0.1021,0.0138,0.250916,0.286499
Santiago Mendoza,TBR,1,0.9069,0.1226,0.0069,0.0629,0.0706,0.011,0.205082,0.177638
Abel Valdes,TEX,1,0.9187,0.1229,0.0112,0.0624,0.0588,0.011,0.193532,0.187765
Truitt Madonna,SDP,1,0.9201,0.1284,0.0089,0.0645,0.0594,0.009,0.19765,0.195087
Jose Perez,TBR,1,0.8968,0.1495,0.0117,0.0772,0.0807,0.011,0.242242,0.238515
Erick De La Cruz,ARI,1,0.9395,0.1624,0.0179,0.0769,0.038,0.011,0.212313,0.255561
Tyson Moran,KCR,1,0.9332,0.1821,0.0203,0.0846,0.0453,0.01,0.238425,0.294149
Manuel Bolivar,DET,1,0.9363,0.1335,0.0178,0.067,0.0412,0.011,0.186502,0.218733
Anibal Salas,DET,1,0.9273,0.1653,0.0167,0.0786,0.0512,0.01,0.227478,0.267443
Jorwin Pulido,ATL,1,0.9389,0.1501,0.0084,0.0681,0.0376,0.012,0.200562,0.210033
Juan Caricote,TOR,1,0.9485,0.1432,0.0135,0.0638,0.027,0.013,0.183991,0.214866
Pablo Guerrero,TEX,1,0.9237,0.1744,0.023,0.0844,0.0548,0.01,0.240233,0.296092
Brailer Guerrero,TBR,1,0.926,0.1592,0.0217,0.08,0.0535,0.009,0.222657,0.27149
Luis Pino,STL,1,0.9184,0.1628,0.0166,0.0793,0.0591,0.011,0.233906,0.268075
Angel Ramirez,KCR,1,0.9282,0.1748,0.0135,0.0786,0.0503,0.01,0.236115,0.262982
Bjay Cooke,ATH,1,0.9291,0.1562,0.01,0.0691,0.0494,0.01,0.216531,0.227855
Yensi De La Cruz,HOU,1,0.9264,0.1408,0.0154,0.0746,0.0541,0.008,0.203776,0.230786
Alan Angulo,KCR,1,0.9241,0.162,0.005,0.0698,0.0544,0.01,0.227378,0.218699
JoJo Jackson,NYY,1,0.9187,0.162,0.0134,0.0779,0.0588,0.011,0.232801,0.251551
Christian Gonzalez,CHW,1,0.9105,0.1586,0.0115,0.0759,0.068,0.01,0.237622,0.242504
Yilber Herrera,MIN,1,0.9012,0.1322,0.0098,0.0706,0.0773,0.01,0.220448,0.209055
Jake Reinisch,ATH,1,0.8918,0.1726,0.0207,0.0898,0.0867,0.01,0.270463,0.30074
Ricardo Romero,CLE,1,0.9362,0.1618,0.0073,0.0682,0.0413,0.011,0.215025,0.224631
Braulio Cavero,TEX,1,0.9227,0.1591,0.0181,0.0768,0.0548,0.011,0.225871,0.254471
Santiago Figueroa,TBR,1,0.918,0.1293,0.0069,0.063,0.0545,0.016,0.200663,0.183987
Cam Clayton,MIA,1,0.9031,0.1659,0.0155,0.0854,0.0744,0.011,0.252385,0.276049
Branny De Oleo,NYM,1,0.9366,0.1582,0.0147,0.0741,0.0399,0.012,0.211007,0.244395
Brandon Nigh,HOU,1,0.9154,0.1426,0.0081,0.0692,0.0611,0.012,0.216632,0.212585
Jhorvic Abreus,CLE,1,0.9211,0.1461,0.0095,0.0695,0.0584,0.009,0.214422,0.219412
Eduardo Tusen,DET,1,0.9574,0.1721,0.013,0.0704,0.0211,0.01,0.204078,0.249217
Drew Faurot,MIA,1,0.9393,0.1725,0.007,0.0705,0.0392,0.01,0.222657,0.240605
Andrew Salas,MIA,1,0.9212,0.1459,0.0101,0.0698,0.0593,0.008,0.214121,0.219062
Yeison Acosta,BAL,1,0.9252,0.1291,0.007,0.0608,0.0533,0.01,0.193231,0.182879
Derik Alcantara,CHC,1,0.9225,0.1701,0.0119,0.08,0.058,0.008,0.23712,0.258537
Sebastian De Andrade,SEA,1,0.9266,0.1217,0.0099,0.06,0.0509,0.011,0.184393,0.180013
Angel Guzman,TOR,1,0.9355,0.1561,0.011,0.0695,0.044,0.009,0.210003,0.228327
Steele Hall,CIN,1,0.9235,0.147,0.0111,0.0701,0.055,0.01,0.212916,0.223064
Keiberg Camacaro,SFG,1,0.927,0.1448,0.0101,0.0635,0.0495,0.012,0.207191,0.213269
Aldo Gaxiola,TOR,1,0.9455,0.1796,0.0238,0.0823,0.032,0.011,0.223561,0.298255
Dawson Willis,SDP,1,0.9322,0.1442,0.0184,0.0747,0.0453,0.011,0.201366,0.241257
Daniel Lopez,KCR,1,0.9322,0.1732,0.0125,0.0807,0.0453,0.011,0.230491,0.265072
Larry Martinez,TBR,1,0.9503,0.1976,0.0131,0.0785,0.0272,0.011,0.236818,0.285173
Daniel Campos,CHC,1,0.9375,0.1401,0.0123,0.0668,0.04,0.011,0.191925,0.21024
Anderson Fermin,BOS,1,0.9037,0.1594,0.0081,0.0758,0.0738,0.011,0.245255,0.236694
Hector Campusano,BAL,1,0.9114,0.1619,0.0058,0.0716,0.0671,0.01,0.240032,0.226026
Joniel Hernandez,SFG,1,0.9379,0.1522,0.0108,0.063,0.0416,0.009,0.203676,0.222199
Sebastian Rojas,STL,1,0.948,0.1467,0.0138,0.0643,0.0295,0.011,0.188008,0.220464
Joskairo Ramirez,BOS,1,0.9376,0.156,0.0147,0.0722,0.0389,0.012,0.207794,0.242214
Braylon Bishop,,1,0.9244,0.1535,0.0147,0.0761,0.0531,0.011,0.21854,0.244916
Adafel Montiel,COL,1,0.9282,0.1553,0.0131,0.072,0.0473,0.013,0.216531,0.231631
TJayy Walton,PHI,1,0.9046,0.1612,0.0145,0.0826,0.0739,0.01,0.246158,0.258788
Sergio Patino,CHC,1,0.9375,0.1446,0.0086,0.0652,0.039,0.012,0.196445,0.20224
Jorge Lara,ARI,1,0.9226,0.1566,0.009,0.0735,0.0529,0.013,0.223461,0.227076
Gustavo Baptista,CLE,1,0.9221,0.1219,0.012,0.0635,0.0544,0.012,0.189113,0.190869
Luis Steven King,KCR,1,0.9131,0.1475,0.008,0.0714,0.0634,0.012,0.223863,0.211368
Nick Becker,SEA,1,0.9136,0.122,0.0071,0.0635,0.0629,0.012,0.19775,0.1794
Jose Ramos,ATH,1,0.9321,0.156,0.0172,0.0748,0.0474,0.009,0.213317,0.25287
Jonathan Vastine,SDP,1,0.9382,0.1433,0.0151,0.0682,0.0413,0.009,0.194436,0.227457
Alex Birge,STL,1,0.9253,0.1298,0.012,0.0641,0.0512,0.012,0.193833,0.203177
Fernando Pena,SFG,1,0.927,0.1337,0.0103,0.0591,0.0475,0.014,0.196043,0.19698
Edgardo De Leon,MIA,1,0.9342,0.1538,0.0196,0.0743,0.0433,0.011,0.208999,0.254978
Elvin Garcia,BAL,1,0.9321,0.1508,0.0097,0.066,0.0454,0.011,0.208095,0.222186
Quentin Young,MIN,1,0.9409,0.1415,0.0171,0.0682,0.0396,0.008,0.189917,0.233394
Cristofer Lebrón,STL,1,0.9421,0.1656,0.0101,0.0698,0.0374,0.009,0.212916,0.237024
Johan Machado,MIA,1,0.9353,0.1534,0.011,0.0698,0.0422,0.011,0.207492,0.225168
Darlyn De Leon,CHC,1,0.9315,0.172,0.0143,0.0802,0.047,0.01,0.229989,0.263875
Alessandro Rodriguez,NYY,1,0.9258,0.13,0.0089,0.0622,0.0517,0.011,0.193532,0.187514
Robert Puason,ATH,1,0.9412,0.1635,0.0085,0.0675,0.0363,0.011,0.21171,0.230238
Roy Rivero,KCR,1,0.9352,0.1688,0.0035,0.0685,0.0443,0.009,0.223059,0.21867
Junior Aybar,BAL,1,0.9381,0.1674,0.0144,0.0756,0.0414,0.009,0.218741,0.256263
Kyle West,NYY,1,0.939,0.1723,0.0245,0.0837,0.0405,0.009,0.222758,0.293184
Hyun Seung Lee,MIA,1,0.9222,0.1489,0.0154,0.0728,0.0563,0.01,0.216129,0.239427
Diego Alambarrio,SFG,1,0.9379,0.143,0.0076,0.0581,0.0346,0.016,0.194436,0.199915
Jordan Williams,WSN,1,0.9388,0.1746,0.0198,0.0827,0.0367,0.013,0.225269,0.28334
Gavin Grahovac,LAA,1,0.932,0.1615,0.0281,0.0828,0.0455,0.011,0.218941,0.289807
Ryan Wynn,SEA,1,0.9346,0.1435,0.011,0.066,0.0419,0.012,0.198252,0.213353
Michael Carico,CHC,1,0.8755,0.1393,0.0195,0.0854,0.102,0.011,0.25339,0.253341
Roman Martin,ATH,1,0.9231,0.1604,0.0077,0.0703,0.0504,0.015,0.226775,0.229228
Leanders Matos,MIL,1,0.9342,0.157,0.0157,0.0734,0.0443,0.01,0.212213,0.241597
Juanfel Peguero,TBR,1,0.9291,0.1546,0.0058,0.0673,0.0494,0.01,0.214924,0.21763
Kennew Blanco,TOR,1,0.9475,0.1571,0.0082,0.0646,0.031,0.01,0.198956,0.216042
Jacob Jenkins-Cowart,MIA,1,0.9342,0.1697,0.0195,0.0813,0.0453,0.009,0.224967,0.281952
Cesar Lopez,NYY,1,0.9329,0.1304,0.012,0.0631,0.0436,0.012,0.186803,0.195948
Jostin Melo,CLE,1,0.917,0.1381,0.0047,0.0639,0.0595,0.012,0.210505,0.185278
Jonathan Hogart,PHI,1,0.9095,0.1527,0.0243,0.0846,0.065,0.014,0.232701,0.275316
Manuel Almeida,SEA,1,0.9456,0.1237,0.0172,0.0614,0.0329,0.01,0.167319,0.200508
Gilbert Ramirez,PIT,1,0.9084,0.1322,0.0061,0.0646,0.0681,0.012,0.213217,0.18461
Michael Martinez,ATL,1,0.9349,0.1655,0.0243,0.0831,0.0396,0.014,0.220046,0.284415
Luis Rodriguez,CLE,1,0.934,0.153,0.0089,0.0644,0.0435,0.011,0.208396,0.219486
Alexi Quiroz,HOU,1,0.9184,0.1177,0.0106,0.0629,0.0581,0.012,0.188611,0.181511
Santiago Yanes,BOS,1,0.9226,0.1288,0.0103,0.0642,0.0549,0.011,0.195541,0.194234
Brandon Forrester,HOU,1,0.9374,0.1554,0.0067,0.0684,0.0411,0.01,0.207392,0.217837
Andrew Tess,BAL,1,0.9252,0.1205,0.0111,0.061,0.0493,0.014,0.184594,0.183744
Javier Osorio,DET,1,0.9383,0.1787,0.0165,0.0826,0.0392,0.011,0.229889,0.278376
Marconi German,WSN,1,0.917,0.1338,0.0171,0.0718,0.0585,0.013,0.206187,0.222901
Esmith Pineda,CIN,1,0.9297,0.1723,0.0172,0.0786,0.0488,0.01,0.232098,0.274067
Elorky Rodriguez,TEX,1,0.9247,0.1431,0.0108,0.0665,0.0538,0.01,0.207794,0.211204
Tevin Tucker,COL,1,0.9035,0.1549,0.0072,0.0795,0.072,0.013,0.240936,0.228777
Roni Cabrera,KCR,1,0.9292,0.1617,0.0179,0.0797,0.0483,0.011,0.221954,0.266681
Ilan Fernandez,PHI,1,0.9255,0.1574,0.0105,0.0734,0.05,0.013,0.221352,0.23544
José Anderson,MIL,1,0.9342,0.1367,0.0278,0.0772,0.0443,0.01,0.191825,0.2614
Angel Salio,CIN,1,0.9418,0.1672,0.0108,0.0716,0.0377,0.009,0.214824,0.242514
Miguel Caraballo,MIN,1,0.9298,0.1248,0.0139,0.0634,0.0467,0.012,0.184292,0.198
Haram Hernandez,LAD,1,0.9558,0.1558,0.0101,0.0673,0.0217,0.011,0.189314,0.216782
Teo Banks,WSN,1,0.9319,0.1736,0.0156,0.0794,0.0456,0.011,0.231194,0.270415
Carlos Cauro,HOU,1,0.9214,0.1616,0.0201,0.0811,0.0551,0.012,0.229688,0.268613
Ethan Long,SDP,1,0.9232,0.1613,0.0247,0.0828,0.0563,0.009,0.227579,0.282387
Derniche Valdez,CHC,1,0.9585,0.1663,0.0157,0.0728,0.022,0.008,0.197148,0.255608
Albert Fermín,HOU,1,0.9224,0.1304,0.0111,0.0661,0.0561,0.01,0.197349,0.197311
Reginald Preciado,CHC,1,0.9415,0.1762,0.015,0.0783,0.037,0.01,0.224164,0.269357
Wyatt Vincent,NYM,1,0.9355,0.151,0.0155,0.0725,0.042,0.011,0.204881,0.237948
Riley Nelson,CLE,1,0.902,0.1566,0.0143,0.079,0.0755,0.011,0.24415,0.252661
JC Vanek,KCR,1,0.9121,0.1584,0.0214,0.0836,0.0654,0.011,0.235814,0.273325
Luis Merejo,CLE,1,0.9191,0.1544,0.0251,0.0826,0.0554,0.014,0.224767,0.279186
Anielson Buten,CIN,1,0.952,0.1781,0.0072,0.0689,0.0275,0.009,0.215527,0.242647
Diego Fernandez,CLE,1,0.9019,0.1344,0.005,0.0661,0.0766,0.01,0.221954,0.186828
Aaron Pinero,TBR,1,0.9261,0.1471,0.0101,0.0684,0.0494,0.013,0.210405,0.214988
Henry Hunter,CIN,1,0.9093,0.1183,0.0133,0.0655,0.0672,0.012,0.198353,0.196745
Daiyer Barboza,MIN,1,0.9094,0.1257,0.0091,0.065,0.0671,0.012,0.205684,0.186936
Ronald Ramirez,DET,1,0.9383,0.1593,0.0084,0.0674,0.0402,0.01,0.210405,0.221677
Moises Acacio,LAD,1,0.933,0.1481,0.011,0.0717,0.0445,0.011,0.204479,0.216935
Luis Duarte,MIN,1,0.9307,0.1297,0.0095,0.0607,0.0458,0.012,0.18831,0.188675
Ludwing Espinoza,CHC,1,0.9315,0.1539,0.0091,0.071,0.045,0.012,0.211811,0.225658
Jhomnardo Reyes,BAL,1,0.9311,0.1625,0.0118,0.0729,0.0474,0.01,0.22085,0.245301
Yilver De Paula,LAA,1,0.9389,0.1461,0.0092,0.0614,0.0386,0.011,0.196545,0.205027
Qrey Lott,SDP,1,0.9272,0.1598,0.0169,0.0776,0.0423,0.019,0.222055,0.253775
Sebastian Casanova,TOR,1,0.9475,0.1575,0.0048,0.062,0.031,0.01,0.199357,0.203377
Kaden Carpenter,TEX,1,0.9177,0.1519,0.0232,0.0808,0.0578,0.013,0.223662,0.268715
Jack Moroknek,WSN,1,0.924,0.162,0.0204,0.0796,0.0565,0.008,0.227478,0.274459
Karel Naranjo,CLE,1,0.9412,0.1466,0.0084,0.0648,0.0383,0.009,0.194737,0.207607
Erasmi Rodriguez,CHW,1,0.9445,0.1335,0.0136,0.062,0.033,0.011,0.178267,0.202859
Caleb Hobson,,1,0.9035,0.1489,0.0121,0.0798,0.075,0.01,0.23491,0.237742
Bo Walker,ARI,1,0.9206,0.1452,0.0137,0.0729,0.0579,0.01,0.21402,0.228547
Moises Marchán,KCR,1,0.9463,0.1459,0.0078,0.0617,0.0312,0.011,0.188912,0.201205
Jose Riera,CLE,1,0.9392,0.1556,0.0094,0.0687,0.0383,0.011,0.205785,0.22072
Kleiver Chauran,TBR,1,0.9079,0.1362,0.0064,0.0672,0.0696,0.011,0.217736,0.195837
Liberts Aponte,CIN,1,0.9297,0.1449,0.0134,0.0685,0.0478,0.011,0.20458,0.222115
Marcos Hernandez,KCR,1,0.9382,0.1387,0.0095,0.0624,0.0393,0.011,0.189816,0.197719
Ramcell Medina,KCR,1,0.9332,0.1484,0.0081,0.0657,0.0443,0.011,0.20458,0.209601
Darwin Almanzar,MIN,1,0.9236,0.1378,0.0146,0.0694,0.0539,0.011,0.203575,0.220875
Luis Bruno,LAA,1,0.9261,0.1398,0.0049,0.0602,0.0514,0.011,0.203073,0.188749
Brenner Cox,WSN,1,0.919,0.1501,0.0202,0.0787,0.0595,0.01,0.220548,0.261045
Luis Cruz,NYY,1,0.9198,0.1421,0.0088,0.0682,0.0567,0.012,0.21171,0.205697
Nick Monistere,HOU,1,0.9304,0.1428,0.0096,0.0692,0.0461,0.012,0.201768,0.215821
Eduardo Herrera,CHW,1,0.9375,0.1284,0.0129,0.0612,0.041,0.01,0.180175,0.19616
Haritzon Castillo,MIN,1,0.9368,0.1447,0.0083,0.0641,0.0407,0.011,0.197248,0.204526
Ayberson Ortega,TOR,1,0.9505,0.1446,0.0075,0.0596,0.028,0.01,0.183389,0.195686
Cameron Decker,LAD,1,0.9192,0.1579,0.0256,0.0898,0.0583,0.011,0.228181,0.290905
Edgar Lugo,DET,1,0.9443,0.1607,0.0083,0.0678,0.0342,0.01,0.205785,0.223128
Jose Meza,LAD,1,0.9132,0.1721,0.02,0.0908,0.0633,0.012,0.248468,0.288217
Almen Tolentino,MIA,1,0.9222,0.1279,0.0125,0.0656,0.0553,0.011,0.195039,0.200607
Jack Goodman,DET,1,0.9333,0.1497,0.0103,0.0681,0.0452,0.01,0.205785,0.220294
Bohan Adderley,NYM,1,0.9396,0.1566,0.0108,0.0714,0.0389,0.01,0.206387,0.227969
Eduardo Beltre,MIN,1,0.9297,0.1689,0.0269,0.0863,0.0488,0.01,0.228683,0.298053
Taitn Gray,TBR,1,0.9311,0.1771,0.0208,0.0838,0.0474,0.01,0.235513,0.291591
Juan Cruz,WSN,1,0.9507,0.1871,0.0238,0.0838,0.0278,0.01,0.225871,0.308615
Maicor Degollado,BAL,1,0.9479,0.1524,0.0134,0.0673,0.0316,0.009,0.193833,0.228505
Diego Frontado,MIL,1,0.9292,0.1367,0.0162,0.0691,0.0473,0.012,0.196846,0.218145
Rafeliz Lara,CLE,1,0.9483,0.1589,0.0102,0.0672,0.0292,0.011,0.19996,0.227776
Yaxson Lucena,STL,1,0.9243,0.1464,0.0126,0.0689,0.0522,0.012,0.211509,0.221789
Leandro Romero,SEA,1,0.9466,0.1432,0.0155,0.0659,0.0329,0.009,0.185899,0.221952
Enry Torres,CIN,1,0.9276,0.1354,0.0103,0.0637,0.0499,0.011,0.197148,0.199116
Jose Suarez,CHW,1,0.9285,0.1243,0.0102,0.0605,0.048,0.012,0.185096,0.183414
Jose Urbina,ARI,1,0.9266,0.1303,0.011,0.0649,0.0489,0.013,0.19303,0.19728
Kenly Hunter,STL,1,0.9312,0.1547,0.0088,0.0681,0.0453,0.012,0.212916,0.217891
Henniel Alcala,CHC,1,0.9315,0.1304,0.0121,0.0644,0.045,0.012,0.188209,0.196457
Jose Nelo,ATL,1,0.9448,0.1435,0.0114,0.0642,0.0337,0.01,0.188008,0.208933
Jacob Lombard,MIA,1,0.9332,0.143,0.0133,0.0682,0.0433,0.012,0.199156,0.221174
Richard Matic,NYY,1,0.9279,0.142,0.0122,0.0683,0.0496,0.011,0.203475,0.216618
Diosfran Cabeza,ARI,1,0.9156,0.1745,0.0111,0.081,0.0609,0.012,0.248468,0.261468
Eriel Dihigo,COL,1,0.9203,0.1645,0.0124,0.0764,0.0562,0.012,0.233705,0.247093
Diorland Zambrano,CIN,1,0.9408,0.1653,0.0115,0.0699,0.0377,0.01,0.21392,0.235544
Robert Hipwell,SFG,1,0.9043,0.1477,0.0199,0.0767,0.0732,0.011,0.232901,0.267942
Jake McCutcheon,MIA,1,0.9171,0.1571,0.0168,0.0781,0.0604,0.011,0.229487,0.258532
Oliver Tejada,SFG,1,0.931,0.1617,0.0164,0.0718,0.0435,0.014,0.220147,0.259506
Max Belyeu,COL,1,0.9242,0.1674,0.0258,0.0877,0.0513,0.013,0.232701,0.303398
Dee Kennedy,STL,1,0.9322,0.1538,0.0088,0.0679,0.0453,0.011,0.211007,0.220554
Luis Jaquez,TEX,1,0.9466,0.1555,0.0098,0.0646,0.0309,0.011,0.198252,0.220685
Isay Veras,TOR,1,0.9305,0.1221,0.0123,0.0611,0.048,0.01,0.180878,0.187749
Ivan Sosa,KCR,1,0.9543,0.1557,0.0194,0.0719,0.0252,0.009,0.19072,0.252436
Alirio Ferrebus,PHI,1,0.9435,0.1991,0.0198,0.0873,0.032,0.013,0.245154,0.310016
Yoelvis Betancourt,ATL,1,0.9388,0.1409,0.0092,0.0638,0.0367,0.013,0.191423,0.199617
Brady Cerkownyk,WSN,1,0.9309,0.134,0.0119,0.0637,0.0466,0.011,0.192427,0.202707
Ronny Ugarte,COL,1,0.9341,0.2007,0.0161,0.0856,0.0464,0.008,0.256202,0.305642
Lester Suarez,BOS,1,0.9336,0.1292,0.0115,0.0617,0.0419,0.013,0.184895,0.195266
Maicoll Rondon,KCR,1,0.9483,0.1599,0.0059,0.0649,0.0302,0.01,0.200964,0.21354
Kelvin Alcantara,SEA,1,0.9296,0.1489,0.0173,0.072,0.0489,0.01,0.208697,0.236553
Shotaro Morii,ATH,1,0.9281,0.1528,0.0115,0.07,0.0504,0.01,0.214121,0.232195
Fernando Cruz,CHC,1,0.9405,0.1407,0.0164,0.0694,0.038,0.01,0.189515,0.226794
Gabriel Lara,NYY,1,0.9238,0.1504,0.0186,0.0772,0.0527,0.012,0.216029,0.248972
Euri Rosa,LAD,1,0.937,0.1293,0.0169,0.0686,0.0405,0.011,0.181581,0.209605
Kuhio Aloy,NYM,1,0.9233,0.1516,0.0221,0.0802,0.0532,0.012,0.217736,0.260804
Luis Mendez,COL,1,0.9272,0.1711,0.0085,0.0753,0.0533,0.008,0.233404,0.247196
Jarvis Gomez,SEA,1,0.9386,0.1569,0.0157,0.0717,0.0399,0.01,0.207693,0.238334
Germayhoni Beltre,NYY,1,0.935,0.142,0.007,0.064,0.0415,0.012,0.196344,0.195615
Joshddy Castillo,BAL,1,0.9341,0.1465,0.0105,0.0656,0.0454,0.009,0.201768,0.211862
Angel Rodriguez,DET,1,0.9212,0.1198,0.009,0.0601,0.0563,0.011,0.187908,0.177486
Ricardo Paez,MIN,1,0.9205,0.1527,0.0145,0.0742,0.058,0.01,0.221653,0.241934
Eliezer Rivero,LAA,1,0.9399,0.1304,0.0096,0.0567,0.0356,0.013,0.179773,0.188105
Jackson Ross,WSN,1,0.924,0.1662,0.0226,0.0834,0.0545,0.01,0.231696,0.288745
Drew Davies,CIN,1,0.9002,0.1613,0.0142,0.0798,0.0773,0.011,0.250678,0.256832
Manuel Cabrera,WSN,1,0.9319,0.1518,0.0147,0.0704,0.0446,0.012,0.2093,0.23554
Pascual Archila,TOR,1,0.9095,0.1278,0.0129,0.0682,0.068,0.011,0.207693,0.203518
Rashawn Pinder,TEX,1,0.9337,0.1406,0.0137,0.0667,0.0438,0.011,0.196244,0.215808
Edwin Darville,BOS,1,0.9237,0.1439,0.0082,0.0687,0.0548,0.01,0.209601,0.208834
Maikol Orozco,DET,1,0.9363,0.1526,0.0088,0.066,0.0402,0.012,0.205684,0.215316
Dorian Soto,BOS,1,0.9476,0.1554,0.0067,0.0629,0.0319,0.009,0.197148,0.210848
Carlos Martinez,MIA,1,0.9282,0.1308,0.0106,0.0635,0.0483,0.012,0.191925,0.195647
Diego Rondon,LAA,1,0.9152,0.1101,0.011,0.0584,0.0623,0.011,0.184192,0.171766
Sterling Bazil,DET,1,0.9373,0.1347,0.0155,0.0673,0.0422,0.009,0.186703,0.211138
Moises Valdez,SDP,1,0.9383,0.1542,0.0089,0.0666,0.0402,0.01,0.205283,0.216562
Jose Castro,NYY,1,0.9269,0.1328,0.0176,0.0709,0.0476,0.014,0.19524,0.217823
Dylan King,CIN,1,0.9216,0.1242,0.0123,0.0632,0.0529,0.014,0.191925,0.196506
John Cruz,MIA,1,0.9252,0.1629,0.0166,0.077,0.0533,0.01,0.227177,0.258971
Santiago Martinez,HOU,1,0.9224,0.1333,0.0051,0.0633,0.0531,0.013,0.200261,0.182784
Franco Willias,SFG,1,0.9408,0.1723,0.0127,0.0699,0.0327,0.015,0.22095,0.252764
Bryan Acuña,MIN,1,0.9205,0.1645,0.0041,0.0691,0.059,0.009,0.233504,0.222596
Conner Westenburg,SDP,1,0.9373,0.167,0.0092,0.0752,0.0372,0.014,0.219142,0.243785
Yeferson Portolatin,STL,1,0.8968,0.117,0.0076,0.0645,0.0797,0.012,0.209601,0.175736
Jeanfranco Fernandez,SDP,1,0.9423,0.1381,0.0068,0.0588,0.0362,0.01,0.185096,0.187626
Tristan Bissetta,STL,1,0.9312,0.1569,0.0205,0.0769,0.0473,0.01,0.215125,0.262779
Josueth Quinonez,DET,1,0.9293,0.1642,0.0116,0.0728,0.0442,0.015,0.224365,0.237706
Eybert Sanchez,ARI,1,0.9256,0.1478,0.0042,0.0658,0.0529,0.01,0.21161,0.195657
José Peña,BAL,1,0.94,0.1385,0.009,0.0613,0.0385,0.01,0.187808,0.196809
Jarol Capellan,BAL,1,0.941,0.1497,0.0094,0.064,0.0345,0.013,0.198052,0.212115
Cesar Mateo,TEX,1,0.9406,0.1455,0.0096,0.0667,0.0379,0.01,0.194235,0.210398
Harold Rivas,BAL,1,0.9341,0.1392,0.0127,0.0661,0.0444,0.01,0.194436,0.211433
Eddie Rynders,PIT,1,0.9284,0.1384,0.0131,0.0681,0.0501,0.01,0.199357,0.221025
Reyli Mariano,LAD,1,0.9222,0.1435,0.0105,0.0737,0.0563,0.01,0.210706,0.215029
Gavin Turley,ATH,1,0.921,0.1552,0.0218,0.0784,0.0575,0.01,0.223662,0.266232
Jaims Martinez,CHC,1,0.9245,0.1375,0.0083,0.0687,0.054,0.01,0.20237,0.199243
Angel Barboza,CIN,1,0.9277,0.134,0.0084,0.0615,0.0488,0.012,0.195641,0.189285
Ezequiel Pena,CHC,1,0.9315,0.1561,0.0046,0.067,0.048,0.009,0.21402,0.205368
Luis Nunez,TOR,1,0.9365,0.147,0.01,0.0656,0.042,0.01,0.199859,0.212173
Elias Medina,LAD,1,0.9439,0.1507,0.0182,0.0751,0.0346,0.01,0.196143,0.240492
Santiago Solarte,MIA,1,0.9473,0.1472,0.015,0.069,0.0302,0.011,0.189214,0.224533
Jorge Ramirez,,1,0.9379,0.1301,0.0109,0.0568,0.0386,0.012,0.18148,0.192131
Allen Ajoti,LAD,1,0.9459,0.1287,0.0202,0.069,0.0316,0.011,0.17204,0.217253
Emmanuel Martinez,KCR,1,0.9362,0.1338,0.0074,0.0601,0.0423,0.01,0.186904,0.186071
Ryan Reckley,SFG,1,0.9261,0.1453,0.0077,0.0615,0.0524,0.01,0.208597,0.209589
Gregory Pio,SEA,1,0.9366,0.1358,0.0112,0.0638,0.0429,0.009,0.188511,0.201473
Moises Polanco,MIL,1,0.9181,0.1458,0.0059,0.0676,0.0604,0.01,0.217134,0.202919
Juan Parra,PHI,1,0.9265,0.1426,0.0106,0.0678,0.051,0.011,0.205484,0.210469
Yordani Soto,CHW,1,0.9365,0.1379,0.0085,0.0625,0.041,0.011,0.19072,0.195195
Djean Macares,SFG,1,0.9201,0.1438,0.0054,0.0615,0.0554,0.013,0.213116,0.199217
Luis Aguilera,DET,1,0.9403,0.158,0.0055,0.0649,0.0382,0.01,0.20709,0.210465
Daniel Rodriguez,TEX,1,0.9257,0.1309,0.0055,0.0599,0.0518,0.011,0.194537,0.180512
Canon Reeder,PIT,1,0.9084,0.1394,0.0091,0.0702,0.0691,0.011,0.220448,0.208939
Wilfri De La Cruz,BAL,1,0.9193,0.1256,0.0053,0.0601,0.0592,0.01,0.195641,0.175242
Miguel Sosa,PIT,1,0.9084,0.1533,0.0147,0.078,0.0691,0.011,0.234408,0.246037
Brady Counsell,ARI,1,0.9246,0.1624,0.0128,0.0771,0.0519,0.012,0.227277,0.249189
Christopher Alvarado,BOS,1,0.9227,0.1447,0.0057,0.0662,0.0548,0.011,0.211409,0.199848
Fabian Gonzalez,SEA,1,0.9286,0.1266,0.0052,0.0581,0.0489,0.011,0.187305,0.171118
Parker Brosius,ATL,1,0.922,0.153,0.0181,0.0804,0.0535,0.013,0.220448,0.253037
D'Angelo Ortiz,BOS,1,0.9316,0.1809,0.0086,0.0747,0.0479,0.009,0.238827,0.253542
Leni Done,NYY,1,0.939,0.1461,0.0115,0.0673,0.0355,0.014,0.196445,0.214377
Javier Acevedo,PIT,1,0.9244,0.1302,0.0091,0.0631,0.0541,0.01,0.195139,0.190177
Edwin Sanchez,HOU,1,0.8944,0.1254,0.0172,0.0754,0.0801,0.014,0.220448,0.219589
Manuel Vasquez,BAL,1,0.938,0.125,0.0086,0.0569,0.0405,0.01,0.176258,0.177719
Jose Robledo,,1,0.9474,0.1466,0.0062,0.0615,0.0311,0.01,0.188511,0.198121
Yunior Amparo,NYM,1,0.9325,0.1427,0.0163,0.071,0.045,0.011,0.199558,0.225416
Manolfi Jimenez,PHI,1,0.9445,0.1759,0.0173,0.0791,0.034,0.01,0.22085,0.275913
Elian Rosario,TEX,1,0.9386,0.1378,0.0168,0.0662,0.0369,0.013,0.188511,0.219582
Pedro Catuy,ARI,1,0.9405,0.1692,0.0157,0.079,0.038,0.01,0.218138,0.261563
Carlos Benavides,DET,1,0.9474,0.1334,0.0095,0.0594,0.0281,0.013,0.175254,0.193266
Franchely Silverio,HOU,1,0.9464,0.1531,0.0095,0.0647,0.0321,0.01,0.196043,0.21492
Nauris De La Cruz,WSN,1,0.923,0.1447,0.0123,0.0697,0.0555,0.01,0.211108,0.21831
Angel Brachi,MIA,1,0.9303,0.1609,0.0032,0.0649,0.0432,0.015,0.220046,0.207352
Brainerh Palacios,TBR,1,0.9402,0.1286,0.0098,0.0592,0.0383,0.01,0.177664,0.186556
Carlos Rubecindo,BAL,1,0.942,0.1459,0.0104,0.0642,0.0355,0.011,0.193231,0.210828
Yoander Santana,PIT,1,0.9274,0.1539,0.0069,0.0691,0.0501,0.011,0.215928,0.218029
Kale Fountain,SDP,1,0.9262,0.1501,0.0183,0.0761,0.0503,0.012,0.213317,0.245195
Edgardo Gutierrez,BOS,1,0.9476,0.1333,0.0137,0.0617,0.0289,0.012,0.174952,0.202934
Juan Rujano,STL,1,0.9411,0.1316,0.0117,0.06,0.0354,0.012,0.179773,0.195728
Luis Ramon King,KCR,1,0.9352,0.1378,0.0194,0.0714,0.0423,0.011,0.191925,0.229256
Helvin Mendoza,LAD,1,0.9251,0.1416,0.0135,0.0728,0.0504,0.013,0.205885,0.21695
Humberto Tiberi,LAA,1,0.9458,0.128,0.0117,0.0566,0.0317,0.011,0.171437,0.189892
Victor Marquez,PIT,1,0.9194,0.1253,0.0092,0.0633,0.0581,0.011,0.19524,0.183924
Yorvin Morla,SDP,1,0.9202,0.1424,0.0046,0.0641,0.0573,0.011,0.21161,0.191589
Victor Valdez,TBR,1,0.9452,0.1465,0.0065,0.0613,0.0313,0.012,0.19062,0.198053
Wilton Guerrero Jr.,PIT,1,0.9484,0.1638,0.004,0.0643,0.0291,0.011,0.204781,0.21046
Jose Dickson,DET,1,0.9363,0.1383,0.0075,0.0623,0.0422,0.01,0.191323,0.194489
Juan Rojas,HOU,1,0.9184,0.1349,0.0072,0.0648,0.0591,0.011,0.205885,0.19142
Anderson Navas,PHI,1,0.9545,0.143,0.0158,0.0659,0.024,0.01,0.177764,0.221896
Jonathan Rivero,PIT,1,0.9374,0.1393,0.0082,0.0621,0.0411,0.01,0.191222,0.196714
Yorvit Diaz,ATH,1,0.9321,0.162,0.0044,0.065,0.0464,0.01,0.219343,0.212209
Anthony Millan,HOU,1,0.9254,0.1341,0.0117,0.0671,0.0531,0.01,0.198052,0.204344
Guillermo Batista,DET,1,0.9232,0.1362,0.01,0.0659,0.0543,0.011,0.20237,0.202881
Broedy Poppell,SFG,1,0.926,0.1533,0.0157,0.0701,0.0505,0.012,0.216732,0.24568
Gregory Duran,MIN,1,0.9236,0.1555,0.02,0.0783,0.0539,0.011,0.221352,0.262343
Cristian Jauregui,PIT,1,0.9284,0.1655,0.0137,0.0774,0.0471,0.013,0.226574,0.255278
Jhorman Bravo,BOS,1,0.9346,0.1485,0.0083,0.0677,0.0449,0.009,0.203274,0.208324
Grayson Fitzwater,CHW,1,0.9335,0.1575,0.0239,0.0786,0.044,0.011,0.213418,0.271987
Hudson White,BOS,1,0.9237,0.1635,0.0142,0.0771,0.0528,0.012,0.229286,0.260041
Geuri Lubo,CHC,1,0.9395,0.1619,0.0172,0.0768,0.038,0.011,0.211811,0.259287
Adolfo Sanchez,CIN,1,0.9236,0.1571,0.0181,0.0769,0.0539,0.011,0.222959,0.258229
Jhonael Cuello,NYM,1,0.9498,0.1528,0.0134,0.0713,0.0297,0.009,0.192327,0.229101
Diego Martinez,MIA,1,0.9363,0.1268,0.0149,0.0629,0.0412,0.011,0.179773,0.201431
PJ Morlando,MIA,1,0.9171,0.1514,0.0173,0.0755,0.0614,0.01,0.223762,0.249482
Edward Lantigua,NYM,1,0.9284,0.1403,0.0125,0.0691,0.0471,0.013,0.201265,0.213378
Johan Fernandez,ARI,1,0.9385,0.1309,0.0119,0.0631,0.039,0.011,0.181681,0.19691
Jeremy Suriel,ARI,1,0.9365,0.1485,0.0127,0.0714,0.041,0.011,0.201366,0.224666
Jhon Gil,LAD,1,0.932,0.1483,0.0107,0.0718,0.0455,0.011,0.205684,0.214914
Diomar Hidalgo,BOS,1,0.9326,0.1385,0.007,0.0622,0.0449,0.011,0.19524,0.191937
Harold Gonzalez,LAD,1,0.9172,0.1407,0.008,0.0709,0.0613,0.01,0.212916,0.200829
Diego Avila,LAA,1,0.9478,0.1276,0.0122,0.0563,0.0307,0.01,0.169027,0.189491
Victor Saez,BAL,1,0.942,0.1251,0.0083,0.0561,0.0365,0.01,0.172341,0.176858
Jhonny Chaparro,STL,1,0.9371,0.1314,0.0079,0.0584,0.0404,0.011,0.183589,0.184505
Robert Lantigua,ARI,1,0.9405,0.1341,0.0101,0.0626,0.038,0.01,0.182886,0.194684
Alfred Ciriaco,NYY,1,0.9289,0.1419,0.0081,0.065,0.0456,0.014,0.20237,0.199914
Anderber Urbina,BOS,1,0.9436,0.1443,0.0078,0.0622,0.0349,0.01,0.190017,0.20284
Yahil Melendez,CHC,1,0.9235,0.1395,0.0094,0.0673,0.053,0.012,0.205383,0.208879
Sebastian Saenz,PHI,1,0.9495,0.1469,0.0087,0.0623,0.028,0.011,0.186703,0.20337
Aaron Graeber,LAA,1,0.9439,0.1547,0.0213,0.071,0.0356,0.009,0.200161,0.257654
Axell Herrera,BOS,1,0.9416,0.1571,0.0072,0.0651,0.0369,0.01,0.204881,0.213042
Luis Corobo,MIL,1,0.9322,0.1243,0.0115,0.061,0.0463,0.01,0.18138,0.187621
Anthony Marquez,SFG,1,0.929,0.1473,0.0054,0.0597,0.0495,0.01,0.207693,0.200323
Svert Reinoso,CLE,1,0.9342,0.1419,0.0089,0.0637,0.0443,0.01,0.197047,0.204881
Wilker Rosales,LAA,1,0.9172,0.1317,0.0081,0.0612,0.0603,0.011,0.203877,0.187963
Isaias Castillo,NYY,1,0.9441,0.1348,0.0201,0.0697,0.0344,0.01,0.179974,0.229001
Jeiker Gudino,DET,1,0.9273,0.1183,0.0081,0.0582,0.0462,0.015,0.180275,0.17125
Roybert Herrera,NYM,1,0.9447,0.1466,0.0173,0.0692,0.0328,0.011,0.191222,0.230232
Leonardo Sevilla,ARI,1,0.9266,0.1485,0.0062,0.0688,0.0519,0.01,0.211309,0.203972
Andrew Williamson,STL,1,0.9263,0.1651,0.0246,0.0837,0.0502,0.012,0.228282,0.286948
Luis Garcia,CLE,1,0.918,0.1309,0.0072,0.064,0.0615,0.009,0.20227,0.190414
Angel Nuñez,CIN,1,0.9297,0.143,0.0149,0.07,0.0488,0.01,0.202671,0.223728
Railin Tea,BAL,1,0.94,0.1443,0.0075,0.0623,0.0365,0.012,0.193633,0.201064
Carlos Martinez,CLE,1,0.9463,0.1305,0.0083,0.0574,0.0302,0.012,0.173446,0.184614
Luis Morejon,COL,1,0.9163,0.1735,0.0125,0.0801,0.0582,0.014,0.246761,0.260286
AJ Soldra,LAD,1,0.9369,0.1604,0.0199,0.0807,0.0396,0.012,0.212916,0.264062
Daniel Hernandez,WSN,1,0.9527,0.1471,0.0079,0.0598,0.0258,0.01,0.18369,0.200273
Samil Serrano,WSN,1,0.9369,0.1483,0.0144,0.0688,0.0416,0.01,0.200763,0.228306
Marcelo Alcala,CHW,1,0.9275,0.1251,0.0168,0.0668,0.046,0.015,0.186904,0.212722
Myles Naylor,ATH,1,0.921,0.1539,0.016,0.075,0.0605,0.007,0.222356,0.253203
Daniel Pena,MIN,1,0.9226,0.1592,0.0143,0.0751,0.0539,0.012,0.226072,0.247778
Angel Guzman,SFG,1,0.9072,0.1588,0.0173,0.076,0.0703,0.011,0.241137,0.263999
Jesus Teran,HOU,1,0.9354,0.1174,0.0103,0.0589,0.0411,0.012,0.171236,0.175005
Robert Alvarez,CLE,1,0.9362,0.1221,0.0082,0.0568,0.0423,0.01,0.175153,0.174001
Maykel Coret,TBR,1,0.9432,0.1419,0.0146,0.0662,0.0343,0.011,0.188008,0.218299
Dylan Guzman,CHC,1,0.9335,0.1391,0.0055,0.0643,0.045,0.01,0.194938,0.188752
Eduardo Gonzalez,CHC,1,0.9425,0.1509,0.0107,0.0675,0.036,0.01,0.19775,0.216976
Frelian Flores,TOR,1,0.9485,0.1517,0.0098,0.0634,0.03,0.01,0.192528,0.211597
Frankeli Mesta,PIT,1,0.9284,0.147,0.0121,0.0691,0.0511,0.009,0.207994,0.219302
Warren Calcaño,KCR,1,0.9342,0.1375,0.0066,0.0623,0.0443,0.01,0.192628,0.191394
Santiago Leon,MIN,1,0.9287,0.1306,0.006,0.06,0.0488,0.011,0.191222,0.181436
Meykel Baro,BAL,1,0.94,0.1257,0.0141,0.0611,0.0385,0.01,0.174952,0.196915
Jesus Linares,ARI,1,0.9226,0.1213,0.0075,0.062,0.0549,0.011,0.188008,0.173965
Yulian Barreto,SFG,1,0.9339,0.1518,0.0054,0.0589,0.0426,0.012,0.207291,0.202591
Jeremiah Jenkins,SFG,1,0.9171,0.1505,0.0192,0.0736,0.0604,0.011,0.222858,0.260277
Israfell Bautista,TBR,1,0.9291,0.1394,0.0066,0.065,0.0504,0.009,0.199659,0.19126
Tytus Cissell,ARI,1,0.9395,0.1534,0.007,0.0685,0.036,0.013,0.203274,0.212773
Clay Burdette,CHW,1,0.9325,0.1479,0.0164,0.0727,0.044,0.012,0.204781,0.240751
Enmanuel Bonilla,TOR,1,0.9385,0.154,0.0165,0.0719,0.04,0.01,0.204881,0.242941
Derek Datil,TBR,1,0.9291,0.1551,0.0107,0.0706,0.0494,0.01,0.215426,0.23033
Jesmaylin Arias,SDP,1,0.9312,0.1548,0.014,0.0729,0.0463,0.011,0.213016,0.241302
Heins Brito,CLE,1,0.9452,0.1419,0.0053,0.0587,0.0333,0.01,0.186,0.189695
Jose Barrios,MIN,1,0.9389,0.1455,0.0084,0.0634,0.0386,0.011,0.195943,0.203749
Jose Rodriguez,ARI,1,0.9315,0.1223,0.0121,0.0624,0.044,0.013,0.180074,0.187762
Alexander Huerta,HOU,1,0.9414,0.1229,0.0085,0.057,0.0351,0.012,0.170734,0.175802
Sami Manzueta,HOU,1,0.9294,0.1315,0.0137,0.0663,0.0481,0.011,0.191423,0.206908
Sebastian Maldonado,SDP,1,0.9413,0.1284,0.0073,0.0572,0.0372,0.01,0.176358,0.179008
Adriander Mejía,BAL,1,0.9302,0.1726,0.0121,0.0744,0.0483,0.01,0.231897,0.255644
Carter Mathison,PHI,1,0.9205,0.1433,0.0244,0.0817,0.056,0.012,0.212213,0.26138
Alfredo Guanchez,ARI,1,0.9286,0.1409,0.0123,0.0693,0.0499,0.01,0.201667,0.213547
Roberto Saucedo,LAD,1,0.9419,0.1268,0.0137,0.0644,0.0366,0.01,0.174149,0.196093
Carlos  Garces,CLE,1,0.908,0.1394,0.0092,0.071,0.0645,0.016,0.22085,0.207709
Trey Faltine,CIN,1,0.9236,0.1508,0.0146,0.0752,0.0539,0.011,0.216632,0.251949
Cooper McMurray,ATL,1,0.9171,0.158,0.0184,0.0799,0.0614,0.01,0.230391,0.261804
Feldi Tavarez,WSN,1,0.9418,0.1294,0.0139,0.0619,0.0367,0.01,0.17686,0.199936
Lucas Ramirez,LAA,1,0.935,0.152,0.0136,0.0677,0.0435,0.01,0.206387,0.238289
Frank Moreno,NYM,1,0.9357,0.1263,0.0099,0.0603,0.0388,0.014,0.179873,0.184568
Paulo Asprilla,STL,1,0.9401,0.1311,0.0076,0.057,0.0384,0.01,0.180275,0.181151
Danny Cancro,COL,1,0.9301,0.1655,0.0072,0.0716,0.0464,0.012,0.224867,0.230835
Luis Thomas,CHC,1,0.9375,0.1507,0.0063,0.0665,0.041,0.01,0.202571,0.20256
Freyerso Vasquez,BOS,1,0.9366,0.1439,0.0118,0.0663,0.0399,0.012,0.196646,0.214072
David Guzman,TOR,1,0.9275,0.1506,0.0128,0.0705,0.049,0.012,0.212514,0.227278
Sebastian Mendez,HOU,1,0.9384,0.1432,0.005,0.0649,0.0401,0.01,0.194135,0.191176
Randy Arias,HOU,1,0.9244,0.1237,0.0055,0.0604,0.0541,0.01,0.188611,0.172977
Ruben Castillo,NYY,1,0.936,0.1339,0.0143,0.0668,0.0385,0.014,0.187205,0.209829
Yoxander Benitez,SFG,1,0.931,0.147,0.0042,0.0584,0.0485,0.009,0.205383,0.196241
Diego Natera,CHW,1,0.9345,0.1149,0.0112,0.0576,0.043,0.011,0.169629,0.175923
Mason Neville,CIN,1,0.9256,0.1418,0.0268,0.0787,0.0539,0.009,0.205584,0.268907
Juan Rijo,SEA,1,0.9396,0.1323,0.0102,0.0603,0.0389,0.01,0.181983,0.193912
Diego Contreras,SEA,1,0.9336,0.1531,0.0069,0.0655,0.0439,0.011,0.208898,0.208655
Samil Dishmey,LAA,1,0.933,0.1588,0.0153,0.0779,0.0455,0.01,0.215225,0.247267
Enmanuel Merlo,MIN,1,0.9419,0.1475,0.0081,0.0621,0.0366,0.01,0.194938,0.20448
Joseph Sequera,,1,0.9314,0.1284,0.009,0.061,0.0451,0.012,0.186301,0.186708
Yadier Fuentes,NYM,1,0.9376,0.125,0.0098,0.0593,0.0399,0.011,0.17666,0.181527
Luis Frias,SFG,1,0.9429,0.1491,0.0089,0.0601,0.0356,0.01,0.195541,0.211051
Hector Hernandez,CHW,1,0.9405,0.1391,0.0125,0.0643,0.036,0.012,0.187908,0.207656
Bralyn Brazoban,PIT,1,0.9344,0.148,0.0103,0.0675,0.0451,0.009,0.202973,0.22271
Joshua Francis,SEA,1,0.9416,0.1391,0.0059,0.0595,0.0359,0.011,0.186803,0.187766
Jesus Morales,KCR,1,0.9342,0.1238,0.0074,0.0581,0.0443,0.01,0.178869,0.175337
Luis De Leon,SDP,1,0.9192,0.1363,0.0055,0.0632,0.0583,0.011,0.206488,0.185814
Roberto Gabot,BAL,1,0.9341,0.1286,0.0063,0.0578,0.0434,0.011,0.18379,0.176534
Alejandro Pereira,ATH,1,0.9422,0.138,0.007,0.0583,0.0333,0.013,0.185096,0.18945
Dario Laverde,LAA,1,0.928,0.1687,0.0138,0.0733,0.0505,0.01,0.23019,0.259267
Carlos De Los Santos,MIA,1,0.9433,0.1528,0.0122,0.0657,0.0352,0.01,0.198855,0.221881
Joel Dragoo,PHI,1,0.8986,0.144,0.0089,0.0746,0.0799,0.01,0.23491,0.223236
Liordanys Menendez,LAA,1,0.9379,0.1451,0.0049,0.0586,0.0396,0.011,0.196545,0.193198
Abel De Leon,CHC,1,0.9375,0.1219,0.0114,0.0602,0.04,0.011,0.173647,0.183467
Mulivai Levu,CIN,1,0.9348,0.1666,0.0223,0.0799,0.0427,0.011,0.221251,0.277386
Gabriel Porras,TOR,1,0.9285,0.1369,0.0069,0.0618,0.05,0.01,0.19775,0.189661
Pedro Roque,KCR,1,0.9332,0.1425,0.0078,0.0651,0.0453,0.01,0.198654,0.203386
Agustin Acosta,LAD,1,0.932,0.1365,0.016,0.0718,0.0445,0.012,0.193833,0.219742
Yorman Licourt,TOR,1,0.9245,0.1377,0.02,0.0726,0.055,0.009,0.202571,0.240562
Adriel Radney,ARI,1,0.9316,0.1625,0.0107,0.0736,0.0469,0.01,0.220347,0.240339
Brooks Bryan,KCR,1,0.9302,0.1741,0.0147,0.0794,0.0473,0.011,0.233404,0.268329
Yorber Semprun,NYM,1,0.9396,0.1496,0.0071,0.0651,0.0389,0.01,0.199357,0.205407
Givian Sirvania,BOS,1,0.9366,0.162,0.009,0.0708,0.0399,0.012,0.214824,0.233291
Camilo Diaz,HOU,1,0.9384,0.1315,0.0134,0.0661,0.0411,0.009,0.182384,0.207268
Ricki Moneys,MIL,1,0.9322,0.1319,0.0091,0.0629,0.0463,0.01,0.189013,0.192877
Sean Barnett,SDP,1,0.9232,0.1564,0.0236,0.081,0.0523,0.013,0.222657,0.27383
Jhon Gonzalez,MIN,1,0.9521,0.1504,0.0095,0.0625,0.0264,0.01,0.187607,0.213213
Yeison Oviedo,SFG,1,0.9458,0.1571,0.0044,0.0569,0.0327,0.01,0.200663,0.203214
Abraham Bastidas,SDP,1,0.9222,0.1321,0.0085,0.0631,0.0513,0.015,0.199257,0.190848
Enyervert Perez,ARI,1,0.9286,0.1651,0.0161,0.0783,0.0479,0.012,0.225972,0.261577
Engelth Urena,NYY,1,0.9127,0.1529,0.0167,0.0794,0.0658,0.01,0.229688,0.254958
Starlin Aguilar,SEA,1,0.9449,0.165,0.0184,0.0714,0.0346,0.009,0.209501,0.261615
Jose Manon,ATL,1,0.9488,0.1476,0.0073,0.0642,0.0287,0.011,0.188109,0.200253
Ricky Duran,ATH,1,0.9311,0.1541,0.0044,0.0637,0.0474,0.01,0.212413,0.201267
Jack Valbrune,HOU,1,0.9254,0.1495,0.0104,0.0695,0.0531,0.01,0.213518,0.216771
C.J. Pittaro,ATH,1,0.9149,0.1691,0.0074,0.0734,0.0626,0.011,0.243748,0.241994
Jesús  Pérez,STL,1,0.946,0.1493,0.0111,0.0643,0.0325,0.01,0.192628,0.216279
Cesar Acosta,NYM,1,0.9406,0.1237,0.0096,0.0587,0.0389,0.009,0.172341,0.184563
David Carrera,NYY,1,0.9167,0.139,0.0144,0.0711,0.0618,0.01,0.21171,0.220465
Samuell Sanchez,DET,1,0.9192,0.1188,0.0157,0.0658,0.0563,0.013,0.188912,0.200283
Jeans Carrizalez,HOU,1,0.9414,0.1163,0.0113,0.0568,0.0351,0.012,0.164106,0.176014
Cristian Montilla,MIL,1,0.9392,0.1529,0.0044,0.0632,0.0393,0.01,0.203073,0.201022
Angeni Fernandez,MIL,1,0.9352,0.143,0.0114,0.0667,0.0423,0.011,0.197148,0.210009
Victor Rodriguez,LAA,1,0.9409,0.148,0.0181,0.0688,0.0376,0.01,0.196445,0.245403
Frandy Guillen,BAL,1,0.9479,0.1427,0.0108,0.061,0.0306,0.01,0.184092,0.203713
Alexander Ramirez,CHC,1,0.9315,0.1626,0.023,0.0836,0.048,0.009,0.220548,0.281481
Freider Rojas,MIL,1,0.9241,0.1152,0.0084,0.0584,0.0544,0.01,0.180376,0.169246
Dennys Riera,SFG,1,0.9478,0.1496,0.0097,0.0592,0.0267,0.014,0.191122,0.213336
Johan Gomez,CHC,1,0.9475,0.1266,0.0117,0.0599,0.029,0.012,0.168324,0.188074
Aiverson Barazarte,ATH,1,0.9271,0.125,0.0072,0.0578,0.0484,0.013,0.187205,0.175386
Julio Zayas,NYM,1,0.9232,0.1589,0.0161,0.0766,0.0563,0.009,0.225168,0.2513
Yeiker Reyes,COL,1,0.9253,0.1751,0.0099,0.0779,0.0542,0.009,0.239329,0.254188
Jack Wheeler,TEX,1,0.9506,0.1398,0.014,0.0622,0.0279,0.01,0.178467,0.211761
Jose Flores,BAL,1,0.9341,0.1137,0.0072,0.0534,0.0444,0.01,0.168826,0.161118
Yonathan Aro,LAA,1,0.9429,0.1186,0.0102,0.0535,0.0346,0.011,0.164909,0.174992
Gregory Rodriguez,TBR,1,0.9462,0.1245,0.0083,0.0557,0.0333,0.009,0.16752,0.178503
Jose Marcano,TEX,1,0.9327,0.1601,0.0139,0.0715,0.0458,0.01,0.216832,0.238662
José Rodríguez,MIL,1,0.9402,0.1411,0.0062,0.0603,0.0383,0.01,0.190218,0.190279
Eli Lovich,CHC,1,0.9295,0.149,0.0153,0.0733,0.05,0.009,0.208898,0.238193
Juan Brima,ARI,1,0.9206,0.1353,0.0086,0.0662,0.0589,0.009,0.204078,0.196502
Fidel Montero,CHW,1,0.9265,0.1323,0.0189,0.0699,0.051,0.011,0.195139,0.222882
Bryan Rodriguez,COL,1,0.937,0.1396,0.0123,0.0653,0.0375,0.014,0.191925,0.210459
Moises Morales,MIA,1,0.9312,0.121,0.0097,0.0583,0.0463,0.011,0.17907,0.179338
Yairo Padilla,STL,1,0.9342,0.1783,0.0104,0.0775,0.0443,0.01,0.233604,0.260972
Adbiel Feliz,PIT,1,0.9194,0.1443,0.0039,0.0653,0.0601,0.009,0.214322,0.191538
Moises Salazar,MIL,1,0.9242,0.1114,0.0119,0.0594,0.0493,0.015,0.176459,0.17507
Esterling Rodriguez,PHI,1,0.9325,0.14,0.0153,0.0697,0.046,0.01,0.196846,0.221233
Endy Rios,SDP,1,0.9463,0.1489,0.0071,0.0616,0.0332,0.009,0.191925,0.203107
Carlos Rondon,NYY,1,0.9289,0.107,0.0116,0.0571,0.0486,0.011,0.167319,0.167187
Dawvris Brito,BOS,1,0.9436,0.1369,0.0076,0.0596,0.0339,0.011,0.182585,0.192878
Raul Pereira,TEX,1,0.9426,0.1346,0.0037,0.0548,0.0359,0.01,0.181279,0.176109
Armando Lao,DET,1,0.9413,0.122,0.0077,0.0554,0.0352,0.012,0.169931,0.170934
Sebastian Franeites,MIL,1,0.9332,0.1154,0.0125,0.059,0.0443,0.011,0.171437,0.181419
Abel Lorenzo,LAD,1,0.9429,0.1614,0.0142,0.0777,0.0346,0.011,0.207894,0.245731
Junior Suriel,LAA,1,0.9389,0.1558,0.0098,0.0665,0.0396,0.01,0.206287,0.221536
Manni Ramirez,TEX,1,0.9436,0.1467,0.0201,0.0698,0.0349,0.01,0.192427,0.241204
Emilio Sanchez,BAL,1,0.9213,0.1178,0.0036,0.056,0.0572,0.01,0.185799,0.15782
Luis Leon,MIA,1,0.9323,0.1378,0.0137,0.0674,0.0452,0.011,0.194838,0.216883
Sebastian Romero,CHW,1,0.9495,0.1323,0.0209,0.0653,0.027,0.012,0.17204,0.222433
Alessander De La Cruz,COL,1,0.9302,0.168,0.0183,0.0797,0.0483,0.01,0.227277,0.269727
Johenssy Colome,ATH,1,0.9281,0.1326,0.0083,0.0613,0.0474,0.013,0.193833,0.192221
Dexters Peralta,NYY,1,0.94,0.1242,0.0139,0.0619,0.0385,0.01,0.173446,0.194787
Rodny Rosario,CLE,1,0.9311,0.1339,0.0071,0.0605,0.0474,0.01,0.192126,0.188272
Yojanser Calzado,CIN,1,0.9307,0.1435,0.0085,0.0657,0.0488,0.009,0.202169,0.202106
Raymer Medina,TBR,1,0.9331,0.1291,0.0047,0.0576,0.0464,0.009,0.185297,0.174365
Rey Cruz,PHI,1,0.9385,0.1299,0.0089,0.0599,0.038,0.012,0.180677,0.184443
Austin Green,NYY,1,0.9289,0.1579,0.0125,0.0732,0.0486,0.011,0.218439,0.238239
Landyn Vidourek,COL,1,0.9095,0.1338,0.0154,0.0735,0.071,0.008,0.213719,0.225618
Gabriel Lopez,COL,1,0.9381,0.1412,0.0103,0.0641,0.0404,0.01,0.192427,0.206481
Angel Mejia,SDP,1,0.9383,0.12,0.0072,0.0552,0.0392,0.011,0.170935,0.167857
Carlos Vielma,COL,1,0.9223,0.1586,0.006,0.0686,0.0552,0.011,0.225771,0.217717
Deivis Velasquez,PHI,1,0.9305,0.1211,0.0108,0.0607,0.047,0.011,0.179873,0.182697
Andy Mata,DET,1,0.9363,0.1382,0.0073,0.0615,0.0402,0.012,0.191222,0.194062
Jack Lines,TBR,1,0.9231,0.142,0.0113,0.0692,0.0474,0.018,0.208296,0.219478
Enny Rodriguez,DET,1,0.9343,0.1353,0.0097,0.0633,0.0442,0.01,0.190318,0.198758
Jeyson Horton,LAA,1,0.928,0.1315,0.0069,0.0581,0.0495,0.011,0.192829,0.182004
Juan Montero,BOS,1,0.9137,0.1593,0.0117,0.0762,0.0618,0.013,0.235111,0.248331
Francisco Del Campo,MIA,1,0.9342,0.1222,0.0088,0.0573,0.0433,0.011,0.177262,0.178013
Misael Mojica,WSN,1,0.9299,0.1421,0.0088,0.0641,0.0476,0.011,0.201567,0.202602
Moises Bolivar,LAD,1,0.9429,0.1395,0.0166,0.0695,0.0366,0.009,0.185899,0.220384
Enyerberth Guevara,PIT,1,0.9384,0.1274,0.0097,0.059,0.0381,0.012,0.178267,0.184463
Juan Figueroa,PIT,1,0.9284,0.1448,0.0087,0.0665,0.0501,0.01,0.205785,0.205299
Geomaikel Martinez,BOS,1,0.9486,0.1667,0.0102,0.0681,0.0289,0.011,0.207492,0.236348
Arlenn Manzanillo,ATL,1,0.9369,0.1218,0.0091,0.059,0.0416,0.01,0.174149,0.176967
Carlos Done,TEX,1,0.9426,0.1303,0.0135,0.061,0.0359,0.01,0.176961,0.202631
Jadyn Fielder,HOU,1,0.9104,0.1466,0.0144,0.0772,0.0621,0.016,0.22567,0.240224
Josh Hogue,MIA,1,0.9272,0.1618,0.0156,0.0748,0.0503,0.011,0.224063,0.253991
Jhostin Genao,TEX,1,0.9386,0.1331,0.0087,0.0601,0.0389,0.011,0.18379,0.189751
Juan Macero,LAD,1,0.939,0.1493,0.0054,0.0662,0.0395,0.01,0.199659,0.198616
Joscar Hernandez,ARI,1,0.9295,0.1346,0.0108,0.0674,0.045,0.014,0.194436,0.201937
Darison Garcia,KCR,1,0.9151,0.1281,0.0046,0.0637,0.0634,0.01,0.20237,0.176811
Yeisy Celesten,TEX,1,0.9237,0.1452,0.0171,0.0715,0.0548,0.01,0.210907,0.235466
Rony Bello,WSN,1,0.9408,0.1475,0.0092,0.0655,0.0357,0.012,0.196043,0.208546
Kenneth Melendez,NYY,1,0.936,0.115,0.0078,0.0553,0.0425,0.01,0.168223,0.164637
Eddson Martinez,SDP,1,0.9171,0.1443,0.0072,0.0674,0.0604,0.011,0.216632,0.205757
William Ferrufino,COL,1,0.942,0.1615,0.0107,0.0707,0.0335,0.013,0.208898,0.236943
Cristian Perez,DET,1,0.9423,0.148,0.0195,0.0709,0.0362,0.01,0.195039,0.2409
Angel Suarez,ARI,1,0.9106,0.1294,0.004,0.0648,0.0669,0.011,0.208195,0.175818
Fabian Alcantara,SDP,1,0.9373,0.1246,0.0203,0.0662,0.0412,0.01,0.176559,0.214446
Casey Martin,MIL,1,0.9281,0.1612,0.0172,0.0801,0.0504,0.01,0.222557,0.271522
Wilber Reinoso,CLE,1,0.9442,0.1391,0.0083,0.0608,0.0343,0.01,0.184192,0.195404
Corey Cousin,KCR,1,0.9282,0.128,0.0123,0.0643,0.0503,0.01,0.189113,0.197587
Breyias Dean,MIA,1,0.9333,0.1358,0.0137,0.0646,0.0422,0.013,0.191825,0.210543
Jhojan Downer,SDP,1,0.9292,0.1119,0.0061,0.0543,0.0493,0.01,0.171939,0.156371
Pedro Ibarguen,MIL,1,0.91,0.1577,0.0137,0.0786,0.0675,0.011,0.23722,0.247473
Darling Montero,TEX,1,0.9297,0.1293,0.0043,0.0579,0.0468,0.012,0.188912,0.178014
Oswaldo Osorio,LAD,1,0.9182,0.1469,0.0197,0.0805,0.0593,0.011,0.218138,0.250163
Naibel Mariano,CIN,1,0.947,0.1527,0.0103,0.0644,0.0315,0.01,0.195039,0.216579
Esnaider Vargas,WSN,1,0.9537,0.1528,0.0118,0.0651,0.0258,0.009,0.18841,0.221348
Jesus Guerrero,NYY,1,0.9309,0.1078,0.0084,0.0546,0.0446,0.013,0.166114,0.158449
Curley Martha,TEX,1,0.9396,0.1601,0.0114,0.0693,0.0369,0.012,0.209903,0.2351
Freilyn Rodriguez,CLE,1,0.9402,0.1358,0.0077,0.0604,0.0393,0.009,0.184895,0.189747
Antoni Urena,LAD,1,0.9172,0.1178,0.0073,0.0638,0.0613,0.01,0.189917,0.170846
Darell Morel,PIT,1,0.9324,0.1332,0.0068,0.0618,0.0461,0.01,0.190118,0.188653
Ricardo Crespo,SFG,1,0.8973,0.1307,0.0075,0.0629,0.0792,0.012,0.222858,0.19124
Juan Mosqueda,TEX,1,0.9357,0.106,0.0098,0.0531,0.0408,0.012,0.159486,0.15956
Manuel Baez,SEA,1,0.9396,0.1048,0.0074,0.0504,0.0369,0.012,0.154364,0.149745
Johanderson Tarazona,MIL,1,0.9272,0.1085,0.0105,0.0568,0.0493,0.012,0.170533,0.16717
Brayan Cortesia,WSN,1,0.9359,0.1383,0.0044,0.0591,0.0416,0.011,0.191724,0.180789
Freiker Betencourt,CHC,1,0.9275,0.1294,0.0093,0.0641,0.05,0.011,0.191222,0.191267
Leonard Rijo,MIL,1,0.9272,0.1361,0.0054,0.062,0.0493,0.012,0.198252,0.18572
Yojan Coronel,DET,1,0.9464,0.1372,0.0119,0.0623,0.0311,0.011,0.180074,0.202874
Marwin Rivero,KCR,1,0.9392,0.1385,0.0089,0.0628,0.0393,0.01,0.188611,0.196337
Cristopher Polanco,TOR,1,0.9175,0.1113,0.005,0.0558,0.061,0.01,0.183087,0.156294
Jaeden Calderon,PHI,1,0.9225,0.1545,0.0171,0.0788,0.055,0.011,0.221452,0.255393
Brayden Corn,SEA,1,0.9196,0.1241,0.0129,0.0654,0.0579,0.011,0.193833,0.198347
Omar Bustamante,DET,1,0.9383,0.1128,0.0081,0.0544,0.0382,0.012,0.163704,0.16402
Romeli Espinosa,PHI,1,0.9525,0.1463,0.0083,0.062,0.024,0.012,0.183087,0.204199
Carlos Hernandez,CIN,1,0.9357,0.1367,0.0054,0.0591,0.0438,0.009,0.190318,0.183606
Alfiery Matos,NYY,1,0.9319,0.1251,0.0105,0.0628,0.0456,0.011,0.182485,0.185857
Isaac Velasquez,BOS,1,0.9406,0.1223,0.0145,0.0607,0.0359,0.012,0.170935,0.196045
Franklin Merisu,TBR,1,0.9392,0.1343,0.0085,0.0602,0.0403,0.009,0.184393,0.192185
Andres Garza,,1,0.9352,0.1109,0.0088,0.0544,0.0423,0.011,0.164909,0.162532
Caden Merritt,ATL,1,0.922,0.1409,0.0137,0.0734,0.0555,0.011,0.208296,0.225922
Daniel Rojas,STL,1,0.9549,0.1494,0.01,0.0616,0.0246,0.009,0.18379,0.209132
Diego Tornes,ATL,1,0.9428,0.1427,0.0087,0.0652,0.0357,0.01,0.189214,0.203543
Gerlyn Payano,MIL,1,0.9241,0.1206,0.0159,0.0656,0.0534,0.011,0.185799,0.199113
Adrian Feliz,NYY,1,0.937,0.1352,0.0061,0.06,0.0405,0.011,0.187506,0.182818
Junior Castillo,WSN,1,0.9309,0.117,0.0089,0.0563,0.0476,0.01,0.175354,0.170158
Giomar Ubiera,NYM,1,0.9243,0.1163,0.0091,0.0604,0.0522,0.012,0.181279,0.172455
Santiago Almao,TEX,1,0.9297,0.1574,0.0072,0.0673,0.0488,0.01,0.217134,0.217167
Jefferson Vargas,CLE,1,0.9332,0.1231,0.0044,0.055,0.0453,0.01,0.17917,0.164595
Darian Castillo,SDP,1,0.9212,0.148,0.0047,0.0655,0.0553,0.012,0.21623,0.199414
Matias Palacio,TBR,1,0.9261,0.13,0.0048,0.0597,0.0504,0.012,0.193231,0.177951
Santiago Pinto,DET,1,0.9484,0.1555,0.0125,0.0686,0.0301,0.01,0.196445,0.229966
Raunny Figueredo,MIA,1,0.9343,0.1553,0.0135,0.071,0.0402,0.014,0.210405,0.2344
Ronnier Heras,SDP,1,0.9453,0.1351,0.0043,0.056,0.0342,0.009,0.17907,0.175394
Yojancel Cabrera,LAA,1,0.9399,0.1504,0.0111,0.0633,0.0376,0.011,0.199859,0.217896
Daiber De Los Santos,MIN,1,0.9399,0.1194,0.0108,0.0575,0.0376,0.011,0.168726,0.182785
Brandon Vasquez,SFG,1,0.935,0.1565,0.0071,0.0619,0.0445,0.009,0.210907,0.215401
Oliver Chapman,LAD,1,0.936,0.1134,0.0112,0.0599,0.0385,0.014,0.166616,0.173504
Yojackson Laya,LAD,1,0.93,0.1379,0.0053,0.0654,0.0465,0.012,0.197248,0.186344
Dayron Oramas,NYM,1,0.958,0.1529,0.007,0.062,0.0205,0.01,0.184192,0.206785
Abel Sosa,MIN,1,0.9409,0.1524,0.0128,0.0679,0.0376,0.01,0.200864,0.225741
Eider Gutierrez,CIN,1,0.9409,0.1532,0.0195,0.073,0.0336,0.014,0.201667,0.246254
Pedro Silva,SDP,1,0.9352,0.1083,0.0103,0.0546,0.0423,0.011,0.162298,0.163494
Fabian Ulloa,MIN,1,0.9419,0.1582,0.0069,0.0649,0.0366,0.01,0.205684,0.213717
Nishentel Meyers,CIN,1,0.9439,0.1419,0.013,0.0645,0.0326,0.012,0.187305,0.212946
Alam Bruno,ARI,1,0.9355,0.1305,0.0065,0.0603,0.043,0.01,0.184292,0.181507
Alex Rodriguez,TEX,1,0.9217,0.1363,0.01,0.0645,0.0568,0.01,0.203977,0.200499
Rafael Flores,TOR,1,0.9275,0.1405,0.0111,0.0665,0.046,0.015,0.20237,0.208841
Alejandro Cruz,CHW,1,0.9375,0.1298,0.0088,0.0602,0.04,0.011,0.181581,0.1856
Lazaro Morales,SFG,1,0.9439,0.1357,0.0117,0.0581,0.0336,0.011,0.181079,0.20214
Andrés Rivero,SFG,1,0.9488,0.1225,0.0079,0.0505,0.0287,0.011,0.1629,0.172007
Yunior Quezada,LAD,1,0.9449,0.1351,0.0163,0.0684,0.0326,0.011,0.179472,0.214732
Sebastian Espinoza,CLE,1,0.9311,0.1228,0.0113,0.0604,0.0474,0.01,0.180978,0.185372
Nomar Velasquez,CLE,1,0.9352,0.1488,0.01,0.0656,0.0433,0.01,0.202973,0.210436
Frainner Chirinos,BAL,1,0.937,0.1218,0.0132,0.0599,0.0405,0.011,0.174048,0.189114
Osmar Torrealba,CLE,1,0.9181,0.1357,0.0098,0.066,0.0584,0.012,0.20699,0.200196
Heriberto Rincon,NYM,1,0.9488,0.1616,0.011,0.0701,0.0307,0.009,0.202169,0.228078
Víctor Gonzalez,TEX,1,0.9347,0.121,0.012,0.0593,0.0418,0.012,0.175555,0.187547
Maikel Acosta,MIA,1,0.9383,0.1454,0.006,0.0618,0.0382,0.012,0.196445,0.196632
Edgardo Figueroa,WSN,1,0.9468,0.1206,0.0134,0.0578,0.0307,0.011,0.163001,0.18779
Saivel Zayas,TEX,1,0.9466,0.1474,0.0141,0.0657,0.0309,0.011,0.190118,0.224276
Edelson Cabral,ATL,1,0.9349,0.1282,0.0071,0.0602,0.0426,0.011,0.182585,0.179805
Sandy Luciano,KCR,1,0.9352,0.1549,0.0094,0.0677,0.0443,0.009,0.209099,0.219204
Royner Bravo,NYM,1,0.9375,0.1368,0.007,0.0615,0.041,0.01,0.188611,0.190933
Luis Quesada,HOU,1,0.9224,0.1301,0.0177,0.0699,0.0541,0.012,0.197047,0.218127
Pedro Blanco,ARI,1,0.9296,0.1508,0.0193,0.0767,0.0489,0.01,0.210606,0.255809
Gian Zapata,ARI,1,0.9316,0.1386,0.0167,0.071,0.0459,0.011,0.196344,0.224989
Yordani Martinez,MIA,1,0.9262,0.1321,0.0064,0.0626,0.0503,0.012,0.19524,0.187217
Ronald Terrero,BAL,1,0.943,0.136,0.0045,0.056,0.0355,0.01,0.182284,0.178791
Roiner Quintana,HOU,1,0.9314,0.1393,0.0127,0.0679,0.0471,0.01,0.197248,0.211939
Leudy Arache,COL,1,0.9509,0.1669,0.0093,0.0678,0.0286,0.009,0.205383,0.231886
Gabriel Rosario,BAL,1,0.9311,0.1323,0.0181,0.0669,0.0454,0.012,0.190519,0.218451
Euris Acosta,WSN,1,0.9478,0.1514,0.0059,0.063,0.0297,0.011,0.19293,0.198565
Sandy Presbot,MIA,1,0.9322,0.1339,0.0089,0.0662,0.0463,0.01,0.191021,0.193199
Daniel Mielcarek,LAD,1,0.9281,0.1229,0.0154,0.0676,0.0504,0.01,0.184092,0.199655
Renso Tenas,KCR,1,0.9362,0.1377,0.0053,0.0599,0.0403,0.012,0.190821,0.18479
Jose Colina,CIN,1,0.9419,0.1391,0.0135,0.064,0.0366,0.01,0.186502,0.208515
Armstrong Muhoozi,PIT,1,0.9404,0.1419,0.0104,0.0653,0.0371,0.011,0.190821,0.204913
Luis Rives,HOU,1,0.9254,0.1319,0.0148,0.0687,0.0521,0.011,0.195842,0.209963
Luis Luna,LAD,1,0.9479,0.1353,0.0081,0.062,0.0296,0.011,0.17666,0.187995
Aaron Guzman,LAD,1,0.94,0.1409,0.007,0.065,0.0385,0.01,0.190218,0.194255
Eiker Lothar,TOR,1,0.9485,0.1348,0.0107,0.0595,0.03,0.01,0.175555,0.194939
Frederik Jimenez,BOS,1,0.9276,0.1438,0.0193,0.074,0.0509,0.01,0.205584,0.244718
Jose Valdez,SFG,1,0.9399,0.1287,0.0138,0.0585,0.0386,0.01,0.178066,0.200553
Michalle Mercedes,NYM,1,0.955,0.1464,0.0092,0.0619,0.0225,0.011,0.180677,0.204712
Julio Henriquez,MIA,1,0.9292,0.1587,0.0117,0.0725,0.0463,0.013,0.218941,0.241821
Facundo Velásquez,STL,1,0.9273,0.1358,0.0165,0.0691,0.0522,0.009,0.197851,0.227003
Angel Garcia,BAL,1,0.941,0.1452,0.0118,0.0642,0.0345,0.013,0.193532,0.214984
Daniel Jackson,COL,1,0.9252,0.1721,0.0227,0.0853,0.0523,0.011,0.236417,0.290208
Joaquin Arias Jr.,TEX,1,0.9377,0.1474,0.0079,0.0625,0.0418,0.009,0.199056,0.205396
Jose De La Cruz,COL,1,0.9341,0.1326,0.0076,0.0602,0.0424,0.012,0.187808,0.187988
Cesar Paredes,LAA,1,0.934,0.1215,0.0099,0.058,0.0435,0.011,0.17676,0.180621
Victor Izturis,CLE,1,0.9211,0.1432,0.012,0.0691,0.0564,0.011,0.211509,0.219629
Jose Camacho,MIA,1,0.9443,0.1412,0.0102,0.0621,0.0342,0.01,0.186201,0.202902
Eddy Marmolejos,WSN,1,0.9478,0.1432,0.0116,0.0624,0.0307,0.01,0.184694,0.209854
Carlos Sandoval,HOU,1,0.9264,0.1333,0.0132,0.0672,0.0501,0.012,0.196244,0.207578
Joshua Fermin,KCR,1,0.9453,0.137,0.0093,0.0611,0.0322,0.011,0.180978,0.19634
Lucas Takahashi,STL,1,0.8988,0.1083,0.0069,0.0591,0.0797,0.01,0.198855,0.159324
Steven Cruz,CLE,1,0.909,0.126,0.009,0.0664,0.0695,0.01,0.206387,0.186579
Rubel Arias,LAD,1,0.935,0.13,0.0121,0.0664,0.0435,0.01,0.184292,0.197005
Darian Rojas,ATH,1,0.9331,0.1343,0.011,0.0623,0.0444,0.011,0.190519,0.199443
Yosneiker Rivas,SFG,1,0.935,0.1708,0.0085,0.067,0.0435,0.01,0.225269,0.243957
Kamuel Villar,COL,1,0.9291,0.1541,0.0054,0.0663,0.0494,0.01,0.214422,0.210526
Hansel Jimenez,CIN,1,0.9419,0.1363,0.014,0.0636,0.0346,0.012,0.18369,0.207665
Pedro Tovar,BAL,1,0.9371,0.1369,0.0093,0.0612,0.0424,0.009,0.189113,0.198485
Pedro Dalmagro,CLE,1,0.9402,0.154,0.0133,0.0693,0.0383,0.01,0.203174,0.23495
Fabian Gonzalez,TOR,1,0.9405,0.1279,0.0093,0.0589,0.038,0.01,0.17666,0.185433
Nestor Rios,MIA,1,0.9393,0.117,0.0085,0.0547,0.0372,0.012,0.166918,0.169169
Alexander Camacaro,SFG,1,0.9409,0.1364,0.0066,0.0551,0.0386,0.009,0.184795,0.186311
Carlos Tejera,PIT,1,0.9324,0.1311,0.013,0.0649,0.0461,0.01,0.188008,0.202274
Ariel Lebron,HOU,1,0.9304,0.1393,0.0111,0.0668,0.0421,0.016,0.198252,0.20647
Erny Orellana,LAD,1,0.938,0.1464,0.0156,0.0737,0.0395,0.011,0.19775,0.232836
Carlos Salazar,TBR,1,0.9412,0.1349,0.0054,0.0578,0.0363,0.011,0.182987,0.180833
Jeremy Ciriaco,COL,1,0.9381,0.176,0.0065,0.0723,0.0414,0.009,0.227378,0.243684
Aldalay Kolokie,COL,1,0.9272,0.1629,0.0129,0.0749,0.0483,0.013,0.225168,0.243097
Justin Ramirez,NYM,1,0.9294,0.1476,0.018,0.0745,0.0491,0.01,0.207593,0.240801
Jesus Perez,MIA,1,0.9463,0.1583,0.0134,0.0693,0.0322,0.01,0.201366,0.232167
Dylan Fien,ATH,1,0.9361,0.1653,0.0107,0.0708,0.0424,0.01,0.21864,0.246875
Juan Caricipe,CIN,1,0.9408,0.127,0.0111,0.0597,0.0377,0.01,0.175454,0.188776
Johanneiker Leon,SDP,1,0.9463,0.1139,0.0086,0.0523,0.0322,0.01,0.156774,0.163162
Wanderly De La Cruz,CIN,1,0.9246,0.1253,0.0106,0.0625,0.0529,0.011,0.190017,0.19111
Hector Paulino,CHW,1,0.9425,0.1437,0.0155,0.0669,0.035,0.011,0.190519,0.219735
Jhonny Osta,BOS,1,0.9486,0.1554,0.0112,0.066,0.0299,0.01,0.196143,0.227388
Sebastian Toro,NYM,1,0.9488,0.1338,0.0051,0.0565,0.0297,0.01,0.174249,0.177171
Yhoscar Perez,COL,1,0.9371,0.1542,0.0091,0.0661,0.0404,0.011,0.206488,0.216519
Jose Tovar,PHI,1,0.9485,0.1454,0.0102,0.064,0.03,0.01,0.186201,0.207802
Juan Elejandro,ATL,1,0.9458,0.146,0.0047,0.0604,0.0317,0.011,0.189515,0.191267
Edwin Ramirez,PHI,1,0.9485,0.1644,0.0124,0.0697,0.029,0.011,0.205283,0.23669
Santiago Vargas,SDP,1,0.9483,0.1371,0.0083,0.0589,0.0292,0.011,0.178066,0.189919
Oscar Tineo,DET,1,0.9444,0.1294,0.0042,0.0548,0.0331,0.011,0.174249,0.170267
Jayden Kim,PIT,1,0.9284,0.1275,0.0043,0.0576,0.0491,0.011,0.18841,0.170508
David Shirley,MIA,1,0.9453,0.1582,0.0123,0.0676,0.0332,0.01,0.20227,0.230615
Ezequiel Melburne,LAD,1,0.9399,0.1272,0.0069,0.0607,0.0376,0.011,0.176559,0.176721
Santiago Garcia,MIL,1,0.9312,0.1317,0.0056,0.0594,0.0463,0.011,0.189816,0.178802
Wesly Castillo,TEX,1,0.9277,0.1351,0.0109,0.0639,0.0488,0.012,0.196746,0.201035
Browm Martinez,WSN,1,0.9339,0.1476,0.015,0.0696,0.0416,0.013,0.203073,0.226255
Luis Arias,WSN,1,0.9458,0.1387,0.013,0.0618,0.0327,0.01,0.182183,0.206703
Mani Cedeno,NYY,1,0.9339,0.1109,0.0095,0.0562,0.0446,0.01,0.166215,0.166506
Leonardo Reynoso,SEA,1,0.9406,0.1091,0.0075,0.0517,0.0369,0.011,0.157678,0.155326
Wagnel Luna,DET,1,0.9313,0.1255,0.0052,0.0581,0.0472,0.01,0.183489,0.172232
Adrian Del Cid,LAD,1,0.9182,0.1189,0.0094,0.0648,0.0603,0.01,0.190017,0.177195
Yorwhuyn Toledo,CLE,1,0.9432,0.1088,0.0074,0.0508,0.0343,0.011,0.154765,0.154156
Jose Perdomo,ATL,1,0.9527,0.1476,0.007,0.0613,0.0258,0.01,0.184192,0.197754
Alejandro Rios,ARI,1,0.9395,0.115,0.0075,0.0551,0.037,0.012,0.164708,0.163704
Yanfri Serrano,CHC,1,0.9345,0.1293,0.0077,0.0611,0.044,0.01,0.184092,0.182022
Elvin Jean,TBR,1,0.9311,0.14,0.011,0.0657,0.0454,0.012,0.198252,0.205563
Luis Santos,CHC,1,0.9295,0.1469,0.0059,0.0674,0.049,0.01,0.206789,0.202797
Frandy Lafond,MIL,1,0.9322,0.1418,0.0141,0.0689,0.0453,0.011,0.198956,0.21873
Samuel Orellana,TOR,1,0.9305,0.1504,0.0096,0.0679,0.046,0.012,0.2093,0.216013
Enmanuel Santos,KCR,1,0.9413,0.1421,0.0181,0.0695,0.0362,0.011,0.190118,0.229257
Carlos Bello,NYY,1,0.939,0.1215,0.0114,0.0606,0.0375,0.012,0.171738,0.184771
Jhoan De La Cruz,SDP,1,0.9222,0.109,0.0056,0.0545,0.0533,0.013,0.176057,0.153329
Esterlin Casanova,BOS,1,0.9316,0.122,0.0114,0.0601,0.0469,0.01,0.179673,0.185165
Sebastian Rojas,ATH,1,0.915,0.1371,0.0127,0.0679,0.0565,0.017,0.211509,0.212568
Diover De Aza,NYM,1,0.9457,0.1339,0.0106,0.0608,0.0328,0.01,0.177463,0.194776
Estivenzon Montero,NYY,1,0.942,0.1385,0.0174,0.0674,0.0375,0.009,0.185799,0.222505
Frederi Montero,MIL,1,0.9201,0.1468,0.0115,0.0704,0.0594,0.009,0.216129,0.22378
Andres Arias,TOR,1,0.9335,0.1336,0.0155,0.0662,0.044,0.011,0.189414,0.213069
Jonathan Valle,SFG,1,0.9478,0.1292,0.0056,0.0521,0.0307,0.01,0.170634,0.173032
Luis Tovar,LAD,1,0.9508,0.1369,0.0138,0.0648,0.0277,0.01,0.175354,0.206668
Leonel Vivas,CHC,1,0.9265,0.1196,0.0102,0.0617,0.047,0.015,0.182384,0.179493
Gabriel Cesa,ATL,1,0.9369,0.132,0.0091,0.0618,0.0406,0.011,0.184393,0.190202
Dawry Guerrero,SDP,1,0.9312,0.1165,0.0047,0.054,0.0463,0.011,0.174551,0.158076
Juan De Jesus,CHC,1,0.9285,0.1187,0.0119,0.0617,0.049,0.011,0.179472,0.184922
Dionys Medina,CHW,1,0.9365,0.1277,0.0053,0.0562,0.041,0.011,0.180476,0.170956
Manuel German,KCR,1,0.9503,0.1567,0.0201,0.0729,0.0272,0.011,0.195742,0.253499
Alfredo Benzan,ARI,1,0.9365,0.1529,0.0075,0.0676,0.043,0.009,0.205785,0.214842
Larry Suero,COL,1,0.932,0.139,0.0161,0.0693,0.0415,0.015,0.196344,0.224249
Darling Fernandez,ATH,1,0.924,0.1431,0.0117,0.0677,0.0545,0.01,0.208497,0.216883
Landon Arroyos,HOU,1,0.9424,0.1266,0.0071,0.0589,0.0351,0.011,0.173446,0.175085
Jesus Ortega,KCR,1,0.9342,0.1307,0.0048,0.0588,0.0443,0.01,0.185799,0.174695
Cesar Mujica,PHI,1,0.9405,0.1178,0.0084,0.0559,0.036,0.012,0.166516,0.168846
Nathanael Cijntje,PHI,1,0.9345,0.1327,0.0107,0.0636,0.043,0.011,0.187506,0.194971
Andy Encarnacion,ARI,1,0.9385,0.1444,0.0101,0.0671,0.041,0.009,0.19524,0.211508
Sandor Feliciano,CIN,1,0.9369,0.1382,0.0059,0.0602,0.0396,0.012,0.19062,0.188387
Wandi Feliz,COL,1,0.936,0.1455,0.0146,0.0685,0.0425,0.01,0.198855,0.224038
Juan Tomas,CHC,1,0.9315,0.1236,0.0089,0.0606,0.048,0.009,0.18138,0.181213
Imanol Feliz,HOU,1,0.9334,0.1178,0.0094,0.0584,0.0441,0.011,0.173647,0.173345
Albert Jimenez,SFG,1,0.936,0.1506,0.0165,0.0664,0.0445,0.008,0.203977,0.236966
Ariel Abreu,TEX,1,0.9406,0.1252,0.0066,0.0545,0.0369,0.011,0.173848,0.1734
Carlos Taveras,MIN,1,0.9348,0.1368,0.0138,0.0652,0.0437,0.01,0.191323,0.21074
Byron Castillo,LAA,1,0.9498,0.1418,0.017,0.0635,0.0277,0.011,0.181279,0.223626
Luis Fortunato,ATL,1,0.9438,0.1416,0.0046,0.0598,0.0327,0.012,0.187105,0.184573
Jendry Guaraco,COL,1,0.9399,0.1391,0.0104,0.0634,0.0316,0.017,0.188511,0.204596
Jan Luis Reyes,CHC,1,0.9395,0.1557,0.0116,0.0718,0.04,0.009,0.205584,0.232571
Franyel Almanzar,CHC,1,0.9405,0.1339,0.0058,0.0604,0.037,0.011,0.182686,0.181712
Jhoan Peguero,BOS,1,0.9316,0.1374,0.0124,0.067,0.0459,0.011,0.195139,0.208781
Jesus Gomez,BAL,1,0.9489,0.1192,0.0072,0.0522,0.0286,0.011,0.159486,0.164822
Luis Sanchez,CHC,1,0.9285,0.1179,0.0104,0.061,0.048,0.012,0.178668,0.180829
Lewis German,KCR,1,0.9483,0.1289,0.013,0.0609,0.0302,0.01,0.16983,0.19709
Raymond Mola,PIT,1,0.9204,0.1443,0.0165,0.0745,0.0571,0.011,0.213317,0.234789
Jean Paredes,TBR,1,0.922,0.1132,0.0072,0.0576,0.0565,0.01,0.180476,0.163341
Leandro Briceno,KCR,1,0.9382,0.1301,0.0062,0.0587,0.0393,0.011,0.181179,0.177574
Lisandro Sanchez,BAL,1,0.945,0.1409,0.0115,0.0623,0.0335,0.01,0.185196,0.208466
Jhonger Ochoa,DET,1,0.9454,0.1334,0.0049,0.0565,0.0311,0.012,0.177262,0.176539
Samuel Luis,CHW,1,0.9465,0.1304,0.007,0.056,0.031,0.011,0.173145,0.17887
Isaac Garcia,CIN,1,0.9308,0.1593,0.0117,0.0702,0.0447,0.013,0.217937,0.23324
Darwing Ozuna,ATH,1,0.9462,0.157,0.0131,0.0664,0.0303,0.012,0.200161,0.230078
Jossiel Feliz,ARI,1,0.9375,0.1531,0.008,0.0689,0.041,0.01,0.204981,0.21472
David Diaz,TEX,1,0.9386,0.1142,0.0046,0.0511,0.0389,0.011,0.164809,0.153313
Johan Geraldo,CHC,1,0.9535,0.1312,0.0055,0.056,0.023,0.012,0.166918,0.175039
Alex Linares,TOR,1,0.9145,0.1098,0.0038,0.0555,0.063,0.011,0.184594,0.149153
Carlos Matias,TBR,1,0.9422,0.143,0.0114,0.0647,0.0353,0.011,0.190118,0.209616
Steven Herrera,MIA,1,0.9373,0.1235,0.0142,0.0622,0.0412,0.01,0.175454,0.197162
Osiris Ramirez,MIL,1,0.9332,0.1185,0.0147,0.0612,0.0443,0.011,0.174551,0.19042
Yohandy Cruz,DET,1,0.9363,0.1253,0.0059,0.0569,0.0412,0.011,0.178267,0.171419
Omar Munoz,COL,1,0.9479,0.1737,0.0112,0.072,0.0316,0.009,0.215225,0.248233
Brendan Tunink,LAD,1,0.9241,0.1341,0.0116,0.0706,0.0544,0.01,0.199357,0.209176
Roberth Castillo,STL,1,0.95,0.1384,0.0066,0.0566,0.0285,0.01,0.177664,0.188737
Juan Holmann,MIN,1,0.9277,0.1132,0.0091,0.0574,0.0498,0.011,0.174751,0.169236
Elian Adames,PHI,1,0.9545,0.1615,0.0143,0.069,0.025,0.009,0.196344,0.237926
Héctor Cabrera,STL,1,0.9391,0.1079,0.0074,0.0506,0.0364,0.013,0.157979,0.153977
Luis Galan,CLE,1,0.9251,0.1467,0.0065,0.0648,0.0534,0.01,0.211007,0.2016
Dawel Joseph,SEA,1,0.9316,0.1091,0.0075,0.0538,0.0469,0.01,0.166717,0.157149
Victor Hurtado,WSN,1,0.9349,0.1452,0.0146,0.0679,0.0426,0.011,0.199659,0.221842
José Castro,MIA,1,0.9292,0.1283,0.0232,0.0708,0.0483,0.011,0.18841,0.231382
Luke Scherrer,PIT,1,0.9254,0.1537,0.0114,0.0711,0.0501,0.013,0.217736,0.228658
Anthony Santa Cruz de Oviedo,LAA,1,0.933,0.1462,0.0127,0.065,0.0465,0.009,0.202571,0.220579
Edwinyer Martinez,DET,1,0.9453,0.1314,0.0059,0.0564,0.0322,0.011,0.175354,0.176769
Juan Alva,MIA,1,0.9232,0.1513,0.0119,0.0703,0.0533,0.012,0.217535,0.224978
Jesus Minaya,NYM,1,0.9375,0.1289,0.0062,0.0583,0.041,0.01,0.180677,0.176853
Kevin Rivas,CLE,1,0.9201,0.1296,0.0153,0.068,0.0584,0.01,0.198855,0.216607
Orlando Patino,CHW,1,0.9385,0.14,0.0101,0.0626,0.04,0.01,0.190821,0.202557
Alan Escobar,CHW,1,0.9425,0.1437,0.0104,0.0625,0.036,0.01,0.190519,0.204244
Rosniell De Paula,COL,1,0.943,0.159,0.0036,0.0635,0.0355,0.01,0.205383,0.206787
Cesar Gonzalez,ATH,1,0.919,0.1474,0.0115,0.0694,0.0575,0.012,0.217837,0.224157
Jonathan Moya,DET,1,0.9443,0.144,0.0115,0.0632,0.0322,0.012,0.189013,0.210738
Gabriel Teran,SDP,1,0.9081,0.1186,0.0121,0.0644,0.0664,0.014,0.199859,0.185883
Adrian Martinez,PIT,1,0.9224,0.1274,0.0041,0.0594,0.0521,0.014,0.194336,0.170642
Carlos Concepcion,SFG,1,0.9458,0.1437,0.0146,0.0611,0.0327,0.01,0.187205,0.221294
Warel Solano,TBR,1,0.9482,0.1494,0.0079,0.0622,0.0303,0.01,0.190519,0.2085
Tavano Baker,BOS,1,0.9326,0.1398,0.0099,0.0655,0.0459,0.01,0.196545,0.207699
Diego Arce,TOR,1,0.9315,0.0918,0.0104,0.0505,0.041,0.016,0.149443,0.145035
Carlos Tavares,WSN,1,0.9299,0.1471,0.0165,0.0713,0.0496,0.009,0.206588,0.238843
Ruben Gallego,ARI,1,0.9286,0.1176,0.0036,0.056,0.0499,0.01,0.178267,0.156149
Michael Cordero,STL,1,0.9421,0.1243,0.0123,0.0582,0.0364,0.01,0.171437,0.19085
Yuaxander Silveira,HOU,1,0.9394,0.1347,0.0129,0.0644,0.0391,0.01,0.184594,0.205237
Javen Maduro,PHI,1,0.9275,0.1333,0.0047,0.0606,0.05,0.011,0.195139,0.178113
Shendrion Martinus,CIN,1,0.9449,0.1404,0.0056,0.0577,0.0326,0.011,0.184795,0.186475
Ariel Roque,BAL,1,0.942,0.1178,0.0096,0.0548,0.0355,0.011,0.16501,0.17431
Michael Mesa,TOR,1,0.9475,0.1438,0.0104,0.0622,0.032,0.009,0.185598,0.209815
Nelson Lopez,SFG,1,0.9468,0.1224,0.0065,0.05,0.0307,0.011,0.164809,0.168357
Cesar Lugo,CHC,1,0.9285,0.1342,0.0114,0.0668,0.049,0.011,0.195039,0.2042
Sebastian Pena,SDP,1,0.9342,0.1219,0.0062,0.0559,0.0453,0.009,0.176961,0.169343
Alexander Rincon,,1,0.9489,0.1652,0.0099,0.0679,0.0306,0.009,0.205684,0.22995
Adrian Hoyte,DET,1,0.9273,0.132,0.0094,0.0632,0.0502,0.011,0.194034,0.195406
Javier Sanchez,TEX,1,0.9137,0.1307,0.0105,0.0653,0.0608,0.014,0.206387,0.19733
Diego Munoz,CIN,1,0.9155,0.1296,0.0133,0.0671,0.06,0.013,0.203475,0.204369
Breyner Figuereo,TEX,1,0.9446,0.1309,0.0126,0.0602,0.0339,0.01,0.175555,0.196803
Ricardo Pena,MIN,1,0.9155,0.1303,0.0119,0.0668,0.061,0.012,0.204178,0.205898
Anderson Gonzalez,BOS,1,0.9496,0.1232,0.007,0.0536,0.0279,0.011,0.1628,0.16944
Omar Reyes,KCR,1,0.9161,0.1448,0.006,0.0664,0.0624,0.01,0.218138,0.200196
Rayner Herrera,BAL,1,0.938,0.1259,0.0176,0.0643,0.0395,0.011,0.177162,0.207036
Malvin Fernandez,ATL,1,0.9379,0.1311,0.0056,0.0589,0.0406,0.01,0.182485,0.177631
Abelardo Medrano,DET,1,0.9433,0.1313,0.0142,0.063,0.0342,0.011,0.177262,0.204177
Robinson Chacon,KCR,1,0.9292,0.1391,0.0078,0.0637,0.0503,0.009,0.199257,0.196944
Willian Berti,DET,1,0.9142,0.1278,0.014,0.068,0.0643,0.01,0.202973,0.208379
Teilon Serrano,MIN,1,0.9216,0.1211,0.0136,0.0645,0.0559,0.011,0.188812,0.195312
Anibal Beltre,MIN,1,0.9521,0.1284,0.0099,0.0558,0.0264,0.01,0.165512,0.184644
Jaset Martinez,CIN,1,0.9195,0.1389,0.0173,0.0717,0.058,0.011,0.208798,0.22969
Diego Pacheco,CIN,1,0.952,0.119,0.0084,0.0521,0.0265,0.01,0.156172,0.167752
Johanse Gomez,BAL,1,0.9311,0.1294,0.009,0.0607,0.0474,0.01,0.187607,0.189883
Diego Conseción,STL,1,0.9342,0.1236,0.0062,0.0558,0.0443,0.01,0.178668,0.173625
Jorge Drullard,BAL,1,0.9321,0.1128,0.0069,0.054,0.0454,0.011,0.169931,0.15964
Jhoendris Santos,PIT,1,0.9555,0.1353,0.007,0.0583,0.023,0.01,0.169027,0.184406
Alex Acosta,NYM,1,0.9427,0.1414,0.0144,0.0666,0.0358,0.01,0.188008,0.215233
Esteban Romero,HOU,1,0.9324,0.1576,0.0078,0.0689,0.0471,0.009,0.214623,0.218039
Heriberto Caraballo,STL,1,0.9312,0.1454,0.013,0.0678,0.0453,0.012,0.203575,0.223582
Kendry Diaz,NYY,1,0.9471,0.1399,0.0139,0.0643,0.0304,0.011,0.182083,0.210854
Alexander Cuello,CIN,1,0.9419,0.1326,0.0084,0.0588,0.0366,0.01,0.179974,0.186856
Jose Gonzalez,LAD,1,0.9152,0.1219,0.0145,0.0707,0.0623,0.011,0.196043,0.202032
Jonathan Alcantara,PHI,1,0.9535,0.1399,0.0115,0.0615,0.025,0.01,0.175655,0.201888
Ian Francis,CIN,1,0.9246,0.1434,0.0152,0.0702,0.0509,0.013,0.208195,0.228423
Edgar Walker,PIT,1,0.9424,0.1532,0.0101,0.0664,0.0361,0.01,0.200161,0.217424
Fabian Cordero,BAL,1,0.942,0.1371,0.01,0.0597,0.0375,0.009,0.184393,0.197028
Breiny Ramírez,BAL,1,0.944,0.1329,0.0141,0.062,0.0345,0.01,0.178166,0.204237
Richard De Los Santos,COL,1,0.9233,0.1258,0.0063,0.0605,0.0542,0.011,0.191825,0.178382
Ricardo Pulles,LAD,1,0.9429,0.1062,0.0094,0.0547,0.0346,0.011,0.152456,0.157175
Starlin Mieses,BAL,1,0.9252,0.1217,0.0116,0.0612,0.0523,0.011,0.185799,0.187311
Elias Perez,SEA,1,0.9136,0.11,0.0084,0.0589,0.0649,0.01,0.185698,0.165499
Jhostin Fuentes,SDP,1,0.9433,0.1231,0.0091,0.0564,0.0342,0.011,0.169027,0.176508
Juan Colorado,SFG,1,0.9458,0.126,0.0095,0.0531,0.0327,0.01,0.169429,0.181539
Enrique Lovera,MIL,1,0.9332,0.1188,0.0103,0.0594,0.0453,0.01,0.174852,0.181312
Ronald Cardozo,CHW,1,0.9435,0.1461,0.0151,0.0663,0.035,0.01,0.191925,0.223953
Steven Madero,DET,1,0.9453,0.1474,0.0163,0.068,0.0332,0.01,0.191423,0.228816
Kenny Fermin,ATH,1,0.9412,0.1236,0.007,0.0545,0.0333,0.014,0.171638,0.171058
Poly Ojeda,NYY,1,0.9269,0.1345,0.0144,0.0679,0.0496,0.012,0.196947,0.21135
Dariel Arias,CLE,1,0.9432,0.1394,0.0102,0.0616,0.0343,0.011,0.185498,0.19964
Bryan Martinez,LAA,1,0.9439,0.1342,0.0139,0.0607,0.0346,0.01,0.179572,0.20606
Garielvin Silverio,BOS,1,0.9456,0.1425,0.0128,0.0634,0.0319,0.011,0.186201,0.212775
Kyle Fossum,COL,1,0.9312,0.1673,0.02,0.0796,0.0473,0.01,0.22557,0.27427
Elian Soto,WSN,1,0.921,0.1486,0.0151,0.0724,0.0575,0.01,0.217033,0.239305
Max De La Cruz,KCR,1,0.9212,0.1307,0.0093,0.0647,0.0553,0.012,0.198855,0.191815
Cristopher Acosta,MIL,1,0.9272,0.1084,0.0062,0.0547,0.0513,0.01,0.170433,0.153689
Daury Martinez,KCR,1,0.9402,0.1438,0.0083,0.063,0.0373,0.011,0.19293,0.20134
Brayan Amoroso,STL,1,0.9401,0.1362,0.0106,0.0605,0.0384,0.01,0.185397,0.197426
Yohendi Hernandez,ARI,1,0.9415,0.147,0.0095,0.0665,0.036,0.011,0.194838,0.211683
Ivan Torres,TBR,1,0.922,0.1499,0.0078,0.0673,0.0525,0.014,0.217335,0.210521
Yhoan Escalona,PHI,1,0.9325,0.1235,0.0103,0.0612,0.045,0.011,0.180275,0.1837
David Manzueta,LAA,1,0.9498,0.122,0.0097,0.0529,0.0277,0.011,0.161394,0.176879
Patrick Silva,PHI,1,0.9445,0.1317,0.011,0.0605,0.033,0.011,0.176459,0.193542
Jack Barker,PHI,1,0.9265,0.1343,0.0148,0.0695,0.052,0.01,0.197148,0.218133
Misael Sánchez,STL,1,0.949,0.1476,0.0113,0.0624,0.0295,0.01,0.187908,0.212645
Sebastian Pinto,NYY,1,0.935,0.128,0.0137,0.0638,0.0405,0.013,0.182284,0.200107
Lissandro Peralta,TBR,1,0.9361,0.1188,0.0057,0.0547,0.0424,0.01,0.171939,0.16291
Carlos Salmeron,ATH,1,0.9331,0.1223,0.0104,0.0587,0.0424,0.013,0.178467,0.182081
Carlos Caripa,CLE,1,0.9493,0.1431,0.0099,0.0605,0.0292,0.01,0.183087,0.202149
Luis Aular,BOS,1,0.9316,0.1172,0.0062,0.0553,0.0449,0.012,0.174852,0.1652
Maylerson Casanova,PHI,1,0.9515,0.1374,0.0094,0.0601,0.027,0.01,0.175153,0.194955
Jorge Silvera,ARI,1,0.9455,0.1325,0.0062,0.058,0.032,0.011,0.176258,0.180328
Hendry Arvelo,LAD,1,0.9281,0.1396,0.0069,0.0668,0.0504,0.01,0.200864,0.192652
Henry Manrique,NYM,1,0.9334,0.1369,0.0092,0.0639,0.0461,0.009,0.192829,0.197664
Sebastian Castro,,1,0.9243,0.1271,0.0117,0.0652,0.0532,0.011,0.192126,0.195175
Misael Rodriguez,,1,0.947,0.1394,0.0113,0.0622,0.0305,0.011,0.181681,0.20359
Luis Dias,BAL,1,0.9222,0.1321,0.0126,0.0669,0.0563,0.01,0.199257,0.204945
Darwin Nuñez,TOR,1,0.9235,0.1331,0.0111,0.0655,0.056,0.009,0.198956,0.2
Jose Pitre,ARI,1,0.9425,0.1458,0.0096,0.0657,0.035,0.011,0.192628,0.208276
Luis Perez,TBR,1,0.9472,0.1438,0.0068,0.0606,0.0313,0.01,0.185899,0.198163
Leonardo Pineda,TBR,1,0.9261,0.1236,0.0116,0.0624,0.0514,0.011,0.186803,0.190476
Carlos Mota,COL,1,0.9439,0.1632,0.0145,0.0715,0.0336,0.011,0.208697,0.245259
John Estevez,ATL,1,0.923,0.1312,0.01,0.0653,0.0555,0.01,0.197549,0.1948
Bernardo Doc,MIA,1,0.9473,0.122,0.0076,0.0536,0.0312,0.01,0.163905,0.170379
Cristian Benavides,SDP,1,0.9423,0.1351,0.0131,0.0627,0.0362,0.01,0.182083,0.204606
Gemerson Blanco,COL,1,0.944,0.1454,0.0102,0.0642,0.0325,0.012,0.19072,0.208581
Anthony Longo,KCR,1,0.9292,0.1469,0.007,0.0656,0.0473,0.012,0.20709,0.203724
Frank Mieses,CHW,1,0.9385,0.129,0.0137,0.062,0.039,0.011,0.179773,0.198402
Sebastian Nadales,SDP,1,0.9302,0.1388,0.0128,0.0659,0.0473,0.011,0.197951,0.209417
Abraham Elvira,COL,1,0.941,0.1208,0.0093,0.0565,0.0365,0.011,0.169027,0.176514
Jancory De La Cruz,MIA,1,0.9302,0.1313,0.0158,0.0656,0.0493,0.009,0.190419,0.21189
Oliver Guerrero,TEX,1,0.9297,0.1231,0.0208,0.0665,0.0488,0.01,0.182686,0.215769
Joyner Perez,MIN,1,0.9338,0.1372,0.0138,0.0654,0.0427,0.012,0.192729,0.211716
Jose Martinez,CIN,1,0.9286,0.1379,0.0093,0.0633,0.0499,0.01,0.198654,0.198794
Santiago Contreras,SDP,1,0.9212,0.1222,0.0093,0.0619,0.0543,0.013,0.190318,0.182696
Adrian Tusen,WSN,1,0.9477,0.1229,0.0071,0.0552,0.0308,0.01,0.164407,0.170202
Richard Meran,NYY,1,0.9299,0.1228,0.0126,0.0622,0.0466,0.012,0.182183,0.191526
Emil Perez,COL,1,0.9489,0.1491,0.0079,0.0624,0.0296,0.01,0.189515,0.205923
Ronald Rodriguez,MIA,1,0.9232,0.1306,0.0107,0.0639,0.0533,0.012,0.196746,0.195082
Leandy Mella,DET,1,0.9494,0.1231,0.0066,0.0539,0.0291,0.01,0.1629,0.173689
Israel Alvarez,CLE,1,0.9473,0.1556,0.0043,0.0619,0.0312,0.01,0.19765,0.204159
Felix Lebron,CHW,1,0.9365,0.1057,0.0062,0.0503,0.041,0.011,0.158381,0.14725
Edwilmin Matos,HOU,1,0.9424,0.1393,0.0152,0.0657,0.0361,0.01,0.186201,0.216575
Jacob Hinderleider,COL,1,0.9391,0.1703,0.0174,0.0781,0.0404,0.009,0.220649,0.271643
Osmy Osorio,SDP,1,0.9453,0.1212,0.0076,0.0543,0.0322,0.011,0.16511,0.171057
Jesus Chavez,TEX,1,0.9396,0.1276,0.0118,0.0596,0.0369,0.012,0.177262,0.193274
Enrique Oropeza,CHC,1,0.9305,0.125,0.015,0.0654,0.048,0.01,0.18379,0.202149
Eduardo Ponce,SEA,1,0.9266,0.13,0.0149,0.0666,0.0509,0.011,0.192729,0.20667
Abrahan Pichardo,NYY,1,0.9248,0.103,0.0084,0.0549,0.0537,0.01,0.16742,0.153439
Jose Camacho,LAA,1,0.9171,0.125,0.0115,0.0617,0.0574,0.014,0.197248,0.193
Aneudi Severino,TOR,1,0.9435,0.1273,0.0161,0.0625,0.033,0.012,0.173044,0.204769
Ryan Rudas,NYM,1,0.9478,0.1167,0.0143,0.0597,0.0297,0.011,0.15808,0.184849
Edward Guribe,STL,1,0.947,0.1473,0.0169,0.0672,0.0295,0.012,0.189615,0.23094
Saul Gomez,BAL,1,0.942,0.1406,0.0123,0.0627,0.0355,0.011,0.187908,0.207537
Eduarlin Tejeda,SDP,1,0.9282,0.1341,0.0037,0.0587,0.0503,0.01,0.19524,0.176686
Jonnhan Sanchez,NYM,1,0.9304,0.1403,0.0117,0.0673,0.0471,0.011,0.199257,0.209587
Liosward Marin,BOS,1,0.9346,0.1422,0.0116,0.0664,0.0439,0.01,0.196947,0.212604
Alejandro Guerrero,KCR,1,0.9272,0.1279,0.0103,0.0634,0.0493,0.012,0.190017,0.193486
Adrian Silva,NYM,1,0.9335,0.0921,0.0082,0.0498,0.045,0.01,0.147735,0.138404
Angelo Ugueto,SFG,1,0.9419,0.1383,0.0094,0.0578,0.0356,0.011,0.185698,0.197898
Randy Santana,DET,1,0.9333,0.1073,0.011,0.0568,0.0452,0.01,0.163202,0.166613
Gabriel Rodriguez,PIT,1,0.9344,0.1185,0.0114,0.0589,0.0421,0.012,0.173345,0.180116
Fabian Dorta,DET,1,0.9474,0.1485,0.0118,0.0648,0.0301,0.011,0.190419,0.215643
Amaury De Leon,COL,1,0.943,0.1429,0.0096,0.0627,0.0355,0.01,0.189214,0.203924
Alfredo Rodriguez,TBR,1,0.9402,0.1326,0.0103,0.0607,0.0373,0.011,0.181681,0.194001
Kendry Martínez,SEA,1,0.9276,0.1003,0.0035,0.0488,0.0509,0.01,0.161896,0.133463
Emmanuel Orozco,NYY,1,0.9289,0.1081,0.0052,0.0536,0.0476,0.012,0.168424,0.149424
Eliander Primera,SDP,1,0.9342,0.1117,0.0073,0.0544,0.0433,0.011,0.166717,0.159067
Jose Ramirez,DET,1,0.9413,0.1317,0.0111,0.0619,0.0352,0.012,0.179673,0.194731
Johan Rodriguez,ATL,1,0.9478,0.1539,0.014,0.0689,0.0307,0.01,0.19544,0.227263
Sebastián De Los Santos,CLE,1,0.9251,0.1259,0.0051,0.0581,0.0534,0.01,0.190117,0.171441
Cesar Garcia,MIA,1,0.9292,0.1111,0.0107,0.057,0.0483,0.011,0.171136,0.172084
Jostin Ogando,BOS,1,0.9366,0.1378,0.016,0.0664,0.0409,0.011,0.190519,0.217489
Edgar Jimenez,NYY,1,0.9511,0.1434,0.0159,0.066,0.0284,0.009,0.181581,0.222584
Jesus Flores,TEX,1,0.9167,0.132,0.0108,0.0653,0.0598,0.012,0.20468,0.199629
Feliz Genao,ARI,1,0.9266,0.1462,0.0061,0.066,0.0519,0.01,0.208999,0.203108
Vladimir Asencio,BOS,1,0.9436,0.1384,0.0095,0.061,0.0339,0.011,0.184092,0.196482
Rodrigo Gonzalez,ARI,1,0.9435,0.1272,0.0046,0.0568,0.035,0.01,0.172944,0.168839
Nieves Izaguirre,PHI,1,0.9425,0.1292,0.0057,0.0577,0.035,0.011,0.175957,0.176552
Jesus Torres,CIN,1,0.947,0.1427,0.0135,0.0638,0.0305,0.011,0.184995,0.214361
Jefer Lista,MIL,1,0.9211,0.1354,0.01,0.0654,0.0554,0.012,0.203676,0.199544
Stalen Ramirez,NYY,1,0.9441,0.1382,0.0158,0.066,0.0324,0.012,0.183389,0.215337
Willy Bergolla,LAD,1,0.9142,0.1231,0.0066,0.066,0.0633,0.011,0.198252,0.175235
Fran-Jean Haseth,LAD,1,0.9419,0.1275,0.0194,0.0691,0.0366,0.01,0.174852,0.216584
Mayki De La Rosa,ARI,1,0.9365,0.1345,0.0108,0.0642,0.042,0.01,0.187305,0.200107
CJ Hughes,MIL,1,0.9362,0.104,0.0086,0.0527,0.0413,0.011,0.156975,0.15392
Justin Capellan,NYY,1,0.939,0.1352,0.0138,0.0658,0.0375,0.012,0.185498,0.209798
Robin Ortiz,CHC,1,0.9375,0.1391,0.0155,0.0683,0.04,0.011,0.190921,0.217813
Juan Obispo,WSN,1,0.9478,0.142,0.0126,0.0645,0.0297,0.011,0.183489,0.211437
Enmanuel Figuereo,BOS,1,0.9336,0.1307,0.0088,0.0602,0.0439,0.011,0.186402,0.187339
Iverson Allen,PIT,1,0.9274,0.1344,0.0084,0.0635,0.0481,0.013,0.196344,0.193983
Dayber Cruceta,PHI,1,0.9285,0.1336,0.0107,0.065,0.049,0.011,0.194436,0.197846
Anthony Frobose,NYM,1,0.9447,0.1176,0.0098,0.056,0.0328,0.011,0.162097,0.171906
Isaac Ponce,SDP,1,0.9302,0.133,0.0146,0.0657,0.0463,0.012,0.192126,0.20759
Belfi Rivera,ARI,1,0.9385,0.14,0.007,0.0625,0.042,0.008,0.190821,0.193926
Gabriel Flores,PHI,1,0.9435,0.1229,0.0111,0.0593,0.033,0.012,0.168625,0.183254
Luis Felipe,TOR,1,0.9475,0.1351,0.0087,0.0587,0.032,0.009,0.176861,0.190607
Yhon Guerrero,CLE,1,0.9201,0.1216,0.0133,0.0636,0.0574,0.011,0.190821,0.193892
Deivid Coronil,SDP,1,0.9433,0.1193,0.0048,0.0521,0.0332,0.012,0.16521,0.15838
Dayquer Alfonzo,SDP,1,0.9262,0.1359,0.0095,0.0638,0.0523,0.01,0.199056,0.199417
Maikol Rodriguez,SEA,1,0.9176,0.117,0.0082,0.0607,0.0579,0.013,0.188711,0.173169
Luis Almeida,PIT,1,0.9464,0.127,0.0088,0.0573,0.0311,0.011,0.16983,0.181424
Anderson Araujo,PHI,1,0.9375,0.151,0.02,0.0754,0.041,0.01,0.202872,0.248533
Timothy Mogen,SDP,1,0.9423,0.1169,0.0057,0.0525,0.0342,0.012,0.163804,0.158442
Johnderis Sanchez,NYM,1,0.9324,0.1024,0.005,0.0519,0.0461,0.01,0.159185,0.140927
Jefrank Silva,CHW,1,0.9415,0.1371,0.0142,0.0639,0.036,0.011,0.184895,0.207754
Jeison Lopez,ATH,1,0.9472,0.1434,0.012,0.0625,0.0303,0.011,0.185498,0.21231
Azaeel Pacheco,ATH,1,0.9019,0.129,0.0072,0.0645,0.0736,0.013,0.216531,0.185719
Jeyson Moya,SFG,1,0.934,0.1091,0.0085,0.0505,0.0445,0.01,0.164307,0.160707
Luis Estrella,STL,1,0.943,0.1276,0.0185,0.0628,0.0345,0.011,0.173848,0.209756
Romer Taveras,CLE,1,0.9251,0.1177,0.0093,0.0588,0.0534,0.01,0.181882,0.175008
Maiker Ramirez,COL,1,0.944,0.1417,0.007,0.0604,0.0335,0.011,0.187004,0.194597
Dariel Santana,NYY,1,0.9309,0.1056,0.0049,0.0525,0.0466,0.011,0.163905,0.146632
Jose Marcano,CLE,1,0.9483,0.1519,0.0044,0.06,0.0312,0.009,0.19293,0.198039
Sebastian Cadiz,CLE,1,0.9311,0.132,0.0101,0.0626,0.0474,0.01,0.190218,0.196005
Greylin De La Paz,LAA,1,0.9221,0.1373,0.009,0.0619,0.0564,0.01,0.20458,0.199111
Omar Urbina,BAL,1,0.936,0.1355,0.0095,0.0606,0.0415,0.011,0.188812,0.194124
Freilyn Rodriguez,PIT,1,0.9444,0.1301,0.0043,0.0547,0.0341,0.01,0.174952,0.170796
Rainer Espinoza,SFG,1,0.93,0.12,0.0139,0.0581,0.0475,0.011,0.179271,0.191075
Angel Gonzalez,MIL,1,0.9171,0.1285,0.0098,0.0655,0.0584,0.013,0.200763,0.193545
Juan Duran,WSN,1,0.9438,0.151,0.0128,0.0666,0.0327,0.012,0.196545,0.223246
Jhonalbert Vargas,COL,1,0.9351,0.1112,0.008,0.0541,0.0424,0.011,0.165311,0.161694
Logan Dawson,PHI,1,0.9335,0.1179,0.008,0.0572,0.044,0.011,0.173647,0.169363
Fernando Triana,PIT,1,0.9434,0.1217,0.0099,0.0573,0.0351,0.01,0.16752,0.179245
Guillermo Rosario,PHI,1,0.9295,0.1362,0.0164,0.0695,0.049,0.01,0.196043,0.222916
Martin Gonzalez,SEA,1,0.9296,0.1203,0.0113,0.0601,0.0479,0.011,0.179974,0.183735
Angel Roso,DET,1,0.9303,0.1217,0.0093,0.0595,0.0472,0.011,0.180677,0.179619
J.T. Bain,TOR,1,0.9375,0.1002,0.0125,0.0534,0.039,0.012,0.151853,0.16128
Moises Semerite,ATL,1,0.9369,0.1237,0.0117,0.0615,0.0406,0.011,0.176057,0.189241
Diwarys Encarnacion,MIA,1,0.9423,0.157,0.0122,0.0688,0.0362,0.01,0.204078,0.230818
Yelinson Betances,LAA,1,0.9439,0.126,0.0119,0.0575,0.0336,0.011,0.171337,0.187838
Carlos Tirado,,1,0.9324,0.1394,0.0147,0.0684,0.0451,0.011,0.196344,0.219755
Raynel Quezada,CLE,1,0.9503,0.1297,0.0129,0.0589,0.0272,0.011,0.168625,0.197096
Diego Villegas,SFG,1,0.9211,0.1334,0.0064,0.0573,0.0574,0.01,0.201667,0.186082
Durban Arnedo,ATL,1,0.9518,0.1284,0.005,0.0554,0.0267,0.01,0.165813,0.169363
Evan Estevez,SFG,1,0.9379,0.1393,0.0125,0.0604,0.0416,0.009,0.19072,0.211643
Carlos Done,MIL,1,0.9332,0.1248,0.014,0.0635,0.0453,0.01,0.180878,0.19685
Jose M. Mendoza,CHW,1,0.9455,0.1386,0.0136,0.0626,0.033,0.01,0.182384,0.207615
Josias Ramirez,CHC,1,0.9185,0.1192,0.0172,0.0687,0.06,0.01,0.190017,0.205226
Pedro Gomez,BAL,1,0.936,0.1168,0.0149,0.0595,0.0415,0.011,0.170031,0.188889
Jeury Ramirez,CHC,1,0.9365,0.1343,0.0139,0.0672,0.042,0.01,0.187105,0.210358
Santiago Ventura,DET,1,0.9413,0.125,0.0131,0.0602,0.0362,0.011,0.172944,0.191756
Hiverson López,CLE,1,0.9382,0.1431,0.014,0.0667,0.0383,0.012,0.194235,0.218397
Douglas Olivo,DET,1,0.9273,0.0978,0.0084,0.053,0.0502,0.011,0.159687,0.148711
Howard Reyes,DET,1,0.9383,0.1203,0.0143,0.0607,0.0392,0.011,0.171236,0.191623
Jesus Gamez,TEX,1,0.9516,0.1416,0.0193,0.0669,0.0269,0.01,0.179271,0.230769
Royelny Strop,STL,1,0.9401,0.1309,0.0104,0.0594,0.0374,0.011,0.180074,0.191788
Manny Almonte,ARI,1,0.9465,0.1325,0.0142,0.0645,0.031,0.011,0.175254,0.206867
Kadil Rubio,TBR,1,0.9462,0.1316,0.0094,0.0585,0.0293,0.013,0.174651,0.188438
Jose Santana,LAA,1,0.93,0.1022,0.0049,0.0484,0.0475,0.011,0.161394,0.139892
Angel Ramirez,WSN,1,0.9408,0.1304,0.015,0.0636,0.0377,0.01,0.178869,0.205038
Yael Romero,CIN,1,0.9053,0.127,0.0143,0.0694,0.0702,0.013,0.211108,0.208881
Jean Rodriguez,PIT,1,0.9384,0.1348,0.0109,0.0633,0.0381,0.012,0.185699,0.198849
Rolthemnay Marquetti,PIT,1,0.9324,0.1127,0.0081,0.0558,0.0451,0.011,0.169529,0.164629
Enyer Antonio,MIA,1,0.9493,0.1233,0.0066,0.0535,0.0282,0.011,0.163202,0.170968
Eliezer Arias,CIN,1,0.9408,0.1073,0.0081,0.0515,0.0377,0.01,0.155669,0.155293
Juan Espinal,ATL,1,0.927,0.1151,0.0163,0.0647,0.0495,0.012,0.177363,0.19342
Nestor Perez,CHW,1,0.9445,0.1076,0.0087,0.051,0.033,0.011,0.152255,0.156803
Hector Barroso,COL,1,0.9341,0.1435,0.0131,0.0675,0.0434,0.011,0.198755,0.219034
Santiago Ustariz,CLE,1,0.9301,0.1178,0.0087,0.057,0.0474,0.011,0.176961,0.172132
Gustavo Antunez,BOS,1,0.9456,0.1418,0.0109,0.0629,0.0329,0.01,0.185498,0.20791
Riangelo Richardson,CIN,1,0.9429,0.118,0.0081,0.0542,0.0356,0.01,0.164307,0.168735
Rayniel Lache,WSN,1,0.9398,0.1125,0.0109,0.0551,0.0377,0.011,0.161896,0.170568
Diego Orro,DET,1,0.9474,0.1293,0.0102,0.0583,0.0301,0.011,0.171136,0.189044
Omar Mejia,KCR,1,0.9392,0.1349,0.0137,0.0642,0.0393,0.01,0.184995,0.206452
Jesus Mancera,MIL,1,0.9221,0.1163,0.0101,0.0605,0.0554,0.011,0.183489,0.176879
Dionis Leyba,PIT,1,0.9474,0.116,0.0137,0.0573,0.0301,0.011,0.157778,0.181972
Matthew Moses,MIL,1,0.9412,0.1304,0.0198,0.0674,0.0383,0.009,0.178467,0.220782
Luis Cuevas,ATH,1,0.9361,0.1315,0.0117,0.0605,0.0414,0.011,0.184694,0.195171
Cesar Nivar,CLE,1,0.9332,0.1193,0.0086,0.0567,0.0443,0.011,0.175354,0.171989
Aiberson Blanco,NYM,1,0.9427,0.1068,0.0115,0.0545,0.0348,0.011,0.153259,0.165588
Luis Palencia,CHC,1,0.9365,0.1328,0.0137,0.0655,0.042,0.01,0.185598,0.204164
Ismael Mejia,ARI,1,0.9415,0.1449,0.0096,0.0647,0.035,0.012,0.192729,0.206798
Ronny Suarez,ARI,1,0.9365,0.1293,0.0081,0.0623,0.043,0.009,0.182083,0.186225
Wanderlin Padilla,MIA,1,0.9001,0.1196,0.0068,0.063,0.0764,0.012,0.208898,0.173203
Osmar Torrealba,ATL,1,0.9438,0.1152,0.0084,0.0548,0.0337,0.011,0.160591,0.164442
Francisco Loreto,PIT,1,0.9424,0.1418,0.0155,0.067,0.0341,0.012,0.188711,0.222199
Elisandro Ramirez,ATL,1,0.9438,0.1291,0.0131,0.0627,0.0327,0.012,0.174551,0.198665
Michell Ojeda,PIT,1,0.9344,0.143,0.0094,0.0653,0.0431,0.011,0.197951,0.206229
Jose Victorino,LAD,1,0.938,0.1021,0.0059,0.0526,0.0385,0.012,0.153259,0.142857
Juan Alvarez,ARI,1,0.9495,0.145,0.0135,0.0658,0.03,0.009,0.184795,0.218431
Janero Miller,MIA,1,0.9403,0.125,0.0099,0.0576,0.0372,0.011,0.173948,0.18526
Pablo Arosemena,CLE,1,0.9221,0.1215,0.0087,0.0601,0.0554,0.011,0.188711,0.178939
Jonathan Rangel,MIL,1,0.9201,0.1237,0.0107,0.0637,0.0574,0.011,0.19293,0.191392
Roderick Flores,MIL,1,0.9201,0.1284,0.0071,0.0622,0.0574,0.011,0.19765,0.184545
Kenny Fenelon,MIL,1,0.9282,0.1139,0.0141,0.0623,0.0493,0.011,0.174952,0.18552
Dariel Garcia,COL,1,0.941,0.1535,0.006,0.0649,0.0375,0.01,0.201868,0.208183
Samuel Brito,HOU,1,0.9414,0.1363,0.007,0.0599,0.0361,0.011,0.184192,0.186849
Carl Calixte,PIT,1,0.9404,0.1332,0.0111,0.0618,0.0371,0.011,0.182083,0.197256
Julio Valdez,CHC,1,0.9425,0.1167,0.0147,0.0598,0.035,0.011,0.163403,0.186101
Angelmis De La Cruz,KCR,1,0.9322,0.1184,0.0115,0.0601,0.0453,0.011,0.175454,0.180219
Hanley Ramirez,PIT,1,0.9354,0.1291,0.0112,0.0618,0.0421,0.011,0.182987,0.193072
David Colina,HOU,1,0.9364,0.1161,0.0106,0.0579,0.0411,0.011,0.168926,0.174712
Daniel Meza,COL,1,0.9272,0.1266,0.004,0.0572,0.0523,0.009,0.188711,0.167601
Bladimir Figueredo,TBR,1,0.9392,0.1337,0.01,0.0605,0.0393,0.01,0.18379,0.193356
Anderson Rodriguez,LAA,1,0.9399,0.1305,0.0113,0.0586,0.0376,0.011,0.179873,0.192786
Rafy Peguero,LAD,1,0.934,0.1225,0.0135,0.0642,0.0435,0.011,0.177764,0.192291
Osvaldo Heredia,MIA,1,0.9262,0.1128,0.0108,0.0583,0.0503,0.012,0.175856,0.173505
Ricardo Chirinos,BAL,1,0.9202,0.1149,0.0102,0.0592,0.0533,0.015,0.183991,0.174201
Judah Morris,ATH,1,0.9331,0.1342,0.0142,0.0646,0.0444,0.011,0.190419,0.210267
Oscar Pena,NYM,1,0.9304,0.1052,0.0047,0.0519,0.0471,0.011,0.164005,0.143487
Manny De Los Santos,MIL,1,0.9211,0.0941,0.0072,0.0527,0.0574,0.01,0.162197,0.140484
Ariel Reynoso,LAD,1,0.935,0.108,0.006,0.055,0.0435,0.01,0.162197,0.151123
Fernando Graterol,CHW,1,0.9405,0.1246,0.0161,0.0616,0.038,0.01,0.173345,0.199681
Rafael Moran,SDP,1,0.9423,0.125,0.0091,0.0569,0.0362,0.01,0.171939,0.178075
Angel Requena,WSN,1,0.9487,0.1468,0.0109,0.0641,0.0278,0.012,0.187406,0.209972
Deinis Chourio,CIN,1,0.9449,0.1298,0.0139,0.0607,0.0336,0.01,0.174149,0.199175
Jhon Simon,TEX,1,0.9277,0.1274,0.0119,0.0617,0.0498,0.011,0.189013,0.19392
Elias Reyno,ATL,1,0.925,0.1164,0.0093,0.0609,0.0505,0.013,0.180677,0.174595
Anyelo Jean,PIT,1,0.9444,0.1175,0.0055,0.0535,0.0331,0.011,0.162298,0.16349
Jesus Lizardo,PIT,1,0.9234,0.1348,0.007,0.063,0.0561,0.009,0.200763,0.190925
Adonanfer Reyes,LAA,1,0.9359,0.1155,0.0093,0.0538,0.0396,0.013,0.168826,0.169463
Ronny Muñoz,MIA,1,0.9433,0.1034,0.0072,0.0485,0.0342,0.011,0.149242,0.146613
Yeider Mindiola,NYM,1,0.9325,0.1252,0.0138,0.0644,0.045,0.011,0.181983,0.19689
Emdys Rosillo,CIN,1,0.9439,0.1485,0.0072,0.0612,0.0356,0.009,0.193934,0.201928
Wellmir Lara,CIN,1,0.9449,0.1323,0.0106,0.0594,0.0336,0.01,0.17666,0.193036
Nelson Prieto,PHI,1,0.9495,0.139,0.0187,0.0677,0.028,0.011,0.178769,0.227804
Nestor Miranda,DET,1,0.9353,0.1285,0.0196,0.0674,0.0422,0.011,0.182485,0.217791
Jose Sabino,CIN,1,0.9286,0.1328,0.0102,0.0625,0.0499,0.01,0.193532,0.196317
Noah Barber,KCR,1,0.9402,0.1181,0.013,0.0599,0.0373,0.011,0.167119,0.185492
Victor Garcia,CHC,1,0.9185,0.1207,0.0089,0.0627,0.06,0.01,0.191524,0.178661
Elioberto Mondesir,ATL,1,0.9428,0.1296,0.0088,0.0602,0.0357,0.01,0.176057,0.184663
Julio Acosta,CHC,1,0.9465,0.1197,0.0162,0.0614,0.033,0.009,0.162398,0.19345
Kendrick Herrera,PIT,1,0.9264,0.1374,0.0056,0.0619,0.0521,0.01,0.200362,0.187608
Christopher Vargas,STL,1,0.9519,0.1332,0.0088,0.0556,0.0266,0.01,0.170533,0.187205
Alessandro Duran,SFG,1,0.936,0.1319,0.0083,0.0555,0.0425,0.01,0.185196,0.187714
Jesus Villaflor,LAD,1,0.931,0.1291,0.0113,0.0659,0.0465,0.011,0.187406,0.195381
Jose Padilla,NYM,1,0.9447,0.109,0.006,0.0505,0.0338,0.01,0.15346,0.151583
Omar Guadamuz,CIN,1,0.9358,0.1087,0.006,0.0511,0.0407,0.012,0.162097,0.151314
Emill Olivo,CHC,1,0.9355,0.1177,0.0111,0.059,0.042,0.011,0.171437,0.176697
Neurelin Montero,TEX,1,0.9127,0.1167,0.0088,0.0605,0.0608,0.015,0.193331,0.175304
Yassel Pena,ATL,1,0.922,0.125,0.0079,0.0631,0.0545,0.012,0.192327,0.181345
Maikol Tovar,BOS,1,0.9326,0.129,0.0078,0.0595,0.0459,0.01,0.185698,0.184323
Jonierbis Garces,WSN,1,0.9408,0.1277,0.0088,0.0602,0.0377,0.01,0.176157,0.18176
Hector Ramos,BOS,1,0.9386,0.1393,0.0111,0.0638,0.0389,0.011,0.190017,0.206584
Isaias Suarez,WSN,1,0.9319,0.1194,0.011,0.0598,0.0466,0.01,0.17676,0.181135
Vinicius Dos Santos,SFG,1,0.9409,0.124,0.0068,0.0523,0.0336,0.014,0.172341,0.171963
Ezequiel Aparicio,LAD,1,0.93,0.126,0.0122,0.0658,0.0455,0.013,0.185297,0.192258
Bracewell Taveras,STL,1,0.9539,0.1452,0.0086,0.0589,0.0256,0.009,0.180576,0.20086
Eric Martinez,MIL,1,0.9392,0.1264,0.0155,0.0634,0.0373,0.012,0.176459,0.204003
Albert Moreno,CHC,1,0.9485,0.1289,0.0086,0.0579,0.03,0.01,0.169629,0.180812
Randy Martinez,CLE,1,0.9251,0.1159,0.0093,0.0588,0.0544,0.009,0.180074,0.173495
Roniel Paulino,MIL,1,0.9433,0.1353,0.0112,0.0618,0.0352,0.01,0.181279,0.198346
Raily Liriano,ARI,1,0.9485,0.1454,0.0144,0.0683,0.03,0.01,0.186201,0.223511
Renyel Campos,TOR,1,0.9345,0.1198,0.012,0.0596,0.042,0.012,0.174551,0.18427
Anthony Tandron,SFG,1,0.9439,0.1393,0.0054,0.0542,0.0346,0.01,0.184694,0.185613
Juan Brown,CIN,1,0.9368,0.1318,0.0134,0.0622,0.0397,0.012,0.184292,0.201751
Manuel Aguilar,NYY,1,0.938,0.1124,0.0109,0.0565,0.0395,0.011,0.163603,0.172068
Cleiner Ramirez,NYM,1,0.9468,0.1403,0.015,0.0671,0.0297,0.012,0.182786,0.215568
Ray Faria,BAL,1,0.943,0.1231,0.0113,0.0576,0.0355,0.01,0.169328,0.184199
Brayan Figueroa,ARI,1,0.9485,0.1101,0.01,0.0535,0.029,0.011,0.150748,0.163838
Jayln Pinder,TEX,1,0.9307,0.1089,0.0047,0.0521,0.0448,0.013,0.16742,0.149243
Anthony Delgado,NYM,1,0.9232,0.1168,0.0109,0.0617,0.0543,0.011,0.182886,0.17851
Moises Alcala,ARI,1,0.9355,0.1354,0.0146,0.0672,0.042,0.011,0.189214,0.212079
Martin Tamara,DET,1,0.9363,0.1239,0.0094,0.059,0.0402,0.012,0.17686,0.182634
Sherrintley Da Costa Gomez,ATL,1,0.9379,0.1138,0.0151,0.06,0.0406,0.01,0.16511,0.185734
Nayerich Waterfort,CIN,1,0.9399,0.1375,0.0081,0.0602,0.0346,0.014,0.186904,0.193638
Adrian Bello,MIA,1,0.9282,0.1379,0.0103,0.0644,0.0513,0.009,0.199056,0.204374
Brayan Cota,ATH,1,0.921,0.1237,0.01,0.0612,0.0555,0.012,0.192026,0.184908
Elian Reyes,TOR,1,0.9405,0.1108,0.0111,0.0547,0.038,0.01,0.159486,0.16874
Francisco Vilorio,NYY,1,0.941,0.1353,0.0102,0.0616,0.0375,0.01,0.183589,0.197556
Yoneiker Lugo,MIL,1,0.9271,0.1338,0.0084,0.0623,0.0514,0.01,0.196043,0.19081
Jalvin Arias,PHI,1,0.9395,0.122,0.0125,0.0601,0.039,0.01,0.171738,0.186589
Seong-Jun Kim,TEX,1,0.9436,0.1316,0.011,0.0597,0.0339,0.011,0.177262,0.194362
Jeibert Rondon,LAD,1,0.9449,0.122,0.0109,0.0603,0.0316,0.012,0.166315,0.180654
Jose Requena,ARI,1,0.9365,0.1186,0.0088,0.0579,0.041,0.011,0.171337,0.173625
Eric Mota,HOU,1,0.9414,0.1243,0.0082,0.0573,0.0381,0.009,0.17214,0.176014
Rayner Arias,SFG,1,0.9369,0.1309,0.0128,0.059,0.0386,0.013,0.183288,0.201195
Daniel Liriano,KCR,1,0.9302,0.1107,0.0068,0.0547,0.0443,0.014,0.16973,0.157708
Samuel Pardo,TBR,1,0.9472,0.1333,0.0053,0.0553,0.0303,0.011,0.175354,0.177787
Jhon Franganten,STL,1,0.944,0.1182,0.0109,0.0551,0.0335,0.011,0.163403,0.177966
Alexandel Pio,PIT,1,0.9444,0.1084,0.0085,0.0522,0.0341,0.01,0.153159,0.15756
Eber Miranda,BOS,1,0.9386,0.1377,0.0088,0.0617,0.0399,0.01,0.18841,0.196143
Eliezer Adames,NYY,1,0.94,0.1095,0.0098,0.0538,0.0385,0.01,0.158682,0.16234
Emerson Estevez,NYM,1,0.9417,0.1111,0.0129,0.0573,0.0338,0.013,0.158582,0.176596
Jordan Ouanyou,CIN,1,0.9398,0.1272,0.0136,0.0606,0.0387,0.01,0.17666,0.196318
Boris Sarduy,SFG,1,0.931,0.1102,0.0055,0.0492,0.0465,0.011,0.168424,0.152846
Anderson Garcia,KCR,1,0.9352,0.1237,0.0095,0.058,0.0433,0.01,0.177764,0.181245
Jose Perdomo,ATH,1,0.9351,0.1351,0.0124,0.0628,0.0414,0.012,0.189314,0.203401
Emile Torres,TBR,1,0.9462,0.1101,0.0109,0.0535,0.0323,0.01,0.153058,0.168146
Adrian La Rosa,NYM,1,0.9437,0.1234,0.0124,0.0596,0.0338,0.011,0.168926,0.186818
Jealmy Frias,CIN,1,0.9378,0.114,0.0114,0.0562,0.0407,0.01,0.165411,0.175411
Gilventon Josephina,CIN,1,0.9521,0.1272,0.0101,0.0546,0.0254,0.011,0.164307,0.182334
Yadier Crespo,PIT,1,0.9424,0.1373,0.0064,0.0589,0.0331,0.013,0.184192,0.186014
Francis Sosa,MIL,1,0.9382,0.1027,0.0156,0.0566,0.0393,0.011,0.153661,0.173524
Albert Medina,ARI,1,0.9395,0.1253,0.009,0.0585,0.037,0.012,0.175053,0.179989
Manuel Dos Passos,ATL,1,0.9299,0.1156,0.0086,0.0583,0.0466,0.012,0.174952,0.170233
Cruzmel Arias,COL,1,0.9469,0.1564,0.0089,0.0654,0.0306,0.011,0.198855,0.219031
Anthony Abreu,MIA,1,0.9292,0.1074,0.0152,0.0589,0.0493,0.01,0.16742,0.18037
Josh Owens,TEX,1,0.9496,0.1255,0.0105,0.0558,0.0279,0.011,0.16511,0.182603
Ishel Comenencia,COL,1,0.9361,0.1252,0.0089,0.0584,0.0434,0.009,0.178367,0.18075
Josue Rodriguez,MIL,1,0.9392,0.1249,0.0112,0.0597,0.0393,0.01,0.174952,0.188565
Kendrick Hernandez,DET,1,0.9413,0.1112,0.0107,0.0544,0.0372,0.01,0.159084,0.168809
Carlos Castillo,LAA,1,0.9369,0.1164,0.0099,0.0541,0.0406,0.011,0.168726,0.17227
Douglas Veliz,COL,1,0.9222,0.1332,0.01,0.0649,0.0523,0.014,0.200362,0.198872
Carlos Brito,COL,1,0.938,0.1198,0.0123,0.0591,0.0395,0.011,0.171035,0.184222
Elvis Teran,NYM,1,0.9458,0.1078,0.0081,0.0512,0.0317,0.011,0.15115,0.153415
Jose Gori,TOR,1,0.9375,0.115,0.0101,0.0558,0.039,0.012,0.166717,0.170667
Luis German,CHC,1,0.9305,0.1206,0.0061,0.0579,0.048,0.01,0.179371,0.166147
Jose Montilla,KCR,1,0.9292,0.1109,0.0099,0.0572,0.0473,0.012,0.170935,0.169285
Victor Familia,PIT,1,0.9334,0.1164,0.0059,0.0548,0.0421,0.013,0.172241,0.163595
David Ortiz Jr.,TEX,1,0.9217,0.0996,0.0084,0.0529,0.0558,0.011,0.167119,0.14994
Gregori Arias,MIA,1,0.9322,0.1184,0.0087,0.0574,0.0453,0.011,0.175454,0.173782
Eddison Charles,NYY,1,0.9461,0.0946,0.0096,0.0479,0.0314,0.011,0.137592,0.143537
Ayden Johnson,ATH,1,0.9361,0.1239,0.0073,0.0556,0.0414,0.011,0.177061,0.174127
Richer Mata,KCR,1,0.9382,0.1045,0.0084,0.0522,0.0413,0.009,0.155469,0.154338
Luis Rodriguez,SDP,1,0.9413,0.1094,0.0109,0.0545,0.0372,0.01,0.157276,0.168384
Darling Pena,COL,1,0.9479,0.1246,0.0133,0.0583,0.0286,0.012,0.165913,0.190843
Bryant Ciriaco,CHC,1,0.9425,0.0973,0.0099,0.0503,0.036,0.01,0.143919,0.147692
Austin Dean,,1,0.8975,0.2408,0.0398,0.1241,0.083,0.008,0.333233,0.456602
Jesse Winker,,1,0.8354,0.2005,0.0258,0.1166,0.139,0.016,0.356355,0.389634
Franmil Reyes,,1,0.9075,0.2289,0.0439,0.1192,0.077,0.004,0.311238,0.441653
Daniel Vogelbach,,1,0.8537,0.1953,0.0336,0.114,0.127,0.009,0.33233,0.391004
Victor Reyes,,1,0.9245,0.2647,0.0188,0.1083,0.059,0.005,0.33012,0.408112
Tyler Nevin,,1,0.8992,0.2206,0.0332,0.1124,0.076,0.014,0.311722,0.404248
Michael Brantley,,1,0.8845,0.2265,0.017,0.1067,0.094,0.01,0.331927,0.368231
Mike Tauchman,,0.655916,0.5635,0.1323,0.0136,0.0753,0.0774,0.0072,0.332465,0.357054
Yonathan Perlaza,,1,0.8845,0.21,0.0279,0.1119,0.098,0.006,0.315356,0.391295
Guillermo Heredia,,1,0.9275,0.2491,0.0246,0.1069,0.047,0.014,0.311439,0.398491
Brandon Belt,,1,0.8665,0.1864,0.0358,0.1125,0.113,0.009,0.309732,0.38292
Baek-ho Kang,,1,0.9085,0.2208,0.0356,0.1115,0.074,0.006,0.302099,0.405063
Euiji Yang,,1,0.9005,0.2268,0.0258,0.1073,0.072,0.016,0.316159,0.381455
Alex Verdugo,,1,0.9003,0.2266,0.0202,0.1071,0.081,0.008,0.316836,0.375653
Sam Hilliard,,1,0.8994,0.2042,0.0391,0.1143,0.084,0.005,0.294496,0.410051
Kyle Lewis,,1,0.8945,0.206,0.0366,0.1119,0.084,0.01,0.301296,0.395752
Khalil Lee,,1,0.8945,0.2076,0.0295,0.1107,0.083,0.011,0.302902,0.393292
Mel Rojas Jr.,,1,0.8925,0.2126,0.03,0.1097,0.088,0.008,0.309933,0.388347
Mark Mathias,,1,0.8865,0.2148,0.0223,0.1066,0.092,0.01,0.318168,0.367851
Jeong Choi,,1,0.8905,0.2016,0.0382,0.1129,0.081,0.017,0.300894,0.399214
Domingo Santana,,1,0.8855,0.2111,0.0252,0.1066,0.095,0.008,0.315456,0.375042
Hunter Renfroe,,1,0.8994,0.2065,0.0347,0.1071,0.083,0.007,0.297512,0.395819
Luke Voit,,1,0.8905,0.2053,0.0337,0.1099,0.083,0.015,0.30461,0.388433
Harold Castro,,1,0.9395,0.2495,0.0247,0.1049,0.041,0.008,0.299789,0.398403
Matt Davidson,,1,0.9185,0.2122,0.0439,0.1125,0.05,0.02,0.283419,0.416875
J.D. Martinez,,1,0.8922,0.2033,0.0295,0.1057,0.089,0.01,0.302815,0.382313
David MacKinnon,,1,0.8975,0.2205,0.0216,0.105,0.084,0.007,0.312845,0.370808
DJ LeMahieu,,1,0.8838,0.2172,0.0176,0.101,0.097,0.007,0.322749,0.350532
Mark Canha,,1,0.876,0.2054,0.0198,0.1043,0.092,0.022,0.320361,0.350571
Jason Martin,,1,0.8985,0.2059,0.0329,0.1097,0.082,0.008,0.297178,0.386644
Jose Rojas,,1,0.9005,0.1983,0.0371,0.1123,0.081,0.007,0.287536,0.399667
Robbie Grossman,,1,0.8602,0.1885,0.0225,0.1054,0.121,0.008,0.318711,0.345385
Ismael Munguia,,1,0.8985,0.2264,0.0146,0.1025,0.073,0.017,0.317766,0.352142
Cooper Hummel,,1,0.8595,0.1826,0.025,0.1052,0.114,0.015,0.312914,0.354276
Miguel Sanó,,1,0.9022,0.196,0.0443,0.1113,0.078,0.01,0.284797,0.404012
Austin Shenton,,1,0.887,0.1922,0.0328,0.1076,0.093,0.009,0.295322,0.380609
Joey Gallo,,1,0.8452,0.1531,0.0423,0.1111,0.133,0.011,0.298173,0.365712
Yoshi Tsutsugo,,1,0.8815,0.1877,0.0366,0.1094,0.1,0.007,0.295973,0.379921
C.J. Cron,,1,0.9155,0.209,0.0369,0.1094,0.063,0.01,0.283218,0.396942
Blaine Crim,,1,0.9052,0.2063,0.033,0.1062,0.076,0.009,0.292089,0.384666
Adam Fogel,,1,0.9145,0.2099,0.0343,0.1082,0.062,0.012,0.285126,0.392455
Jhonkensy Noel,,1,0.9172,0.1991,0.0453,0.1101,0.058,0.014,0.272079,0.41027
J.D. Davis,,1,0.894,0.201,0.0294,0.1027,0.085,0.011,0.297864,0.369239
Gio Urshela,,1,0.9196,0.2329,0.0186,0.0979,0.063,0.006,0.303112,0.367551
Willie Calhoun,,1,0.8933,0.2083,0.0218,0.1016,0.089,0.009,0.306883,0.35811
Seth Brown,,1,0.9068,0.2011,0.0371,0.1065,0.075,0.008,0.284955,0.389612
Ruben Cardenas,,1,0.9095,0.2105,0.0312,0.107,0.067,0.012,0.29075,0.383617
Carlos Mendoza,,1,0.8655,0.2001,0.0128,0.1004,0.106,0.017,0.324495,0.322704
Jordan Diaz,,1,0.9225,0.222,0.0287,0.1046,0.057,0.009,0.289244,0.384173
Jesse Franklin V,,1,0.9145,0.202,0.0392,0.1108,0.061,0.013,0.277192,0.399891
Jon Berti,,1,0.902,0.2219,0.0175,0.1059,0.075,0.011,0.309354,0.352217
Ronald Guzmán,,1,0.9035,0.2001,0.0333,0.1083,0.074,0.011,0.286331,0.384173
Aaron Palensky,,1,0.8835,0.1902,0.0287,0.108,0.09,0.015,0.296475,0.367176
Michael Hermosillo,,1,0.9095,0.2035,0.0348,0.1085,0.065,0.014,0.28372,0.387026
Jake Holton,,1,0.8815,0.1915,0.0275,0.1047,0.092,0.015,0.299789,0.35882
Ji Man Choi,,1,0.8755,0.1836,0.0307,0.1069,0.103,0.01,0.297881,0.360937
Justin Connell,,1,0.8905,0.2018,0.0238,0.1041,0.086,0.012,0.301095,0.358113
Aaron Hicks,,1,0.8641,0.1878,0.0224,0.1035,0.117,0.008,0.31393,0.335146
Donovan Solano,,1,0.9068,0.2254,0.014,0.0942,0.067,0.016,0.309359,0.347486
Chris Gittens,,1,0.8985,0.1972,0.0334,0.1069,0.079,0.011,0.28844,0.375181
Felix Stevens,,1,0.9045,0.1939,0.0383,0.1087,0.073,0.011,0.2791,0.390824
Nick Maton,,1,0.87,0.184,0.0248,0.107,0.107,0.012,0.304217,0.348046
David Peralta,,1,0.908,0.2158,0.0215,0.0983,0.072,0.009,0.297932,0.364097
Javier Valdes,,1,0.8895,0.1934,0.0297,0.1061,0.085,0.014,0.293663,0.365149
Darin Ruf,,1,0.8785,0.1885,0.0272,0.105,0.1,0.01,0.299789,0.352988
Tom Murphy,,1,0.8946,0.1961,0.0302,0.104,0.084,0.01,0.291294,0.367762
Keston Hiura,,1,0.9038,0.1991,0.0345,0.104,0.067,0.018,0.285241,0.37807
Jason Heyward,,1,0.8984,0.2002,0.0287,0.104,0.079,0.011,0.291453,0.370436
Leandro Cedeño,,1,0.9185,0.2155,0.0318,0.1048,0.059,0.011,0.286733,0.383125
Elehuris Montero,,1,0.9089,0.2068,0.0318,0.1033,0.072,0.008,0.287865,0.38002
Warming Bernabel,,1,0.9335,0.2292,0.0258,0.1004,0.047,0.009,0.286116,0.379861
Kyoung-min Hur,,1,0.9145,0.237,0.0114,0.0962,0.056,0.018,0.312343,0.34117
Rixon Wingrove,,1,0.9145,0.2021,0.0369,0.1077,0.063,0.011,0.277292,0.389393
DJ Stewart,,1,0.8664,0.1726,0.0333,0.1054,0.106,0.017,0.296579,0.352839
Charles Leblanc,,1,0.8809,0.1944,0.0226,0.1019,0.099,0.009,0.303614,0.347031
Mike Ford,,1,0.8868,0.1877,0.0327,0.1044,0.091,0.012,0.291604,0.363554
Matt Kroon,,1,0.9095,0.2126,0.0233,0.1046,0.068,0.011,0.292859,0.365915
Brad Miller,,1,0.8975,0.2012,0.0284,0.1046,0.081,0.01,0.293462,0.362451
Rougned Odor,,1,0.8985,0.2029,0.025,0.104,0.078,0.012,0.294165,0.361825
David Dahl,,1,0.9153,0.213,0.0273,0.1023,0.066,0.007,0.287235,0.377035
Bob Seymour,,1,0.9222,0.2078,0.0381,0.1072,0.058,0.008,0.275038,0.396985
Jose Iglesias,,1,0.9189,0.2336,0.0127,0.0937,0.055,0.015,0.304819,0.348351
Chad Pinder,,1,0.9255,0.2154,0.0303,0.1048,0.053,0.01,0.279602,0.384225
Maxwell Costes,,1,0.9045,0.2042,0.028,0.1042,0.068,0.016,0.289445,0.366501
Jairo Pomares,,1,0.9275,0.2123,0.0337,0.107,0.052,0.009,0.27448,0.391698
Hyun Soo Kim,,1,0.9105,0.2265,0.0153,0.0972,0.07,0.008,0.305815,0.344646
Nick Martini,,1,0.8857,0.1948,0.0245,0.1001,0.087,0.016,0.298996,0.351925
Cody Thomas,,1,0.9215,0.2109,0.0297,0.1049,0.057,0.01,0.2791,0.383722
Johan Mieses,,1,0.8905,0.1877,0.0331,0.1066,0.088,0.01,0.286934,0.367996
Mitch Haniger,,1,0.8927,0.1918,0.0317,0.1022,0.087,0.01,0.289727,0.362496
Nick Dunn,,1,0.8975,0.2148,0.0145,0.0984,0.083,0.008,0.307121,0.339721
Zach DeLoach,,1,0.8947,0.2008,0.0223,0.1033,0.086,0.008,0.296043,0.353862
Alexfri Planez,,1,0.9345,0.2118,0.0389,0.1075,0.044,0.01,0.266948,0.400535
Orelvis Martinez,,1,0.9004,0.1875,0.038,0.1082,0.076,0.012,0.27669,0.384496
Tyler Dearden,,1,0.9065,0.2105,0.0228,0.1012,0.072,0.01,0.293763,0.359735
Jose F Miranda,,1,0.9259,0.2195,0.0259,0.1011,0.052,0.012,0.284353,0.374338
Alfonso Rivas III,,1,0.8775,0.194,0.0173,0.0997,0.096,0.015,0.306317,0.334359
Justin Yurchak,,1,0.8955,0.2081,0.0185,0.0998,0.083,0.01,0.3024,0.343607
Yasmani Grandal,,1,0.8831,0.1947,0.024,0.0995,0.096,0.009,0.301055,0.342996
Chase Pinder,,1,0.8645,0.181,0.0211,0.1022,0.113,0.011,0.306317,0.331174
Jorge Burgos,,1,0.9075,0.2027,0.0294,0.1042,0.073,0.008,0.284925,0.372452
Ryan McKenna,,1,0.9049,0.2009,0.0288,0.1047,0.072,0.012,0.286015,0.367554
Jorge Bonifacio,,1,0.9045,0.2004,0.0288,0.1042,0.075,0.009,0.285628,0.367938
Sandro Fabian,,1,0.9298,0.2161,0.0314,0.1036,0.046,0.013,0.276205,0.385029
Kole Calhoun,,1,0.9085,0.2067,0.026,0.1026,0.069,0.011,0.287938,0.364447
Zach Zubia,,1,0.8745,0.1774,0.0314,0.1049,0.104,0.01,0.292658,0.351286
Tony Kemp,,1,0.8902,0.2068,0.015,0.1011,0.086,0.012,0.306209,0.333408
Joe Rizzo,,1,0.9185,0.2092,0.0286,0.1037,0.06,0.01,0.280406,0.37485
Geonchang Seo,,1,0.9025,0.2256,0.0076,0.0951,0.075,0.011,0.312946,0.330859
Taylor Jones,,1,0.9025,0.198,0.0275,0.1039,0.075,0.011,0.285226,0.365208
Matt Carpenter,,1,0.8727,0.1784,0.0264,0.1024,0.105,0.011,0.295612,0.344219
Alexander Canario,,1,0.9155,0.2038,0.0324,0.1042,0.067,0.007,0.27872,0.378263
Garrett Whitley,,1,0.8815,0.185,0.0258,0.1036,0.096,0.011,0.293261,0.349178
Malcom Nuñez,,1,0.9135,0.2124,0.0241,0.1008,0.064,0.011,0.288641,0.360701
Frankie Tostado,,1,0.9255,0.217,0.0274,0.1029,0.055,0.008,0.281209,0.3745
Ross Adolph,,1,0.8805,0.1852,0.0258,0.1027,0.094,0.014,0.294466,0.346281
Curt Casali,,1,0.8726,0.19,0.018,0.1,0.101,0.014,0.306502,0.326725
Diego Rincones,,1,0.9255,0.2144,0.0299,0.1033,0.052,0.011,0.278598,0.374608
Ethan Workinger,,1,0.9145,0.2056,0.029,0.1036,0.067,0.007,0.280807,0.370257
Junwoo Jeon,,1,0.9195,0.2271,0.0162,0.0965,0.06,0.009,0.297379,0.348341
Vito Friscia,,1,0.8785,0.1887,0.0209,0.1011,0.098,0.012,0.29999,0.335344
Josh Donaldson,,1,0.8865,0.1853,0.0287,0.104,0.092,0.01,0.288541,0.353525
Guy Lipscomb,,1,0.9035,0.2123,0.0154,0.1005,0.077,0.008,0.298584,0.342335
Robert Perez Jr.,,1,0.9015,0.1952,0.0304,0.1039,0.072,0.015,0.283419,0.36406
Dayan Viciedo,,1,0.9155,0.219,0.0226,0.1001,0.062,0.011,0.293261,0.357837
Matt Beaty,,1,0.8985,0.2073,0.0194,0.0987,0.068,0.022,0.298584,0.340234
Carson McCusker,,1,0.9169,0.1974,0.0369,0.1029,0.063,0.009,0.270455,0.38412
Garrett Cooper,,1,0.9086,0.2046,0.0255,0.0977,0.071,0.01,0.286546,0.358354
Edwin Rios,,1,0.9015,0.1894,0.034,0.104,0.078,0.009,0.277566,0.371048
Alex Dickerson,,1,0.9055,0.1979,0.0304,0.1044,0.071,0.012,0.282113,0.36698
Joe Perez,,1,0.9125,0.2045,0.0277,0.1018,0.067,0.009,0.281711,0.36526
Eduardo Escobar,,1,0.9145,0.2049,0.0282,0.1026,0.066,0.008,0.280104,0.367633
Matt Mervis,,1,0.9029,0.1849,0.0388,0.1046,0.076,0.011,0.272718,0.380441
Trey Cabbage,,1,0.9161,0.2045,0.0312,0.1046,0.063,0.009,0.27775,0.375614
Allan Cerda,,1,0.8845,0.1731,0.0359,0.1067,0.093,0.011,0.278297,0.365065
Ford Proctor,,1,0.8795,0.1919,0.0199,0.0995,0.099,0.01,0.302199,0.328596
Canaan Smith-Njigba,,1,0.8875,0.1931,0.0203,0.1012,0.094,0.007,0.29537,0.341746
Niko Hulsizer,,1,0.8895,0.1831,0.0308,0.1045,0.088,0.011,0.283318,0.358966
José Abreu,,1,0.9082,0.207,0.0241,0.0979,0.069,0.011,0.288268,0.354547
Adam Duvall,,1,0.9073,0.1888,0.0375,0.103,0.069,0.013,0.271778,0.377383
Anthony Prato,,1,0.8655,0.1861,0.0113,0.0984,0.102,0.021,0.310435,0.311265
Whit Merrifield,,1,0.9023,0.2137,0.0138,0.0997,0.077,0.009,0.301085,0.334368
TJ Hopkins,,1,0.8975,0.1964,0.0249,0.1011,0.081,0.01,0.288641,0.350864
Jake Scheiner,,1,0.8955,0.1861,0.0312,0.1044,0.082,0.011,0.280305,0.362702
Billy McKinney,,1,0.8914,0.1923,0.0256,0.1003,0.087,0.01,0.290579,0.349338
Michael Gigliotti,,1,0.8745,0.1854,0.0194,0.1001,0.102,0.012,0.300693,0.327273
Manuel Margot,,1,0.9107,0.2179,0.0143,0.0994,0.066,0.012,0.297208,0.33908
Lazaro Armenteros,,1,0.8845,0.1808,0.0297,0.104,0.09,0.014,0.28603,0.350028
Zach Daniels,,1,0.9135,0.2009,0.0308,0.1036,0.065,0.01,0.277092,0.367926
Yu Chang,,1,0.9065,0.1991,0.0279,0.1031,0.071,0.011,0.282314,0.36139
Tucker Bradley,,1,0.9015,0.2031,0.0194,0.0997,0.078,0.009,0.291353,0.345535
Mitchell Tolman,,1,0.8995,0.2032,0.0177,0.0991,0.078,0.011,0.293462,0.341968
Gabe Matthews,,1,0.8805,0.1805,0.0272,0.1025,0.094,0.014,0.289746,0.344009
Tyler Gentry,,1,0.9005,0.1951,0.0262,0.1019,0.075,0.013,0.284323,0.35447
Sheldon Neuse,,1,0.9165,0.2218,0.0172,0.0967,0.064,0.008,0.295069,0.342935
Omar Meregildo,,1,0.9105,0.1954,0.0331,0.1041,0.067,0.011,0.274581,0.369687
Jeter Downs,,1,0.8915,0.1879,0.025,0.1042,0.083,0.014,0.28613,0.350084
Max Stassi,,1,0.8795,0.1836,0.0238,0.1008,0.094,0.015,0.293864,0.335645
Drew Ellis,,1,0.8795,0.1741,0.0313,0.104,0.098,0.011,0.284323,0.350995
Bobby Dalbec,,1,0.9077,0.1909,0.0359,0.1028,0.073,0.008,0.272992,0.373141
Jamie Westbrook,,1,0.8966,0.2014,0.0188,0.0979,0.079,0.013,0.294637,0.337163
Matt Koperniak,,1,0.9145,0.2134,0.0217,0.0988,0.067,0.007,0.288641,0.350574
Brendon Davis,,1,0.8865,0.1821,0.0278,0.1035,0.09,0.012,0.285327,0.349915
Tony Bullard,,1,0.9215,0.2084,0.0273,0.1018,0.055,0.012,0.276589,0.36701
Jose Peroza,,1,0.9035,0.1985,0.0242,0.1003,0.073,0.012,0.284724,0.352518
Símon Muzziotti,,1,0.9175,0.217,0.0186,0.0991,0.063,0.008,0.289244,0.350736
Matt Higgins,,1,0.9015,0.2022,0.0212,0.0986,0.076,0.011,0.290449,0.342651
Marcus Wilson,,1,0.8835,0.1792,0.0275,0.1028,0.094,0.011,0.285427,0.34635
Andrew Kachel,,1,0.9005,0.2003,0.0211,0.0992,0.077,0.011,0.289545,0.343365
Ben Gamel,,1,0.8758,0.1821,0.0207,0.0975,0.105,0.008,0.296255,0.330212
Greyson Jenista,,1,0.9175,0.1917,0.0396,0.1062,0.06,0.011,0.263834,0.382125
Ezequiel Pagan,,1,0.9265,0.2151,0.0238,0.1005,0.049,0.013,0.278297,0.363519
Sean Bouchard,,1,0.8677,0.171,0.0242,0.1017,0.109,0.012,0.293232,0.331451
Eddie Rosario,,1,0.9176,0.2038,0.0293,0.1011,0.067,0.005,0.276713,0.367589
Jack Larsen,,1,0.8845,0.1903,0.0196,0.0989,0.092,0.012,0.295571,0.331826
Rodolfo Castro,,1,0.9045,0.193,0.031,0.1037,0.07,0.014,0.278196,0.361194
Kolten Wong,,1,0.9005,0.2016,0.0192,0.0987,0.075,0.013,0.290851,0.340478
Landon Stephens,,1,0.8945,0.1742,0.0396,0.1065,0.082,0.012,0.269358,0.369368
Xavier Fernández,,1,0.9125,0.2082,0.0212,0.0989,0.066,0.01,0.285427,0.349808
Travis Blankenhorn,,1,0.9053,0.1868,0.034,0.1021,0.071,0.013,0.271778,0.368938
Justice Thompson,,1,0.9045,0.1975,0.0253,0.1003,0.075,0.009,0.282716,0.352239
Luis Toribio,,1,0.8985,0.1847,0.0329,0.1037,0.081,0.009,0.275886,0.362048
Grant Lavigne,,1,0.8855,0.1847,0.0258,0.1012,0.091,0.012,0.288942,0.341615
Diego Infante,,1,0.9175,0.21,0.0239,0.0991,0.063,0.008,0.282214,0.354659
Todd Lott,,1,0.9235,0.208,0.0273,0.1012,0.054,0.011,0.274179,0.366757
Robbie Glendinning,,1,0.8965,0.1949,0.0224,0.0993,0.082,0.01,0.288139,0.341662
Rubel Cespedes,,1,0.9245,0.2111,0.0252,0.0999,0.057,0.007,0.276288,0.364954
Devonte Brown,,1,0.8865,0.1806,0.0288,0.1024,0.092,0.01,0.28382,0.344839
Brandon McIlwain,,1,0.9005,0.199,0.0204,0.0991,0.072,0.016,0.288239,0.340922
Yoyner Fajardo,,1,0.9085,0.2141,0.0138,0.0973,0.071,0.009,0.29537,0.332416
AJ Pollock,,1,0.9125,0.2023,0.025,0.1004,0.066,0.01,0.279502,0.355178
Jake Lamb,,1,0.8935,0.1945,0.0214,0.098,0.081,0.014,0.29075,0.337213
Lamar Sparks,,1,0.9095,0.2015,0.0242,0.1,0.072,0.007,0.281711,0.352941
Sean Roby,,1,0.9205,0.1939,0.0387,0.1048,0.059,0.009,0.263031,0.379359
Alexander Ovalles,,1,0.8935,0.1888,0.0252,0.1007,0.085,0.01,0.285026,0.343481
Jace Peterson,,1,0.8854,0.1941,0.0169,0.0985,0.093,0.01,0.298413,0.325164
Terence Doston,,1,0.9135,0.2121,0.0194,0.0982,0.065,0.01,0.28834,0.3422
Miguel Cabrera,,1,0.9105,0.214,0.0168,0.0954,0.068,0.01,0.293261,0.334322
Yasiel Puig,,1,0.9105,0.2002,0.0268,0.0999,0.066,0.012,0.279401,0.353652
Drew Campbell,,1,0.9225,0.2101,0.0259,0.1004,0.054,0.012,0.277292,0.360976
Bryan Arias,,1,0.8915,0.1884,0.0235,0.1003,0.085,0.012,0.286633,0.339877
Jordan Qsar,,1,0.8945,0.1842,0.0292,0.1025,0.083,0.011,0.279401,0.353382
Jameson Hannah,,1,0.9075,0.21,0.016,0.0961,0.072,0.009,0.292257,0.334876
Aaron McKeithan,,1,0.8865,0.1966,0.0162,0.0953,0.084,0.018,0.29989,0.317992
Armani Smith,,1,0.8945,0.1938,0.0217,0.0987,0.083,0.011,0.289043,0.336165
Minho Kang,,1,0.9125,0.2093,0.022,0.0975,0.064,0.012,0.286532,0.344658
Shogo Akiyama,,1,0.9355,0.2359,0.0129,0.093,0.044,0.009,0.290148,0.343453
Stanley Consuegra,,1,0.9175,0.1976,0.0315,0.1026,0.06,0.011,0.26976,0.36861
Shin-Soo Choo,,1,0.8925,0.1961,0.0192,0.0972,0.083,0.013,0.293361,0.328739
Geraldo Quintero,,1,0.8975,0.197,0.0188,0.1007,0.078,0.013,0.289244,0.336267
Brandon Dixon,,1,0.9165,0.194,0.0343,0.1031,0.059,0.013,0.267149,0.369995
Jesús Bastidas,,1,0.9105,0.1967,0.0278,0.102,0.059,0.019,0.275886,0.359802
R.J. Yeager,,1,0.9215,0.2088,0.0255,0.0999,0.054,0.013,0.276991,0.356593
Devin Mann,,1,0.8875,0.1877,0.0204,0.0984,0.088,0.013,0.289947,0.334423
Corey Rosier,,1,0.8975,0.1988,0.0178,0.1001,0.082,0.009,0.291052,0.332591
Kevin Kiermaier,,1,0.914,0.2058,0.0207,0.1,0.064,0.01,0.281121,0.349781
L.J. Jones,,1,0.9255,0.2083,0.026,0.1002,0.053,0.01,0.272472,0.363155
Joshua Mears,,1,0.9195,0.1829,0.0455,0.1084,0.056,0.013,0.252988,0.389016
Shayne Fontana,,1,0.8965,0.1963,0.0197,0.0987,0.077,0.015,0.289545,0.332515
JT Schwartz,,1,0.9025,0.1967,0.0213,0.098,0.073,0.013,0.283921,0.342161
Ben Norman,,1,0.9055,0.1895,0.0311,0.1023,0.072,0.011,0.273677,0.357151
Grant Richardson,,1,0.9185,0.1968,0.0324,0.1027,0.061,0.009,0.267952,0.367556
Marty Costes,,1,0.9065,0.2067,0.0166,0.0962,0.067,0.015,0.289947,0.333591
Wil Myers,,1,0.9065,0.1964,0.0258,0.0995,0.073,0.009,0.279602,0.348373
Forrest Wall,,1,0.8988,0.204,0.0149,0.0991,0.079,0.01,0.294413,0.32599
Kevin Pillar,,1,0.9225,0.2045,0.0271,0.1006,0.054,0.014,0.273183,0.359241
Tyler Neslony,,1,0.9115,0.2027,0.0215,0.0992,0.068,0.009,0.280908,0.348327
Davis Bradshaw,,1,0.9195,0.2217,0.0132,0.0937,0.056,0.013,0.291955,0.333116
Ivan Melendez,,1,0.9215,0.1953,0.0369,0.1024,0.054,0.013,0.263433,0.371785
Matt Rudick,,1,0.8765,0.1824,0.0172,0.0979,0.097,0.015,0.295671,0.317171
Skye Bolt,,1,0.9005,0.1964,0.0215,0.0976,0.079,0.009,0.285628,0.336924
Rafael Lantigua,,1,0.8835,0.1946,0.012,0.0952,0.097,0.008,0.300894,0.311149
Nick Schnell,,1,0.9195,0.1948,0.0327,0.1033,0.061,0.008,0.264939,0.371941
Daniel Montano,,1,0.8855,0.1847,0.0203,0.0978,0.093,0.01,0.288942,0.328176
Korry Howell,,1,0.8995,0.1851,0.0284,0.1018,0.076,0.013,0.275284,0.350195
Tristen Lutz,,1,0.8955,0.1853,0.0271,0.1,0.082,0.011,0.279502,0.34316
Alex Isola,,1,0.9015,0.1928,0.0259,0.0999,0.078,0.009,0.281008,0.344537
Shawn Goosenberg,,1,0.9175,0.2035,0.0235,0.0996,0.06,0.011,0.275685,0.352807
Scott Hurst,,1,0.8755,0.1805,0.0193,0.0977,0.101,0.012,0.294767,0.316619
Riley Tirotta,,1,0.8915,0.1858,0.0241,0.099,0.085,0.012,0.284021,0.336736
Nathan Martorella,,1,0.8995,0.1863,0.0302,0.1023,0.081,0.008,0.276489,0.352529
PK Morris,,1,0.8975,0.1849,0.0271,0.1005,0.081,0.01,0.277092,0.346407
Bon Ki Shin,,1,0.9025,0.1992,0.0206,0.097,0.074,0.012,0.286432,0.333407
Wilfred Veras,,1,0.9275,0.2049,0.0299,0.1011,0.053,0.008,0.267048,0.366792
Christian Arroyo,,1,0.9305,0.22,0.018,0.0958,0.048,0.01,0.279201,0.348845
Alex McGarry,,1,0.9255,0.2041,0.0285,0.1006,0.055,0.008,0.268254,0.364776
Mike Moustakas,,1,0.9105,0.2,0.024,0.0983,0.068,0.01,0.279201,0.346183
Josh Zamora,,1,0.9195,0.2041,0.0264,0.0988,0.059,0.01,0.274279,0.353235
Arismendy Alcántara,,1,0.9205,0.1998,0.0299,0.1006,0.058,0.01,0.268957,0.360999
Jason Vosler,,1,0.9228,0.2011,0.0297,0.0988,0.057,0.009,0.268173,0.364759
Juan Fernandez,,1,0.9115,0.2085,0.0173,0.0961,0.065,0.012,0.286733,0.333845
Tomas Frick,,1,0.9065,0.1993,0.0208,0.0967,0.069,0.013,0.282515,0.338665
Taegun Kim,,1,0.9215,0.2192,0.0166,0.0938,0.047,0.02,0.287436,0.33478
Connor Kokx,,1,0.8935,0.1938,0.0177,0.0977,0.079,0.016,0.290047,0.325126
Joe Dunand,,1,0.9045,0.1933,0.0237,0.0987,0.072,0.012,0.278498,0.344168
Tyler Osik,,1,0.9135,0.2011,0.0235,0.0982,0.063,0.012,0.277292,0.347126
Jimmy Herron,,1,0.9025,0.1968,0.0216,0.0996,0.074,0.012,0.284021,0.334958
Darick Hall,,1,0.9115,0.193,0.0308,0.1003,0.069,0.008,0.271166,0.355677
Aaron Bracho,,1,0.9145,0.1982,0.0268,0.0997,0.065,0.009,0.273376,0.352761
Nicholas Northcut,,1,0.9315,0.1881,0.0453,0.1066,0.047,0.01,0.246158,0.393022
Corey Dickerson,,1,0.9265,0.2145,0.0192,0.0959,0.053,0.009,0.277694,0.347437
Michael Snyder,,1,0.8785,0.1824,0.017,0.0971,0.099,0.011,0.293663,0.314627
Jordan Brewer,,1,0.9095,0.1973,0.0229,0.0985,0.067,0.012,0.277493,0.344035
Tres Gonzalez,,1,0.8975,0.2051,0.012,0.093,0.079,0.012,0.297379,0.314095
Josh VanMeter,,1,0.8625,0.1688,0.0181,0.0974,0.115,0.011,0.296073,0.306551
Lolo Sanchez,,1,0.8935,0.192,0.0191,0.0969,0.085,0.01,0.288239,0.325126
Ramon Hernandez,,1,0.9245,0.2084,0.0236,0.0971,0.054,0.01,0.273576,0.351541
Carter Williams,,1,0.9225,0.2058,0.0247,0.0982,0.056,0.01,0.272974,0.35187
Mike Zunino,,1,0.8995,0.1703,0.0412,0.1053,0.078,0.011,0.26042,0.365648
Jorge Ona,,1,0.9175,0.1961,0.029,0.1,0.059,0.012,0.268253,0.357493
Alsander Womack,,1,0.9055,0.206,0.0156,0.0945,0.072,0.011,0.290248,0.323689
Justin Dirden,,1,0.9145,0.1944,0.0262,0.0996,0.065,0.009,0.269559,0.356479
Neftali Soto,,1,0.9165,0.1962,0.0306,0.0993,0.061,0.011,0.269358,0.357119
Drew Mount,,1,0.9165,0.1989,0.0267,0.0987,0.058,0.014,0.27207,0.350791
Nick Gordon,,1,0.9321,0.2134,0.0225,0.0945,0.048,0.009,0.271431,0.354576
Jean Segura,,1,0.9125,0.2129,0.0146,0.094,0.065,0.011,0.290148,0.32526
Cam Devanney,,1,0.909,0.1904,0.0271,0.1013,0.067,0.012,0.270699,0.351485
Paul DeJong,,1,0.9087,0.1839,0.0349,0.0985,0.068,0.013,0.26575,0.357324
Stephen Scott,,1,0.8945,0.1834,0.0243,0.0995,0.083,0.011,0.278598,0.337395
Juan Guerrero,,1,0.9275,0.2223,0.0144,0.0945,0.053,0.008,0.284523,0.33628
Eric Hosmer,,1,0.9075,0.2009,0.0201,0.096,0.071,0.01,0.283117,0.332893
Norichika Aoki,,1,0.8995,0.202,0.0149,0.0947,0.079,0.01,0.292257,0.320623
Gosuke Katoh,,1,0.9095,0.205,0.0159,0.0955,0.068,0.011,0.285226,0.331721
Eli Wilson,,1,0.9175,0.199,0.0266,0.099,0.061,0.01,0.271166,0.351717
Brian Anderson,,1,0.8914,0.1865,0.0222,0.0972,0.086,0.011,0.284753,0.327126
Luis Yanel Diaz,,1,0.9215,0.1999,0.0281,0.1,0.056,0.011,0.268053,0.356484
Gabriel Martinez,,1,0.9205,0.2074,0.0206,0.0963,0.059,0.009,0.276589,0.344487
Luis Santana,,1,0.9185,0.205,0.0219,0.0972,0.057,0.013,0.276188,0.345346
Nick Podkul,,1,0.8795,0.1734,0.0251,0.0981,0.095,0.014,0.28362,0.325412
Noah Campbell,,1,0.8795,0.1806,0.0168,0.0956,0.098,0.011,0.290851,0.315748
Ronaldo Hernández,,1,0.9225,0.2005,0.0282,0.0991,0.054,0.012,0.267651,0.356531
Brandon Drury,,1,0.8968,0.1878,0.0234,0.0947,0.08,0.013,0.281645,0.334857
Jake Slaughter,,1,0.9105,0.1979,0.0231,0.0982,0.064,0.014,0.277092,0.340362
Danny Mendick,,1,0.9151,0.2063,0.0189,0.0953,0.063,0.01,0.280563,0.336794
David Hensley,,1,0.8717,0.1752,0.0171,0.0949,0.11,0.007,0.293373,0.309625
Taylor Kohlwey,,1,0.8895,0.1917,0.0154,0.0952,0.088,0.011,0.291955,0.316245
Dérmis Garcia,,1,0.9035,0.1764,0.0376,0.103,0.073,0.012,0.262529,0.36093
Trevor Schwecke,,1,0.9105,0.1998,0.0198,0.0967,0.068,0.01,0.279,0.337946
Luis Mieses,,1,0.9395,0.2121,0.0272,0.0985,0.042,0.007,0.262228,0.367429
Rylan Bannon,,1,0.8705,0.1674,0.0247,0.0998,0.108,0.01,0.286633,0.320391
Tristin English,,1,0.9307,0.2087,0.0266,0.0958,0.045,0.013,0.267771,0.355969
Jimmy Glowenke,,1,0.9035,0.1942,0.02,0.0965,0.067,0.018,0.280406,0.333038
Matt Fraizer,,1,0.9205,0.209,0.0174,0.0964,0.06,0.008,0.278196,0.341662
James Nelson,,1,0.9265,0.2064,0.0261,0.0996,0.051,0.011,0.269559,0.352617
Zach Reks,,1,0.8945,0.1884,0.0219,0.0967,0.084,0.01,0.28362,0.329346
Haydn McGeary,,1,0.9005,0.1872,0.0263,0.098,0.078,0.01,0.276388,0.339367
Ryan McBroom,,1,0.9015,0.1876,0.0282,0.0997,0.077,0.01,0.275786,0.345092
Ripken Reyes,,1,0.8735,0.1847,0.0092,0.0931,0.083,0.032,0.300994,0.295936
Micah Pries,,1,0.9115,0.1916,0.0255,0.0993,0.063,0.014,0.26976,0.349314
Ah-seop Son,,1,0.9235,0.2262,0.0088,0.0895,0.06,0.005,0.292458,0.320845
Alerick Soularie,,1,0.8985,0.1893,0.022,0.0991,0.078,0.012,0.280506,0.331107
Josh Sale,,1,0.8905,0.1779,0.0273,0.0992,0.086,0.012,0.277092,0.334307
Will Frizzell,,1,0.8935,0.1808,0.0268,0.0987,0.083,0.012,0.276991,0.336094
Eric Rataczak,,1,0.9005,0.1907,0.0239,0.0984,0.078,0.01,0.279904,0.338368
Quincy Hamilton,,1,0.8925,0.1784,0.0267,0.1001,0.087,0.009,0.275585,0.337255
Drew Compton,,1,0.9165,0.2069,0.0169,0.0939,0.063,0.009,0.280104,0.336716
Jamie Ritchie,,1,0.8755,0.1871,0.0109,0.0928,0.103,0.01,0.301396,0.29526
Douglas Hodo III,,1,0.8995,0.186,0.0236,0.1012,0.078,0.011,0.276188,0.337521
Jarryd Dale,,1,0.9065,0.206,0.0138,0.0937,0.072,0.01,0.289244,0.323662
José Devers,,1,0.9209,0.2136,0.0127,0.0928,0.057,0.011,0.282703,0.332501
Kody Hoese,,1,0.9125,0.1997,0.0216,0.0957,0.068,0.008,0.276891,0.338849
Chase Strumpf,,1,0.8785,0.1694,0.0255,0.0986,0.1,0.01,0.280607,0.326238
Yadiel Hernandez,,1,0.9145,0.2007,0.0236,0.0967,0.063,0.011,0.275886,0.339858
Joe Suozzi,,1,0.9065,0.1957,0.0218,0.0961,0.069,0.013,0.278899,0.333701
Travis Swaggerty,,1,0.8925,0.1859,0.0201,0.0966,0.085,0.011,0.283117,0.325042
Austin Allen,,1,0.9195,0.1943,0.0312,0.0998,0.059,0.01,0.264437,0.356172
Damiano Palmegiani,,1,0.8945,0.1772,0.0288,0.0994,0.077,0.017,0.272371,0.340973
Óscar Mercado,,1,0.8955,0.1873,0.0212,0.1001,0.08,0.013,0.281511,0.326968
Luke Berryhill,,1,0.8865,0.1781,0.0235,0.0974,0.093,0.009,0.28131,0.32555
Roby Enriquez,,1,0.9115,0.2038,0.0172,0.0948,0.066,0.011,0.282013,0.330664
Wilson Garcia,,1,0.9355,0.2098,0.0277,0.0982,0.042,0.011,0.263935,0.358739
Glenn Santiago,,1,0.9135,0.1977,0.0235,0.0971,0.065,0.01,0.273878,0.341106
Camden Duzenack,,1,0.9235,0.2081,0.0197,0.0957,0.052,0.013,0.274279,0.342285
LJ Talley,,1,0.9055,0.1993,0.017,0.0951,0.074,0.009,0.283519,0.326008
Mason Auer,,1,0.9135,0.1932,0.025,0.101,0.065,0.01,0.269358,0.347893
Wynton Bernard,,1,0.9245,0.2122,0.0176,0.0973,0.055,0.009,0.277393,0.338237
Elijah Dunham,,1,0.8995,0.1839,0.0238,0.0987,0.079,0.01,0.274079,0.338521
Evan Edwards,,1,0.9015,0.1818,0.0299,0.0995,0.076,0.011,0.269961,0.343539
Jake Marisnick,,1,0.9115,0.1915,0.0255,0.0987,0.064,0.013,0.26966,0.346133
Tim Locastro,,1,0.9015,0.1921,0.0194,0.0993,0.06,0.027,0.280305,0.328896
Alex McKenna,,1,0.8955,0.186,0.0213,0.0963,0.082,0.011,0.280205,0.327527
Colin Simpson,,1,0.9095,0.1915,0.0249,0.0977,0.07,0.009,0.271668,0.342606
Brady Allen,,1,0.9055,0.1866,0.0259,0.0983,0.072,0.011,0.270764,0.343015
Brandon Parker,,1,0.9085,0.1834,0.0317,0.1005,0.068,0.012,0.264538,0.352009
Neyfy Castillo,,1,0.9155,0.1915,0.0299,0.0998,0.063,0.01,0.265642,0.35325
Jeremy De La Rosa,,1,0.9165,0.1938,0.027,0.0996,0.064,0.008,0.266948,0.351555
Daniel Mateo,,1,0.9345,0.2101,0.0255,0.0984,0.045,0.009,0.265241,0.355056
Shane Matheny,,1,0.8845,0.1792,0.0205,0.0965,0.095,0.009,0.284423,0.319503
Chris Rotondo,,1,0.9075,0.1946,0.0207,0.0962,0.067,0.014,0.27679,0.333444
Matthew Dyer,,1,0.9095,0.1912,0.0248,0.0974,0.069,0.01,0.271367,0.341726
Kwang-Min Kwon,,1,0.9095,0.191,0.0255,0.0982,0.069,0.01,0.271166,0.341176
José Alvarez,,1,0.9155,0.2106,0.0134,0.0926,0.063,0.01,0.284825,0.322993
Darlin Moquete,,1,0.9235,0.2,0.0278,0.1,0.055,0.01,0.266144,0.351597
Quincy Nieporte,,1,0.9145,0.1918,0.0282,0.0987,0.064,0.01,0.266948,0.347403
Jesús Aguilar,,1,0.9125,0.1936,0.0282,0.0981,0.066,0.01,0.270764,0.344877
Albert Almora Jr.,,1,0.9225,0.2103,0.016,0.0946,0.057,0.009,0.277493,0.334309
Rolando Espinosa,,1,0.9055,0.1861,0.027,0.099,0.075,0.008,0.270262,0.341137
Erik Ostberg,,1,0.9085,0.1911,0.0242,0.0975,0.07,0.01,0.272271,0.33847
Stone Garrett,,1,0.9058,0.1889,0.0248,0.0961,0.073,0.01,0.272992,0.336498
Yongkyu Lee,,1,0.8965,0.2003,0.0116,0.0914,0.079,0.013,0.293562,0.304183
Bryce Willits,,1,0.9095,0.2006,0.0173,0.0939,0.071,0.008,0.280807,0.325563
Sang-soo Kim,,1,0.9025,0.212,0.006,0.088,0.076,0.01,0.299287,0.296621
ByungHo Park,,1,0.9055,0.1822,0.0329,0.0988,0.07,0.013,0.266345,0.344009
Colin Barber,,1,0.9085,0.1902,0.0234,0.0965,0.07,0.01,0.271367,0.33836
Delino DeShields,,1,0.8745,0.1817,0.0119,0.0924,0.103,0.011,0.296977,0.293196
Ho-young Son,,1,0.9305,0.2162,0.0173,0.0935,0.044,0.014,0.275384,0.336486
Brady Whalen,,1,0.9135,0.1961,0.0221,0.0961,0.065,0.01,0.272271,0.337165
Jackson Hornung,,1,0.9205,0.2037,0.0188,0.0938,0.06,0.008,0.272873,0.337968
Austin Barnes,,1,0.8915,0.1898,0.0165,0.0957,0.087,0.009,0.287265,0.310712
J.C. Correa,,1,0.9205,0.2089,0.0158,0.0935,0.06,0.008,0.278096,0.329821
Alex De Jesus,,1,0.9105,0.1978,0.0175,0.0939,0.069,0.009,0.276991,0.329709
Joe Lampe,,1,0.9105,0.1977,0.017,0.0961,0.068,0.01,0.276891,0.330697
Gavin Collins,,1,0.9085,0.1972,0.0192,0.095,0.069,0.011,0.278397,0.328343
José Osuna,,1,0.9265,0.2117,0.0211,0.0945,0.057,0.005,0.274882,0.339126
Dominic Miroglio,,1,0.8955,0.1835,0.0205,0.0963,0.081,0.012,0.277694,0.324065
Avisaíl García,,1,0.92,0.194,0.0302,0.0959,0.058,0.011,0.26403,0.348804
Terrell Tatum,,1,0.8875,0.1833,0.0162,0.0963,0.092,0.009,0.285528,0.310986
Tyler Payne,,1,0.9305,0.215,0.0157,0.0925,0.048,0.01,0.274179,0.335411
Miguel Hiraldo,,1,0.9265,0.2082,0.0185,0.0951,0.051,0.011,0.271367,0.33837
Cole Roederer,,1,0.8985,0.183,0.0232,0.0967,0.08,0.01,0.274179,0.329104
Landon Wallace,,1,0.9055,0.1888,0.0208,0.0958,0.07,0.013,0.272974,0.332303
Ehire Adrianza,,1,0.9006,0.1947,0.0141,0.0934,0.078,0.01,0.283892,0.315567
Brandon Crawford,,1,0.8983,0.19,0.0183,0.0925,0.078,0.012,0.281237,0.319715
Rob Brantly,,1,0.917,0.2056,0.0161,0.0931,0.054,0.017,0.277906,0.326499
Randy Florentino,,1,0.9185,0.2015,0.02,0.095,0.06,0.01,0.272672,0.334567
Austin Nola,,1,0.9015,0.1971,0.0151,0.0909,0.077,0.01,0.28527,0.315696
Nate Mondou,,1,0.8955,0.1941,0.0119,0.092,0.083,0.01,0.28834,0.310329
Nick Senzel,,1,0.8971,0.1856,0.0224,0.0935,0.084,0.008,0.278631,0.322484
Yasel Antuna,,1,0.8835,0.1786,0.0172,0.0951,0.094,0.011,0.284825,0.309564
Adam Brett Walker,,1,0.9385,0.2024,0.0309,0.0987,0.04,0.01,0.25349,0.364198
Sam Praytor,,1,0.9075,0.1899,0.0227,0.0964,0.07,0.011,0.27207,0.332672
Jake Noll,,1,0.9335,0.2072,0.0228,0.0958,0.045,0.01,0.263332,0.349652
Jonathan Davis,,1,0.8925,0.1846,0.018,0.0946,0.082,0.014,0.281812,0.314958
Joe Naranjo,,1,0.8875,0.1837,0.0166,0.0926,0.092,0.009,0.28593,0.30738
Tyler Robertson,,1,0.9175,0.1969,0.0234,0.0968,0.059,0.012,0.269057,0.337439
Tim Lopes,,1,0.9055,0.1919,0.0201,0.0959,0.075,0.008,0.276087,0.325456
Kendall Simmons,,1,0.9195,0.1958,0.0234,0.0959,0.055,0.014,0.265944,0.342251
Carlos De La Cruz,,1,0.9225,0.1956,0.0259,0.0965,0.055,0.011,0.26273,0.347534
Kean Wong,,1,0.9015,0.2018,0.0102,0.0908,0.076,0.011,0.290047,0.303938
Kellen Strahm,,1,0.8915,0.1895,0.0144,0.0958,0.091,0.006,0.287737,0.306674
Josh Hatcher,,1,0.9415,0.2137,0.0248,0.096,0.04,0.007,0.261826,0.352841
Jaylin Davis,,1,0.8935,0.1761,0.0251,0.0969,0.083,0.012,0.272271,0.327252
Chavez Young,,1,0.8935,0.1836,0.0187,0.0964,0.08,0.015,0.279803,0.316172
Gregory Polanco,,1,0.9105,0.1855,0.0304,0.098,0.072,0.006,0.264638,0.343548
John Hicks,,1,0.9205,0.1931,0.0266,0.0977,0.057,0.011,0.262228,0.346442
Elio Prado,,1,0.9095,0.193,0.0214,0.0954,0.068,0.011,0.273175,0.328642
Zac Cook,,1,0.9155,0.1852,0.0306,0.0989,0.057,0.016,0.259315,0.34899
Josh Harrison,,1,0.9225,0.2115,0.0127,0.0911,0.05,0.016,0.278698,0.322927
Alex Stone,,1,0.9315,0.2093,0.0204,0.0937,0.045,0.012,0.26745,0.340526
Niko Decolati,,1,0.8775,0.176,0.0164,0.094,0.096,0.015,0.288239,0.300285
Steven Duggar,,1,0.8945,0.1796,0.0228,0.0958,0.085,0.009,0.274782,0.322974
D'Shawn Knowles,,1,0.9095,0.1976,0.0163,0.0942,0.071,0.008,0.277795,0.321825
Chandler Redmond,,1,0.9015,0.1779,0.0303,0.0979,0.078,0.009,0.266044,0.33777
Zack Collins,,1,0.8815,0.1703,0.0219,0.096,0.099,0.008,0.278498,0.315939
Kyle Datres,,1,0.8895,0.1777,0.0226,0.0964,0.087,0.012,0.277895,0.317931
Michael Papierski,,1,0.8845,0.1797,0.0173,0.0935,0.094,0.01,0.284925,0.306727
Preston Tucker,,1,0.8895,0.1782,0.0212,0.0956,0.086,0.013,0.278397,0.317144
Joe Redfield,,1,0.9205,0.2035,0.0177,0.0946,0.058,0.01,0.272673,0.331016
Jaeho Kim,,1,0.9095,0.2087,0.0089,0.0894,0.067,0.012,0.288942,0.306102
Jacob Gonzalez,,1,0.9275,0.2062,0.0211,0.0942,0.048,0.013,0.268354,0.337466
Jonny Butler,,1,0.9035,0.1852,0.0213,0.0961,0.075,0.01,0.271367,0.328832
Matt Coutney,,1,0.9095,0.1897,0.0229,0.0945,0.068,0.011,0.26986,0.33271
Tyler Naquin,,1,0.9225,0.1949,0.0258,0.0961,0.056,0.01,0.262027,0.345149
César Hernández,,1,0.8945,0.1928,0.0117,0.0914,0.084,0.01,0.288039,0.30218
Joe Gray Jr.,,1,0.9185,0.1911,0.0268,0.0976,0.059,0.011,0.262228,0.34393
Tanner Allen,,1,0.9145,0.1968,0.02,0.0946,0.064,0.01,0.271969,0.329251
Clint Frazier,,1,0.8855,0.1744,0.0208,0.0957,0.092,0.011,0.278598,0.313608
Raimel Tapia,,1,0.9105,0.2001,0.0157,0.0931,0.069,0.009,0.279301,0.317847
Byeong-woo Jeon,,1,0.8925,0.1831,0.0189,0.0934,0.078,0.018,0.280305,0.312941
Luis Baez,,1,0.9305,0.2051,0.0213,0.0947,0.051,0.007,0.264236,0.342826
Wilderd Patiño,,1,0.9115,0.1952,0.0209,0.0959,0.063,0.014,0.273376,0.326605
Matt Duffy,,1,0.9085,0.202,0.0141,0.0908,0.068,0.012,0.283218,0.310622
Jae-Hoon Ha,,1,0.9255,0.1976,0.0263,0.0975,0.053,0.01,0.261725,0.344679
Riley Mahan,,1,0.9275,0.2017,0.0219,0.095,0.051,0.01,0.263834,0.34221
Alexander Vargas,,1,0.9335,0.2127,0.0162,0.0944,0.047,0.008,0.268856,0.338511
Carter Aldrete,,1,0.9265,0.1965,0.0269,0.0964,0.055,0.007,0.259616,0.347976
Brian O'Keefe,,1,0.9145,0.1856,0.0288,0.0973,0.068,0.006,0.260721,0.343794
Sonny DiChiara,,1,0.8975,0.1768,0.0274,0.0966,0.079,0.012,0.268957,0.330696
Colby Smelley,,1,0.9125,0.2008,0.0152,0.0911,0.064,0.012,0.277995,0.318575
Matt Reynolds,,1,0.9035,0.19,0.0171,0.0934,0.076,0.009,0.276188,0.320421
Livan Soto,,1,0.8895,0.1903,0.0125,0.091,0.089,0.01,0.290549,0.299607
Grant Witherspoon,,1,0.8995,0.1798,0.0246,0.0964,0.079,0.01,0.269961,0.328071
Jeremy Arocho,,1,0.8725,0.1837,0.0059,0.0911,0.108,0.008,0.300994,0.275072
Luis Encarnacion,,1,0.9345,0.2018,0.0285,0.0963,0.045,0.009,0.256905,0.351204
Stevie Berman,,1,0.8815,0.1722,0.0193,0.0949,0.097,0.01,0.280406,0.307204
Felix Valerio,,1,0.9135,0.196,0.0186,0.0941,0.064,0.011,0.27217,0.325999
Kenneth Betancourt,,1,0.9285,0.2173,0.0103,0.0899,0.051,0.009,0.278498,0.319978
Morgan McCullough,,1,0.8955,0.184,0.0165,0.0938,0.081,0.012,0.278196,0.314461
Freylin Minyety,,1,0.9115,0.2058,0.0102,0.09,0.066,0.011,0.284021,0.307844
Brian Miller,,1,0.9115,0.2023,0.0126,0.0916,0.067,0.01,0.280506,0.313001
Justin Toerner,,1,0.8805,0.1694,0.0209,0.0952,0.097,0.011,0.278598,0.308461
Josh Morgan,,1,0.9135,0.1929,0.0213,0.0944,0.064,0.011,0.269057,0.329064
Paul Witt,,1,0.9215,0.1904,0.0274,0.0969,0.056,0.011,0.258512,0.345415
Moisés Castillo,,1,0.9065,0.1994,0.0121,0.0908,0.072,0.01,0.282615,0.308329
J.D. Orr,,1,0.8825,0.1831,0.011,0.0912,0.094,0.012,0.290349,0.291331
Willie Joe Garry Jr.,,1,0.9115,0.1881,0.023,0.0963,0.067,0.01,0.266245,0.334174
Ethan Wilson,,1,0.9275,0.1994,0.0239,0.0958,0.052,0.009,0.261525,0.342102
Alberto Rodriguez,,1,0.9215,0.2014,0.0178,0.0924,0.057,0.01,0.269559,0.331199
Ernie Yake,,1,0.9105,0.1978,0.0141,0.0923,0.067,0.011,0.276991,0.316969
Austin Deming,,1,0.9165,0.1858,0.0289,0.0972,0.061,0.011,0.258913,0.343262
Bubba Thompson,,1,0.9287,0.2073,0.018,0.0969,0.05,0.01,0.2684,0.332077
Hogan Windish,,1,0.9075,0.185,0.0236,0.0951,0.069,0.012,0.267149,0.330358
Patrick Frick,,1,0.9175,0.209,0.0099,0.0896,0.059,0.012,0.281209,0.311499
Kyle Garlick,,1,0.9055,0.1767,0.0315,0.0978,0.072,0.011,0.260822,0.340033
Kevin Plawecki,,1,0.9075,0.1938,0.0173,0.0922,0.072,0.009,0.275987,0.316364
Jae-Gyun Hwang,,1,0.9255,0.2125,0.0147,0.0898,0.057,0.006,0.27669,0.320151
Julio E. Rodriguez,,1,0.9085,0.1864,0.0248,0.095,0.069,0.011,0.26755,0.327903
Cam Cannon,,1,0.9205,0.2026,0.0152,0.0923,0.058,0.01,0.271769,0.324715
Brett Johnson,,1,0.8815,0.1691,0.0199,0.095,0.098,0.009,0.277292,0.309813
Jake Washer,,1,0.9275,0.1951,0.0274,0.0966,0.051,0.01,0.257206,0.345984
Hayden Gilliland,,1,0.8975,0.179,0.0226,0.0938,0.081,0.01,0.271166,0.320223
P.J. Hilson,,1,0.9255,0.1979,0.0249,0.0965,0.052,0.011,0.262027,0.338304
Hun Gon Kim,,1,0.9285,0.2141,0.0146,0.0904,0.05,0.01,0.275284,0.320625
Narciso Crook,,1,0.9015,0.1757,0.0269,0.0967,0.073,0.014,0.263834,0.331337
Nerwilian Cedeño,,1,0.9215,0.2007,0.0182,0.0935,0.058,0.009,0.268856,0.330874
Jeron Williams,,1,0.9255,0.2061,0.0146,0.0949,0.052,0.011,0.270262,0.327175
Darius Hill,,1,0.9215,0.2082,0.0119,0.0896,0.059,0.008,0.276388,0.317743
Andrew Knapp,,1,0.9026,0.1854,0.0205,0.0937,0.075,0.011,0.272517,0.319743
Aaron Shackelford,,1,0.9075,0.1794,0.0281,0.0974,0.069,0.012,0.261525,0.337631
Hudson Haskin,,1,0.8905,0.1787,0.0178,0.0939,0.078,0.02,0.277895,0.307243
Hunter Bishop,,1,0.9195,0.1954,0.0208,0.0945,0.058,0.011,0.265542,0.333007
Mateo Gil,,1,0.9305,0.2007,0.0228,0.0946,0.05,0.008,0.259817,0.341967
Jake Snider,,1,0.8865,0.1801,0.0142,0.0926,0.087,0.015,0.283318,0.298477
Chris Owings,,1,0.8985,0.1809,0.0213,0.0942,0.08,0.01,0.27207,0.31764
Justin Farmer,,1,0.8965,0.1802,0.0205,0.0944,0.082,0.01,0.273376,0.315226
Tanner Kirwer,,1,0.9075,0.1903,0.0202,0.0941,0.07,0.011,0.272472,0.318237
Jim Haley,,1,0.9215,0.1939,0.0235,0.0959,0.055,0.012,0.262027,0.336082
Tyler Wade,,1,0.895,0.1967,0.0067,0.0914,0.083,0.01,0.291068,0.289274
TT Bowens,,1,0.9175,0.1844,0.0291,0.0962,0.062,0.009,0.256503,0.342997
Gabriel Rodriguez,,1,0.9055,0.187,0.0203,0.0934,0.071,0.012,0.271166,0.320596
Mike Brosseau,,1,0.9105,0.1876,0.0245,0.0945,0.063,0.015,0.266747,0.325865
Onix Vega,,1,0.8955,0.1876,0.0138,0.0909,0.082,0.011,0.281812,0.301619
Henry Kusiak,,1,0.9185,0.1941,0.0202,0.0934,0.059,0.011,0.265241,0.330212
Ismael Alcantara,,1,0.9185,0.1943,0.0226,0.0942,0.059,0.011,0.265441,0.329559
Jared Walsh,,1,0.9009,0.1735,0.0287,0.0939,0.078,0.01,0.262524,0.330114
William Lugo,,1,0.9075,0.1881,0.0201,0.093,0.071,0.01,0.270262,0.320551
Kale Emshoff,,1,0.9205,0.189,0.0269,0.0953,0.058,0.01,0.25811,0.340141
Tim Anderson,,1,0.9349,0.2242,0.0092,0.0854,0.045,0.009,0.279317,0.312975
Nick Ward,,1,0.8965,0.1914,0.0123,0.0903,0.079,0.013,0.284624,0.298494
Jacob Campbell,,1,0.9255,0.1961,0.0244,0.0942,0.051,0.012,0.260219,0.337115
Kevin Smith,,1,0.9299,0.1972,0.0249,0.0951,0.05,0.009,0.257229,0.34208
Vaun Brown,,1,0.9185,0.191,0.0231,0.0968,0.058,0.012,0.262127,0.333043
Hudson Head,,1,0.9145,0.1862,0.0247,0.0952,0.064,0.01,0.261324,0.335046
Micael Ramirez,,1,0.9055,0.193,0.016,0.0912,0.074,0.009,0.277192,0.30878
Dustin Peterson,,1,0.9105,0.1847,0.0248,0.0948,0.069,0.009,0.263834,0.328501
Adam Haseley,,1,0.9145,0.1953,0.0188,0.0932,0.064,0.01,0.270463,0.32094
Hunter Stovall,,1,0.9265,0.2088,0.0149,0.0911,0.055,0.007,0.271969,0.319914
Steele Walker,,1,0.9115,0.1874,0.0227,0.0943,0.066,0.011,0.265542,0.325507
Kramer Robertson,,1,0.8655,0.1668,0.012,0.0915,0.107,0.016,0.291052,0.27695
Kevin Padlo,,1,0.8935,0.1699,0.0256,0.0961,0.087,0.008,0.266044,0.320313
Bret Boswell,,1,0.9015,0.1838,0.0178,0.0925,0.077,0.01,0.271969,0.313256
Phillip Sikes,,1,0.9055,0.1799,0.0247,0.0964,0.069,0.014,0.264035,0.327443
Brenden Dixon,,1,0.9035,0.1739,0.029,0.097,0.075,0.01,0.260018,0.330271
Sebastian Espino,,1,0.9295,0.1975,0.0225,0.0936,0.049,0.01,0.257608,0.338354
Yolbert Sanchez,,1,0.9345,0.2236,0.0083,0.0862,0.045,0.009,0.278799,0.309256
Stephen Piscotty,,1,0.9135,0.1867,0.0242,0.0941,0.064,0.011,0.26283,0.327203
Evan Mendoza,,1,0.8935,0.1918,0.0083,0.0886,0.085,0.01,0.288039,0.286738
Kobe Kato,,1,0.8915,0.1818,0.0128,0.0925,0.086,0.011,0.280004,0.298037
Nick Kahle,,1,0.9075,0.1846,0.0216,0.0932,0.069,0.012,0.266747,0.320331
JJ Schwarz,,1,0.9005,0.1814,0.0204,0.093,0.079,0.009,0.270563,0.313493
Omar De Los Santos,,1,0.9305,0.1919,0.0289,0.101,0.047,0.011,0.250979,0.346695
McCarthy Tatum,,1,0.9215,0.1933,0.0211,0.0933,0.051,0.016,0.261424,0.329463
Baron Radcliff,,1,0.9045,0.1722,0.0309,0.0963,0.076,0.008,0.257306,0.332117
Michael Reed,,1,0.9095,0.1864,0.0205,0.0929,0.068,0.011,0.266546,0.319956
Kevin Newman,,1,0.9259,0.213,0.0087,0.0879,0.055,0.007,0.276299,0.310077
Yan Gomes,,1,0.9245,0.199,0.0208,0.0936,0.049,0.014,0.263343,0.328502
Maikol Escotto,,1,0.9335,0.203,0.0215,0.0942,0.045,0.01,0.259114,0.334976
Bryce Ball,,1,0.8985,0.1758,0.0215,0.0936,0.081,0.009,0.266948,0.318086
Willy Vasquez,,1,0.9195,0.1961,0.0189,0.0933,0.062,0.007,0.266245,0.32398
Juan Zabala,,1,0.9155,0.1924,0.0194,0.0921,0.064,0.009,0.266546,0.319607
Nick Meyer,,1,0.8905,0.1792,0.0167,0.0915,0.087,0.011,0.278397,0.2968
Arquímedes Gamboa,,1,0.8865,0.1772,0.0139,0.0909,0.094,0.008,0.280406,0.293288
Nick Decker,,1,0.9015,0.1707,0.0273,0.0961,0.076,0.011,0.258813,0.327565
Dilan Rosario,,1,0.9125,0.1945,0.015,0.0906,0.066,0.01,0.271668,0.311562
Diego Hernandez,,1,0.9375,0.209,0.019,0.0915,0.043,0.008,0.261123,0.33152
Patrick Dorrian,,1,0.9075,0.1761,0.0277,0.0953,0.071,0.01,0.25821,0.329366
Simon Whiteman,,1,0.9025,0.1933,0.0095,0.0892,0.077,0.009,0.280506,0.296621
Hayden Cantrelle,,1,0.8755,0.1696,0.0105,0.0928,0.099,0.014,0.28382,0.285437
Daniel Robertson,,1,0.9035,0.1861,0.0157,0.0913,0.07,0.015,0.272271,0.307692
Joseph Rosa,,1,0.9015,0.1881,0.0124,0.0898,0.075,0.012,0.276288,0.301498
Dixon Machado,,1,0.8865,0.1833,0.0108,0.0881,0.093,0.009,0.286532,0.282346
Jimmy Govern,,1,0.9265,0.1954,0.0214,0.0932,0.05,0.012,0.258512,0.331786
Logan Warmoth,,1,0.8925,0.1807,0.0141,0.091,0.084,0.012,0.277895,0.296583
Jantzen Witte,,1,0.9175,0.1872,0.0246,0.0938,0.062,0.009,0.259315,0.32861
Scott Kapers,,1,0.9165,0.1855,0.0243,0.0941,0.058,0.014,0.258612,0.328642
Aaron Schunk,,1,0.9288,0.203,0.0165,0.0929,0.051,0.008,0.26329,0.326658
Stephen Paolini,,1,0.9035,0.1803,0.0222,0.095,0.075,0.01,0.266446,0.317322
Trent Farquhar,,1,0.8835,0.1815,0.0065,0.0887,0.09,0.015,0.287737,0.280475
Brett Phillips,,1,0.8895,0.1631,0.0277,0.0961,0.091,0.008,0.263232,0.316695
Greg Deichmann,,1,0.9175,0.1872,0.0236,0.0938,0.062,0.009,0.259315,0.328065
Raudelis Martinez,,1,0.9135,0.1942,0.0165,0.0904,0.066,0.009,0.270363,0.31144
Luke Ritter,,1,0.8935,0.1724,0.0224,0.0922,0.082,0.013,0.268555,0.310241
Cody Milligan,,1,0.8995,0.1889,0.0093,0.0906,0.08,0.009,0.2791,0.296053
Miguel Hernandez,,1,0.9335,0.2136,0.0119,0.0882,0.045,0.01,0.26976,0.315908
Jared Wegner,,1,0.9025,0.178,0.0215,0.0929,0.073,0.013,0.26514,0.315457
Orlando Calixte,,1,0.9335,0.2093,0.0177,0.0904,0.049,0.006,0.265441,0.326727
John Rhodes,,1,0.9035,0.18,0.0206,0.0927,0.076,0.009,0.266144,0.314444
Evan Skoug,,1,0.8925,0.1673,0.0243,0.0949,0.084,0.012,0.264437,0.315182
Brandon Martorano,,1,0.8955,0.1723,0.0227,0.0932,0.083,0.01,0.266446,0.311669
Miguel Villarroel,,1,0.9365,0.2151,0.0108,0.0892,0.043,0.009,0.268254,0.318526
Drake Logan,,1,0.9225,0.1914,0.0234,0.0934,0.055,0.011,0.258512,0.328564
Bubba Alleyne,,1,0.9165,0.1903,0.02,0.0934,0.062,0.01,0.263433,0.321877
Dylan Rock,,1,0.9065,0.1796,0.0229,0.0932,0.069,0.013,0.26273,0.318919
Seth Gray,,1,0.9075,0.1829,0.0228,0.0927,0.07,0.011,0.26504,0.316364
Ronaiker Palma,,1,0.9175,0.2027,0.0118,0.088,0.062,0.009,0.274882,0.303324
Mat Nelson,,1,0.8945,0.1705,0.0239,0.0931,0.076,0.018,0.265642,0.310676
Anthony Bemboom,,1,0.8945,0.1797,0.016,0.0907,0.084,0.01,0.274882,0.300391
Cooper Bowman,,1,0.9035,0.1819,0.0175,0.0958,0.074,0.011,0.268053,0.310017
Joe Campagna,,1,0.9085,0.1838,0.0189,0.0918,0.07,0.01,0.264939,0.315575
Jordyn Adams,,1,0.9153,0.186,0.0219,0.0945,0.065,0.008,0.260145,0.324156
Cam Eden,,1,0.9085,0.1872,0.0173,0.0955,0.067,0.013,0.268354,0.311392
Drew Maggi,,1,0.9145,0.1895,0.0193,0.0914,0.063,0.011,0.264638,0.316566
Bryson Horne,,1,0.9305,0.1937,0.027,0.0941,0.051,0.007,0.252787,0.340677
Tucker Barnhart,,1,0.8878,0.18,0.0114,0.088,0.089,0.011,0.281322,0.28565
Jackson Glenn,,1,0.9255,0.2002,0.0149,0.0896,0.054,0.009,0.264337,0.318855
Donta' Williams,,1,0.8875,0.1731,0.0149,0.0913,0.089,0.012,0.275284,0.294423
Josh Stowers,,1,0.9105,0.1775,0.0258,0.0952,0.067,0.011,0.256603,0.327512
Zach Arnold,,1,0.9295,0.198,0.0222,0.0915,0.048,0.011,0.25811,0.327595
Jaylen Palmer,,1,0.8995,0.1733,0.0229,0.0941,0.079,0.01,0.263433,0.313619
Korey Holland,,1,0.9255,0.1903,0.0239,0.0934,0.055,0.008,0.254394,0.332145
Jefrey De Los Santos,,1,0.9175,0.1904,0.0179,0.0916,0.061,0.01,0.262529,0.320654
Christopher Familia,,1,0.9245,0.1841,0.0313,0.0953,0.053,0.011,0.249171,0.337804
Will Holland,,1,0.8995,0.1771,0.0188,0.0934,0.073,0.016,0.267249,0.306504
Joey Wendle,,1,0.9344,0.2083,0.0122,0.0885,0.045,0.009,0.263433,0.320527
Connor Hoover,,1,0.8985,0.1734,0.021,0.0929,0.079,0.011,0.264538,0.310406
Tyler Tolve,,1,0.9285,0.1848,0.0298,0.0946,0.05,0.01,0.245857,0.342919
Michael Sandle,,1,0.9195,0.1879,0.0222,0.0929,0.057,0.012,0.258009,0.324198
Cameron Masterman,,1,0.9175,0.182,0.0256,0.0931,0.061,0.01,0.254093,0.327956
Colin Davis,,1,0.9175,0.1794,0.0285,0.095,0.058,0.013,0.251481,0.331117
Shervyen Newton,,1,0.9185,0.1831,0.0253,0.0932,0.061,0.009,0.254193,0.328688
Hiroyuki Nakajima,,1,0.9195,0.1994,0.0119,0.0879,0.056,0.013,0.269559,0.305927
Edwin Díaz,,1,0.9045,0.1687,0.0289,0.0952,0.071,0.013,0.253791,0.32482
Monte Harrison,,1,0.9085,0.1783,0.024,0.0934,0.069,0.011,0.259415,0.317556
Owen Cobb,,1,0.9365,0.2112,0.0107,0.0888,0.044,0.008,0.264337,0.317138
Justin Janas,,1,0.9215,0.2001,0.0149,0.0881,0.048,0.019,0.268253,0.306674
Jacob Amaya,,1,0.8967,0.1764,0.0196,0.0926,0.085,0.006,0.268717,0.304561
Madison Stokes,,1,0.8975,0.1751,0.0183,0.0913,0.081,0.01,0.267249,0.304847
Cole Tucker,,1,0.8979,0.183,0.012,0.088,0.083,0.008,0.275073,0.292126
Garrett Wolforth,,1,0.9185,0.1842,0.0229,0.0927,0.06,0.01,0.255298,0.324986
José Sánchez,,1,0.9125,0.1926,0.0125,0.0888,0.065,0.011,0.26976,0.303342
Lucas Dunn,,1,0.9015,0.1783,0.018,0.0909,0.075,0.012,0.266446,0.305158
Peyton Burdick,,1,0.8925,0.1578,0.0308,0.0962,0.083,0.013,0.254896,0.320672
José Briceño,,1,0.9285,0.1902,0.0255,0.0932,0.049,0.011,0.251281,0.332041
Hunter Dozier,,1,0.9155,0.1803,0.0242,0.0931,0.064,0.009,0.254394,0.325396
Delvin Pérez,,1,0.9035,0.1879,0.0126,0.0888,0.073,0.012,0.274079,0.294189
Konner Piotto,,1,0.9025,0.1851,0.0143,0.0888,0.073,0.013,0.272271,0.297618
Tony Wolters,,1,0.8905,0.1774,0.0131,0.0886,0.085,0.013,0.276589,0.286917
Patrick Mazeika,,1,0.9145,0.191,0.0163,0.0898,0.063,0.011,0.266144,0.307272
Josh Bissonette,,1,0.9005,0.19,0.0076,0.0867,0.079,0.009,0.279201,0.285619
Patrick Winkel,,1,0.9215,0.1887,0.022,0.0905,0.06,0.007,0.256804,0.321541
Lucius Fox,,1,0.9145,0.1921,0.0144,0.0888,0.064,0.01,0.267249,0.304975
Brandon Lewis,,1,0.9155,0.1788,0.031,0.096,0.065,0.008,0.252887,0.33905
Josh Breaux,,1,0.9215,0.181,0.0282,0.0935,0.057,0.01,0.249071,0.331633
Michael Pérez,,1,0.9035,0.1726,0.0249,0.0924,0.073,0.012,0.258712,0.313005
Juan Chacon,,1,0.9155,0.1911,0.0143,0.0889,0.063,0.01,0.265241,0.307045
René Pinto,,1,0.9339,0.1859,0.0307,0.0953,0.046,0.008,0.241033,0.344469
Ben DeLuzio,,1,0.9075,0.1827,0.0171,0.0899,0.069,0.012,0.264839,0.305455
Anthony Garcia,,1,0.8935,0.162,0.0298,0.0948,0.085,0.01,0.25811,0.312815
Ray-Patrick Didder,,1,0.8875,0.1678,0.0177,0.0921,0.083,0.018,0.269961,0.292282
Jan Mercado,,1,0.9155,0.1834,0.022,0.0913,0.062,0.011,0.257507,0.317094
Jadiel Sanchez,,1,0.9255,0.1894,0.0253,0.0926,0.053,0.01,0.25349,0.325986
Chris Sargent,,1,0.9215,0.1851,0.0241,0.0919,0.056,0.011,0.253189,0.323928
Adam Engel,,1,0.9105,0.1785,0.0217,0.092,0.067,0.011,0.257608,0.314772
Parker Chavers,,1,0.9005,0.1791,0.0152,0.0901,0.08,0.008,0.268254,0.297279
Matt Hogan,,1,0.8945,0.1671,0.0209,0.0918,0.08,0.014,0.262228,0.303969
Dasan Brown,,1,0.8955,0.1746,0.0168,0.0927,0.08,0.013,0.268756,0.294026
Laz Rivera,,1,0.9205,0.1955,0.0133,0.0879,0.057,0.011,0.264638,0.305812
Jared McKenzie,,1,0.9375,0.1986,0.0207,0.0906,0.041,0.01,0.250678,0.328853
Zavier Warren,,1,0.9055,0.1734,0.0227,0.0917,0.075,0.008,0.257507,0.312866
Ryan Higgins,,1,0.9175,0.1815,0.0232,0.0918,0.056,0.015,0.25359,0.32
Jalen Vasquez,,1,0.9015,0.1816,0.0119,0.0891,0.078,0.009,0.26976,0.293622
Michael Berglund,,1,0.8875,0.1651,0.019,0.0904,0.088,0.013,0.267249,0.292169
Kevin Maitan,,1,0.9215,0.1893,0.0193,0.0891,0.057,0.01,0.257407,0.315681
Alfredo Velásquez,,1,0.9465,0.2204,0.008,0.0862,0.034,0.008,0.263533,0.311569
Logan Cerny,,1,0.9175,0.1786,0.0261,0.0938,0.061,0.01,0.250678,0.322398
Connor Scott,,1,0.9325,0.1934,0.0196,0.0904,0.049,0.007,0.250477,0.326542
Pat Valaika,,1,0.9165,0.1906,0.0162,0.0888,0.062,0.01,0.263734,0.304965
Sheng-Ping Chen,,1,0.9195,0.1915,0.0156,0.0886,0.06,0.009,0.261625,0.307123
Tyler Miller,,1,0.9295,0.1902,0.0226,0.0909,0.05,0.009,0.250276,0.325121
Hudson Potts,,1,0.9135,0.1698,0.0295,0.094,0.065,0.01,0.245857,0.327313
Jose Gomez,,1,0.9275,0.2021,0.0112,0.0865,0.051,0.01,0.264236,0.304259
T.J. Schofield-Sam,,1,0.9315,0.2009,0.015,0.0872,0.039,0.018,0.259014,0.314117
Jacob Pearson,,1,0.9005,0.1721,0.0192,0.0905,0.078,0.01,0.261223,0.301721
Taylor Snyder,,1,0.9165,0.1786,0.0243,0.0923,0.062,0.01,0.251682,0.318058
Cole Urman,,1,0.9155,0.1833,0.0189,0.0889,0.064,0.009,0.257407,0.309885
Lyle Lin,,1,0.9095,0.1876,0.0124,0.0868,0.064,0.015,0.267751,0.292578
Preston Palmeiro,,1,0.9065,0.1767,0.0185,0.09,0.072,0.01,0.259817,0.303475
Tanner Murphy,,1,0.9105,0.1778,0.0206,0.0904,0.067,0.011,0.256905,0.30961
Cade Bunnell,,1,0.8865,0.156,0.0239,0.0916,0.094,0.008,0.259114,0.299944
Cody Roberts,,1,0.9145,0.1866,0.0155,0.0875,0.065,0.009,0.261725,0.302788
Eduardo Lopez,,1,0.9135,0.1775,0.0243,0.0914,0.067,0.008,0.25359,0.312315
Luke Gold,,1,0.9295,0.1837,0.028,0.0921,0.044,0.015,0.243748,0.328456
Ryan Wrobleski,,1,0.9175,0.184,0.0201,0.0906,0.057,0.014,0.256101,0.311499
Jack Rogers,,1,0.9155,0.1843,0.0172,0.0878,0.064,0.009,0.258411,0.305844
Aaron Whitefield,,1,0.9085,0.1803,0.0168,0.0888,0.069,0.011,0.261424,0.299505
Andy Atwood,,1,0.9255,0.1971,0.0121,0.0867,0.051,0.012,0.261223,0.303728
Nick Tanielu,,1,0.9085,0.1755,0.0201,0.0903,0.068,0.012,0.256603,0.306109
Kyle McCann,,1,0.9049,0.1684,0.0263,0.0891,0.072,0.012,0.253363,0.310642
Nick Ahmed,,1,0.9236,0.1954,0.0126,0.0885,0.056,0.008,0.260704,0.303703
Gilbert Lara,,1,0.9335,0.2013,0.0142,0.0871,0.045,0.01,0.257407,0.309802
Fabian Pertuz,,1,0.9285,0.1914,0.0189,0.0894,0.05,0.01,0.252486,0.31664
Ashton Creal,,1,0.9075,0.1748,0.0203,0.0897,0.068,0.013,0.256905,0.304022
Bryan Gonzalez,,1,0.9325,0.1911,0.0249,0.0916,0.047,0.009,0.248167,0.325469
Jake Gatewood,,1,0.9215,0.1725,0.0301,0.0938,0.056,0.011,0.240534,0.330005
Caleb Ketchup,,1,0.9085,0.1802,0.0157,0.0912,0.072,0.008,0.261324,0.297854
Caeden Trenkle,,1,0.9175,0.1835,0.0193,0.0887,0.062,0.009,0.255599,0.307684
Caleb Knight,,1,0.9135,0.1795,0.0203,0.0898,0.062,0.013,0.255599,0.306294
Johnny Tincher,,1,0.9065,0.1804,0.015,0.0871,0.07,0.012,0.263533,0.293436
Maddux Houghton,,1,0.9275,0.186,0.0212,0.0922,0.052,0.009,0.248067,0.320755
David Fletcher,,1,0.9312,0.2106,0.0071,0.0842,0.049,0.008,0.26881,0.291881
Jancarlos Cintron,,1,0.9295,0.2049,0.0083,0.0846,0.047,0.012,0.26504,0.296611
Torin Montgomery,,1,0.9115,0.1796,0.0211,0.0885,0.065,0.012,0.257708,0.301701
Nelson Medina,,1,0.9185,0.181,0.021,0.0899,0.061,0.009,0.252084,0.31203
Austin Callahan,,1,0.9225,0.1875,0.0174,0.0886,0.058,0.008,0.254595,0.311653
José Peraza,,1,0.9335,0.1976,0.0158,0.0877,0.041,0.014,0.253691,0.312051
Trevor Boone,,1,0.9255,0.1717,0.0328,0.0944,0.053,0.01,0.235714,0.335602
Griffin Doersching,,1,0.9135,0.168,0.0317,0.0935,0.065,0.01,0.244049,0.320963
William Simoneit,,1,0.9075,0.1753,0.0184,0.0877,0.068,0.013,0.257407,0.300496
Keshawn Ogans,,1,0.9105,0.1904,0.0082,0.0848,0.065,0.013,0.269559,0.2838
Chris Seise,,1,0.9215,0.1893,0.0148,0.0873,0.057,0.01,0.257407,0.303744
Chris Okey,,1,0.9305,0.1944,0.0177,0.0873,0.047,0.011,0.25349,0.310478
Diego Cartaya,,1,0.8985,0.1588,0.0285,0.0919,0.079,0.011,0.249874,0.308514
Jorge Caballero,,1,0.9095,0.1847,0.015,0.0858,0.068,0.011,0.264839,0.28818
Jake Means,,1,0.9095,0.1711,0.023,0.0909,0.068,0.011,0.25118,0.307752
Jeremy Rivas,,1,0.9065,0.1835,0.0133,0.0873,0.071,0.011,0.266647,0.285935
Richie Martin Jr.,,1,0.9045,0.1794,0.0114,0.0894,0.066,0.018,0.264538,0.287231
Chris Roller,,1,0.8946,0.1624,0.0206,0.09,0.082,0.012,0.257456,0.294545
Loidel Chapelli,,1,0.9155,0.187,0.0146,0.0872,0.063,0.01,0.261123,0.294047
Alex De Goti,,1,0.8935,0.1761,0.0089,0.0849,0.084,0.011,0.272271,0.272524
Robert Brooks,,1,0.9115,0.1724,0.0232,0.0898,0.066,0.011,0.250477,0.308064
Marwin Gonzalez,,1,0.9245,0.1864,0.02,0.0888,0.053,0.011,0.251481,0.310763
Dalvy Rosario,,1,0.9285,0.188,0.021,0.0896,0.052,0.008,0.249071,0.313732
Adam Hall,,1,0.9075,0.1881,0.0066,0.0853,0.063,0.018,0.270262,0.278017
Kekai Rios,,1,0.9135,0.1801,0.0176,0.0879,0.064,0.011,0.256202,0.299507
Trey Harris,,1,0.9255,0.1937,0.0136,0.0858,0.052,0.011,0.257809,0.299838
Justin Boyd,,1,0.9015,0.1708,0.0178,0.0876,0.075,0.012,0.258913,0.292402
Chase Adkison,,1,0.9075,0.1835,0.0131,0.0851,0.068,0.013,0.265642,0.283526
Yunior Garcia,,1,0.9355,0.1865,0.0281,0.0909,0.043,0.01,0.240534,0.32496
Jesus Chirinos,,1,0.9065,0.1705,0.0236,0.089,0.073,0.009,0.25359,0.299504
Israel Pineda,,1,0.9235,0.1822,0.0217,0.0889,0.056,0.009,0.248268,0.310341
Kyler Castillo,,1,0.9065,0.1833,0.0127,0.085,0.071,0.011,0.266446,0.279978
Brian Kalmer,,1,0.9195,0.1705,0.0298,0.0915,0.061,0.008,0.240534,0.31963
Adam Hackenberg,,1,0.9165,0.1865,0.0142,0.0855,0.062,0.01,0.259616,0.292635
Jeffrey Wehler,,1,0.9285,0.1929,0.0175,0.0868,0.05,0.01,0.253992,0.301885
Blake Robertson,,1,0.9045,0.1738,0.0188,0.087,0.074,0.01,0.258913,0.290326
Caleb Hamilton,,1,0.8825,0.1499,0.0231,0.0903,0.096,0.01,0.257005,0.285552
Jalen Battles,,1,0.9245,0.1936,0.0112,0.0844,0.053,0.011,0.258712,0.292482
Bradley Zimmer,,1,0.9105,0.1728,0.0212,0.0887,0.064,0.014,0.251883,0.299286
Yosy Galan,,1,0.9225,0.1696,0.0314,0.0937,0.055,0.011,0.236617,0.323252
Spencer Henson,,1,0.9265,0.177,0.0286,0.0909,0.05,0.012,0.240032,0.318295
Chris Lanzilli,,1,0.9175,0.1795,0.0208,0.0876,0.058,0.013,0.251582,0.298529
Pierce Bennett,,1,0.9115,0.1828,0.0142,0.0855,0.066,0.011,0.260922,0.284805
Jordy Barley,,1,0.9155,0.1808,0.0157,0.0877,0.064,0.009,0.254896,0.293282
Misael Urbina,,1,0.9035,0.1699,0.0172,0.0872,0.076,0.009,0.256001,0.288877
Nick Lucky,,1,0.9175,0.1836,0.0147,0.0856,0.06,0.011,0.255699,0.292098
Joe Hudson,,1,0.8866,0.15,0.0247,0.0895,0.089,0.013,0.253063,0.286939
Luis Ravelo,,1,0.9185,0.1853,0.0136,0.0843,0.061,0.009,0.256403,0.290582
Carlos Aguiar,,1,0.9355,0.1765,0.0333,0.0924,0.043,0.01,0.230491,0.329877
Cam Williams,,1,0.9145,0.1563,0.0367,0.0941,0.064,0.01,0.231295,0.32444
Brady Lindsly,,1,0.9105,0.1756,0.0172,0.0859,0.069,0.009,0.254695,0.29028
Jacob Wetzel,,1,0.9055,0.1684,0.0208,0.0888,0.074,0.009,0.252486,0.294754
Kade Kretzschmar,,1,0.9165,0.1842,0.0149,0.0848,0.06,0.012,0.257306,0.287289
Jorel Ortega,,1,0.9145,0.1737,0.0203,0.0881,0.065,0.009,0.24877,0.299071
Gionti Turner,,1,0.9215,0.1885,0.0119,0.0847,0.055,0.012,0.256603,0.288877
Rodolfo Nolasco,,1,0.9105,0.1633,0.028,0.0903,0.068,0.01,0.242342,0.305986
Mikey Perez,,1,0.9155,0.1756,0.0202,0.0882,0.059,0.014,0.249674,0.295795
Guillermo Williamson,,1,0.9175,0.1693,0.0279,0.0894,0.061,0.01,0.241338,0.307684
Kiko Romero,,1,0.9045,0.1638,0.0239,0.0886,0.072,0.012,0.24887,0.293864
Jack López,,1,0.9401,0.195,0.0176,0.088,0.039,0.009,0.244123,0.308691
Ryan Johnson,,1,0.9245,0.1787,0.0206,0.0868,0.052,0.012,0.243748,0.304597
Kevin Graham,,1,0.9155,0.1764,0.0173,0.086,0.064,0.009,0.250477,0.294593
Jackie Bradley Jr.,,1,0.9135,0.1737,0.0167,0.087,0.064,0.011,0.249774,0.293049
Adam Retzbach,,1,0.9015,0.1628,0.0189,0.086,0.072,0.015,0.250879,0.287854
Johnfrank Salazar,,1,0.9305,0.193,0.0142,0.0844,0.048,0.01,0.252084,0.292531
Mason Lytle,,1,0.9345,0.1918,0.0182,0.0875,0.044,0.01,0.246862,0.300482
Eric Yang,,1,0.8996,0.1691,0.0142,0.0833,0.075,0.014,0.259163,0.274566
David Martin,,1,0.9015,0.1751,0.0123,0.0835,0.073,0.014,0.263232,0.268774
Anthony Sherwin,,1,0.9035,0.1695,0.0161,0.0851,0.075,0.01,0.255599,0.281793
Milkar Perez,,1,0.9085,0.1775,0.013,0.0834,0.071,0.009,0.258612,0.278261
Troy Schreffler Jr.,,1,0.9255,0.1782,0.0229,0.0885,0.052,0.011,0.242242,0.304052
Kay-Lan Nicasia,,1,0.9005,0.1553,0.0246,0.0903,0.078,0.01,0.244351,0.295169
Brett Roberts,,1,0.9375,0.189,0.0215,0.0867,0.042,0.009,0.241036,0.307093
Herard Gonzalez,,1,0.9115,0.1793,0.0127,0.0838,0.068,0.009,0.257407,0.277674
Jose Torres,,1,0.9255,0.1772,0.0224,0.088,0.053,0.01,0.241237,0.303512
Eddie Park,,1,0.9135,0.1838,0.0121,0.0827,0.066,0.009,0.259918,0.274001
Matt Whatley,,1,0.9125,0.1724,0.0185,0.0862,0.064,0.012,0.249473,0.288219
Max McDowell,,1,0.9025,0.1661,0.0172,0.0852,0.068,0.018,0.253189,0.279778
Nick Dalesandro,,1,0.9175,0.185,0.0102,0.0831,0.061,0.01,0.257106,0.278147
Karell Paz,,1,0.9255,0.1791,0.021,0.0869,0.05,0.013,0.243146,0.298974
Tyler Reichenborn,,1,0.9075,0.1685,0.0192,0.086,0.07,0.011,0.250577,0.283416
Carlos Linarez,,1,0.9255,0.1796,0.0191,0.0853,0.054,0.009,0.243648,0.297785
Bryce Arnold,,1,0.9135,0.1714,0.02,0.086,0.061,0.014,0.247464,0.288998
Walking Cabrera,,1,0.9265,0.1793,0.0213,0.0865,0.052,0.01,0.242342,0.299406
Martín Maldonado,,1,0.9142,0.1666,0.0246,0.0891,0.064,0.009,0.240877,0.299169
Anthony Mulrine,,1,0.9025,0.1686,0.0134,0.0842,0.072,0.014,0.2557,0.274571
Cole Turney,,1,0.9215,0.1748,0.0218,0.0864,0.056,0.011,0.242844,0.298535
Angel Zarate,,1,0.9135,0.1773,0.0154,0.0846,0.063,0.012,0.25339,0.280022
Grant Koch,,1,0.9166,0.1726,0.019,0.0858,0.063,0.009,0.245632,0.291948
Carlos Luis,,1,0.9315,0.188,0.0169,0.0843,0.047,0.01,0.246058,0.294793
Joo-Hyung Kim,,1,0.9195,0.1757,0.0169,0.0849,0.056,0.013,0.245757,0.29168
Jose Mena,,1,0.9355,0.1893,0.0162,0.0844,0.043,0.01,0.243346,0.298984
Robby Martin Jr.,,1,0.9335,0.186,0.0196,0.0857,0.046,0.009,0.242041,0.300482
Nick Roselli,,1,0.9265,0.1819,0.016,0.0837,0.052,0.01,0.244953,0.293578
Beau Brewer,,1,0.9145,0.1872,0.0073,0.0807,0.064,0.01,0.262328,0.265719
Mikey Kane,,1,0.9165,0.1774,0.0178,0.0841,0.06,0.012,0.250477,0.282379
Roismar Quintana,,1,0.9315,0.1885,0.0162,0.0831,0.048,0.009,0.24656,0.29168
Tommy Sacco Jr.,,1,0.9065,0.171,0.0143,0.0855,0.075,0.007,0.254093,0.278213
Jose Sanabria,,1,0.9225,0.1874,0.0091,0.0815,0.057,0.009,0.254494,0.278699
Branden Fryman,,1,0.9365,0.1924,0.0126,0.0832,0.042,0.01,0.245455,0.294714
Jake Anchia,,1,0.9315,0.1779,0.022,0.0863,0.046,0.011,0.235914,0.306065
Kaden Hollow,,1,0.9065,0.1715,0.0146,0.0831,0.072,0.01,0.254595,0.273469
Spencer Bramwell,,1,0.9235,0.1709,0.0234,0.0873,0.056,0.009,0.236919,0.30287
Sammy Infante,,1,0.9255,0.1798,0.0184,0.0854,0.051,0.012,0.243849,0.293031
Cade Fergus,,1,0.9105,0.1564,0.0284,0.0902,0.064,0.014,0.235412,0.300824
Tanner O'Tremba,,1,0.9085,0.1659,0.0195,0.0858,0.062,0.018,0.246962,0.282884
Yordys Valdes,,1,0.9315,0.1859,0.0148,0.0847,0.049,0.008,0.243949,0.294149
Jose Acosta,,1,0.9295,0.1833,0.0177,0.0852,0.048,0.011,0.243346,0.293491
Stiven Acevedo,,1,0.9345,0.1776,0.0272,0.0888,0.045,0.009,0.2326,0.309684
Justin Lavey,,1,0.9255,0.1857,0.0135,0.0828,0.052,0.011,0.249774,0.282334
Jeffry Parra,,1,0.9175,0.173,0.0189,0.0848,0.058,0.013,0.245054,0.285014
Jose Cordoba,,1,0.9365,0.188,0.0162,0.0849,0.041,0.011,0.241036,0.294928
Cristopher Navarro,,1,0.9205,0.1842,0.0082,0.0808,0.057,0.011,0.253289,0.27409
Yiddi Cappe,,1,0.9405,0.1942,0.015,0.0845,0.041,0.007,0.243246,0.292291
Brennan Orf,,1,0.8835,0.1506,0.014,0.0832,0.095,0.01,0.256704,0.259083
Jose D. Hernandez,,1,0.9185,0.1708,0.0206,0.0851,0.059,0.011,0.24184,0.288296
Dylan Neuse,,1,0.9115,0.1709,0.0167,0.084,0.067,0.01,0.248971,0.276577
James Parker,,1,0.9175,0.1682,0.0214,0.0855,0.062,0.009,0.240233,0.289591
Aneudis Mordán,,1,0.9245,0.172,0.0232,0.0857,0.055,0.009,0.237019,0.295403
Ghordy Santos,,1,0.9215,0.1749,0.0187,0.0842,0.058,0.009,0.242945,0.287141
Michael Curialle,,1,0.9245,0.1777,0.0172,0.0833,0.049,0.015,0.242744,0.288048
Wooyeoul Shin,,1,0.9145,0.1673,0.0212,0.0856,0.062,0.012,0.242342,0.283434
Lyle Miller-Green,,1,0.9105,0.164,0.0203,0.0842,0.067,0.011,0.243045,0.281823
Brayden Jobert,,1,0.9105,0.1628,0.0216,0.0856,0.064,0.014,0.24184,0.283031
Luis Valdez,,1,0.9335,0.1916,0.0078,0.0855,0.046,0.009,0.247665,0.280557
Ty Duvall,,1,0.9015,0.1621,0.0161,0.0836,0.075,0.012,0.250176,0.267554
Jace Grady,,1,0.9145,0.1703,0.0169,0.0837,0.065,0.009,0.245355,0.277857
Alex Hall,,1,0.9145,0.1659,0.0209,0.0853,0.064,0.01,0.240936,0.285511
Harrison Spohn,,1,0.9125,0.1683,0.0152,0.0827,0.069,0.007,0.245355,0.27726
Osiris Johnson,,1,0.9325,0.1795,0.0208,0.0854,0.047,0.009,0.236517,0.293727
Mike Peabody,,1,0.9215,0.1686,0.023,0.0856,0.054,0.013,0.236617,0.290396
Micah McDowell,,1,0.9115,0.1669,0.0175,0.0835,0.066,0.011,0.244953,0.276467
Yassel Pino,,1,0.9315,0.1761,0.0234,0.0856,0.047,0.01,0.234107,0.296082
Hak-Ju Lee,,1,0.9245,0.1792,0.0133,0.0814,0.053,0.011,0.24425,0.2808
Gabriel Moncada,,1,0.9205,0.1711,0.0192,0.0837,0.059,0.009,0.240133,0.286366
Caberea Weaver,,1,0.9365,0.1795,0.0227,0.0849,0.041,0.011,0.2325,0.298879
Trace Willhoite,,1,0.9095,0.1565,0.0242,0.0861,0.065,0.014,0.236517,0.28785
Kyle Dernedde,,1,0.9235,0.1792,0.0119,0.0807,0.052,0.013,0.245255,0.277964
Isaac De León,,1,0.9085,0.1688,0.0131,0.0821,0.068,0.012,0.249874,0.267144
Kevin Watson Jr,,1,0.9115,0.1717,0.0142,0.0818,0.067,0.01,0.249774,0.267142
Enmanuel Terrero,,1,0.9255,0.1727,0.022,0.085,0.054,0.009,0.236718,0.289141
Brandon Pimentel,,1,0.9455,0.1902,0.0178,0.0822,0.029,0.014,0.234207,0.295928
Carlos Rojas,,1,0.9225,0.1819,0.0115,0.0799,0.056,0.01,0.248971,0.270244
Osvaldo Tovalin,,1,0.9395,0.1865,0.0171,0.0827,0.035,0.014,0.236517,0.290899
Carlos Santiago,,1,0.9385,0.1771,0.0248,0.0861,0.04,0.01,0.228081,0.303463
Kevin Villavicencio,,1,0.9445,0.1944,0.011,0.0819,0.036,0.008,0.23943,0.288195
Thomas Francisco,,1,0.9305,0.1793,0.0169,0.0828,0.048,0.01,0.238325,0.285116
Leandro Emiliani,,1,0.9265,0.1675,0.0243,0.0855,0.051,0.011,0.230491,0.294441
Mac Guscette,,1,0.9175,0.1715,0.0156,0.0815,0.057,0.014,0.243547,0.272807
Shane Muntz,,1,0.9185,0.1646,0.0222,0.0846,0.058,0.012,0.235613,0.284377
Dom Johnson,,1,0.9275,0.175,0.0189,0.0839,0.048,0.013,0.237019,0.284205
Wade Stauss,,1,0.8945,0.1523,0.0153,0.082,0.079,0.015,0.247364,0.260928
Kevin Bruggeman,,1,0.8945,0.1554,0.0141,0.0819,0.08,0.014,0.250477,0.256568
Francisco Hernandez,,1,0.9225,0.1783,0.0119,0.0808,0.056,0.01,0.245355,0.271653
Kadon Morton,,1,0.9165,0.1633,0.0219,0.0845,0.061,0.011,0.236316,0.282379
Sahid Valenzuela,,1,0.9345,0.1916,0.008,0.0784,0.045,0.009,0.246661,0.272766
Mario Gomez,,1,0.9235,0.1712,0.0191,0.083,0.053,0.012,0.23722,0.282512
Anthony Hall,,1,0.9205,0.1719,0.0165,0.082,0.06,0.008,0.240936,0.276806
Juan Corniel,,1,0.9325,0.1889,0.0077,0.0791,0.047,0.009,0.245958,0.27303
Kyle Hess,,1,0.9155,0.1655,0.0174,0.0828,0.061,0.012,0.23953,0.277335
Yhoswar Garcia,,1,0.9345,0.1892,0.0108,0.0871,0.046,0.008,0.24425,0.275441
Elliot Soto,,1,0.9065,0.1692,0.0081,0.0807,0.073,0.009,0.252285,0.258246
Cam Gallagher,,1,0.9195,0.1718,0.0128,0.0814,0.058,0.011,0.24184,0.274715
Jordan Viars,,1,0.9275,0.1681,0.0239,0.0843,0.049,0.012,0.230089,0.291968
Gilberto Jimenez,,1,0.9405,0.1863,0.0163,0.0813,0.038,0.01,0.235312,0.287719
Wady Mendez,,1,0.9155,0.1677,0.0163,0.0821,0.063,0.01,0.241739,0.272529
Will Bartlett,,1,0.8935,0.1486,0.0186,0.0834,0.085,0.01,0.244652,0.26122
Kade Kern,,1,0.9245,0.1695,0.0207,0.0838,0.054,0.01,0.234508,0.283396
Jackson Feltner,,1,0.9145,0.155,0.0268,0.0851,0.061,0.013,0.229989,0.286277
Jake Steels,,1,0.9225,0.1756,0.0138,0.0802,0.054,0.012,0.242643,0.270678
Eduarqui Fernandez,,1,0.9195,0.1641,0.021,0.0842,0.06,0.009,0.234107,0.282219
Manuel Beltre,,1,0.9315,0.1825,0.0126,0.0808,0.046,0.011,0.240534,0.275577
Luke Brown,,1,0.9145,0.1626,0.0197,0.0834,0.063,0.011,0.237622,0.27556
Jose Caguana,,1,0.9275,0.1648,0.0271,0.0855,0.051,0.01,0.226775,0.293154
Jared Dupere,,1,0.9295,0.1679,0.0238,0.0842,0.049,0.01,0.22788,0.292308
Ernny Ordonez,,1,0.9365,0.173,0.024,0.0843,0.041,0.011,0.225972,0.296209
Ryan Leitch,,1,0.9345,0.171,0.0254,0.0846,0.043,0.011,0.225972,0.295238
Albertson Asigen,,1,0.9145,0.1669,0.0166,0.0818,0.062,0.012,0.24194,0.266922
Cole McConnell,,1,0.9155,0.1651,0.018,0.0813,0.061,0.012,0.239128,0.27089
Werner Blakely,,1,0.9065,0.1599,0.0145,0.0818,0.073,0.009,0.242945,0.263431
Jake DeLeo,,1,0.9305,0.176,0.0171,0.0818,0.049,0.009,0.235011,0.280602
Jaden Rudd,,1,0.9015,0.1584,0.0142,0.0812,0.073,0.014,0.24646,0.256461
Jordan Thompson,,1,0.9315,0.1748,0.0186,0.0824,0.046,0.011,0.232801,0.283414
Chase Luttrell,,1,0.9335,0.173,0.0214,0.0835,0.045,0.01,0.228985,0.290627
Diego Mosquera,,1,0.9155,0.1778,0.0053,0.077,0.061,0.012,0.251883,0.251993
William Sullivan,,1,0.9245,0.1662,0.0221,0.083,0.051,0.013,0.231194,0.282964
Jack Reinheimer,,1,0.9315,0.1835,0.0088,0.0787,0.047,0.01,0.241539,0.270746
Cam Fisher,,1,0.9015,0.1385,0.031,0.0878,0.076,0.011,0.226474,0.282973
Luis Pineda,,1,0.9375,0.1767,0.0211,0.0818,0.042,0.009,0.228683,0.288427
Angel Tejada,,1,0.9435,0.1894,0.0129,0.0819,0.034,0.011,0.235412,0.282035
Natanael Yuten,,1,0.9435,0.1824,0.0177,0.0808,0.036,0.009,0.228382,0.290514
Arxy Hernandez,,1,0.9385,0.1818,0.0165,0.0795,0.04,0.01,0.232801,0.282365
Jorge Puerta,,1,0.9115,0.1632,0.0161,0.081,0.065,0.012,0.241237,0.263193
Victor Acosta,,1,0.9205,0.1744,0.0088,0.0787,0.05,0.018,0.243447,0.262466
Lizandro Rodriguez,,1,0.9265,0.1755,0.0137,0.0808,0.052,0.01,0.238526,0.27102
Jean Arnaez,,1,0.9425,0.1913,0.0109,0.0781,0.035,0.011,0.238325,0.274907
Jesus Bugarin,,1,0.9515,0.1902,0.0182,0.0806,0.029,0.008,0.228181,0.290699
Albert Feliz,,1,0.9355,0.1607,0.033,0.0862,0.044,0.009,0.214623,0.305612
Ynmanol Mariñez,,1,0.9275,0.1753,0.0141,0.0797,0.052,0.009,0.23732,0.271914
Manuel Sequera,,1,0.9435,0.1759,0.0241,0.0837,0.034,0.011,0.221854,0.296767
Joshwan Wright,,1,0.9355,0.1885,0.008,0.0773,0.042,0.011,0.242543,0.266382
Juan Alonso,,1,0.9115,0.1603,0.017,0.0807,0.064,0.013,0.238325,0.265716
Colin Summerhill,,1,0.9225,0.1653,0.0194,0.0816,0.057,0.009,0.232299,0.27664
Dylan Shockley,,1,0.9115,0.1631,0.0133,0.0789,0.065,0.012,0.241137,0.261108
Jack Herman,,1,0.9275,0.1654,0.0229,0.083,0.05,0.011,0.227378,0.284205
Estiven Machado,,1,0.9185,0.1742,0.0089,0.0782,0.059,0.011,0.245255,0.257158
Jefferson Valladares,,1,0.9315,0.171,0.02,0.0817,0.043,0.014,0.228985,0.282448
Brenny Escanio,,1,0.9135,0.1691,0.0101,0.0788,0.067,0.008,0.245154,0.254953
Joe Stewart,,1,0.9285,0.1776,0.0128,0.0798,0.05,0.01,0.238626,0.267097
Ronaldo Flores,,1,0.9385,0.1774,0.0184,0.0811,0.04,0.01,0.228382,0.283644
Jose De La Cruz,,1,0.9335,0.1675,0.025,0.0827,0.045,0.01,0.223461,0.288698
Rayne Doncon,,1,0.9285,0.1672,0.0198,0.082,0.052,0.008,0.228181,0.281314
Roque Salinas,,1,0.9425,0.1863,0.0144,0.079,0.035,0.011,0.233303,0.276923
Zach Evans,,1,0.9405,0.1883,0.0107,0.0773,0.041,0.007,0.23732,0.271026
Steven Rivas,,1,0.9385,0.172,0.0227,0.0824,0.039,0.011,0.222959,0.289824
Jommer Hernandez,,1,0.9175,0.1661,0.0154,0.0795,0.059,0.012,0.238124,0.263215
Johan Macias,,1,0.9405,0.1884,0.0096,0.0777,0.037,0.011,0.237421,0.270388
Kevin Sim,,1,0.9345,0.1732,0.0195,0.0812,0.043,0.011,0.228181,0.281113
Jose Sibrian,,1,0.9265,0.1693,0.0171,0.0806,0.049,0.013,0.232299,0.273071
Kellum Clark,,1,0.8995,0.1554,0.0139,0.0793,0.077,0.012,0.245455,0.249583
Channy Ortiz,,1,0.9245,0.1774,0.0091,0.0776,0.054,0.01,0.242443,0.258518
Jake Vogel,,1,0.9145,0.1652,0.0129,0.0801,0.062,0.012,0.240233,0.259814
Carter Young,,1,0.9135,0.1661,0.0096,0.0773,0.067,0.008,0.242141,0.256048
Zac Fascia,,1,0.9235,0.1672,0.0172,0.0803,0.053,0.012,0.233203,0.270384
Rafael Morel,,1,0.9125,0.1597,0.0173,0.0808,0.065,0.011,0.236718,0.261699
Peyton Powell,,1,0.9135,0.1645,0.0137,0.0782,0.066,0.009,0.240534,0.256267
Chad Castillo,,1,0.9355,0.1672,0.0248,0.0828,0.04,0.013,0.221151,0.287226
Jayce Easley,,1,0.8905,0.1559,0.0062,0.0778,0.086,0.012,0.254996,0.228299
Bryce Madron,,1,0.8945,0.1495,0.0137,0.0792,0.083,0.011,0.244552,0.242817
Cody Wilson,,1,0.9155,0.1602,0.0148,0.0803,0.06,0.013,0.234207,0.263353
Danyer Cueva,,1,0.9455,0.1893,0.0104,0.0768,0.034,0.009,0.233303,0.272554
Wilman Diaz,,1,0.9335,0.175,0.0146,0.0794,0.046,0.009,0.230993,0.27263
Ryan Wilson,,1,0.9045,0.1585,0.0119,0.0781,0.068,0.016,0.243547,0.245108
Alex Ungar,,1,0.9295,0.1637,0.023,0.0825,0.047,0.012,0.223662,0.278967
Mike Salvatore,,1,0.9155,0.165,0.0123,0.0784,0.063,0.01,0.239028,0.253523
Kendry Chirinos,,1,0.9215,0.1656,0.0148,0.0778,0.056,0.011,0.233604,0.264243
Lexer Saduy,,1,0.9215,0.1655,0.0159,0.0794,0.054,0.013,0.233504,0.26229
Harry Owen,,1,0.9285,0.1702,0.0159,0.0789,0.048,0.012,0.231194,0.267421
Yeuni Munoz,,1,0.9305,0.1631,0.0229,0.0814,0.047,0.011,0.222055,0.280172
Luis Sanchez,,1,0.9175,0.1754,0.0049,0.075,0.06,0.011,0.247464,0.24109
Jackson Loftin,,1,0.9185,0.1636,0.0137,0.0802,0.056,0.014,0.234609,0.258247
Anthony Servideo,,1,0.9025,0.1539,0.0096,0.078,0.079,0.007,0.240936,0.245873
Justin Bench,,1,0.9345,0.1809,0.0096,0.0762,0.04,0.014,0.235914,0.26046
Ariel Almonte,,1,0.9305,0.1598,0.0244,0.0816,0.051,0.007,0.218741,0.283718
Tim Borden II,,1,0.9285,0.1685,0.0164,0.0784,0.043,0.017,0.229487,0.267205
Garrett Frechette,,1,0.9425,0.1786,0.0164,0.0784,0.034,0.012,0.22557,0.276286
EJ Andrews Jr.,,1,0.9175,0.1536,0.0214,0.0821,0.061,0.01,0.22557,0.271281
Ismael Mena,,1,0.9305,0.1696,0.0173,0.0795,0.048,0.01,0.228583,0.26835
Elio Campos,,1,0.9315,0.1826,0.008,0.0759,0.047,0.01,0.240635,0.251744
Cristopher Barete,,1,0.9345,0.1761,0.014,0.0784,0.045,0.009,0.231094,0.267095
AJ Salgado,,1,0.9295,0.1674,0.019,0.0805,0.048,0.011,0.227378,0.273158
Jhoneiker Betancourt,,1,0.9265,0.1604,0.0223,0.0814,0.049,0.013,0.22336,0.273394
Ricardo Rosario,,1,0.9285,0.1682,0.017,0.0797,0.049,0.011,0.229185,0.266128
Jeremy Celedonio,,1,0.9135,0.1442,0.0282,0.0833,0.063,0.012,0.220147,0.273892
Will McGillis,,1,0.9275,0.1659,0.0167,0.079,0.05,0.011,0.22788,0.266954
Brock Vradenburg,,1,0.9065,0.1513,0.0159,0.0799,0.076,0.006,0.234308,0.253944
Ben Metzinger,,1,0.9055,0.1509,0.0166,0.0787,0.073,0.01,0.23491,0.25069
Daury Arias,,1,0.9205,0.1602,0.0179,0.0796,0.058,0.01,0.229186,0.261923
Cameron Nickens,,1,0.9185,0.1609,0.0157,0.078,0.059,0.011,0.231897,0.257267
Gavin Dugas,,1,0.9135,0.157,0.015,0.0778,0.055,0.02,0.233002,0.25353
Braylin Morel,,1,0.9475,0.1762,0.0199,0.0793,0.032,0.009,0.218138,0.284011
Jaxx Groshans,,1,0.9135,0.1528,0.0184,0.0797,0.064,0.011,0.228784,0.259223
David Smith,,1,0.8995,0.151,0.0129,0.0785,0.077,0.012,0.241036,0.238911
Cristian Feliz,,1,0.9315,0.1532,0.0305,0.0833,0.044,0.013,0.211108,0.287923
Cristian Gonzalez,,1,0.9435,0.1805,0.0138,0.0766,0.036,0.009,0.226474,0.27027
Luis Reyes,,1,0.9375,0.1723,0.0179,0.0786,0.041,0.01,0.224264,0.271573
Christopher Espinola,,1,0.9175,0.1601,0.0152,0.0784,0.06,0.011,0.232098,0.255041
Jesus Ordonez,,1,0.9285,0.1691,0.0144,0.0784,0.048,0.012,0.230089,0.263328
Ruben Santana,,1,0.9205,0.1615,0.0161,0.0789,0.058,0.01,0.230491,0.260945
Luis Torres,,1,0.9335,0.1648,0.0212,0.0799,0.044,0.011,0.220749,0.274987
Myles Smith,,1,0.9095,0.1535,0.0158,0.0792,0.067,0.012,0.233504,0.250357
Wilber Sanchez,,1,0.9225,0.1662,0.0125,0.078,0.057,0.009,0.233203,0.254417
Nate Rombach,,1,0.9345,0.1696,0.0171,0.0779,0.046,0.008,0.224566,0.26977
Blaze O'Saben,,1,0.9325,0.1702,0.0162,0.079,0.043,0.013,0.227177,0.264879
Randy Bednar,,1,0.9345,0.1642,0.0213,0.0802,0.042,0.012,0.219142,0.276512
Rafael Cruz,,1,0.9415,0.168,0.0225,0.0804,0.036,0.011,0.215928,0.282528
Darlyn Montero,,1,0.9415,0.1733,0.0184,0.0785,0.036,0.011,0.221251,0.274987
Angel Diaz,,1,0.9245,0.1616,0.018,0.0784,0.052,0.012,0.226574,0.263061
Reidy Mercado,,1,0.9315,0.1706,0.0146,0.0783,0.047,0.01,0.228583,0.261836
Mahki Backstrom,,1,0.9185,0.1503,0.023,0.0811,0.059,0.011,0.221251,0.268263
Carlos Amaya,,1,0.9345,0.171,0.0149,0.0777,0.044,0.01,0.225972,0.265597
Jose Rodriguez,,1,0.9325,0.1544,0.0281,0.0825,0.047,0.009,0.211309,0.285255
Yhoangel Aponte,,1,0.9325,0.1624,0.0213,0.0802,0.045,0.011,0.219343,0.275281
Jose De Jesus,,1,0.9335,0.173,0.014,0.0773,0.045,0.01,0.228985,0.260311
Demetrio Nadal,,1,0.9145,0.1629,0.0103,0.0767,0.061,0.013,0.237923,0.2421
Juan Santander,,1,0.9285,0.1638,0.0191,0.0792,0.051,0.009,0.224766,0.265697
Alvaro Aguero,,1,0.9405,0.1695,0.0204,0.0794,0.037,0.011,0.218439,0.275917
Jair Casanova,,1,0.9235,0.1581,0.0201,0.0793,0.054,0.011,0.224063,0.263563
Erick Alvarez,,1,0.9325,0.1721,0.0126,0.0762,0.047,0.009,0.229085,0.25941
Kalae Harrison,,1,0.9305,0.1704,0.0129,0.0772,0.048,0.01,0.229386,0.257926
David Beckles,,1,0.9215,0.1603,0.0166,0.0769,0.057,0.01,0.228282,0.256755
JoJo Blackmon,,1,0.9225,0.1538,0.0224,0.0808,0.056,0.01,0.220749,0.269051
Cole Roberts,,1,0.9235,0.1716,0.0077,0.0749,0.056,0.009,0.237622,0.244396
Andrew Miller,,1,0.9245,0.1574,0.0202,0.0791,0.054,0.01,0.222356,0.265549
Devin Hurdle,,1,0.9335,0.1768,0.0087,0.0747,0.043,0.012,0.232801,0.253348
Roger Lasso,,1,0.9215,0.1632,0.0131,0.0761,0.055,0.012,0.231194,0.25198
Keduar Trujillo,,1,0.9165,0.1534,0.0186,0.0789,0.062,0.01,0.226373,0.257283
Dakota Kotowski,,1,0.9355,0.1582,0.0269,0.0814,0.041,0.012,0.212112,0.281668
Alberto Mendez,,1,0.9265,0.1686,0.012,0.0759,0.051,0.011,0.231596,0.252563
Jeffry Rosa,,1,0.9305,0.1542,0.0265,0.0813,0.044,0.014,0.213116,0.278238
Ben McCabe,,1,0.9195,0.1575,0.0132,0.0766,0.05,0.019,0.227478,0.255247
Justin Miknis,,1,0.9105,0.1522,0.0161,0.0778,0.068,0.01,0.231194,0.248874
Peyton Carr,,1,0.9295,0.1651,0.0164,0.0771,0.047,0.012,0.225068,0.260678
Brennon McNair,,1,0.9285,0.1543,0.0234,0.0808,0.05,0.01,0.215225,0.274206
Eddy Rodriguez,,1,0.9205,0.1533,0.0204,0.0793,0.058,0.01,0.222256,0.262032
Keoni Cavaco,,1,0.9385,0.1661,0.0196,0.0782,0.04,0.01,0.217033,0.273415
Charles Mack,,1,0.9275,0.1577,0.0201,0.0793,0.05,0.011,0.219644,0.266739
Yohander Martinez,,1,0.9115,0.1597,0.0098,0.0747,0.063,0.014,0.237722,0.235765
Enzo Paulino,,1,0.9385,0.1691,0.0176,0.0776,0.04,0.01,0.220046,0.268194
Daneurys De La Cruz,,1,0.9185,0.157,0.0158,0.0775,0.059,0.011,0.22798,0.253021
Ross Friedrick,,1,0.9375,0.1658,0.0208,0.0785,0.041,0.01,0.217736,0.270827
Wyatt Crenshaw,,1,0.9245,0.1594,0.0172,0.0776,0.052,0.012,0.224365,0.258194
Reylin Perez,,1,0.9245,0.1622,0.0112,0.0763,0.055,0.009,0.227177,0.254732
Robert Lopez,,1,0.9195,0.1593,0.0146,0.0765,0.06,0.009,0.229286,0.251006
Angelo DiSpigna,,1,0.9205,0.1535,0.0196,0.0786,0.057,0.011,0.222457,0.259316
Yoander Rivero,,1,0.9125,0.1586,0.0095,0.0751,0.066,0.01,0.235613,0.24
Benjamin Blackwell,,1,0.9285,0.1717,0.0086,0.0748,0.05,0.01,0.232701,0.246742
Jose Colmenares,,1,0.9135,0.1563,0.0133,0.0761,0.062,0.013,0.232299,0.242365
Estanlin Cassiani,,1,0.9395,0.1784,0.0112,0.0747,0.038,0.011,0.228382,0.255242
Juan Jerez,,1,0.9285,0.1598,0.0188,0.0785,0.05,0.01,0.220749,0.263005
Colton Bender,,1,0.9115,0.1531,0.0136,0.0765,0.067,0.01,0.231094,0.243664
Ryan McCarthy,,1,0.9225,0.1596,0.0148,0.0768,0.054,0.012,0.226574,0.252791
Chandler Seagle,,1,0.9335,0.1656,0.0131,0.076,0.044,0.011,0.221553,0.262989
Elis Barreat,,1,0.9365,0.1751,0.0106,0.0749,0.041,0.011,0.228081,0.253924
Jose Pastrano,,1,0.9055,0.1551,0.0085,0.0746,0.073,0.01,0.239128,0.228603
Jefferson Encarnacion,,1,0.9245,0.1568,0.0186,0.0777,0.054,0.01,0.221754,0.258085
John McHenry,,1,0.9165,0.1565,0.0131,0.0763,0.06,0.012,0.229487,0.244845
Jarrod Belbin,,1,0.9315,0.1621,0.0185,0.0777,0.046,0.011,0.220046,0.261943
Marcos De La Rosa,,1,0.9235,0.1524,0.0207,0.0791,0.053,0.012,0.218339,0.262047
Sergio Campana,,1,0.9105,0.1498,0.0151,0.0775,0.067,0.011,0.228784,0.243602
Anthony Quirion,,1,0.9235,0.1545,0.0186,0.0778,0.052,0.013,0.220448,0.25804
Ed Howard,,1,0.9335,0.1703,0.0094,0.0736,0.047,0.008,0.226273,0.253348
Douglas Glod,,1,0.9145,0.1467,0.02,0.0776,0.063,0.011,0.221653,0.2538
Alexander Benua,,1,0.9285,0.1614,0.016,0.0766,0.049,0.011,0.222356,0.256758
Angel Galarraga,,1,0.9255,0.1603,0.0149,0.0765,0.052,0.011,0.224264,0.253052
Geraldi Diaz,,1,0.9145,0.1499,0.0162,0.0774,0.063,0.011,0.224867,0.249207
Hunter Haas,,1,0.9205,0.1581,0.0127,0.0758,0.057,0.011,0.227076,0.247583
Miguel Pabon,,1,0.9185,0.1595,0.0111,0.0743,0.06,0.01,0.230491,0.241372
Luis Chevalier,,1,0.9235,0.1626,0.0121,0.0752,0.054,0.011,0.228583,0.245263
Kevin Guerrero,,1,0.9335,0.1669,0.0141,0.0754,0.046,0.009,0.222858,0.256026
Angel Del Rosario,,1,0.9355,0.1732,0.01,0.0774,0.042,0.011,0.227177,0.250134
Aldrin Lucas,,1,0.9185,0.1527,0.0173,0.0768,0.057,0.013,0.223662,0.249102
Carlos Arroyo,,1,0.9315,0.168,0.0111,0.0747,0.044,0.013,0.225972,0.249919
Felix Tena,,1,0.9425,0.1723,0.0144,0.0759,0.035,0.011,0.219243,0.262069
Jean Perez,,1,0.9515,0.1814,0.0126,0.0752,0.026,0.011,0.219343,0.264319
Noah Williams,,1,0.9285,0.1584,0.0179,0.0767,0.049,0.011,0.219343,0.256327
Everett Cooper III,,1,0.9215,0.1645,0.0077,0.0734,0.056,0.011,0.2325,0.23592
Caleb Pendleton,,1,0.9385,0.1637,0.0186,0.0768,0.04,0.01,0.214623,0.265424
Justin Williams,,1,0.9325,0.1598,0.0171,0.0765,0.046,0.01,0.216732,0.261233
Enderso Lira,,1,0.9325,0.1643,0.0147,0.0754,0.047,0.009,0.221251,0.25437
Dillon Tatum,,1,0.9095,0.1434,0.0174,0.077,0.067,0.012,0.22336,0.24464
Elian Rayo,,1,0.9335,0.1614,0.0177,0.076,0.045,0.01,0.217335,0.259775
Carlos Gutierrez,,1,0.9305,0.1649,0.0128,0.0751,0.048,0.01,0.223863,0.249543
Ian Farrow,,1,0.9335,0.1558,0.0226,0.078,0.045,0.01,0.21171,0.267059
Jeral Toledo,,1,0.9285,0.1674,0.0088,0.0733,0.051,0.009,0.228382,0.241896
Robert Robertis,,1,0.9285,0.1603,0.0155,0.0756,0.05,0.01,0.221251,0.251373
Odalys Peguero,,1,0.9165,0.1603,0.0074,0.0736,0.062,0.01,0.233303,0.231097
Matthew Clayton,,1,0.9255,0.1561,0.0174,0.0763,0.047,0.016,0.220046,0.251648
Nomar Fana,,1,0.9245,0.1508,0.0204,0.0776,0.055,0.009,0.215728,0.257869
Jose Monserrate,,1,0.9275,0.1634,0.0118,0.0748,0.051,0.01,0.225369,0.245067
Edward Vargas,,1,0.9435,0.1751,0.0116,0.0744,0.036,0.009,0.221051,0.25575
Jesus Fernandez,,1,0.9325,0.1746,0.006,0.0724,0.045,0.011,0.231596,0.237319
Marco Soto,,1,0.9345,0.1726,0.0075,0.0724,0.043,0.011,0.227579,0.243339
Moises Gallardo,,1,0.9305,0.1558,0.0197,0.0771,0.048,0.01,0.214723,0.259538
Beycker Barroso,,1,0.9215,0.1567,0.013,0.075,0.049,0.018,0.224666,0.242539
Jared Thomas,,1,0.9165,0.1536,0.0136,0.0751,0.061,0.011,0.226574,0.238625
Caleb Shpur,,1,0.9275,0.1613,0.0134,0.0759,0.051,0.01,0.22326,0.246577
Jhonny Perdomo,,1,0.9375,0.1753,0.0078,0.074,0.04,0.011,0.227277,0.2464
Fadriel Cruz,,1,0.9205,0.1534,0.0161,0.0762,0.058,0.01,0.222356,0.245627
Nicolas Deschamps,,1,0.9095,0.1447,0.0148,0.0753,0.065,0.014,0.224666,0.238922
Kyle Battle,,1,0.9165,0.1477,0.0166,0.0765,0.061,0.011,0.220649,0.246809
Rabel Colon,,1,0.9265,0.1543,0.0189,0.0769,0.051,0.011,0.217234,0.255586
Yeral Martinez,,1,0.9365,0.156,0.0226,0.0781,0.041,0.011,0.208898,0.267912
Jack Alexander,,1,0.9285,0.1597,0.014,0.0749,0.049,0.011,0.220649,0.249435
Tommy Specht,,1,0.9275,0.16,0.0139,0.0746,0.05,0.011,0.221954,0.247008
Weston Eberly,,1,0.9125,0.1465,0.0157,0.0758,0.063,0.013,0.223461,0.240438
Anderson Suriel,,1,0.9365,0.1623,0.0164,0.0757,0.04,0.012,0.215225,0.258623
Diego Gonzalez,,1,0.9295,0.1653,0.0114,0.0732,0.049,0.01,0.225269,0.242711
Daniel Perez,,1,0.9295,0.157,0.0171,0.0758,0.049,0.01,0.216933,0.25433
Kelvin Diaz,,1,0.9345,0.1564,0.0209,0.0786,0.044,0.01,0.211309,0.264634
Addison Kopack,,1,0.9185,0.1529,0.0128,0.0747,0.06,0.01,0.223863,0.241481
Jose Contreras,,1,0.9335,0.1612,0.0166,0.0755,0.044,0.011,0.217134,0.255811
Luis Freitez,,1,0.9265,0.1577,0.0144,0.0745,0.051,0.011,0.220649,0.247814
Braden Barry,,1,0.9235,0.1573,0.0134,0.0748,0.053,0.012,0.22326,0.24288
Leosdany Molina,,1,0.9415,0.1728,0.012,0.0737,0.037,0.01,0.220749,0.250876
Deivis Nadal,,1,0.9235,0.1531,0.0145,0.0758,0.055,0.01,0.219042,0.248511
Dionmy Salon,,1,0.9275,0.1634,0.0109,0.0732,0.048,0.013,0.225369,0.240323
Cristhian Rodriguez,,1,0.9265,0.1636,0.0082,0.0725,0.052,0.01,0.226574,0.238532
Santiago Gomez,,1,0.9245,0.1622,0.0089,0.0738,0.049,0.015,0.227177,0.236452
Joel Mendez,,1,0.9295,0.1554,0.0169,0.0752,0.049,0.01,0.215326,0.254761
Nick Schwartz,,1,0.9285,0.1601,0.0136,0.0739,0.051,0.009,0.221051,0.246419
Simon Juan,,1,0.9505,0.1687,0.0192,0.0762,0.029,0.009,0.207593,0.270279
Yosander Asencio,,1,0.9115,0.1409,0.0188,0.076,0.068,0.009,0.218841,0.243774
Isaac Pena,,1,0.9155,0.1531,0.0116,0.0737,0.063,0.01,0.227076,0.232987
Abel Bastidas,,1,0.9405,0.173,0.0092,0.0718,0.039,0.009,0.221954,0.24891
Cristian Garcia,,1,0.9195,0.1497,0.016,0.0753,0.058,0.011,0.219644,0.244372
Sam Biller,,1,0.9225,0.1556,0.011,0.0746,0.054,0.012,0.222557,0.240976
Wesley Zapata,,1,0.9305,0.1671,0.0075,0.072,0.048,0.01,0.226072,0.237829
Robert Gonzalez,,1,0.9225,0.1541,0.0146,0.0749,0.056,0.01,0.221051,0.243577
Nick Clarno,,1,0.9125,0.1448,0.0154,0.0754,0.065,0.011,0.221754,0.238137
Jose Hernandez,,1,0.9145,0.1432,0.0179,0.0763,0.062,0.012,0.218138,0.243521
Xavier Guillen,,1,0.9285,0.1575,0.0144,0.0744,0.049,0.011,0.218439,0.246742
Javier Francisco,,1,0.9295,0.1549,0.0169,0.0755,0.048,0.011,0.214824,0.251748
Cole Foster,,1,0.9305,0.1578,0.015,0.0747,0.046,0.012,0.216732,0.249543
Christian Pregent,,1,0.9165,0.1489,0.0141,0.074,0.061,0.011,0.221854,0.236989
Kevin Fitzer,,1,0.9195,0.1499,0.0142,0.0739,0.055,0.014,0.219845,0.241762
Johan Benitez,,1,0.9335,0.1613,0.0142,0.0738,0.045,0.01,0.217234,0.248206
Jordan McCants,,1,0.9375,0.1709,0.008,0.0727,0.042,0.009,0.222858,0.241387
Isaias Dipre,,1,0.9325,0.1528,0.021,0.0765,0.044,0.012,0.209702,0.257265
Victor Diaz,,1,0.9375,0.1558,0.0215,0.0767,0.041,0.01,0.207693,0.261653
Junior Sanchez,,1,0.9335,0.1688,0.007,0.0713,0.045,0.01,0.224766,0.235672
Manuel Mejias,,1,0.9235,0.1566,0.0113,0.0728,0.055,0.01,0.222557,0.235517
Fraymi De Leon,,1,0.9295,0.1635,0.0084,0.0725,0.047,0.012,0.223461,0.235718
Jason Hinchman,,1,0.9225,0.1521,0.0143,0.074,0.056,0.01,0.219042,0.241409
Jose Escorche,,1,0.9385,0.1715,0.0075,0.0713,0.04,0.01,0.222457,0.239744
Brock Tibbitts,,1,0.9205,0.1529,0.0116,0.0729,0.057,0.011,0.221854,0.235307
Carlos Monteverde,,1,0.9155,0.1485,0.0133,0.0733,0.063,0.01,0.222457,0.23408
Brayan Hernández,,1,0.9355,0.1528,0.0214,0.0768,0.042,0.011,0.206689,0.260289
Yeniel Laboy,,1,0.9225,0.1539,0.0134,0.0736,0.055,0.011,0.22085,0.236965
Raynerd Ortega,,1,0.9335,0.1575,0.0161,0.0741,0.043,0.012,0.213418,0.249598
Joseph Rodriguez,,1,0.9225,0.1498,0.0158,0.0742,0.056,0.01,0.216732,0.241734
Newremberg Rondon,,1,0.9395,0.1667,0.0126,0.0724,0.04,0.009,0.216632,0.248111
Alain Camou,,1,0.9405,0.172,0.008,0.0713,0.038,0.01,0.22095,0.240723
Erick Peña,,1,0.9195,0.1366,0.0245,0.0779,0.06,0.009,0.206488,0.254921
Caleb McNeely,,1,0.9295,0.1566,0.0148,0.0742,0.049,0.01,0.216531,0.243034
Juan Gonzalez,,1,0.9225,0.1536,0.0117,0.0728,0.05,0.016,0.220548,0.234688
Edrick Felix,,1,0.9325,0.1609,0.0123,0.0727,0.043,0.013,0.217837,0.241609
German Ortiz,,1,0.9355,0.1641,0.0116,0.0716,0.044,0.009,0.218038,0.242437
Ethan Lege,,1,0.9315,0.16,0.0129,0.0727,0.045,0.012,0.217937,0.240472
Ronny Polanco,,1,0.9385,0.1646,0.0128,0.0727,0.039,0.011,0.215527,0.245924
Dalton Davis,,1,0.9395,0.1638,0.0152,0.0736,0.037,0.012,0.213719,0.248111
Solomon Maguire,,1,0.9235,0.1458,0.0195,0.0758,0.055,0.01,0.21171,0.246454
Jackson Hauge,,1,0.9275,0.1505,0.0181,0.0746,0.051,0.01,0.212413,0.246469
Elvis Rijo,,1,0.9295,0.1634,0.0067,0.0706,0.044,0.015,0.22336,0.231522
Xavier Casserilla,,1,0.9355,0.1613,0.0127,0.0726,0.039,0.014,0.215225,0.244468
Willmer De La Cruz,,1,0.9275,0.1609,0.0083,0.071,0.05,0.011,0.222858,0.230943
Donovan Antonia,,1,0.9315,0.1607,0.0111,0.0721,0.046,0.011,0.21864,0.237681
Richard Paz,,1,0.9175,0.1481,0.0129,0.0731,0.059,0.012,0.220046,0.230954
Chase Valentine,,1,0.9285,0.1589,0.0098,0.0721,0.05,0.01,0.219845,0.234895
Malvin Valdez,,1,0.9245,0.1545,0.0121,0.0727,0.054,0.01,0.219444,0.233856
Victor Torres,,1,0.9395,0.1585,0.0177,0.0748,0.038,0.011,0.208396,0.25322
Dayro Perez,,1,0.9355,0.1602,0.0131,0.0729,0.042,0.011,0.214121,0.244361
Jackson Nicklaus,,1,0.9165,0.1379,0.0199,0.0749,0.062,0.01,0.210806,0.243099
Reece Walling,,1,0.8995,0.1318,0.0149,0.0732,0.079,0.01,0.221754,0.222012
Christian Molfetta,,1,0.9205,0.15,0.012,0.0725,0.057,0.011,0.218941,0.232482
Luis Rodriguez,,1,0.9385,0.1627,0.0125,0.0719,0.039,0.011,0.213619,0.244219
Riquelmin Cabral,,1,0.9345,0.156,0.0151,0.0733,0.044,0.01,0.210907,0.246014
Jefferson Pena,,1,0.9285,0.1561,0.0122,0.0724,0.049,0.011,0.217033,0.235649
Nelson Beltran,,1,0.9175,0.1469,0.013,0.0724,0.059,0.012,0.218841,0.229646
Ramon Peralta,,1,0.9275,0.1542,0.0122,0.072,0.05,0.011,0.216129,0.236119
Daniel McElveny,,1,0.9085,0.14,0.0128,0.0727,0.067,0.013,0.22095,0.223225
Yohander Linarez,,1,0.9465,0.1722,0.0089,0.0702,0.033,0.009,0.215125,0.243106
Alvaro Gonzalez,,1,0.9225,0.1516,0.0114,0.072,0.054,0.012,0.21854,0.231003
Nick Peoples,,1,0.9235,0.1402,0.0211,0.0756,0.053,0.012,0.206086,0.248728
Dustin Crenshaw,,1,0.9275,0.1596,0.0085,0.071,0.052,0.009,0.221553,0.229434
Cardell Thibodeaux,,1,0.9215,0.1479,0.0142,0.0734,0.057,0.01,0.215828,0.233532
Adari Grant,,1,0.9325,0.1619,0.0092,0.0711,0.043,0.013,0.218841,0.233995
Satchell Norman,,1,0.9305,0.155,0.0134,0.0727,0.048,0.01,0.21392,0.238474
Diego Benitez,,1,0.9305,0.1563,0.0124,0.0718,0.047,0.011,0.215225,0.236432
Armando Cruz,,1,0.9465,0.1726,0.0074,0.0701,0.034,0.008,0.215527,0.240887
George Bilecki,,1,0.9135,0.1411,0.0139,0.0738,0.064,0.011,0.217033,0.228352
Frank Hernandez,,1,0.9305,0.1599,0.0099,0.0706,0.047,0.011,0.218841,0.230521
Iverson Espinoza,,1,0.9305,0.1601,0.0086,0.0702,0.047,0.011,0.219042,0.230091
Edryn Rodriguez,,1,0.9355,0.1595,0.0113,0.0714,0.042,0.011,0.213418,0.239337
Jose Serrano,,1,0.9335,0.1592,0.0106,0.0704,0.045,0.01,0.215125,0.236315
Milo Rushford,,1,0.9155,0.1428,0.0131,0.0724,0.062,0.011,0.216732,0.2284
Adrian Gil,,1,0.9105,0.1352,0.017,0.0738,0.063,0.015,0.214121,0.229874
Yanki Jean-Baptiste,,1,0.9205,0.1386,0.0197,0.0744,0.057,0.011,0.207492,0.240521
Geury Estevez,,1,0.9305,0.1564,0.0131,0.0714,0.045,0.013,0.215326,0.232886
Maikel Hernandez,,1,0.9265,0.1507,0.013,0.0719,0.051,0.011,0.213619,0.232488
B.Y. Choi,,1,0.9275,0.1574,0.0075,0.0692,0.051,0.01,0.219343,0.224798
Leandro Alsinois,,1,0.9345,0.1538,0.0151,0.0721,0.045,0.009,0.208697,0.241092
Tayler Aguilar,,1,0.9175,0.1354,0.0195,0.0745,0.06,0.011,0.207291,0.237275
Angel Arevalo,,1,0.9255,0.1518,0.0104,0.0709,0.052,0.011,0.215728,0.227877
Fernando Caldera,,1,0.9205,0.1425,0.0149,0.0721,0.057,0.011,0.211409,0.231939
Fran Alduey,,1,0.9405,0.1642,0.0086,0.0703,0.038,0.01,0.213116,0.235088
John Cristino,,1,0.9315,0.1473,0.018,0.0728,0.045,0.012,0.205182,0.24423
Francisco Garcia,,1,0.9415,0.1555,0.0175,0.0731,0.036,0.011,0.203375,0.249495
Leiker Figueroa,,1,0.9395,0.164,0.0088,0.0697,0.038,0.011,0.21392,0.232996
Giullianno Allende,,1,0.9305,0.1509,0.0143,0.0722,0.047,0.011,0.209802,0.235572
Maikol Hernández,,1,0.9225,0.1495,0.0091,0.0695,0.056,0.01,0.216431,0.223089
Junior Gonzalez,,1,0.9295,0.147,0.0168,0.0726,0.048,0.011,0.20689,0.238193
Nikau Pouaka-Grego,,1,0.9185,0.148,0.0086,0.0691,0.058,0.012,0.218941,0.21742
Christopher Paciolla,,1,0.9405,0.1583,0.0129,0.071,0.037,0.011,0.207191,0.240191
Darwin De Leon,,1,0.9295,0.1527,0.0132,0.0712,0.047,0.012,0.212614,0.229155
Nik McClaughry,,1,0.9255,0.1523,0.0076,0.0693,0.05,0.013,0.21623,0.223231
JT Mabry,,1,0.9415,0.1618,0.0114,0.0703,0.036,0.011,0.209702,0.23675
Karim Ayubi,,1,0.9235,0.1475,0.0115,0.0699,0.053,0.012,0.213418,0.225988
George Feliz,,1,0.9405,0.1528,0.018,0.0721,0.038,0.01,0.201667,0.247315
Yan Contreras,,1,0.9245,0.1479,0.011,0.0708,0.051,0.013,0.212815,0.226717
Arnold Prado,,1,0.9315,0.1509,0.0139,0.071,0.046,0.011,0.208798,0.233602
Nick Gile,,1,0.9325,0.1547,0.0109,0.0699,0.045,0.011,0.21161,0.229705
Willy Fanas,,1,0.9355,0.1544,0.0131,0.0705,0.042,0.011,0.208296,0.235061
Efrenyer Narvaez,,1,0.9375,0.153,0.0154,0.0716,0.039,0.012,0.204881,0.239253
Athanael Duarte,,1,0.9235,0.1441,0.0139,0.0709,0.054,0.011,0.210003,0.228045
Jesus Superlano,,1,0.9445,0.1608,0.0126,0.0698,0.033,0.011,0.205684,0.23928
Colton Vincent,,1,0.9325,0.1566,0.0086,0.0687,0.044,0.012,0.213518,0.225094
Gery Holguin,,1,0.9235,0.1429,0.0141,0.0708,0.056,0.009,0.208798,0.228045
Hayden Friese,,1,0.9125,0.1374,0.0129,0.0697,0.065,0.011,0.214322,0.215781
Kelvin Diaz,,1,0.9275,0.1484,0.0108,0.0704,0.051,0.01,0.210304,0.226307
Peyton Holt,,1,0.9305,0.1443,0.0176,0.072,0.046,0.012,0.203174,0.236432
Yendry Rojas,,1,0.9305,0.1582,0.0054,0.0681,0.049,0.009,0.217134,0.21741
Jose Perez,,1,0.9365,0.1511,0.0142,0.0706,0.043,0.009,0.203977,0.23716
Brady O'Brien,,1,0.9155,0.1457,0.0061,0.0677,0.062,0.011,0.219644,0.208083
Edwardo Espinal,,1,0.9305,0.1501,0.0118,0.0696,0.047,0.011,0.208999,0.227297
Ryan Picollo,,1,0.9415,0.1425,0.0259,0.0745,0.039,0.008,0.190318,0.257568
Nathaniel Ochoa Leyva,,1,0.9355,0.1513,0.0143,0.0704,0.043,0.01,0.205182,0.235168
Cam Magee,,1,0.9315,0.1533,0.0094,0.0693,0.044,0.013,0.211208,0.223403
Junior Garcia,,1,0.9225,0.1428,0.0127,0.0691,0.057,0.009,0.209702,0.222873
Pier-Olivier Boucher,,1,0.9265,0.1447,0.0136,0.0705,0.051,0.011,0.207593,0.226552
Isael Arias,,1,0.9345,0.1522,0.0124,0.0718,0.044,0.01,0.20709,0.229213
Javier Mora,,1,0.9295,0.1534,0.0077,0.0679,0.048,0.011,0.213317,0.219042
Starlin Gill,,1,0.9325,0.1562,0.0075,0.0682,0.044,0.012,0.213116,0.219946
Jairo Diaz,,1,0.9175,0.141,0.0107,0.0685,0.061,0.01,0.212916,0.214169
Jurdrick Profar,,1,0.9345,0.1507,0.012,0.0689,0.043,0.011,0.205584,0.228143
Armando Sierra,,1,0.9375,0.15,0.0158,0.0702,0.04,0.011,0.201868,0.233493
Gabriel Terrero,,1,0.9385,0.1537,0.0133,0.0698,0.04,0.01,0.20458,0.229728
Taishi Nakawake,,1,0.9385,0.1605,0.0059,0.0664,0.039,0.011,0.211409,0.220352
Jesus Alexander,,1,0.9425,0.1561,0.0133,0.0691,0.037,0.009,0.202973,0.232997
Jesus Moreno,,1,0.9295,0.1436,0.0153,0.0703,0.048,0.011,0.203475,0.228402
Alexander Martinez,,1,0.9355,0.1508,0.0124,0.0693,0.043,0.01,0.20468,0.228113
Nathan Archer,,1,0.9315,0.1442,0.0137,0.0704,0.049,0.008,0.202069,0.230488
Sam Robertson,,1,0.9215,0.1486,0.0052,0.0686,0.056,0.011,0.216531,0.205751
Luis Leones,,1,0.9305,0.1438,0.0145,0.07,0.046,0.012,0.202671,0.225793
Angel Cruz,,1,0.9505,0.1602,0.0138,0.069,0.027,0.011,0.199056,0.236402
Kleimir Lemos,,1,0.9525,0.1551,0.0191,0.071,0.026,0.01,0.191925,0.247769
Mason Dinesen,,1,0.9465,0.1523,0.0169,0.0703,0.032,0.01,0.195139,0.240148
Cesar Franco,,1,0.9175,0.1357,0.0133,0.0693,0.06,0.011,0.207593,0.216458
Darius Perry,,1,0.9305,0.1387,0.0173,0.0705,0.048,0.01,0.197549,0.231166
Dawson Dimon,,1,0.9175,0.136,0.011,0.0682,0.061,0.01,0.207894,0.211335
Brad Cumbest,,1,0.9385,0.1451,0.0162,0.0696,0.039,0.011,0.195943,0.233564
Rainer Reyes,,1,0.9375,0.1408,0.0206,0.0712,0.039,0.012,0.192628,0.2368
Andrew Patrick,,1,0.9265,0.1392,0.0138,0.0688,0.051,0.011,0.202069,0.219644
Karniel Pratt,,1,0.9235,0.1378,0.0142,0.0697,0.054,0.011,0.203676,0.215809
Jerffson Pena,,1,0.9395,0.1468,0.0161,0.0697,0.038,0.011,0.196646,0.230867
Mario Baez,,1,0.9355,0.1549,0.007,0.0667,0.042,0.011,0.208798,0.211438
Juan Machado,,1,0.9065,0.1289,0.0109,0.0681,0.071,0.011,0.211811,0.197352
Sandro Pereira,,1,0.9275,0.1504,0.0057,0.0655,0.046,0.015,0.212313,0.204528
Jhon Imbert,,1,0.9135,0.1264,0.0167,0.07,0.064,0.011,0.20227,0.211823
Anthuan Valencia,,1,0.9335,0.1505,0.0079,0.0661,0.044,0.011,0.206387,0.212426
Heison Sanchez,,1,0.9275,0.1468,0.0077,0.0662,0.05,0.011,0.208697,0.207116
Edgar Basabe,,1,0.9295,0.1415,0.0139,0.0686,0.048,0.011,0.201366,0.217321
Roosbert Tapia,,1,0.9455,0.1564,0.0109,0.0669,0.033,0.01,0.200261,0.223903
Oswaldo Patino,,1,0.9305,0.1527,0.0054,0.0649,0.047,0.011,0.21161,0.203332
Luis Marinez,,1,0.9235,0.1318,0.0172,0.0699,0.054,0.011,0.19765,0.221548
Ewry Espinal,,1,0.9135,0.1271,0.0153,0.0693,0.064,0.011,0.202973,0.209305
Andry Javier,,1,0.9195,0.1412,0.0074,0.0665,0.057,0.012,0.211108,0.199674
Ramon Ramirez,,1,0.9275,0.1355,0.0166,0.0694,0.05,0.011,0.197349,0.221563
Axell De Paula,,1,0.9415,0.145,0.0179,0.0693,0.035,0.012,0.192829,0.231652
Aniel Mendoza,,1,0.9405,0.1432,0.0188,0.07,0.037,0.011,0.192026,0.232536
Luis Ogando,,1,0.9375,0.1452,0.0152,0.0687,0.039,0.012,0.197047,0.224747
Roiber Niazoa,,1,0.9355,0.1431,0.0142,0.0678,0.042,0.011,0.196947,0.224372
Bairon Ledesma,,1,0.9395,0.1568,0.0069,0.0654,0.04,0.009,0.206689,0.212134
Yoiber Ruiz,,1,0.9145,0.1361,0.0089,0.0668,0.064,0.01,0.211007,0.197485
Justin Trimble,,1,0.9355,0.1385,0.0178,0.0695,0.042,0.011,0.192327,0.230037
Tommy Takayoshi,,1,0.9315,0.1437,0.0117,0.0664,0.046,0.011,0.201567,0.215781
Roinny Aguiar,,1,0.9245,0.145,0.007,0.0657,0.053,0.011,0.209903,0.201947
Gabriel Araujo,,1,0.9335,0.147,0.0107,0.0669,0.043,0.012,0.202872,0.214247
Michael Guzman,,1,0.9265,0.1392,0.013,0.0676,0.052,0.01,0.202069,0.212628
Yensi Reyes,,1,0.9385,0.1422,0.0173,0.0691,0.039,0.011,0.19303,0.22845
Erick Bautista,,1,0.9305,0.1325,0.0204,0.0703,0.047,0.011,0.191323,0.227942
Reminton Batista,,1,0.9415,0.1493,0.0127,0.0673,0.036,0.011,0.197148,0.222623
Emiliano Galan,,1,0.9395,0.1451,0.0158,0.0682,0.038,0.011,0.194938,0.2248
Alfonzo Martinez,,1,0.9375,0.1472,0.0125,0.0669,0.039,0.012,0.199056,0.218133
Josi Novas,,1,0.9455,0.1419,0.0196,0.0698,0.033,0.01,0.185699,0.23871
Robert Perez,,1,0.9425,0.1421,0.0188,0.0701,0.036,0.01,0.188912,0.23321
Adrian Garcia,,1,0.9465,0.1564,0.0091,0.0658,0.031,0.011,0.199257,0.21944
Yeremi Villahermosa,,1,0.9225,0.137,0.0101,0.0665,0.055,0.011,0.203877,0.205203
Luis Leon,,1,0.9455,0.1496,0.0144,0.0683,0.032,0.011,0.193432,0.225806
Heribert Silva,,1,0.9395,0.1462,0.014,0.0678,0.038,0.011,0.196043,0.221288
Fernando Hernandez,,1,0.9285,0.1441,0.0078,0.0653,0.048,0.012,0.204981,0.203877
Juan Rosas,,1,0.9305,0.1364,0.0149,0.0675,0.047,0.011,0.19524,0.21784
Andres Villafane,,1,0.9425,0.152,0.01,0.0664,0.035,0.011,0.198855,0.216446
Diego Guzman,,1,0.9395,0.1494,0.0071,0.0654,0.041,0.008,0.199257,0.215647
Jjam Alvarez,,1,0.9345,0.1457,0.0108,0.0656,0.044,0.01,0.200562,0.211129
Gabriel Gomes,,1,0.9235,0.1348,0.0129,0.0671,0.053,0.012,0.200663,0.207038
Ryan Castillo,,1,0.9415,0.1453,0.0153,0.0672,0.036,0.011,0.19313,0.222836
Edwin Brito,,1,0.9405,0.1382,0.0201,0.0693,0.036,0.012,0.187004,0.230622
Juan Perez,,1,0.9305,0.1423,0.0094,0.0648,0.047,0.011,0.201165,0.2072
Dauwin Gonzalez,,1,0.9325,0.1382,0.0158,0.0679,0.046,0.01,0.195039,0.217587
Moises De La Rosa,,1,0.9315,0.1364,0.0151,0.0675,0.045,0.012,0.194235,0.216747
Toby Simmons,,1,0.9315,0.138,0.0139,0.0675,0.046,0.011,0.195842,0.214493
Ramiro Altagracia,,1,0.9375,0.1441,0.0134,0.0667,0.04,0.011,0.195943,0.217493
Jorge Julio,,1,0.9355,0.1452,0.0102,0.0656,0.043,0.01,0.199056,0.211331
Franyer Noria,,1,0.9315,0.148,0.0055,0.0642,0.044,0.013,0.205885,0.200107
Adolfo Miranda,,1,0.9515,0.1507,0.0153,0.0674,0.026,0.011,0.188511,0.230058
Adrian Meza,,1,0.9285,0.1467,0.0055,0.064,0.047,0.013,0.207593,0.196554
Cleudis Valenzuela,,1,0.9295,0.1447,0.0067,0.0647,0.049,0.01,0.20458,0.20043
Oscar Colina,,1,0.9215,0.1351,0.0101,0.0655,0.054,0.013,0.202973,0.198915
Enmanuel Ramirez,,1,0.9385,0.1447,0.0117,0.0662,0.039,0.011,0.195541,0.215237
Ruben Vizcaya,,1,0.9235,0.1356,0.0101,0.0661,0.054,0.011,0.201466,0.202815
Jairo Mendez,,1,0.9415,0.1417,0.0158,0.0671,0.036,0.011,0.189515,0.222836
Luis Vicioso,,1,0.9455,0.15,0.0116,0.0654,0.033,0.01,0.193833,0.218086
Joseph Tailor,,1,0.9425,0.1456,0.0125,0.066,0.032,0.014,0.192427,0.217613
Ismael Javier,,1,0.9365,0.1432,0.0112,0.0657,0.042,0.01,0.196043,0.210678
Kevin Dume,,1,0.9335,0.1338,0.0178,0.0674,0.046,0.009,0.189615,0.218318
Joan Delgado,,1,0.9445,0.1403,0.0176,0.0682,0.034,0.01,0.185096,0.227951
Emilio Taveras,,1,0.9235,0.1259,0.0173,0.0681,0.054,0.011,0.191724,0.212128
Angel Herrera,,1,0.9245,0.1337,0.0114,0.0666,0.054,0.01,0.198554,0.202596
Eyeksson Rojas,,1,0.9435,0.1512,0.0089,0.0643,0.034,0.011,0.197047,0.210281
Kevin Robledo,,1,0.9205,0.128,0.0141,0.0667,0.057,0.011,0.196846,0.204128
Yorfran Medina,,1,0.9215,0.1205,0.02,0.0687,0.051,0.016,0.18831,0.21389
Williams Wong,,1,0.9255,0.1388,0.007,0.0636,0.053,0.01,0.202671,0.194489
Antony Peguero,,1,0.9425,0.1424,0.0147,0.0661,0.035,0.011,0.189214,0.218249
Alonso Gallegos,,1,0.9345,0.1494,0.0054,0.063,0.043,0.011,0.204278,0.198716
Jose Ferrer,,1,0.9295,0.1373,0.0089,0.0645,0.048,0.011,0.197148,0.203012
Jhonson Pena,,1,0.9345,0.1401,0.0113,0.0654,0.043,0.011,0.194938,0.20717
Jhon Diaz,,1,0.9375,0.1465,0.0079,0.0635,0.038,0.013,0.198353,0.2032
John Santana,,1,0.9415,0.14,0.0159,0.0669,0.037,0.01,0.187808,0.220499
Rosnel Alarcon,,1,0.9235,0.1347,0.0088,0.0644,0.05,0.015,0.200562,0.194694
Leny Carela,,1,0.9325,0.1453,0.0053,0.0632,0.045,0.011,0.202169,0.19571
Joswuill Rondon,,1,0.9405,0.1416,0.0134,0.0657,0.035,0.013,0.190419,0.213716
Nestor Urbina,,1,0.9435,0.1443,0.012,0.065,0.035,0.01,0.190118,0.215262
Enyel Rosario,,1,0.9475,0.1552,0.0063,0.0637,0.031,0.01,0.197047,0.207177
Railin Tejada,,1,0.9375,0.1401,0.0126,0.065,0.04,0.011,0.191925,0.210453
Hugo Sanchez,,1,0.9185,0.1243,0.0138,0.0661,0.059,0.011,0.195139,0.199565
Jose Tovar,,1,0.9185,0.1314,0.0073,0.0633,0.059,0.011,0.20227,0.189548
Juan Garcia,,1,0.9415,0.1382,0.0163,0.0665,0.036,0.011,0.186,0.219118
Dilan Granadillo,,1,0.9215,0.1285,0.0111,0.0645,0.056,0.011,0.196344,0.198589
Sandy Sanchez,,1,0.9315,0.1419,0.0066,0.0634,0.047,0.01,0.199759,0.196672
Daje Morales,,1,0.9225,0.1341,0.0075,0.0642,0.056,0.01,0.200964,0.192954
Yaikel Mijares,,1,0.9255,0.1353,0.007,0.0634,0.054,0.009,0.199156,0.194706
Darvin Cruz,,1,0.9275,0.1393,0.0075,0.0636,0.052,0.009,0.201165,0.195472
Erick Arosemena,,1,0.9325,0.1343,0.0134,0.0652,0.043,0.013,0.191122,0.207399
Nixson Cueche,,1,0.9345,0.1405,0.0097,0.0641,0.044,0.01,0.19534,0.202354
Alen Pineda,,1,0.9285,0.1296,0.0139,0.0656,0.048,0.012,0.190419,0.207108
Yosmar Gimenez,,1,0.9275,0.1346,0.0105,0.0644,0.05,0.011,0.196445,0.198275
Alexander Requena,,1,0.9385,0.1412,0.0113,0.0644,0.038,0.012,0.192026,0.207885
Jose Gerardo,,1,0.9345,0.1296,0.0184,0.0677,0.043,0.011,0.184393,0.217121
Argenis Valdez,,1,0.9455,0.147,0.0103,0.0644,0.034,0.009,0.190821,0.213009
Wilian Trinidad,,1,0.9355,0.146,0.0051,0.0625,0.044,0.009,0.199859,0.195617
Carlos Gonzalez,,1,0.9245,0.128,0.0135,0.0654,0.053,0.011,0.192829,0.201406
Juan Frances,,1,0.9465,0.1479,0.0106,0.0643,0.032,0.01,0.19072,0.210671
Raynier Ramirez,,1,0.9365,0.1351,0.0143,0.0656,0.042,0.01,0.187908,0.211426
Angelo Mora,,1,0.9425,0.1423,0.0124,0.0646,0.034,0.012,0.189113,0.211353
Miguel Rivera,,1,0.9235,0.1312,0.0104,0.0643,0.054,0.011,0.197047,0.193936
Albert Gutierrez,,1,0.9445,0.1395,0.016,0.0657,0.034,0.01,0.184292,0.218528
Tony Ruiz,,1,0.9475,0.1383,0.0179,0.0664,0.031,0.01,0.180074,0.225013
Ezequiel Surun,,1,0.9495,0.1526,0.0079,0.0625,0.028,0.011,0.192427,0.208425
Eduardo Oviedo,,1,0.9415,0.1371,0.0161,0.0659,0.037,0.01,0.184895,0.216251
Enderson Asencio,,1,0.9345,0.1342,0.0137,0.065,0.043,0.011,0.189013,0.208026
Wilton Lara,,1,0.9475,0.1423,0.0145,0.0656,0.03,0.011,0.184092,0.218681
Haniel German,,1,0.9435,0.14,0.0154,0.0655,0.035,0.01,0.185799,0.217594
Brayan Guedez,,1,0.9355,0.1443,0.0059,0.0626,0.043,0.01,0.198152,0.19519
Herlinton Herrera,,1,0.9255,0.1366,0.0057,0.0625,0.052,0.011,0.200462,0.188331
Andry Batista,,1,0.9305,0.1318,0.0139,0.065,0.048,0.01,0.19062,0.205051
Winder Diaz,,1,0.9275,0.1368,0.0068,0.0626,0.049,0.012,0.198654,0.191375
Samuel Gonzalez,,1,0.9255,0.1365,0.0058,0.0625,0.051,0.012,0.200362,0.188115
David Leon,,1,0.9115,0.1234,0.0086,0.0634,0.066,0.011,0.201265,0.181898
Anyelo Gonzalez,,1,0.9375,0.1407,0.0106,0.0641,0.041,0.01,0.192528,0.204587
Miguel Blanco,,1,0.9365,0.1403,0.0101,0.0636,0.043,0.009,0.19313,0.201708
Miguel Tamares,,1,0.9255,0.1338,0.0082,0.0634,0.052,0.011,0.19765,0.191572
Reinaldo De La Cruz,,1,0.9335,0.1404,0.0076,0.0629,0.043,0.012,0.196244,0.196144
Luis Colon,,1,0.9355,0.1433,0.006,0.0624,0.043,0.01,0.197148,0.195617
Anderson Tovar,,1,0.9445,0.1467,0.0086,0.0633,0.033,0.011,0.191524,0.205929
Adrian Reyes,,1,0.9265,0.1244,0.0161,0.0662,0.052,0.01,0.187205,0.207447
Jesus Correa,,1,0.9345,0.1376,0.0107,0.0637,0.044,0.01,0.192427,0.201177
Andrews Sosa,,1,0.9285,0.1331,0.0104,0.0637,0.049,0.011,0.193934,0.196877
Deivis Mosquera,,1,0.9335,0.1377,0.0094,0.063,0.042,0.013,0.193532,0.198822
Randy Perea,,1,0.9365,0.137,0.0118,0.0643,0.042,0.01,0.189816,0.204485
Manuel De Cesare,,1,0.9515,0.1471,0.0128,0.0636,0.027,0.01,0.184895,0.215765
Yelserth Ayala,,1,0.9425,0.1497,0.0054,0.062,0.035,0.011,0.196545,0.198302
Grenyerbert Velasquez,,1,0.9345,0.1388,0.0088,0.063,0.044,0.01,0.193633,0.197753
Kevin Novoa,,1,0.9245,0.1311,0.0092,0.0632,0.051,0.013,0.195943,0.190806
Maykel Minoso,,1,0.9325,0.1383,0.0081,0.0628,0.046,0.01,0.195139,0.194745
Jesus Mujica,,1,0.9435,0.1359,0.0165,0.0656,0.034,0.011,0.181681,0.21664
Adan Sanchez,,1,0.9345,0.1379,0.0095,0.0632,0.042,0.012,0.192729,0.198395
Spence Coffman,,1,0.9425,0.1423,0.011,0.0637,0.036,0.01,0.189113,0.205729
John Zorrilla,,1,0.9275,0.1283,0.0129,0.0648,0.05,0.011,0.190117,0.199353
Yancel Guerrero,,1,0.9395,0.1366,0.0133,0.0648,0.036,0.013,0.186402,0.208089
Danny Puerta,,1,0.9355,0.1371,0.0105,0.0634,0.042,0.011,0.190921,0.200855
Marco Marcelino,,1,0.9285,0.1284,0.0138,0.0647,0.048,0.012,0.189214,0.200539
Abraham Cohen,,1,0.9225,0.1272,0.0102,0.0635,0.055,0.011,0.194034,0.191545
Yeycol Soriano,,1,0.9295,0.1327,0.0107,0.0635,0.05,0.009,0.192528,0.197741
Luis Martinez,,1,0.9295,0.1321,0.0108,0.0635,0.049,0.01,0.191925,0.19688
Claudiel Lantigua,,1,0.9435,0.1486,0.0059,0.0612,0.035,0.01,0.194436,0.19788
Albert Carpio,,1,0.9375,0.1441,0.0056,0.0618,0.038,0.013,0.195943,0.193387
Adrian Ibarra,,1,0.9495,0.1437,0.0133,0.064,0.029,0.01,0.183489,0.214007
Jesus Machado,,1,0.9305,0.1322,0.0114,0.0635,0.046,0.012,0.191021,0.197421
Yemil Rosario,,1,0.9345,0.1393,0.0075,0.0621,0.043,0.011,0.194135,0.194436
Angel Feliz,,1,0.9395,0.1372,0.0124,0.0636,0.039,0.01,0.187004,0.205854
Jesus D. Castro,,1,0.9295,0.13,0.0126,0.0643,0.048,0.011,0.189816,0.2
Jose Ochoa,,1,0.9405,0.1419,0.0094,0.0628,0.038,0.01,0.19072,0.202658
Jamesson Val,,1,0.9305,0.1274,0.0151,0.0659,0.047,0.011,0.186201,0.203439
Cristian Benavides,,1,0.9415,0.1366,0.0143,0.0644,0.036,0.011,0.184393,0.209241
Angel Rodriguez,,1,0.9395,0.1359,0.013,0.0639,0.036,0.013,0.185699,0.206706
Francisco Caldera,,1,0.9355,0.1318,0.0147,0.0651,0.042,0.011,0.185598,0.207055
Andres Lacruz,,1,0.9225,0.1253,0.0117,0.0639,0.055,0.011,0.192126,0.191978
Frandy Duran,,1,0.9345,0.134,0.0121,0.0636,0.043,0.011,0.188812,0.200535
Rafael Ramirez,,1,0.9405,0.1331,0.0161,0.0651,0.037,0.011,0.181882,0.21159
Moises Molero,,1,0.9355,0.1367,0.0099,0.0626,0.042,0.011,0.190519,0.198183
Rafael Alvarez,,1,0.9225,0.1213,0.0148,0.0649,0.052,0.014,0.188109,0.196856
Miguel Vargas,,1,0.9375,0.1302,0.0168,0.0654,0.04,0.011,0.181983,0.210347
Harry Genth,,1,0.9155,0.1183,0.0108,0.0648,0.052,0.021,0.192126,0.188203
Gustavo Marquez,,1,0.9255,0.129,0.0102,0.063,0.051,0.012,0.192829,0.191032
Yimmy Diaz,,1,0.9335,0.1321,0.0126,0.0638,0.043,0.012,0.187908,0.200536
Lisandro Bonifacio,,1,0.9355,0.141,0.006,0.0617,0.043,0.01,0.194838,0.191876
Adan Chacon,,1,0.9375,0.1343,0.0133,0.0638,0.041,0.01,0.1861,0.20448
Yoerny Junco,,1,0.9425,0.1454,0.0065,0.0615,0.036,0.01,0.192227,0.197984
Geyber Blanco,,1,0.9505,0.15,0.0067,0.0614,0.027,0.011,0.188812,0.20505
Jancel Santana,,1,0.9345,0.1373,0.0082,0.0621,0.043,0.011,0.192126,0.194436
Daniel Bruzual,,1,0.9485,0.1477,0.008,0.0617,0.03,0.01,0.188511,0.204112
Remy Veldhuisen,,1,0.9295,0.1316,0.0101,0.0622,0.046,0.013,0.191423,0.19333
Angel Nieblas,,1,0.9445,0.1465,0.0067,0.0617,0.033,0.011,0.191323,0.198729
Sandy Ruiz,,1,0.9325,0.1325,0.0112,0.0634,0.045,0.011,0.189314,0.196783
Marcos Terrero,,1,0.9255,0.1291,0.0089,0.0624,0.053,0.01,0.19293,0.189303
Jose Medina,,1,0.9205,0.1282,0.0073,0.0617,0.058,0.01,0.197047,0.18164
Luis Suarez,,1,0.9365,0.1394,0.0071,0.0619,0.041,0.011,0.192227,0.1937
Renair Manrique,,1,0.9365,0.1393,0.0069,0.0614,0.04,0.012,0.192126,0.193914
Saul Ramirez,,1,0.9345,0.1298,0.0142,0.0641,0.043,0.011,0.184594,0.20321
D'Angelo Tejada,,1,0.9445,0.1408,0.0097,0.0625,0.034,0.01,0.185598,0.205294
Luis Ariza,,1,0.9355,0.1345,0.0104,0.0626,0.041,0.012,0.18831,0.198183
Jayden Felicia,,1,0.9225,0.1311,0.0053,0.061,0.057,0.009,0.197951,0.180163
Niurby Asigen,,1,0.9325,0.1322,0.0114,0.0633,0.045,0.011,0.189013,0.197212
Jose Paulino,,1,0.9285,0.1281,0.0114,0.0633,0.05,0.01,0.188912,0.194723
Lennyn Nunez,,1,0.9235,0.128,0.0086,0.0624,0.05,0.015,0.193833,0.185598
Jason Hernandez,,1,0.9405,0.1377,0.0109,0.0628,0.036,0.012,0.186502,0.20117
Carlos Silva,,1,0.9285,0.128,0.0111,0.0632,0.049,0.011,0.188812,0.194076
Yidel Diaz,,1,0.9335,0.1299,0.0131,0.0637,0.044,0.011,0.185698,0.2
Leandro Morgado,,1,0.9505,0.1446,0.0109,0.0636,0.028,0.01,0.183389,0.208627
Keiver Garcia,,1,0.9365,0.1423,0.0045,0.0606,0.042,0.01,0.195139,0.187934
Cherif Neymour,,1,0.9415,0.1437,0.0058,0.0615,0.036,0.011,0.191524,0.194371
Charles Nova,,1,0.9315,0.1361,0.0066,0.0615,0.046,0.011,0.193934,0.18744
Luis Parababire,,1,0.9245,0.1248,0.011,0.0629,0.05,0.014,0.189615,0.190698
Juarlin Soto,,1,0.9205,0.1265,0.0074,0.0607,0.058,0.01,0.19534,0.180989
Aneudi Escanio,,1,0.9375,0.1324,0.0121,0.0633,0.04,0.011,0.184192,0.20224
Jorge Garcia,,1,0.9425,0.1372,0.0116,0.0625,0.035,0.011,0.183991,0.203926
Edgar Alfonso,,1,0.9435,0.144,0.0065,0.0606,0.034,0.011,0.189816,0.195972
Juan Martínez,,1,0.9305,0.1258,0.014,0.064,0.048,0.01,0.184594,0.198818
Jose Torrez,,1,0.9325,0.128,0.0132,0.0639,0.044,0.012,0.184795,0.198713
Kegnnalex Seijas,,1,0.9235,0.124,0.0109,0.0628,0.054,0.011,0.189816,0.188305
Randy Soto,,1,0.9125,0.1218,0.0059,0.0607,0.064,0.012,0.198654,0.17337
Eyke Ugueto,,1,0.9325,0.1364,0.0058,0.0608,0.043,0.013,0.193231,0.186381
Alexander Garcia,,1,0.9335,0.1292,0.0124,0.0629,0.044,0.011,0.184995,0.198286
Daniel Gaitor,,1,0.9355,0.1295,0.0133,0.0637,0.042,0.011,0.183288,0.201176
Junior Quezada,,1,0.9395,0.1371,0.0104,0.062,0.038,0.011,0.186904,0.197233
Jehancarlos Mendez,,1,0.9425,0.1424,0.0073,0.0609,0.036,0.01,0.189214,0.194907
Elian Garcia,,1,0.9295,0.1275,0.0115,0.063,0.048,0.011,0.187305,0.192899
Samuel Rojas,,1,0.9325,0.1316,0.0094,0.0622,0.044,0.012,0.18841,0.192386
Paris Johnson,,1,0.9385,0.1297,0.0147,0.0637,0.039,0.011,0.180476,0.204901
Estiven Giron,,1,0.9265,0.1255,0.0112,0.0626,0.051,0.011,0.18831,0.19007
Will Cresswell,,1,0.9345,0.1311,0.0104,0.0613,0.043,0.011,0.185899,0.196041
Brayan Rijo,,1,0.9445,0.1393,0.0113,0.0621,0.033,0.011,0.184092,0.20307
Jose Marchan,,1,0.9385,0.1321,0.013,0.0631,0.039,0.011,0.182886,0.201172
Idalberto Santiesteban,,1,0.9405,0.1363,0.011,0.0622,0.037,0.011,0.185096,0.198405
Elvis Rojas,,1,0.9345,0.1319,0.0105,0.0621,0.044,0.01,0.186703,0.194329
Kashon Conliffe,,1,0.9315,0.1275,0.0121,0.0631,0.047,0.01,0.185297,0.194954
Yorfran John,,1,0.9445,0.1442,0.0069,0.0607,0.033,0.011,0.189013,0.194071
Carlos Avila,,1,0.9325,0.1332,0.0087,0.0613,0.045,0.011,0.190017,0.18992
Carlos Blanco,,1,0.9425,0.1371,0.0106,0.062,0.035,0.011,0.183891,0.200212
Fraimy Santa,,1,0.9415,0.1362,0.011,0.0616,0.036,0.011,0.183991,0.199469
Jose Aular,,1,0.9265,0.1278,0.0085,0.0613,0.05,0.012,0.19062,0.184889
Jose Rivera,,1,0.9375,0.14,0.0051,0.061,0.041,0.01,0.191825,0.186667
Donte Grant,,1,0.9315,0.1283,0.011,0.0624,0.043,0.014,0.1861,0.192271
Justin Rodriguez,,1,0.9395,0.1346,0.0103,0.0615,0.038,0.011,0.184393,0.197552
Albert Alberto,,1,0.9275,0.124,0.012,0.0624,0.05,0.011,0.185799,0.191267
Erick Lara,,1,0.9355,0.1358,0.0068,0.0604,0.043,0.01,0.189615,0.188669
Fernando Roquez,,1,0.9255,0.1182,0.0158,0.0638,0.052,0.011,0.181983,0.195678
Miguel Flores,,1,0.9405,0.1375,0.0101,0.0621,0.037,0.011,0.186301,0.19883
Joan Sierra,,1,0.9295,0.1222,0.0146,0.0637,0.047,0.012,0.181983,0.196665
Gilberto Rojas,,1,0.9375,0.1325,0.0112,0.0622,0.04,0.011,0.184292,0.196267
Yensi Rivas,,1,0.9425,0.1427,0.0056,0.0607,0.035,0.011,0.189515,0.190663
Brahian Silva,,1,0.9265,0.1256,0.01,0.0619,0.05,0.012,0.18841,0.1864
Domingo Batista,,1,0.9345,0.1306,0.0109,0.0615,0.044,0.01,0.185397,0.193365
Jhocsuanth Vargas,,1,0.9455,0.1368,0.0124,0.0624,0.032,0.011,0.180576,0.203279
Arnaldo Montano,,1,0.9325,0.1277,0.0117,0.0621,0.045,0.011,0.184493,0.193137
Jesus Premoli,,1,0.9505,0.1374,0.0149,0.0629,0.027,0.011,0.176157,0.210416
Reynaldo De La Paz,,1,0.9305,0.1246,0.0125,0.062,0.047,0.011,0.183389,0.193767
Erubiel Fuentes,,1,0.9305,0.1343,0.0052,0.0598,0.046,0.012,0.19313,0.179903
Leider Padilla,,1,0.9395,0.1315,0.0129,0.062,0.038,0.011,0.18128,0.199255
Meylin De Leon,,1,0.9445,0.1427,0.006,0.0596,0.033,0.011,0.187506,0.191953
Diego Campos,,1,0.9425,0.135,0.0112,0.0614,0.035,0.011,0.181782,0.198621
Greyber Altamirano,,1,0.9425,0.1389,0.0074,0.0604,0.035,0.011,0.185698,0.192042
Deuri Castillo,,1,0.9255,0.1242,0.0093,0.0616,0.052,0.011,0.188008,0.18282
Diego Gonzalez,,1,0.9275,0.1251,0.0099,0.0607,0.047,0.014,0.186904,0.184474
Ariel Castro,,1,0.9385,0.1245,0.0165,0.0636,0.039,0.011,0.175254,0.204369
Moises Rangel,,1,0.9275,0.1216,0.013,0.062,0.05,0.011,0.183389,0.189111
Alexander Garcia,,1,0.9425,0.1391,0.0069,0.0596,0.035,0.011,0.185899,0.190345
Jonatan Yan,,1,0.9345,0.1268,0.0122,0.062,0.043,0.011,0.181581,0.193472
Carlos Oviedo,,1,0.9355,0.1268,0.0123,0.0621,0.042,0.011,0.180576,0.194976
Samuel Capellan,,1,0.9425,0.1325,0.0118,0.0617,0.035,0.011,0.179271,0.198939
Ramses Velazquez,,1,0.9195,0.1149,0.0126,0.0624,0.058,0.011,0.184694,0.183143
Jensy De Leon,,1,0.9455,0.1401,0.0073,0.0601,0.03,0.013,0.183891,0.193125
Rafael Castillo,,1,0.9305,0.1308,0.0059,0.0593,0.048,0.01,0.189615,0.180011
Yonaiker Hernandez,,1,0.9495,0.1438,0.0074,0.0591,0.029,0.01,0.183589,0.194629
Jord David Diaz,,1,0.9455,0.1377,0.0099,0.0608,0.031,0.012,0.18148,0.195981
Isais Chavez,,1,0.9405,0.1262,0.0162,0.0633,0.037,0.011,0.174952,0.20319
Andru Arthur,,1,0.9275,0.1231,0.0104,0.0612,0.048,0.013,0.184895,0.184906
Brayan Sanchez,,1,0.9225,0.1204,0.0104,0.0616,0.056,0.01,0.187205,0.181355
Carlos Altuve,,1,0.9375,0.1316,0.0098,0.0607,0.04,0.011,0.183389,0.189973
Khris Almonte,,1,0.9465,0.1345,0.0127,0.0618,0.03,0.012,0.177262,0.201057
Javier Roman,,1,0.9375,0.1289,0.0115,0.0612,0.041,0.01,0.180677,0.193067
Wilmer Feliciano,,1,0.9355,0.1254,0.0131,0.0619,0.042,0.011,0.17917,0.194228
Railin Familia,,1,0.9345,0.1287,0.0107,0.0613,0.043,0.011,0.183489,0.190904
Nelson Marin,,1,0.9345,0.1271,0.0112,0.0608,0.043,0.011,0.181882,0.189834
Steven Santos,,1,0.9375,0.1268,0.0131,0.0617,0.04,0.011,0.178568,0.195307
Emil Turbi,,1,0.9335,0.1322,0.0054,0.0588,0.044,0.011,0.188008,0.180932
Jhoanjel Saez,,1,0.9395,0.1353,0.007,0.0601,0.039,0.01,0.185096,0.187227
Jarold Montealto,,1,0.9405,0.1365,0.0069,0.0591,0.038,0.01,0.185297,0.187028
Ibrahim Ruiz,,1,0.9535,0.1398,0.0121,0.0614,0.024,0.011,0.175555,0.20451
Kevin Tamburini,,1,0.9525,0.1428,0.009,0.0596,0.026,0.01,0.179572,0.19874
Angel Perez,,1,0.9335,0.1221,0.014,0.0618,0.042,0.013,0.177865,0.19443
Faruk De La Cruz,,1,0.9335,0.1299,0.0076,0.06,0.045,0.01,0.185698,0.183824
Ramon Moreno,,1,0.9315,0.1234,0.0118,0.0615,0.047,0.01,0.181179,0.189265
Fidel Pinango,,1,0.9465,0.1364,0.0102,0.0615,0.031,0.011,0.17917,0.197042
Javier Castillo,,1,0.9385,0.1315,0.0094,0.0605,0.039,0.011,0.182284,0.189877
Dayker Baldallo,,1,0.9325,0.1334,0.0046,0.0586,0.046,0.01,0.190218,0.176622
Hector Liriano,,1,0.9415,0.1306,0.0128,0.0614,0.037,0.01,0.178367,0.198407
Yerlin Luis,,1,0.9045,0.1053,0.009,0.0609,0.075,0.009,0.190118,0.165616
Fabian Lopez,,1,0.9485,0.1376,0.0097,0.0602,0.03,0.01,0.178367,0.197364
Erick Lugo,,1,0.9435,0.1352,0.0087,0.0595,0.034,0.011,0.180978,0.191627
Eduardo Perez,,1,0.9455,0.1256,0.0185,0.0625,0.032,0.011,0.169328,0.208144
Jose Guerra,,1,0.9445,0.1355,0.0092,0.0602,0.033,0.011,0.180275,0.193012
Joan Gutierrez,,1,0.9225,0.1211,0.0074,0.06,0.055,0.011,0.187908,0.174634
Reniel Diaz,,1,0.9375,0.1219,0.016,0.0625,0.04,0.011,0.173647,0.199147
Domingo Morla,,1,0.9515,0.1307,0.0175,0.0628,0.027,0.01,0.168424,0.210825
Engel Paulino,,1,0.9325,0.1221,0.012,0.0618,0.046,0.01,0.178869,0.18992
Gustavo Beltran,,1,0.9405,0.1285,0.0127,0.0612,0.038,0.01,0.177262,0.194471
Eduardo Guillen,,1,0.9435,0.1283,0.0136,0.0618,0.034,0.011,0.174048,0.199576
Bryant Mendez,,1,0.9345,0.1288,0.0077,0.0596,0.043,0.011,0.183589,0.182879
Christofer Reyes,,1,0.9465,0.1405,0.0055,0.0593,0.032,0.01,0.183288,0.187216
Santiago Prado,,1,0.9435,0.1395,0.0045,0.0579,0.034,0.011,0.185297,0.183254
Kevin Hacen,,1,0.9365,0.1262,0.0112,0.0605,0.04,0.012,0.17897,0.189215
Yaisel Ramos,,1,0.9345,0.1241,0.0117,0.0606,0.043,0.011,0.178869,0.188443
Daniel Dominguez,,1,0.9375,0.1252,0.0127,0.0608,0.04,0.011,0.176961,0.192107
Ronnyel Espinoza,,1,0.9195,0.1163,0.0095,0.0602,0.059,0.01,0.1861,0.175639
Dervin Andrade,,1,0.9405,0.1316,0.0086,0.0599,0.037,0.011,0.180376,0.187772
Estivel Morillo,,1,0.9305,0.1248,0.0082,0.0606,0.048,0.01,0.183589,0.181193
Alexander Orasma,,1,0.9385,0.1344,0.0053,0.0584,0.04,0.01,0.185196,0.180181
Jean C. Gutierrez,,1,0.9435,0.1276,0.0141,0.0611,0.033,0.012,0.173345,0.197668
Juan Olmos,,1,0.9305,0.1192,0.0132,0.0614,0.046,0.012,0.177965,0.188178
Phillando Williams,,1,0.9325,0.1255,0.0091,0.0597,0.043,0.013,0.182284,0.18134
Carlos Batista,,1,0.9345,0.1221,0.013,0.0614,0.043,0.011,0.176861,0.189406
Angel Ventura,,1,0.9385,0.1297,0.0088,0.06,0.039,0.011,0.180476,0.185722
Fabelin Volquez,,1,0.9455,0.1353,0.0083,0.0585,0.032,0.011,0.17907,0.189635
Arfeni Batista,,1,0.9485,0.1351,0.0102,0.0595,0.03,0.01,0.175856,0.194834
Luis Suarez,,1,0.9405,0.1288,0.0106,0.0595,0.037,0.011,0.177564,0.189474
Johan Ferreira,,1,0.9325,0.1209,0.0122,0.0608,0.045,0.011,0.177664,0.186488
Ovandy Frias,,1,0.9425,0.1298,0.0111,0.06,0.035,0.011,0.176559,0.191406
Kevin Ereu,,1,0.9265,0.1232,0.0059,0.0583,0.05,0.012,0.186,0.171506
Andy Acevedo,,1,0.9335,0.1229,0.0111,0.0606,0.044,0.011,0.178668,0.184146
Emil Martinez,,1,0.9475,0.1369,0.0078,0.0586,0.031,0.01,0.178668,0.188285
Anderson Machado,,1,0.9435,0.132,0.0091,0.0589,0.034,0.011,0.177764,0.187917
Cristopfer Gonzalez,,1,0.9365,0.1232,0.0116,0.06,0.042,0.01,0.175957,0.187934
Jose Bericoto,,1,0.9335,0.1226,0.0107,0.0597,0.045,0.01,0.178367,0.183396
Louis Pierre,,1,0.9325,0.1211,0.011,0.06,0.046,0.01,0.177865,0.183271
Delvis Matos,,1,0.9495,0.1311,0.0126,0.06,0.028,0.011,0.170835,0.197156
Andruw Salcedo,,1,0.9325,0.1228,0.0094,0.0591,0.045,0.011,0.179572,0.17941
Daris Cordero,,1,0.9425,0.1283,0.0107,0.0591,0.035,0.011,0.175053,0.188859
Samuel Salcedo,,1,0.9435,0.1325,0.0079,0.0585,0.034,0.011,0.178267,0.184526
Alan Frias,,1,0.9345,0.1169,0.0152,0.0609,0.043,0.011,0.171638,0.190262
Andres Hernandez,,1,0.9365,0.1252,0.0094,0.059,0.041,0.011,0.177965,0.182168
Krishan Ulacio,,1,0.9415,0.1262,0.0111,0.0588,0.036,0.011,0.173948,0.188848
Nicolas Barrios,,1,0.9335,0.1216,0.0101,0.0595,0.044,0.011,0.177363,0.181146
German Guilarte,,1,0.9355,0.125,0.0084,0.0584,0.042,0.011,0.178769,0.179369
Jose Familia,,1,0.9395,0.1262,0.0103,0.0587,0.039,0.01,0.175957,0.185631
Vladi Guerrero,,1,0.9405,0.1261,0.0103,0.0584,0.038,0.01,0.174852,0.185752
Jonathan Taveras,,1,0.9465,0.1358,0.0058,0.0577,0.032,0.01,0.178568,0.182462
Alejandro Castellano,,1,0.9315,0.1222,0.0082,0.0582,0.046,0.011,0.179974,0.174879
Christopher Orelin,,1,0.9335,0.1259,0.0056,0.0575,0.044,0.011,0.181681,0.172469
Keegan Pieternella,,1,0.9305,0.1232,0.0078,0.0583,0.047,0.011,0.181983,0.175282
Jelson Coca,,1,0.9415,0.1307,0.0058,0.0573,0.037,0.01,0.178467,0.178226
Johan Contreras,,1,0.9365,0.1214,0.0106,0.0585,0.041,0.011,0.174149,0.1811
Samuel Estevez,,1,0.9395,0.1233,0.0106,0.059,0.038,0.011,0.173044,0.183715
Yohangel Moris,,1,0.9385,0.1198,0.0134,0.0598,0.04,0.01,0.170533,0.188279
Esmeiquel Arrieche,,1,0.9215,0.1142,0.0073,0.0574,0.057,0.01,0.181983,0.164406
Adriel Cuello,,1,0.9475,0.1337,0.0068,0.0571,0.029,0.012,0.175454,0.182269
Derek Cueto,,1,0.9345,0.1183,0.0111,0.0594,0.043,0.011,0.173044,0.180738
Romano Donato,,1,0.9295,0.1204,0.0066,0.0575,0.048,0.011,0.180175,0.168908
Hancel Almonte,,1,0.9435,0.1225,0.0134,0.0591,0.034,0.011,0.168223,0.189507
Kenyon Simmons,,1,0.9425,0.1242,0.011,0.0586,0.035,0.011,0.170935,0.184615
Luis Bolivar,,1,0.9365,0.1216,0.0089,0.0576,0.042,0.01,0.17435,0.176722
Frailin Yan,,1,0.9325,0.1159,0.0115,0.0586,0.045,0.011,0.172642,0.177158
Rafael Oropeza,,1,0.9455,0.1318,0.0056,0.0562,0.032,0.011,0.175555,0.177366
Deshandro Tromp,,1,0.9335,0.1195,0.0083,0.0576,0.043,0.012,0.175254,0.173648
Jhosman Theran,,1,0.9325,0.1158,0.0109,0.0585,0.046,0.01,0.172542,0.175871
Alexander Alzi,,1,0.9505,0.1272,0.0116,0.0572,0.027,0.011,0.165913,0.188743
Carlos De Sousa,,1,0.9455,0.1279,0.008,0.0566,0.033,0.01,0.171638,0.17927
Vicent Nunez,,1,0.9355,0.1204,0.0083,0.057,0.042,0.011,0.174149,0.1721
Amauri Ramirez,,1,0.9395,0.1226,0.0084,0.0567,0.039,0.01,0.172341,0.177541
Brailin Pascual,,1,0.9515,0.1313,0.0084,0.0567,0.027,0.01,0.169027,0.184551
Gabriel Azocar,,1,0.9455,0.1259,0.0098,0.057,0.033,0.01,0.169629,0.181491
Hojans Hernandez,,1,0.9345,0.1178,0.0092,0.0576,0.044,0.01,0.172542,0.173034
Juan Monso,,1,0.9355,0.119,0.0079,0.0568,0.041,0.012,0.172743,0.171245
Edwin Solano,,1,0.9425,0.1246,0.008,0.0565,0.035,0.011,0.171337,0.17496
Yeicer Crespo,,1,0.9365,0.1176,0.01,0.0568,0.041,0.011,0.170332,0.174052
Jhon Lucena,,1,0.9485,0.1257,0.0103,0.0569,0.03,0.01,0.166416,0.183237
Heudy Pena,,1,0.9385,0.1226,0.0064,0.0556,0.04,0.01,0.173345,0.169313
Jesus Abreu,,1,0.9355,0.1153,0.0098,0.0566,0.041,0.012,0.169027,0.172314
Diego Felix,,1,0.9415,0.1224,0.0073,0.056,0.036,0.011,0.170132,0.172597
Edgar Mota,,1,0.9465,0.1254,0.0083,0.056,0.032,0.01,0.168123,0.176123
Wanel Celestin,,1,0.9355,0.1215,0.0063,0.0562,0.043,0.01,0.175254,0.168145
Christian Sáez,,1,0.9405,0.1157,0.0116,0.0563,0.038,0.01,0.164407,0.176715
Andruw Zambrano,,1,0.9345,0.112,0.0103,0.0563,0.043,0.011,0.166717,0.170894
Zeus Nunez,,1,0.9475,0.1203,0.0122,0.0563,0.031,0.01,0.161997,0.181425
Yadimir Fuentes,,1,0.9315,0.1154,0.0071,0.0558,0.046,0.011,0.173145,0.164359
Johmphy De La Cruz,,1,0.9365,0.1184,0.0055,0.0542,0.042,0.01,0.171136,0.161666
Angel Aquino,,1,0.9455,0.1219,0.0082,0.055,0.033,0.01,0.165612,0.173559
Ismael Del Rosario,,1,0.9405,0.116,0.0096,0.0554,0.038,0.01,0.164708,0.170654
Christian Colon,,1,0.9475,0.1259,0.0054,0.0531,0.031,0.01,0.167621,0.167493
Tom Guerrero,,1,0.9385,0.1187,0.0048,0.0535,0.04,0.01,0.169429,0.160682
Aaron Salazar,,1,0.9315,0.1103,0.0075,0.0547,0.046,0.011,0.168022,0.159528
Eliezer Alfonzo,,1,0.9355,0.1175,0.0038,0.0531,0.043,0.01,0.171236,0.155104
Juan Martinez,,1,0.9415,0.114,0.0099,0.0549,0.035,0.012,0.161695,0.169517
Stiven De La Cruz,,1,0.9365,0.1118,0.0082,0.0539,0.042,0.01,0.164507,0.161773
Kay Robles,,1,0.9495,0.1163,0.0124,0.0553,0.027,0.012,0.155971,0.177778
Adrian Valdez,,1,0.9435,0.1126,0.0114,0.0545,0.035,0.01,0.158281,0.172231
Klendy Leen,,1,0.9295,0.1045,0.0092,0.0543,0.048,0.011,0.164206,0.156643
Eryks Rivero,,1,0.9325,0.107,0.0085,0.0532,0.044,0.012,0.163704,0.15807
Clay Winklaar,,1,0.9395,0.1091,0.0108,0.0544,0.036,0.013,0.158783,0.165514
Elias Marrero,,1,0.9465,0.1204,0.0051,0.0516,0.031,0.011,0.163101,0.160275
Winifer Castillo,,1,0.9465,0.1133,0.0099,0.0535,0.031,0.011,0.155971,0.16841
Jose De La Cruz,,1,0.9335,0.101,0.0103,0.0529,0.044,0.011,0.156674,0.155222
Limanol Payero,,1,0.9315,0.0971,0.0087,0.0514,0.046,0.011,0.154765,0.148255
Luis Hernandez,,1,0.9405,0.1053,0.008,0.0512,0.037,0.011,0.153962,0.152259
Leonardo Carpio,,1,0.9475,0.1071,0.0093,0.0507,0.03,0.011,0.14874,0.1581
Roni Garcia,,1,0.9415,0.1059,0.0056,0.0494,0.035,0.012,0.15356,0.146787