Name,Team,GS,G,IP,HR,SO,BB,HR/9,WHIP,ERA
Tarik Skubal,LAD,30,30,182.3,17,218,32,0.839276,0.970927,2.66594
Paul Skenes,PIT,33,33,185.3,16,205,45,0.777118,1.03076,2.76848
Garrett Crochet,BOS,28,28,166,16,198,43,0.86747,1.10843,2.92771
Logan Webb,SFG,30,30,189.3,15,175,39,0.713154,1.13576,3.13788
Cristopher Sánchez,PHI,28,28,170,15,163,39,0.794118,1.14706,3.33529
Yoshinobu Yamamoto,LAD,27,27,165,18,175,41,0.981818,1.0303,3.38182
Hunter Brown,HOU,27,29,163.3,16,172,52,0.881813,1.15126,3.08634
Dylan Cease,TOR,29,29,157,18,177,58,1.03185,1.21019,3.66879
Hunter Greene,CIN,25,25,143.7,17,161,43,1.06472,1.0508,3.6952
Bryan Woo,SEA,26,27,157.3,19,158,31,1.08709,1.02352,3.3185
Andrew Abbott,CIN,28,28,156.7,19,139,45,1.09126,1.2508,3.96299
Max Fried,NYY,26,26,159.3,15,141,45,0.847458,1.17389,3.55932
Jesús Luzardo,PHI,27,27,156,20,168,46,1.15385,1.19231,3.98077
MacKenzie Gore,TEX,28,28,151.7,16,166,54,0.949242,1.2327,3.91562
Cole Ragans,KCR,22,24,122.3,13,146,42,0.956664,1.17743,3.67948
George Kirby,SEA,27,27,146,17,140,27,1.04795,1.10959,3.63699
Ranger Suarez,BOS,26,27,147,14,125,44,0.857143,1.29932,3.61224
Spencer Schwellenbach,ATL,21,21,131.7,15,127,23,1.02506,1.06302,3.41686
Pablo López,MIN,25,25,140.7,16,135,36,1.02345,1.20114,3.83795
Chase Burns,CIN,21,27,106,13,119,27,1.10377,1.12264,3.73585
Spencer Strider,ATL,25,26,141,18,165,44,1.14894,1.1773,3.82979
Logan Gilbert,SEA,27,28,151.7,20,159,37,1.18655,1.09426,3.50033
Shane McClanahan,TBR,21,21,119,14,122,32,1.05882,1.13445,3.40336
Joe Ryan,MIN,26,26,145.3,21,151,34,1.30076,1.12182,3.84033
Framber Valdez,DET,25,25,158,15,133,53,0.85443,1.26582,3.75949
Taj Bradley,MIN,27,27,144.3,17,133,46,1.06029,1.23354,4.05405
Kris Bubic,LAD,20,24,112.3,10,111,37,0.801425,1.25557,3.52627
Tanner Bibee,CLE,26,26,156.3,20,142,42,1.15163,1.17722,3.68522
Corbin Burnes,ARI,24,24,145.3,14,131,44,0.867171,1.17688,3.28286
Jack Leiter,TEX,27,27,144,17,133,53,1.0625,1.21528,4
Freddy Peralta,TBR,29,29,149,20,157,55,1.20805,1.21477,3.92617
Chris Sale,ATL,20,21,115.7,13,130,33,1.01124,1.21003,3.42264
Sandy Alcantara,MIA,24,24,149,16,119,40,0.966443,1.20805,4.10738
Brandon Pfaadt,ARI,28,28,152.3,19,138,33,1.12278,1.18844,4.07748
Jonah Tong,NYM,25,26,120.3,14,131,45,1.04738,1.23857,3.96509
Zebby Matthews,MIN,22,23,114,15,115,27,1.18421,1.21053,3.86842
Trevor Rogers,BAL,24,24,127.7,14,110,38,0.986688,1.25294,3.94675
Bubba Chandler,PIT,25,27,128,13,121,45,0.914062,1.22656,3.79688
Brady Singer,CIN,29,29,152.7,21,142,50,1.23772,1.29011,4.47937
José Soriano,TOR,23,29,137.3,11,127,58,0.721049,1.31828,3.99854
Sonny Gray,BOS,24,24,134,18,131,39,1.20896,1.30597,4.09701
Brayan Bello,BOS,28,29,152.3,16,128,51,0.945502,1.2935,3.95929
Drew Rasmussen,TBR,27,28,132.3,16,109,33,1.08844,1.16402,3.67347
Michael McGreevy,STL,27,28,149,16,108,34,0.966443,1.21477,3.86577
Jacob deGrom,TEX,24,24,130.7,20,133,34,1.3772,1.13236,3.7873
Cam Schlittler,NYY,25,27,128.3,16,128,43,1.12237,1.2159,3.92829
Simeon Woods Richardson,TOR,24,26,125.3,15,113,42,1.07741,1.26097,4.02235
Kevin Gausman,CHC,25,25,141,20,132,42,1.2766,1.29078,4.02128
Eury Pérez,MIA,27,27,114.3,14,113,37,1.10236,1.1636,3.93701
Gavin Williams,CLE,27,27,144.3,17,144,54,1.06029,1.23354,3.55509
Zack Wheeler,PHI,20,20,122,15,120,35,1.10656,1.19672,3.68852
Kyle Bradish,BAL,20,20,99.3,10,99,32,0.906344,1.19839,3.62538
Justin Steele,CHC,23,23,127,14,115,35,0.992126,1.19685,3.61417
Logan Henderson,MIL,23,24,106.7,14,107,31,1.18088,1.15276,3.88004
Robby Snelling,MIA,25,25,124,14,114,41,1.01613,1.27419,3.84677
Connelly Early,WSN,22,25,108.7,11,108,37,0.910764,1.23275,3.89144
Trey Yesavage,TOR,26,29,113,12,117,44,0.955752,1.19469,3.66372
Nick Lodolo,CIN,24,25,128.7,17,128,34,1.18881,1.18881,4.33566
Aaron Nola,PHI,22,22,129.3,20,125,32,1.39211,1.23743,4.38515
Bailey Ober,MIN,25,25,137,21,118,32,1.37956,1.23358,4.27007
Payton Tolle,BOS,22,29,108.7,14,111,30,1.15915,1.16835,3.89144
David Peterson,CHC,24,25,134.7,12,119,53,0.801782,1.37342,4.14254
Jack Flaherty,DET,25,26,132.7,18,142,49,1.2208,1.28862,4.20497
Shane Smith,CHW,27,27,136.3,16,128,48,1.05649,1.20323,4.09391
Cade Horton,CHC,24,25,122.3,14,108,35,1.03025,1.12837,3.75307
Mitch Keller,PIT,26,26,147,18,126,44,1.10204,1.28571,4.10204
Jacob Misiorowski,MIL,23,26,115.7,14,136,46,1.08902,1.17545,3.73379
Blake Snell,LAD,19,19,98.3,11,119,45,1.00712,1.26144,3.75381
Reid Detmers,LAA,17,39,112.3,13,125,38,1.04185,1.21104,4.00712
Will Warren,NYY,26,27,132.7,17,129,46,1.15298,1.26601,4.34062
Brandon Sproat,MIL,25,26,121.7,13,108,43,0.96138,1.24897,4.06738
Braxton Ashcraft,PIT,17,32,109,11,99,29,0.908257,1.21101,3.55046
Reese Olson,DET,23,23,114,13,107,38,1.02632,1.22807,3.94737
Grayson Rodriguez,LAA,21,21,105,13,108,35,1.11429,1.2381,4.11429
Shane Baz,BAL,26,26,135.3,18,131,45,1.19734,1.24169,4.19069
Matthew Liberatore,STL,22,29,126.3,13,107,36,0.926366,1.22724,3.91924
Gage Jump,ATH,24,26,110.7,13,99,32,1.05691,1.20145,3.98374
Cristian Mena,ARI,19,22,103.3,11,96,35,0.958374,1.23911,3.57212
Nolan McLean,NYM,25,27,141,16,138,51,1.02128,1.24113,3.89362
Ben Brown,CHC,15,24,99.3,11,106,33,0.996979,1.20846,3.89728
Brandon Woodruff,MIL,21,21,102,15,106,29,1.32353,1.18627,3.88235
Tyler Glasnow,LAD,19,20,99,13,112,36,1.18182,1.18182,3.90909
Ryan Pepiot,TBR,25,25,136,19,130,47,1.25735,1.19853,4.03676
Noah Cameron,KCR,26,26,136,18,116,40,1.19118,1.24265,4.03676
David Festa,MIN,21,23,102.7,13,103,35,1.13924,1.27556,4.11879
Cade Povich,BAL,23,25,123,16,118,43,1.17073,1.29268,4.17073
Kumar Rocker,TEX,22,23,98.7,11,92,28,1.00304,1.21581,4.01216
Luis Garcia,NYY,20,21,95,13,92,27,1.23158,1.17895,3.88421
Clay Holmes,CHC,22,26,124,11,99,43,0.798387,1.3629,3.99194
Didier Fuentes,ATL,26,26,108.7,13,101,34,1.07636,1.22355,4.05704
Shane Bieber,TOR,20,20,109,14,96,27,1.15596,1.20183,3.79817
Quinn Priester,MIL,22,27,137.7,16,118,44,1.04575,1.23457,3.92157
Lucas Braun,KCR,23,24,126.7,16,107,34,1.13654,1.23915,4.04893
Mick Abel,MIN,24,26,122,14,116,45,1.03279,1.27869,4.05738
Roki Sasaki,LAD,17,25,97.7,13,110,33,1.19754,1.20778,4.05322
Rhett Lowder,CIN,23,23,109.3,13,86,32,1.07045,1.26258,4.44648
Bryce Miller,SEA,22,22,118,15,104,34,1.14407,1.17797,3.9661
Mitchell Parker,WSN,24,27,134.7,15,99,48,1.00223,1.366,4.47661
Jacob Lopez,ATH,18,24,104,13,111,40,1.125,1.25,3.98077
Ethan Pecko,HOU,21,27,102.3,12,96,34,1.05572,1.25122,3.69501
Carlos Rodón,NYY,22,22,119.3,16,117,44,1.20704,1.2741,4.22464
Chad Patrick,MIL,23,29,128.3,19,123,41,1.33281,1.24708,4.27903
Andrew Morris,MIN,20,22,102,11,81,28,0.970588,1.27451,3.97059
Drew Anderson,DET,22,24,122.3,18,133,44,1.32461,1.27555,4.26819
Luis Morales,ATH,21,29,117,15,105,42,1.15385,1.26496,4.07692
Emmet Sheehan,LAD,17,24,87,11,97,30,1.13793,1.14943,4.03448
Justin Wrobleski,LAD,15,31,111,14,104,33,1.13514,1.22523,4.21622
Bryce Elder,ATL,26,26,144.3,17,121,47,1.06029,1.29591,4.30353
Zack Littell,ARI,24,27,140,21,103,29,1.35,1.27143,4.30714
Michael King,SDP,20,21,109.3,15,112,41,1.23513,1.29003,3.87008
Edward Cabrera,CHC,24,24,123,15,127,46,1.09756,1.19512,3.87805
Nick Pivetta,SDP,23,25,137,23,141,41,1.51095,1.18978,4.13869
Elmer Rodríguez,NYY,23,24,126.3,16,109,48,1.14014,1.29058,4.27553
Ryan Johnson,LAA,14,30,80.7,9,76,25,1.00372,1.25155,3.90335
Michael Wacha,KCR,23,23,127.3,17,97,39,1.20189,1.31186,4.38335
Carmen Mlodzinski,PIT,13,38,101.3,9,87,33,0.799605,1.26357,3.5538
Zac Gallen,ARI,27,27,158.3,21,140,50,1.19394,1.25079,3.92293
Casey Mize,SDP,24,24,120,16,103,36,1.2,1.29167,4.2
Logan Allen,CLE,24,25,132,17,110,49,1.15909,1.37121,4.22727
Mitch Bratt,ARI,22,23,114,14,98,29,1.10526,1.2193,3.78947
Mike Burrows,HOU,22,27,110.3,15,110,37,1.22393,1.21487,3.835
Jared Jones,PIT,20,20,103.3,11,92,35,0.958374,1.25847,3.92062
Braxton Garrett,CHC,20,20,101.7,12,87,26,1.06195,1.21927,3.89381
AJ Smith-Shawver,ATL,25,25,103.7,12,108,39,1.04147,1.2729,3.73192
Leandro Lopez,TEX,24,25,99.7,11,95,41,0.992979,1.31394,4.15246
Chen Zhong-Ao Zhuang,ATH,20,23,117,16,89,28,1.23077,1.24786,4.38462
Tylor Megill,NYM,21,21,96.7,11,103,41,1.02378,1.34436,4.28128
Clarke Schmidt,NYY,18,21,95.7,11,88,34,1.03448,1.27482,4.13793
Thomas White,MIA,26,26,106.3,11,108,47,0.931326,1.31703,4.06397
Janson Junk,MIA,18,24,112.3,14,80,24,1.12199,1.28228,4.40784
Troy Melton,DET,19,28,102.7,13,89,30,1.13924,1.24635,4.03116
Robert Gasser,MIL,19,22,92.3,11,87,29,1.07259,1.22427,3.99783
Jonathan Cannon,CHW,21,25,124.3,16,94,40,1.15849,1.32743,4.56154
Kyle Harrison,MIL,23,27,111.7,15,120,41,1.20859,1.2265,4.02865
Nick Martinez,TBR,17,34,120,13,86,37,0.975,1.34167,4.2
Louis Varland,TOR,13,46,104,13,99,29,1.125,1.19231,3.63462
Ty Johnson,TBR,18,25,96.7,11,94,32,1.02378,1.19959,4.09514
Shohei Ohtani,LAD,19,19,95.3,13,110,37,1.2277,1.14376,3.77754
Kendry Rojas,MIN,25,26,98.7,10,89,37,0.911854,1.31712,4.19453
Luis Severino,ATH,22,22,125,16,99,39,1.152,1.328,4.536
David Davalillo,TEX,23,24,104.7,12,86,33,1.03152,1.25119,4.29799
Ian Seymour,TBR,18,27,114.3,16,108,32,1.25984,1.18985,4.17323
Chase Petty,CIN,25,26,115.3,14,87,47,1.0928,1.39636,5.07372
Mason Barnett,ATH,24,26,123.3,15,105,49,1.09489,1.35442,4.45255
John Holobetz,BOS,17,21,110.3,13,81,31,1.06074,1.2874,4.24297
Andrew Painter,PHI,24,24,111.3,16,110,42,1.2938,1.30279,4.44744
Luis Castillo,CHW,24,25,140.7,21,125,40,1.34328,1.24378,4.02985
Carson Whisenhunt,SFG,23,23,110.3,12,89,38,0.979148,1.3146,4.16138
Hurston Waldrep,ATL,24,25,127.3,14,113,49,0.989788,1.31186,4.10055
Joey Cantillo,CLE,18,32,102.3,12,111,43,1.05572,1.29032,3.69501
Adam Mazur,MIA,22,24,116.3,14,86,33,1.08341,1.28977,4.17885
Carlos Rodriguez,MIL,18,23,103,12,94,40,1.04854,1.28155,4.28155
Ryan Weiss,HOU,21,24,126.7,17,124,47,1.20758,1.2865,4.191
Konner Eaton,COL,24,25,122,15,99,43,1.10656,1.36885,4.57377
Andre Pallante,STL,23,30,126.7,11,90,47,0.781373,1.35754,4.191
Jeffrey Springs,ATH,22,24,124,19,104,42,1.37903,1.34677,4.35484
Jack Perkins,ATH,15,23,91.7,10,95,37,0.981461,1.23228,3.92585
Jordan Wicks,CHC,19,27,92,11,82,27,1.07609,1.23913,3.91304
Joe Boyle,TBR,22,26,110,12,120,57,0.981818,1.34545,4.09091
Cody Ponce,TOR,20,21,117.7,18,112,37,1.37638,1.26593,4.28207
Brendan Beck,NYY,21,23,109,15,85,28,1.23853,1.22018,4.29358
Jack Wenninger,NYM,21,23,115.3,14,96,38,1.0928,1.30095,4.37121
Johan Oviedo,BOS,20,22,97.7,11,93,41,1.01331,1.32037,4.14534
Griffin Jax,TBR,1,65,62.3,5,80,16,0.722311,1.04334,2.88925
Connor Prielipp,MIN,27,28,94.3,10,87,34,0.954401,1.30435,4.00848
Gavin Stone,LAD,19,20,100.7,13,87,34,1.16187,1.31082,4.55809
Jhoan Duran,PHI,0,65,65.3,3,77,20,0.413476,1.07198,2.61868
Mason Miller,SDP,0,57,61.3,6,100,22,0.880914,0.929853,2.3491
Matthew Boyd,CHC,22,22,120,17,104,36,1.275,1.28333,4.275
Dean Kremer,MIN,24,25,135.3,20,112,42,1.33038,1.31559,4.32372
Patrick Sandoval,BOS,19,19,96.3,9,84,43,0.841121,1.45379,4.11215
Parker Messick,CLE,24,25,120.3,16,114,38,1.19701,1.24688,3.81546
Landen Roupp,SFG,19,23,100.7,10,95,38,0.893744,1.30089,3.75372
TJ Nichols,TBR,20,22,106.7,14,86,29,1.18088,1.23711,4.38613
Foster Griffin,CLE,16,19,94.3,12,87,27,1.14528,1.27253,4.2948
Tyson Hardin,MIL,22,22,100.3,13,86,28,1.1665,1.21635,4.12762
Yordanny Monegro,BOS,24,26,94.7,11,84,32,1.04541,1.27772,3.99155
Blade Tidwell,SFG,18,23,102.3,11,91,40,0.967742,1.34897,4.04692
Hunter Barco,PIT,23,28,94,10,89,38,0.957447,1.31915,4.02128
JR Ritchie,ATL,23,23,117,14,104,39,1.07692,1.23932,4.15385
Ryne Nelson,ARI,21,27,128.7,17,105,34,1.18881,1.21212,3.91608
Duncan Davitt,ATL,23,25,119.7,16,91,35,1.20301,1.31161,4.58647
Tekoah Roby,STL,21,21,98.7,12,84,27,1.09422,1.21581,3.92097
Tanner Houck,BOS,16,18,97,9,75,32,0.835052,1.31959,4.26804
Stephen Kolek,KCR,22,27,121.7,11,83,39,0.813476,1.32293,4.21528
Brian Van Belle,TBR,15,22,96.3,13,67,21,1.21495,1.28764,4.29907
Austin Peterson,CLE,23,24,120.3,16,89,29,1.19701,1.27182,4.18953
Michael Forret,BAL,24,28,102.7,12,89,36,1.05161,1.25609,4.20643
Ben Hess,NYY,23,23,103.7,13,100,43,1.12825,1.28255,4.33944
Jedixson Paez,BOS,15,23,88.3,11,70,21,1.12118,1.23443,4.17894
Colton Gordon,MIL,21,25,115.3,17,98,34,1.32697,1.29228,4.29315
Gerrit Cole,NYY,17,17,102,15,93,31,1.32353,1.23529,4.14706
K.C. Hunt,TBR,22,24,104.3,14,93,34,1.20805,1.25599,4.22819
Coleman Crow,MIL,20,21,98.7,12,84,28,1.09422,1.20567,3.92097
Reynaldo López,ATL,16,34,97.7,11,98,35,1.01331,1.23849,3.59263
Cade Smith,CLE,0,68,68.3,5,89,21,0.658858,1.03953,2.7672
Juaron Watts-Brown,BAL,23,23,106.7,13,98,42,1.09653,1.33083,4.38613
Mitch Farris,LAA,21,23,114.7,15,107,45,1.17698,1.36007,4.62947
Pierson Ohl,COL,11,29,93.3,13,73,16,1.25402,1.25402,4.14791
Caden Dana,LAA,22,23,116.7,15,108,45,1.15681,1.29392,4.47301
Shota Imanaga,CHC,22,22,121.3,22,110,28,1.63232,1.1789,4.08079
George Klassen,LAA,23,23,104.3,13,95,39,1.12176,1.31352,4.40077
Andrew Alvarez,WSN,23,25,117.7,14,89,44,1.07052,1.39337,4.35854
Kade Morris,ATH,25,26,131,16,91,39,1.09924,1.29771,4.46565
Cade Cavalli,WSN,22,22,101.3,11,88,36,0.977295,1.30306,4.26456
Daniel Eagen,STL,23,23,109.3,12,94,44,0.988106,1.32662,3.87008
Noah Schultz,CHW,26,26,103,11,91,43,0.961165,1.34951,4.45631
Davis Martin,CHW,22,23,116.3,15,90,39,1.16079,1.32416,4.41101
Dustin May,MIL,18,20,109.7,12,94,38,0.984503,1.23063,4.02005
Jonathan Santucci,NYM,22,24,106,13,91,38,1.10377,1.30189,4.41509
Trey Gibson,BAL,21,24,106,13,96,36,1.10377,1.25472,4.33019
Ryan Weathers,NYY,19,21,98.3,12,89,36,1.09868,1.29196,4.39471
Kodai Senga,NYM,23,23,113.7,14,109,50,1.10818,1.32806,3.87863
Tanner Gordon,COL,22,22,107,18,78,25,1.51402,1.37383,5.04673
Blake Money,BAL,15,23,101.7,13,85,31,1.15044,1.27827,4.33628
R.J. Gordon,NYM,18,23,111.3,14,93,38,1.13208,1.30279,4.5283
Jaron DeBerry,MIL,19,22,101,13,85,30,1.15842,1.24752,4.27723
Keider Montero,DET,20,27,116.7,15,94,38,1.15681,1.29392,4.31877
Joe Rock,ATH,16,28,104,12,86,34,1.03846,1.29808,4.06731
Will Dion,WSN,16,26,96.3,11,79,31,1.02804,1.30841,3.92523
J.T. Ginn,ATH,19,23,99.3,13,96,36,1.17825,1.29909,4.35045
Sean Burke,CHW,20,25,117,17,113,49,1.30769,1.35043,4.46154
Joander Suarez,NYM,18,22,97.3,12,77,26,1.10997,1.27441,4.34738
Khal Stephen,CLE,22,23,103.3,14,85,30,1.21975,1.25847,4.09487
Slade Cecconi,CLE,21,25,119.7,18,102,29,1.35338,1.21136,4.13534
Tink Hence,STL,26,26,91.7,10,84,37,0.981461,1.30862,4.12214
Daniel Espino,CLE,21,21,88.7,11,98,43,1.11612,1.35287,3.95716
Tanner McDougal,CHW,26,26,103.3,12,90,43,1.0455,1.37464,4.61762
Joe Musgrove,SDP,17,17,96.7,12,83,26,1.11686,1.25129,4.00207
DJ Herz,WSN,23,23,96,10,95,47,0.9375,1.375,4.21875
Drew Rom,ATH,19,20,91,11,88,33,1.08791,1.25275,3.95604
Carlos Lagrange,NYY,21,22,106,13,107,50,1.10377,1.31132,4.5
Jose Corniell,TEX,30,31,85.3,11,80,25,1.16061,1.16061,4.2204
Yusei Kikuchi,LAA,24,25,126.3,20,124,52,1.42518,1.47268,4.63183
Mason Montgomery,PIT,11,45,82,8,88,32,0.878049,1.26829,3.62195
Tobias Myers,NYM,19,27,104.3,13,86,33,1.12176,1.30393,4.31448
Grant Taylor,CHW,8,48,59,5,62,19,0.762712,1.20339,3.50847
Zach Eflin,BAL,20,20,108.3,17,83,21,1.41274,1.24654,4.23823
Nestor German,BAL,21,23,104.7,15,91,34,1.2894,1.2703,4.46991
Jon Gray,,17,19,88.7,12,74,30,1.21759,1.3416,4.76888
Santiago Suarez,TBR,22,22,102.7,15,76,27,1.31451,1.26582,4.46933
Tyler Stuart,WSN,20,20,93,10,72,33,0.967742,1.36559,4.35484
Luis Perales,WSN,24,24,80.3,8,83,37,0.896638,1.3325,4.14695
Henry Baez,ATH,24,24,107,12,77,36,1.00935,1.31776,4.28972
Brandon Walter,HOU,13,19,83.3,10,65,19,1.08043,1.21248,3.9976
Tyler Uberstine,ATL,18,22,99.7,13,89,35,1.17352,1.334,4.24273
Chase Dollander,COL,23,23,107.7,14,93,43,1.16992,1.3649,4.76323
Connor Noland,CHC,20,24,114.3,14,83,36,1.10236,1.31234,4.25197
Max Meyer,MIA,20,20,92.7,12,84,31,1.16505,1.2945,4.07767
Braxton Bragg,BAL,18,21,89.7,12,79,26,1.20401,1.24861,4.21405
Josh Stephan,TOR,19,21,100,12,72,29,1.08,1.27,4.59
Tate Kuehner,MIL,21,22,97.7,10,92,47,0.921187,1.38178,4.23746
Ryan Gusto,MIA,17,24,97.3,12,80,36,1.10997,1.37718,4.43988
Jackson Kent,WSN,22,22,108,14,88,38,1.16667,1.34259,4.75
Riley Gowens,CHW,22,22,107.7,16,95,38,1.33705,1.32776,4.5961
Garrett Whitlock,BOS,5,43,68,7,74,18,0.926471,1.13235,3.17647
Christian Scott,NYM,19,19,85.7,11,76,25,1.15519,1.23687,4.41074
Quinn Mathews,STL,24,24,102.3,11,101,50,0.967742,1.36852,4.1349
Cristian Javier,HOU,19,20,97,13,93,44,1.20619,1.31959,4.26804
Sem Robberse,STL,19,20,99,11,76,33,1,1.32323,4.18182
Hagen Smith,CHW,28,28,102.7,12,98,46,1.05161,1.33398,4.55696
Emmanuel Clase,CLE,0,62,61.3,4,59,13,0.587276,1.04405,2.78956
Sawyer Gipson-Long,DET,16,22,87.7,12,73,22,1.23147,1.23147,4.31015
Wilber Dotel,PIT,24,24,110.3,13,86,39,1.06074,1.35086,4.32457
Tyler Mahle,ATL,20,20,95,11,76,31,1.04211,1.27368,3.88421
Luis Gil,NYY,20,21,98.7,14,100,48,1.2766,1.32725,4.46809
Jackson Ferris,LAD,23,24,116.7,15,101,49,1.15681,1.37104,4.78149
AJ Blubaugh,HOU,19,27,110,15,100,43,1.22727,1.30909,4.17273
Zac Thornton,NYM,19,20,89.3,10,68,26,1.00784,1.2766,4.33371
Luis Ortiz,CLE,16,22,103.3,13,98,40,1.13262,1.28751,3.92062
Brant Hurter,DET,13,36,88.3,10,78,25,1.01925,1.2231,3.77123
Cody Bradford,TEX,16,21,88.7,13,71,20,1.31905,1.20631,4.36302
Antwone Kelly,PIT,25,25,101.7,12,77,37,1.06195,1.35693,4.15929
Mason Black,KCR,22,26,104.7,13,86,43,1.11748,1.38491,4.64183
Ixan Henderson,STL,21,22,108.7,12,86,42,0.99356,1.35235,4.22263
Hayden Birdsong,SFG,19,26,102,12,98,45,1.05882,1.32353,4.32353
Sean Sullivan,COL,21,21,102,15,76,30,1.32353,1.30392,4.85294
Eduardo Rodriguez,ARI,21,21,113.7,17,101,42,1.34565,1.39842,4.27441
Fernando Perez,TOR,24,24,107,14,73,32,1.17757,1.29907,4.54206
Ryan Bergert,KCR,23,26,101.7,12,84,40,1.06195,1.3471,4.33628
Ryan Gallagher,MIN,21,21,105.3,15,85,33,1.28205,1.32953,4.70085
Kyle Freeland,COL,23,23,119.7,19,87,34,1.42857,1.45363,5.03759
Logan Workman,TBR,22,23,117,18,90,34,1.38462,1.30769,4.61538
Dietrich Enns,BAL,17,29,98.7,14,88,34,1.2766,1.45897,4.3769
Mike Vasil,CHW,11,35,101.7,10,82,40,0.884956,1.33727,4.0708
Josh Hartle,WSN,23,23,103.7,11,80,37,0.954677,1.31148,4.16586
Yorman Gómez,CLE,15,24,104,12,85,39,1.03846,1.33654,4.15385
Lucas Giolito,SDP,24,24,123.7,19,108,48,1.38238,1.40663,4.65643
Grant Rogers,TOR,23,23,122.3,16,74,31,1.17743,1.30008,4.56255
Shane Murphy,CHW,19,23,103.7,16,68,22,1.38862,1.2729,4.59981
Will Sanders,CHC,20,23,107,13,90,36,1.09346,1.27103,4.28972
Brody Hopkins,TBR,24,24,104.7,12,91,44,1.03152,1.33715,4.46991
Gabriel Hughes,COL,23,23,100,13,69,34,1.17,1.4,4.68
Josh Winckowski,TOR,9,31,79.3,9,64,25,1.02144,1.29886,3.97226
Winston Santos,TEX,22,22,97.3,12,76,29,1.10997,1.24358,4.62487
Drew Thorpe,CHW,18,18,93.7,13,71,32,1.24867,1.33404,4.51441
Logan Evans,SEA,22,25,109,13,85,34,1.07339,1.2844,4.12844
Angel Bastardo,BOS,20,20,95.7,12,83,41,1.12853,1.36886,4.13793
Jeremiah Estrada,SDP,0,68,67,8,93,27,1.07463,1.13433,3.22388
Jacob Miller,MIA,21,22,109,12,75,40,0.990826,1.37615,4.45872
Brad Lord,WSN,16,38,107.7,12,79,33,1.00279,1.29991,4.42897
Will Watson,NYM,21,26,104,12,91,45,1.03846,1.36538,4.58654
Bryan Abreu,HOU,0,67,68.3,6,90,30,0.79063,1.1713,2.7672
Justin Hagenman,NYM,12,29,82,12,70,19,1.31707,1.2561,4.39024
Steven Zobac,KCR,21,22,91.7,12,70,26,1.17775,1.29771,4.61287
Emerson Hancock,SEA,21,26,113,15,92,35,1.19469,1.26549,4.22124
Chris Campos,LAD,19,23,103,16,80,28,1.39806,1.30097,4.80583
Mitch Spence,KCR,17,30,109.3,14,81,33,1.15279,1.33577,4.44648
Kohl Drake,ARI,20,22,94.7,12,87,34,1.14044,1.31996,3.99155
Trevor McDonald,SFG,20,26,122.3,14,98,38,1.03025,1.28373,4.1946
Joey Estes,ATH,20,21,102.7,15,71,28,1.31451,1.27556,4.6446
Thomas Harrington,PIT,21,23,104,13,79,31,1.125,1.29808,4.24038
Jhonathan Díaz,SEA,19,24,108.3,12,81,30,0.99723,1.29271,4.15512
Kutter Crawford,BOS,17,20,100.3,15,85,30,1.34596,1.25623,4.48654
Jake Brooks,COL,21,22,102,13,60,27,1.14706,1.38235,4.76471
Ben Kudrna,KCR,20,22,101,11,77,41,0.980198,1.38614,4.54455
Chris Paddack,TEX,21,24,114.3,19,88,30,1.49606,1.32108,4.64567
Jaxon Wiggins,CHC,23,24,91.7,10,81,42,0.981461,1.34133,4.22028
Bryce Mayer,HOU,16,22,91.7,12,79,27,1.17775,1.22137,4.31843
Brycen Mautz,STL,24,24,105.3,13,87,37,1.11111,1.32004,4.35897
Dylan Ray,ARI,23,23,112.3,13,85,39,1.04185,1.34461,4.24755
Clayton Kershaw,,19,22,97.3,13,72,35,1.20247,1.39774,4.53237
Nathan Eovaldi,TEX,17,17,96.3,14,82,29,1.30841,1.25649,4.29907
Bailey Falter,ATL,22,24,111,15,78,37,1.21622,1.32432,4.45946
Alan Rangel,PHI,20,24,107.3,16,88,36,1.34203,1.35135,4.86486
Trenton Denholm,CLE,17,22,106,14,72,28,1.18868,1.32075,4.33019
Ben Shields,COL,17,21,82.7,11,74,29,1.1971,1.36638,4.57074
Alex Cobb,,19,20,91.7,11,73,35,1.07961,1.4831,4.41658
Abner Uribe,MIL,0,66,68,4,79,30,0.529412,1.13235,3.04412
Richard Fitts,STL,21,21,101.3,13,79,29,1.15499,1.26357,4.17572
Gordon Graceffo,STL,13,34,94,10,75,29,0.957447,1.28723,4.11702
Robbie Ray,SDP,24,24,127.7,19,121,47,1.33908,1.31558,4.22866
Adrian Morejon,SDP,1,65,66,5,66,21,0.681818,1.16667,3.27273
Shane Drohan,MIL,21,23,91,12,87,38,1.18681,1.30769,4.25275
Nathan Wiles,,15,23,94.3,12,72,23,1.14528,1.28314,4.19936
Spencer Arrighetti,TOR,18,20,98.3,13,102,44,1.19023,1.31231,4.2116
Spencer Giesting,ARI,23,23,120.7,14,100,47,1.04391,1.35874,4.17564
Darren McCaughan,,15,23,95.7,15,74,28,1.41066,1.35841,5.17241
Nick Dean,CHC,20,21,88.3,12,72,27,1.2231,1.27973,4.28086
Blake Wehunt,BOS,23,23,90.3,11,74,34,1.09635,1.35105,4.38538
Levi Wells,BAL,22,25,96,11,74,35,1.03125,1.35417,4.5
Mason Englert,TBR,5,37,69.3,8,63,18,1.03896,1.18326,3.76623
Merrill Kelly,ARI,23,23,130,20,106,42,1.38462,1.33846,4.15385
Brandon Young,BAL,20,20,95.3,14,81,27,1.32214,1.29066,4.34418
Hunter Harvey,CHC,1,49,50.3,4,53,13,0.715706,1.07356,2.86282
Jarlin Susana,WSN,25,25,99,11,88,47,1,1.39394,4.54545
Pete Hansen,STL,22,22,114.3,15,80,33,1.1811,1.32983,4.48819
Randy Vásquez,SDP,23,24,117.7,15,81,41,1.14698,1.3339,4.51147
Joey Wentz,ATL,12,32,87,10,85,36,1.03448,1.4023,4.44828
Doug Nikhazy,CHC,20,23,92.3,11,83,47,1.07259,1.46262,4.38787
Clayton Beeter,WSN,9,35,68.3,7,80,33,0.922401,1.30307,3.82138
Adam Seminaris,PHI,18,22,96.7,12,65,31,1.11686,1.41675,4.74664
Jose Fleury,,18,25,90,12,77,32,1.2,1.31111,4.2
Michael Soroka,ARI,16,24,90,10,87,35,1,1.26667,4
McCade Brown,COL,25,25,95,14,90,38,1.32632,1.37895,4.83158
C.J. Culpepper,MIN,29,29,91.7,9,71,40,0.883315,1.40676,4.51472
Hunter Owen,KCR,20,22,96,11,76,36,1.03125,1.34375,4.59375
Connor Thomas,KCR,11,30,83.3,9,57,24,0.972389,1.35654,4.32173
David Sandlin,CHW,13,26,86,12,71,28,1.25581,1.34884,4.60465
Aaron Civale,CHC,19,22,98,16,84,31,1.46939,1.31633,4.77551
Adam Kloffenstein,NYY,19,22,98,12,81,39,1.10204,1.33673,4.68367
Landon Knack,LAD,20,24,114.3,19,98,44,1.49606,1.37358,5.11811
Aaron Ashby,MIL,9,38,79,6,81,41,0.683544,1.39241,3.87342
José Suarez,ATH,13,22,82.7,10,77,29,1.08827,1.31802,4.13543
Roansy Contreras,,13,30,88.3,12,62,30,1.2231,1.38165,4.68856
John Klein,TOR,14,25,93,11,78,32,1.06452,1.31183,4.35484
David Bednar,NYY,0,60,59.3,6,72,20,0.910624,1.12985,3.33895
Ty Madden,DET,19,21,94.3,12,81,39,1.14528,1.38918,4.48568
Allan Winans,,16,21,97.3,14,78,27,1.29496,1.27441,4.53237
Sammy Peralta,LAA,5,30,70.3,8,61,20,1.02418,1.22333,3.96871
Brady Basso,ATH,15,26,78.7,10,64,26,1.14358,1.32147,4.1169
Joe Whitman,SFG,23,23,103.3,12,78,36,1.0455,1.36496,4.44337
Luis De León,BAL,21,24,96.7,11,81,42,1.02378,1.38573,4.37435
Yoendrys Gómez,MIN,18,29,92,13,90,37,1.27174,1.28261,4.30435
Kyle Wright,,17,17,90.7,11,76,33,1.09151,1.30099,4.26681
Alex Pham,BAL,16,23,82,11,74,31,1.20732,1.32927,4.39024
Yu-Min Lin,ARI,23,23,106,11,81,42,0.933962,1.38679,4.16038
Chandler Champlain,WSN,21,24,108,13,73,37,1.08333,1.38889,4.75
Forrest Whitley,,10,29,64.3,7,64,27,0.979782,1.32193,4.33904
Eric Lauer,LAD,16,25,97,15,84,33,1.39175,1.30928,4.36082
Ken Waldichuk,WSN,18,23,87.7,10,82,41,1.02623,1.41391,4.72064
Bobby Miller,LAD,16,27,92.3,12,86,39,1.1701,1.36511,4.87541
Dax Fulton,MIA,20,21,99.3,11,81,45,0.996979,1.44008,4.44109
Griff McGarry,LAD,22,26,83.7,9,94,51,0.967742,1.45759,4.51613
James Hicks,HOU,12,18,81.3,10,62,23,1.10701,1.27921,4.20664
Hunter Dobbins,STL,18,19,93,11,64,29,1.06452,1.32258,4.35484
Chase Silseth,TEX,12,27,67.7,8,70,29,1.06352,1.31462,4.12112
Adrian Houser,SFG,19,22,111,12,76,38,0.972973,1.3964,4.2973
Jhancarlos Lara,WSN,17,33,79.7,8,91,41,0.903388,1.32999,3.8394
Alec Marsh,KCR,17,20,94.3,12,84,38,1.14528,1.36797,4.772
DL Hall,MIL,13,29,70,7,69,32,0.9,1.34286,3.98571
Sauryn Lao,,15,33,73.7,9,62,21,1.09905,1.28901,4.27408
Ty Cummings,SEA,18,24,103.7,13,66,34,1.12825,1.36933,4.6866
Adam Macko,TEX,17,22,85,10,75,35,1.05882,1.34118,4.44706
Jordan Montgomery,TEX,16,18,92,12,73,35,1.17391,1.41304,4.8913
Walbert Ureña,LAA,24,24,115.7,13,86,54,1.01124,1.45203,4.90061
Jean Cabrera,PHI,20,21,107,14,82,41,1.17757,1.39252,4.8785
Travis Adams,MIN,12,31,93.3,11,73,31,1.06109,1.35048,4.4373
A.J. Puk,ARI,2,53,56.7,6,69,19,0.952381,1.16402,3.1746
Sam Aldegheri,LAA,21,22,117,16,92,49,1.23077,1.4188,4.92308
Orion Kerkering,PHI,0,70,64.3,6,71,22,0.839813,1.16641,3.49922
Daniel Lynch IV,KCR,12,37,91.3,11,72,31,1.08434,1.34721,4.33735
Ronny Henriquez,MIA,2,55,73.7,8,80,26,0.976934,1.19403,3.41927
Luis Medina,ATH,18,20,85.7,9,71,40,0.945158,1.42357,4.62077
Eduardo Rivera,BOS,15,22,86.7,10,80,42,1.03806,1.39562,4.35986
Nestor Cortes,PHI,18,19,97.3,16,89,31,1.47996,1.26413,4.25488
Keaton Winn,SFG,13,26,73.7,8,64,23,0.976934,1.28901,4.15197
Garrett McMillan,PIT,10,23,64.7,7,47,17,0.973725,1.28284,3.8949
Jack Kochanowicz,LAA,22,23,119.7,15,75,40,1.12782,1.37009,4.88722
Edwin Díaz,LAD,0,56,56.7,6,79,21,0.952381,1.09347,3.1746
Miguel Ullola,HOU,19,24,98,12,99,51,1.10204,1.38776,4.31633
Tyler Schweitzer,CHW,13,23,92,12,67,33,1.17391,1.3913,4.59783
Andrés Muñoz,SEA,0,62,62.3,5,79,23,0.722311,1.07544,2.88925
Moisés Chace,PHI,18,27,84.3,10,82,42,1.06762,1.3879,4.48399
Braden Nett,ATH,22,23,94,11,78,44,1.05319,1.44681,4.59574
Hunter Gaddis,CLE,7,53,77.7,9,76,25,1.04247,1.18404,3.59073
Chris Bassitt,BAL,23,26,129.7,19,111,50,1.31843,1.44179,4.5798
Trystan Vrieling,SFG,20,22,96.3,12,72,29,1.1215,1.33956,4.39252
Kyle Hurt,LAD,15,27,76.3,10,84,39,1.17955,1.38925,4.60026
Jake Woodford,TBR,11,28,87,10,63,28,1.03448,1.34483,4.55172
Landon Harper,ATL,12,24,88.3,12,65,22,1.2231,1.2684,4.38279
Luinder Avila,KCR,16,26,85.3,9,73,35,0.94959,1.33646,4.2204
Jake Bennett,BOS,23,23,87.7,11,60,27,1.12885,1.3455,4.51539
Anthony Kay,CHW,18,20,105.3,16,87,41,1.36752,1.415,4.70085
Brent Headrick,NYY,7,31,63.7,9,67,18,1.27159,1.17739,3.95604
Jose Franco,CIN,22,27,92,13,82,41,1.27174,1.42391,5.08696
Justin Martinez,ARI,0,53,61.3,4,75,31,0.587276,1.27243,3.23002
Alex Clemmey,WSN,24,24,104.7,12,91,56,1.03152,1.48042,4.72779
José A. Ferrer,SEA,0,62,70,5,70,21,0.642857,1.15714,3.34286
Julian Aguiar,CIN,19,21,96.3,14,67,28,1.30841,1.3188,5.04673
Michael Grove,TBR,11,28,67,9,63,22,1.20896,1.31343,4.70149
Ryan Feltner,COL,20,20,94.3,13,78,43,1.24072,1.49523,5.15376
Nick Margevicius,,15,21,78.3,9,50,17,1.03448,1.32822,4.25287
Jack Dreyer,LAD,4,58,65.3,8,68,24,1.1026,1.2098,4.13476
Jackson Wolf,DET,21,24,107.3,15,88,39,1.25815,1.34203,4.61323
Javier Assad,CHC,18,22,100.7,12,81,39,1.07249,1.32075,3.93247
River Ryan,DET,22,23,85,11,75,37,1.16471,1.37647,4.65882
Sean Boyle,SDP,19,23,106,14,83,34,1.18868,1.31132,4.5
Ian Mejia,ATL,17,22,105,14,80,33,1.2,1.34286,4.45714
James Gonzalez,ATH,17,21,91.3,12,71,35,1.18291,1.39102,4.63308
Hancel Rincon,STL,18,20,99.7,13,70,29,1.17352,1.31394,4.51354
Jonathan Pintaro,NYM,16,27,78,8,73,32,0.923077,1.34615,4.15385
Max Scherzer,TOR,19,19,94.3,17,86,30,1.62248,1.30435,4.48568
Josh Trentadue,TEX,15,24,78,9,70,33,1.03846,1.32051,4.61538
Owen Wild,TBR,21,21,99.7,15,74,33,1.35406,1.334,4.78435
Blake Adams,COL,16,24,86.3,13,59,24,1.35574,1.37891,4.90151
Ian Anderson,,15,20,80.3,9,61,36,1.00872,1.46949,4.48319
Seth Shuman,SEA,14,25,84,11,57,18,1.17857,1.29762,4.60714
Alex Vesia,LAD,0,67,59.7,7,74,24,1.05528,1.15578,3.46734
Rodney Boone,CLE,20,21,89,12,69,29,1.21348,1.32584,4.24719
Tyler Wells,TBR,17,21,86,15,72,23,1.56977,1.2093,4.5
Kolby Allard,PHI,11,30,82,11,64,25,1.20732,1.32927,4.06098
Will Vest,DET,0,58,62.3,5,61,19,0.722311,1.20385,3.46709
Cole Sands,MIN,4,55,67,7,65,20,0.940298,1.19403,3.89552
Lucas Gordon,CHW,23,24,96,13,76,42,1.21875,1.4375,4.78125
Robinson Piña,,16,22,86.3,11,66,27,1.14716,1.32097,4.38007
Devin Williams,NYM,0,60,56.7,5,75,24,0.793651,1.11111,3.33333
Marco Raya,MIN,20,27,94.3,11,80,42,1.04984,1.41039,4.58112
Cooper Criswell,SEA,15,24,89,10,74,28,1.01124,1.2809,4.14607
Steven Matz,TBR,6,31,58,7,51,17,1.08621,1.32759,4.03448
Jaden Hamm,DET,24,24,98.7,13,73,36,1.18541,1.36778,4.65046
CJ Van Eyk,TOR,19,23,100,12,68,37,1.08,1.4,4.68
Andrew Sears,DET,19,23,98,12,78,37,1.10204,1.34694,4.77551
Cameron Weston,BAL,20,24,110.3,15,92,41,1.22393,1.33273,4.65095
Daniel Palencia,CHC,3,49,58.3,5,65,23,0.77187,1.16638,3.5506
Carson Palmquist,WSN,16,27,94,13,88,45,1.24468,1.44681,4.88298
Braydon Fisher,TOR,1,57,61.7,6,72,27,0.875203,1.21556,3.50081
Carson Seymour,SFG,18,25,99,11,79,35,1,1.34343,4.09091
Tyler Phillips,MIA,11,35,92.7,10,68,32,0.970874,1.34844,4.17476
Paxton Schultz,WSN,8,31,74.3,9,66,29,1.09017,1.38627,4.3607
Lazaro Estrada,TOR,17,24,89.3,13,74,27,1.31019,1.28779,4.53527
Matt Sauer,ATH,14,24,90,13,73,29,1.3,1.34444,4.9
Brett Sears,ATL,18,21,100,15,86,28,1.35,1.25,4.68
Dylan Dodd,ATL,11,33,82.7,11,69,21,1.1971,1.26965,4.0266
Chayce McDermott,NYM,15,25,79,10,78,37,1.13924,1.39241,4.44304
Ricky Tiedemann,TOR,24,24,69.3,7,69,35,0.909091,1.32756,4.28571
Alek Manoah,,18,18,93.3,12,79,39,1.15756,1.3612,4.72669
Garrett Stallings,MIL,13,25,86,12,61,23,1.25581,1.31395,4.60465
Hayden Mullins,BOS,20,22,92,11,83,44,1.07609,1.41304,4.59783
Kyle Luckham,WSN,20,22,112,14,61,31,1.125,1.39286,4.82143
Drey Jameson,ARI,13,21,77.7,8,67,30,0.926641,1.35135,3.93822
Camilo Doval,PIT,0,66,64,5,73,29,0.703125,1.21875,3.51562
Brusdar Graterol,LAD,0,52,53.7,4,43,12,0.670391,1.08007,3.35196
Brendan Girton,NYM,23,27,90.7,10,77,41,0.992282,1.37817,4.76296
Carson Spiers,CIN,12,21,86.7,13,69,33,1.34948,1.41869,5.08651
Matt Brash,SEA,1,57,57,4,67,24,0.631579,1.24561,3.15789
Trent Sellers,NYY,20,25,91.3,12,83,45,1.18291,1.41292,4.83023
Garrett Burhenn,DET,20,22,102,15,71,30,1.32353,1.36275,4.76471
Jhony Brito,SDP,12,24,77,9,58,26,1.05195,1.32468,4.20779
Graham Ashcraft,CIN,0,61,65,5,60,23,0.692308,1.27692,3.87692
Charlie Barnes,LAD,17,17,100.7,15,83,32,1.34062,1.30089,4.55809
Felipe De La Cruz,NYM,12,27,77,9,72,33,1.05195,1.37662,4.44156
Dalton Rogers,BOS,16,21,88,10,77,47,1.02273,1.5,4.60227
Jameson Taillon,TOR,22,22,112.3,20,84,30,1.60285,1.30899,4.72841
Josh Hader,HOU,0,54,54.7,7,75,22,1.15174,1.09689,3.29068
Karson Milbrandt,MIA,24,24,97.3,11,82,47,1.01747,1.42857,4.53237
Anthony Molina,SFG,14,27,97.7,12,67,28,1.10542,1.35107,4.60594
Caleb Kilian,PHI,14,20,78.3,8,58,27,0.91954,1.39208,4.48276
Kyle Robinson,LAA,17,22,104.7,13,64,40,1.11748,1.43266,4.72779
Nabil Crismatt,,17,24,94.7,14,62,25,1.33052,1.31996,4.94192
Jordan Hicks,CHW,11,33,71.3,7,66,33,0.88359,1.43058,4.67041
Ryan Webb,CLE,18,23,99.7,12,85,44,1.08325,1.40421,4.333
Jose Acuna,CIN,23,24,89.7,13,71,36,1.30435,1.38239,5.21739
Kyle Carr,NYY,22,22,105,13,72,47,1.11429,1.4381,4.88571
Matt Waldron,WSN,20,21,102,15,83,32,1.32353,1.31373,4.85294
JT Brubaker,SFG,14,23,73.3,8,59,29,0.982265,1.43247,4.42019
Austin Bergner,,15,24,80.7,10,67,36,1.11524,1.41264,4.79554
Ronel Blanco,HOU,17,23,97.7,15,92,43,1.38178,1.35107,4.23746
Edwin Uceta,TBR,0,57,68.7,8,83,25,1.04804,1.14993,3.66812
Jared Lyons,CIN,15,22,79.3,11,61,31,1.24842,1.39975,5.10719
Wyatt Crowell,LAD,19,24,90,10,81,43,1,1.36667,4.8
Caleb Boushley,,13,26,82.3,11,57,26,1.20292,1.42163,4.70231
Tanner Scott,LAD,0,60,58.7,6,65,22,0.919932,1.1925,3.52641
Brock Selvidge,NYY,20,20,93.7,11,67,43,1.05656,1.4301,4.89861
Jose Gonzalez,LAA,19,21,94.7,14,71,27,1.33052,1.33052,4.84689
Pedro Avila,,12,23,77.7,8,62,33,0.926641,1.37709,4.05405
Connor McCullough,CHW,21,21,79.3,13,60,20,1.47541,1.28625,4.8802
Trey Dombroski,HOU,15,22,96.3,14,79,35,1.30841,1.36033,4.48598
Rafael Sanchez,TOR,18,22,91.3,13,58,27,1.28149,1.39102,4.73165
Trenton Wallace,TOR,17,27,79,10,74,37,1.13924,1.37975,4.32911
Freddy Tarnok,,11,30,70.3,8,65,32,1.02418,1.36558,4.22475
Angel Zerpa,MIL,5,56,66.7,7,62,20,0.944528,1.18441,3.64318
Kyle Tyler,,14,23,88,11,59,33,1.125,1.47727,4.90909
Victor Mederos,ATL,19,21,99.7,13,73,39,1.17352,1.41424,4.96489
Ricky Castro,MIN,13,24,81.3,11,61,26,1.21771,1.36531,4.53875
Ryan Walker,SFG,2,64,62.7,5,66,20,0.717703,1.18022,3.30144
Josiah Gray,WSN,21,21,110.3,17,99,46,1.38713,1.36899,4.65095
Jake Bloss,TOR,21,21,85.7,12,66,35,1.26021,1.40023,4.51575
José Berríos,TOR,20,20,109.3,18,84,35,1.48216,1.34492,4.61116
Jared Koenig,MIL,5,50,66,7,63,23,0.954545,1.25758,3.81818
Cal Quantrill,TEX,22,22,107,16,77,37,1.34579,1.37383,5.21495
Bruce Zimmermann,,17,22,101.3,14,67,25,1.24383,1.38203,4.61994
Patrick Monteverde,MIA,17,23,91,12,67,30,1.18681,1.38462,4.35165
Jurrangelo Cijntje,STL,22,25,99,11,81,40,1,1.34343,4.54545
Po-Yu Chen,PIT,22,25,103,12,70,38,1.04854,1.40777,4.63107
Tyler Holton,DET,6,61,73.7,9,60,18,1.09905,1.11262,3.54138
Sean Manaea,NYM,17,21,93.7,16,92,31,1.53682,1.29136,4.80256
Ben Casparius,LAD,9,36,78.3,11,76,31,1.26437,1.341,4.5977
J.P. France,SDP,14,20,81.7,11,74,34,1.21175,1.40759,4.18605
Jack Anderson,MIN,5,26,69.3,9,56,19,1.16883,1.2987,4.28571
Jake Irvin,WSN,27,27,143.3,23,106,47,1.44452,1.34682,4.83601
Max Rajcic,STL,23,23,109.7,14,74,36,1.14859,1.34002,4.59435
Max Alba,DET,16,25,85,12,56,23,1.27059,1.32941,4.76471
Sean Sullivan,PIT,12,26,77.3,9,57,27,1.04787,1.37128,4.19146
Pete Fairbanks,MIA,0,58,55,5,55,21,0.818182,1.21818,3.27273
Ben Joyce,LAA,1,49,52,4,61,21,0.692308,1.17308,3.63462
Will Johnston,ATH,9,35,70.3,9,68,31,1.1522,1.35135,4.22475
Gabe Mosser,SEA,19,20,97.7,13,75,34,1.19754,1.39202,4.69806
Ryan Helsley,BAL,0,55,56.7,6,63,20,0.952381,1.19929,3.33333
Chris Clarke,,11,21,74,9,52,20,1.09459,1.28378,4.37838
Matt Strahm,,1,56,55.7,6,56,18,0.969479,1.18492,3.55476
Dylan DeLucia,CLE,20,22,93.7,13,75,34,1.24867,1.32337,4.61046
Alonzo Tredwell,HOU,14,22,81.7,10,74,36,1.10159,1.37087,4.51652
Brandon Williamson,CIN,20,20,91.7,13,72,41,1.2759,1.43948,5.00545
Lance McCullers Jr.,MIL,19,21,81,10,77,44,1.11111,1.46914,4.55556
Jared Shuster,STL,10,31,78.7,8,55,27,0.914867,1.3723,4.45997
Jack O'Loughlin,,13,26,74,9,55,29,1.09459,1.44595,4.37838
Yilber Díaz,DET,15,29,83.3,9,79,39,0.972389,1.36855,3.88956
Jake Eder,,16,21,83.7,11,66,34,1.1828,1.42174,4.83871
Billy Corcoran,ARI,18,18,92.3,12,60,27,1.1701,1.36511,4.29036
Rorik Maltrud,CLE,21,23,83.7,11,69,36,1.1828,1.4098,4.4086
Andry Lara,WSN,14,27,84,9,57,32,0.964286,1.44048,4.60714
JP Sears,SDP,25,25,131,24,111,39,1.64885,1.27481,4.74046
Henry Williams,KCR,19,20,96.7,12,68,37,1.11686,1.39607,4.83971
Dennis Santana,ARI,0,62,61.7,5,55,19,0.729335,1.16694,3.50081
Jack Mahoney,COL,21,22,97.3,13,57,36,1.20247,1.51079,5.17986
Jackson Nezuh,HOU,16,21,85.3,12,69,32,1.26612,1.34818,4.53693
Sean Hjelle,,5,40,79.7,8,64,23,0.903388,1.31744,4.17817
Blake Beers,ATH,17,22,88.7,12,65,30,1.21759,1.36415,4.66742
Jackson Baumeister,TBR,23,23,88.3,12,66,34,1.2231,1.359,4.89241
Martín Pérez,ATL,16,19,93,12,68,37,1.16129,1.47312,4.45161
Chris Murphy,CHW,9,31,74,8,64,35,0.972973,1.40541,4.5
Jovani Morán,BOS,3,37,48,4,51,21,0.75,1.33333,3.5625
Jason Foley,SFG,0,59,55.7,4,46,14,0.64632,1.20287,3.2316
Aroldis Chapman,BOS,0,57,49,5,67,25,0.918367,1.30612,3.30612
Jackson Jobe,DET,22,23,92.7,12,69,41,1.16505,1.39159,4.56311
Dane Dunning,SEA,16,25,91.7,12,78,33,1.17775,1.35224,4.41658
Valente Bellozo,COL,13,27,90.3,15,61,28,1.49502,1.40642,4.88372
Trevor Martin,LAA,12,28,76.7,11,63,25,1.29074,1.31682,4.57627
Seth Lugo,KCR,19,21,112.3,18,89,41,1.44256,1.40695,4.64826
Hogan Harris,ATH,8,39,86,10,84,41,1.04651,1.37209,4.0814
Andrew Hoffmann,PHI,11,33,77.3,9,69,28,1.04787,1.33247,3.84217
Jack Choate,SFG,21,26,93,11,78,36,1.06452,1.35484,4.45161
Connor Phillips,CIN,11,36,77.3,10,82,39,1.16429,1.37128,4.65718
Hayden Wesneski,HOU,12,25,78,12,71,26,1.38462,1.25641,4.38462
Reid VanScoter,SEA,21,21,94.3,12,63,30,1.14528,1.36797,4.58112
Davis Daniel,,17,22,97.3,16,73,34,1.47996,1.39774,5.45735
Luke Russo,PHI,13,18,76,10,63,31,1.18421,1.39474,4.85526
Ryan Lobus,TEX,6,36,65.3,8,63,22,1.1026,1.2098,4.27259
José Alvarado,PHI,0,54,48.7,5,57,20,0.924025,1.25257,3.51129
Kyle Leahy,STL,5,46,82,9,72,29,0.987805,1.29268,3.95122
Robert Garcia,TEX,0,61,57,6,62,19,0.947368,1.19298,3.63158
Grant Holmes,ATL,9,26,70.3,8,66,28,1.02418,1.33713,4.09673
Christian MacLeod,MIA,17,24,82.3,10,69,39,1.09356,1.47023,4.4836
Patrick Copen,LAD,24,24,98.3,12,90,57,1.09868,1.5056,5.12716
Jackson Rutledge,,11,38,84.7,11,70,33,1.16883,1.39315,4.67532
Brandon Leibrandt,CIN,15,19,75,12,55,24,1.44,1.44,5.16
Easton Lucas,,12,27,73.7,10,64,31,1.22117,1.39756,4.64043
Roque Gutierrez,LAD,9,23,83.7,12,68,32,1.29032,1.37395,4.94624
Tommy Henry,ARI,18,20,97.7,12,73,36,1.10542,1.38178,4.4217
Jeff Criswell,COL,9,28,75.3,11,68,32,1.31474,1.44754,4.54183
Alejandro Hidalgo,MIN,25,25,92.3,13,80,43,1.26761,1.45179,4.87541
Jonathan Bowlan,PHI,8,40,76.3,11,73,26,1.29751,1.31062,4.36435
Michael Plassmeyer,SEA,14,23,85.7,13,69,25,1.36523,1.30688,4.62077
Tucker Davidson,PHI,12,21,75,10,59,29,1.2,1.45333,4.92
Domingo Robles,ATH,11,20,76,10,53,25,1.18421,1.36842,4.61842
Hunter Patteson,KCR,18,21,94,13,62,31,1.24468,1.40426,4.88298
Derek Diamond,PIT,14,19,77.3,10,45,21,1.16429,1.38422,4.54075
Bryan Hoeing,SDP,8,30,66.7,7,49,21,0.944528,1.28936,4.18291
Tyler Alexander,TEX,6,33,85.3,13,69,23,1.37163,1.27784,4.85346
Ryan Watson,LAA,5,35,59,6,47,19,0.915254,1.32203,4.11864
Riley Cornelio,WSN,22,22,102,14,76,44,1.23529,1.48039,4.85294
Adam Laskey,COL,13,27,71.3,9,49,26,1.13604,1.48668,4.79663
Bradgley Rodriguez,SDP,0,53,60.3,5,58,24,0.746269,1.2272,3.73134
Jesse Scholtens,TBR,14,21,74.7,11,61,26,1.3253,1.39224,4.6988
Chase Solesky,CIN,21,22,96,14,63,34,1.3125,1.42708,4.78125
Sam Armstrong,MIN,20,23,100.7,13,64,32,1.16187,1.4002,4.91559
Ky Bush,CHW,17,17,84.7,11,58,37,1.16883,1.4876,4.88784
Jacob Latz,TEX,6,36,73,9,70,36,1.10959,1.39726,4.56164
Austin Gomber,DET,17,19,92.7,17,67,27,1.65049,1.35922,5.33981
Sean Newcomb,CHW,4,35,66,7,59,27,0.954545,1.40909,4.22727
Trevor Megill,MIL,1,51,48,6,59,17,1.125,1.1875,3.1875
Germán Márquez,MIN,21,21,106.7,17,82,38,1.43393,1.39644,5.14527
Randy Rodríguez,SFG,3,36,51.3,4,53,24,0.701754,1.30604,3.68421
Evan Phillips,LAD,0,59,55,6,57,17,0.981818,1.14545,3.43636
Brandon Eisert,PIT,3,60,63,8,64,22,1.14286,1.28571,4
Thomas Hatch,,14,22,92.3,11,63,32,1.07259,1.44095,4.38787
Cody Poteet,,14,20,69,9,57,26,1.17391,1.37681,4.43478
Anders Tolhurst,,13,23,75.7,11,59,25,1.30779,1.321,4.51783
Jeff Hoffman,MIN,0,57,56.3,7,66,22,1.11901,1.17229,3.51687
Bryce Jarvis,ARI,15,27,86.7,10,68,39,1.03806,1.41869,4.46367
Tyson Guerrero,KCR,19,20,89,12,74,37,1.21348,1.39326,4.85393
Garrett Cleavinger,TBR,0,59,55,6,66,20,0.981818,1.12727,3.43636
Félix Bautista,BAL,0,45,44.7,5,58,21,1.00671,1.20805,3.42282
Chuck King,PHI,17,21,96,15,67,31,1.40625,1.4375,5.15625
Ian Bedell,,20,21,85.3,11,66,32,1.16061,1.35991,4.74795
Mitch Myers,ATH,14,22,82,12,51,21,1.31707,1.35366,4.60976
José Urquidy,CHW,16,20,84.3,12,59,24,1.28114,1.34045,4.48399
Michael Morales,SEA,21,21,103,13,66,34,1.13592,1.33981,4.63107
Joe Miller,DET,20,23,93.3,13,59,28,1.25402,1.38264,5.01608
Kyle Hart,SDP,16,25,92.3,14,82,32,1.36511,1.35428,4.58288
Easton McGee,KCR,5,31,60.7,7,51,16,1.03789,1.18616,3.85502
Jakob Junis,TEX,4,37,63.7,8,53,17,1.1303,1.22449,4.09733
Kevin Kelly,TBR,1,55,58.3,6,51,13,0.926244,1.13208,3.70497
T.J. Sikkema,,14,22,73.3,8,50,25,0.982265,1.3779,4.78854
Trey Supak,TEX,18,22,94.3,15,71,28,1.4316,1.31495,4.96288
Luis Palacios,MIA,14,25,91,12,53,25,1.18681,1.36264,4.54945
Tony Gonsolin,KCR,17,17,86.7,15,75,33,1.55709,1.28028,4.9827
Dylan Smith,SFG,9,32,60.7,7,51,23,1.03789,1.35091,4.15157
Ryan Costeiu,LAA,16,20,92,14,73,37,1.36957,1.41304,5.08696
Andrew Nardi,MIA,0,48,47.7,5,57,19,0.943396,1.2369,3.58491
Paul Blackburn,NYY,15,21,82.3,13,63,32,1.42163,1.44593,5.13973
Blake Walston,ARI,17,19,91.7,10,66,39,0.981461,1.41767,4.41658
Sam Hentges,SFG,1,50,49.3,4,45,15,0.730223,1.19675,3.286
Estibenzon Jimenez,PHI,15,22,93,14,66,29,1.35484,1.37634,5.22581
Colin Rea,CHC,19,23,112,18,82,35,1.44643,1.35714,4.74107
Randy Dobnak,KCR,16,23,91.7,10,66,34,0.981461,1.40676,4.41658
Zak Kent,WSN,6,34,54.3,6,51,24,0.994475,1.38122,4.30939
Emiliano Teodo,TEX,11,27,68.7,8,66,35,1.04804,1.38282,4.32314
Alex Faedo,LAA,11,25,65.3,9,57,27,1.24043,1.36294,4.54824
Chase Chaney,,18,23,102.7,15,58,29,1.31451,1.36319,4.99513
Garrett Hawkins,SDP,4,37,56.7,7,60,23,1.11111,1.30511,3.96825
Kody Funderburk,MIN,2,46,62.3,5,58,25,0.722311,1.34831,3.90048
Zack Thompson,STL,14,25,75,9,72,38,1.08,1.44,4.44
Cole Wilcox,SEA,13,29,83,9,65,31,0.975904,1.33735,4.33735
Nick Dombkowski,PIT,10,29,75,9,54,27,1.08,1.38667,4.32
Porter Hodge,CHC,5,41,61.3,6,70,33,0.880914,1.32137,3.96411
Michael Prosecky,COL,22,22,98,14,74,44,1.28571,1.5,5.32653
Eric Yost,SDP,21,22,105,13,73,43,1.11429,1.41905,4.8
Peter Heubeck,LAD,23,23,89.3,12,77,47,1.20941,1.45577,5.13998
Chris Martin,,0,49,43.7,5,40,9,1.02975,1.21281,3.70709
Eric Orze,MIN,0,48,60.7,6,61,27,0.889621,1.33443,4.00329
Dom Hamel,NYY,16,25,85.7,12,71,35,1.26021,1.36523,4.83081
Spencer Miles,TOR,8,34,46.7,7,49,17,1.34904,1.2848,3.85439
Bradley Blalock,MIA,22,24,105.3,14,70,40,1.19658,1.4245,4.87179
Eiberson Castellano,COL,10,24,66.7,8,56,28,1.07946,1.45427,4.72264
Shane Panzini,KCR,15,21,85.7,11,68,39,1.15519,1.44691,4.83081
Gunnar Hoglund,ATH,17,18,87.3,14,62,24,1.4433,1.30584,4.74227
Cory Lewis,MIN,13,22,74.7,9,66,41,1.08434,1.51272,4.6988
Lyon Richardson,MIL,8,40,71.3,8,62,33,1.00982,1.41655,4.67041
Justin Sterner,ATH,1,51,57.7,7,59,21,1.09185,1.2305,3.89948
Ryan Ramsey,KCR,15,21,90,11,69,39,1.1,1.42222,4.9
Tim Herrin,CLE,0,60,55.7,4,58,25,0.64632,1.25673,3.55476
Jake Miller,DET,6,18,58.7,8,47,16,1.22658,1.27768,4.44634
Cody Laweryson,MIN,2,35,51,6,44,16,1.05882,1.29412,4.05882
Anthony Solometo,PIT,26,29,84.7,8,56,38,0.850059,1.44038,4.56907
John Michael Bertrand,SFG,21,23,112,14,63,37,1.125,1.46429,4.66071
Kai-Wei Teng,HOU,13,26,82.3,10,77,38,1.09356,1.36087,4.59295
Justin Verlander,DET,21,21,110.7,20,90,43,1.62602,1.44535,5.04065
Griffin Canning,SDP,19,19,97.7,16,88,38,1.4739,1.36131,4.60594
Luke Weaver,PIT,5,43,63.7,9,68,23,1.27159,1.28728,4.37991
Prelander Berroa,CHW,7,34,54.3,6,56,30,0.994475,1.45488,4.30939
Alexander Cornielle,NYY,22,23,105.3,14,76,47,1.19658,1.4245,5.29915
Cory Abbott,,14,23,75.3,11,70,34,1.31474,1.4077,4.9004
Carlos Hernández,CLE,3,43,56,6,52,25,0.964286,1.375,4.33929
Michael Kopech,,12,36,78.7,12,83,42,1.3723,1.35959,4.45997
Nico Tellache,SEA,10,20,74.7,9,52,23,1.08434,1.36546,4.57831
Will Schomberg,MIA,15,22,82.7,10,75,38,1.08827,1.37848,4.67956
Jacob Waguespack,DET,8,25,60.7,8,56,24,1.18616,1.35091,4.15157
Blake Townsend,TEX,9,31,71.3,8,54,23,1.00982,1.24825,4.67041
Luke Little,KCR,2,45,57.3,5,64,31,0.78534,1.29145,3.76963
Yunior Tur,ATH,19,25,93.7,13,75,42,1.24867,1.44077,4.89861
José Rodríguez,LAD,4,36,61.3,8,66,28,1.17455,1.32137,4.40457
Fernando Cruz,NYY,1,49,47.3,5,62,26,0.951374,1.39535,3.99577
Raúl Alcantara,,9,29,83,10,66,33,1.08434,1.3494,4.33735
Brandon Komar,,8,24,80,11,50,27,1.2375,1.4375,5.2875
Cameron Foster,BAL,6,28,56.3,7,49,21,1.11901,1.36767,4.15631
Trent Baker,MIN,14,26,84.3,12,63,30,1.28114,1.39976,4.69751
Jordan Leasure,CHW,1,59,56.3,8,64,24,1.27886,1.2611,4.15631
Joey Gerber,NYM,10,42,55.3,7,51,18,1.13924,1.26582,4.39421
Gregory Soto,PIT,0,60,52.7,4,57,22,0.683112,1.3093,3.75712
Yennier Cano,BAL,0,60,56,5,48,18,0.803571,1.28571,3.69643
Mason Fluharty,TOR,0,64,62.7,7,68,24,1.00478,1.21212,3.58852
Micah Ashman,BAL,0,45,57,6,56,19,0.947368,1.21053,3.78947
Josh White,MIA,2,42,59.7,7,60,22,1.05528,1.23953,3.76884
Jose Cabrera,ARI,21,22,107,13,74,40,1.09346,1.39252,4.45794
Ryan Burr,TOR,2,43,42.7,5,46,16,1.05386,1.28806,3.58314
Carlos Peña,DET,15,23,90.3,13,62,30,1.29568,1.39535,4.78405
Brenan Hanifee,DET,4,48,66.3,7,48,18,0.950226,1.29713,3.93665
Chase Lee,TOR,1,48,59.7,7,58,18,1.05528,1.18928,3.76884
Blake Burkhalter,ATL,13,25,81.7,11,61,29,1.21175,1.38311,4.62668
Blane Abeyta,ATL,12,29,76.7,10,63,27,1.1734,1.35593,4.45893
Anthony Nunez,BAL,0,53,56,6,62,21,0.964286,1.19643,3.69643
Sam Bachman,LAA,5,37,50,4,45,23,0.72,1.4,4.32
Joel Kuhnel,MIL,1,43,51.3,5,37,12,0.877193,1.30604,4.03509
Matt Svanson,STL,1,46,69.7,7,64,23,0.903874,1.23386,3.74462
Zach Penrod,,10,32,54.7,5,48,27,0.822669,1.46252,4.27788
Jack Cushing,,8,29,81.7,13,62,23,1.43207,1.30967,4.51652
Ricky Vanasco,DET,7,30,53.3,6,53,27,1.01313,1.40713,4.39024
Alessandro Ercolani,PIT,18,24,91.7,11,57,35,1.07961,1.42857,4.61287
Michael Lorenzen,,21,22,108.3,19,80,43,1.57895,1.48661,5.15235
Owen White,,15,22,81,10,57,34,1.11111,1.46914,5
Sean Guenther,,2,38,48,5,35,14,0.9375,1.3125,4.125
Jairo Iriarte,CHW,13,28,74.7,9,66,38,1.08434,1.45917,4.81928
Connor Seabold,KCR,12,25,75,11,63,26,1.32,1.38667,4.92
Gabe Speier,SEA,0,62,52,6,59,16,1.03846,1.15385,3.63462
Kyle Hendricks,,19,20,101.7,18,68,33,1.59292,1.49459,5.57522
Cole Winn,TEX,6,35,71.3,7,60,35,0.88359,1.37447,4.54418
Bryan Mata,,5,31,60,6,58,29,0.9,1.41667,4.35
Jose Quintana,COL,19,20,101.3,14,63,49,1.24383,1.6387,5.06417
Roddery Muñoz,HOU,9,33,82.3,13,88,36,1.42163,1.32442,4.26488
Yu Darvish,SDP,17,17,89.3,15,76,31,1.51176,1.37738,4.93841
James McArthur,KCR,4,31,47.7,5,43,18,0.943396,1.34172,4.33962
Gregory Santos,,0,44,47.7,2,43,20,0.377358,1.36268,3.39623
Wes Benjamin,,19,22,97.7,14,72,39,1.28966,1.46366,4.69806
Brad Keller,PHI,7,43,75,10,66,30,1.2,1.36,4.44
Nick Zwack,SFG,21,23,82,11,58,28,1.20732,1.39024,4.71951
Welinton Herrera,COL,0,51,63,7,62,24,1,1.30159,4.14286
Juan Mejia,COL,0,56,63.7,7,67,27,0.989011,1.30298,4.23862
José Fermin,LAA,1,53,58.3,7,60,25,1.08062,1.2693,4.1681
Osvaldo Bido,,13,24,83.7,13,72,37,1.39785,1.4098,5.05376
Alex Cornwell,STL,11,26,83.3,10,54,29,1.08043,1.41657,4.64586
Justin Slaten,BOS,1,41,46.7,5,44,17,0.963597,1.2848,4.04711
Gabriel Barbosa,PHI,10,25,80.3,11,50,23,1.23288,1.38232,5.15567
Braeden Fausnaught,PHI,15,20,84,13,60,30,1.39286,1.42857,5.03571
Victor Juarez,COL,7,30,78.3,11,53,24,1.26437,1.37931,4.71264
Bryan King,HOU,0,58,58.3,7,57,16,1.08062,1.16638,3.70497
Peyton Pallette,CHW,6,40,62.7,8,65,26,1.14833,1.29187,4.01914
Julian Fernández,,3,45,52.3,6,50,18,1.0325,1.30019,4.13002
Peyton Gray,TEX,2,38,58.7,8,60,21,1.22658,1.27768,4.29302
Bryse Wilson,MIL,11,33,89,13,62,27,1.31461,1.33708,4.75281
Jordan Balazovic,,9,33,65.7,8,52,28,1.09589,1.41553,4.52055
Alex Amalfi,TOR,8,30,69.3,9,62,32,1.16883,1.41414,4.41558
Jake Bird,WSN,0,55,67,7,73,28,0.940298,1.26866,4.02985
Zane Mills,CHC,8,26,72.3,9,52,23,1.12033,1.30014,4.48133
Dominic Perachi,PIT,16,20,77.7,9,52,31,1.04247,1.44144,4.6332
Tomoyuki Sugano,COL,20,20,109.3,21,64,29,1.72919,1.51876,5.2699
Evan McKendry,MIA,12,21,82,12,51,20,1.31707,1.31707,4.82927
Lael Lockhart,SEA,20,24,92.3,13,76,44,1.26761,1.48429,4.87541
Marcelo Perez,SEA,20,20,90,12,52,25,1.2,1.34444,4.8
Luke Fox,LAD,19,20,89.7,14,77,44,1.40468,1.44928,5.31773
Marcus Stroman,,18,18,89.7,12,59,39,1.20401,1.48272,5.11706
Yariel Rodríguez,TOR,7,48,68.3,9,67,32,1.18594,1.33236,4.21669
Kevin Ginkel,ARI,0,49,47.3,4,47,19,0.761099,1.31078,3.8055
A.J. Minter,MIN,0,56,51,6,54,17,1.05882,1.19608,3.70588
Jaden Hill,COL,3,42,50.3,6,53,19,1.07356,1.29225,4.29423
Erik Miller,BOS,4,54,51,4,52,27,0.705882,1.37255,3.52941
JoJo Romero,MIL,0,60,57,5,56,23,0.789474,1.26316,3.47368
Kyle Nicolas,WSN,5,48,70.7,9,71,35,1.14569,1.41443,4.71004
Steven Okert,HOU,1,53,51.7,7,57,20,1.21857,1.21857,4.00387
Nick Frasso,COL,11,33,72.7,10,59,29,1.23796,1.38927,4.82806
Ryan Fernandez,STL,0,52,57.7,6,61,25,0.935875,1.31716,4.05546
Walker Powell,,13,18,74.7,11,45,19,1.3253,1.3253,4.57831
Brandon Waddell,,13,22,79.7,11,62,27,1.24216,1.38018,4.74279
Aaron Davenport,CLE,19,22,106,15,81,46,1.27358,1.42453,4.66981
Victor Lizarraga,SDP,21,23,93.3,12,72,44,1.15756,1.44695,5.11254
Drue Hackenberg,ATL,22,22,90.7,10,71,46,0.992282,1.48842,4.86218
Victor Vodnik,MIA,0,54,57.3,5,53,27,0.78534,1.41361,4.08377
Mike Paredes,MIN,3,32,82.7,10,58,26,1.08827,1.35429,4.35308
Erick Fedde,CHW,19,22,107,18,77,43,1.51402,1.51402,5.29907
Tristan Beck,SFG,5,36,74,9,59,24,1.09459,1.2973,4.13514
Pat Gallagher,TOR,6,28,66.3,9,52,23,1.22172,1.34238,4.47964
Brett Kerry,LAA,18,21,102.3,18,70,31,1.58358,1.3783,5.27859
Tony Santillan,CIN,0,66,61.3,7,63,28,1.02773,1.33768,4.25775
Amos Willingham,MIA,2,37,55.7,7,51,18,1.13106,1.29264,4.0395
Dylan Lee,ATL,0,61,58,9,65,17,1.39655,1.17241,3.56897
Brendon Little,TOR,0,64,60.3,5,66,34,0.746269,1.37645,3.73134
Yoniel Curet,DET,21,22,85.7,12,79,40,1.26021,1.38856,5.25088
Wikelman González,MIA,18,20,80,11,77,46,1.2375,1.5,4.95
Kyle Brnovich,PHI,17,21,78,11,66,36,1.26923,1.46154,5.19231
Lucas Erceg,KCR,0,53,52.7,4,49,22,0.683112,1.3093,3.75712
Edgardo Henriquez,LAD,4,44,51.3,6,55,24,1.05263,1.30604,4.38596
PJ Poulin,WSN,2,50,57.3,6,57,24,0.942408,1.3438,4.08377
Enmanuel Pinales,SDP,17,20,89.7,13,67,36,1.30435,1.43813,5.01672
Thaddeus Ward,,19,25,93.7,11,79,49,1.05656,1.51547,4.70651
Dylan Ross,NYM,0,54,56.3,6,59,25,0.959147,1.27886,3.83659
Bailey Dees,,12,29,80.3,12,69,33,1.34496,1.36986,4.70735
Ben Peoples,TEX,9,33,58.7,7,49,28,1.07325,1.46508,4.75298
Kyle Virbitsky,,7,23,66.7,9,48,21,1.21439,1.36432,4.72264
Eduard Bazardo,SEA,0,56,62.3,7,61,21,1.01124,1.20385,3.61156
Carson Ragsdale,,18,24,83,11,70,37,1.19277,1.45783,4.77108
Jagger Haynes,SDP,23,24,96,13,77,46,1.21875,1.45833,4.78125
Jordan Geber,NYM,9,23,63,8,42,21,1.14286,1.39683,4.85714
Danny Coulombe,,1,53,41.7,4,37,17,0.863309,1.36691,3.66906
Avery Weems,,5,27,49,6,42,18,1.10204,1.32653,4.59184
Mason Albright,COL,22,23,103,17,59,36,1.48544,1.47573,5.50485
Brandon Birdsell,CHC,19,19,91,15,68,28,1.48352,1.28571,4.74725
Bowden Francis,TOR,14,21,76,14,65,26,1.65789,1.28947,4.73684
Wil Jensen,,7,25,66.7,9,57,26,1.21439,1.34933,4.31784
Luis Gastelum,STL,0,42,58.3,7,58,18,1.08062,1.21784,3.85935
Ian Hamilton,ATL,1,45,50.3,5,52,23,0.894632,1.35189,3.75746
Nic Swanson,HOU,17,22,80.3,11,62,37,1.23288,1.46949,4.81943
Raisel Iglesias,ATL,0,56,52.7,7,54,14,1.19545,1.17647,3.75712
Casey Legumina,TBR,3,44,56,6,53,22,0.964286,1.32143,4.17857
Elvis Alvarado,ATH,0,53,61,7,63,26,1.03279,1.29508,3.98361
Aaron Bummer,,1,44,48.7,4,50,20,0.73922,1.35524,3.8809
Troy Watson,SEA,12,31,76.3,10,56,32,1.17955,1.46789,4.83617
Bryan Baker,TBR,0,57,56,8,60,21,1.28571,1.25,4.01786
Luis Patiño,,15,18,54,7,42,23,1.16667,1.38889,4.66667
Ryan Yarbrough,NYY,7,21,64.7,10,51,20,1.39104,1.2983,4.72952
Isaac Mattson,PIT,1,49,56.7,6,54,26,0.952381,1.35802,3.96825
David Morgan,SDP,1,48,58.3,6,59,22,0.926244,1.23499,3.85935
Justin Meis,PIT,5,33,63,7,50,26,1,1.39683,4.28571
Joseph Montalvo,DET,18,21,79.7,12,56,29,1.35508,1.40527,4.96863
Blas Castaño,COL,19,24,101.3,12,71,36,1.06614,1.36229,4.61994
Isaac Coffey,BOS,18,21,82.7,11,68,35,1.1971,1.37848,4.89722
Carl Edwards Jr.,DET,7,26,53.7,7,47,25,1.17318,1.47114,4.69274
Gus Varland,WSN,2,41,51.3,5,50,23,0.877193,1.423,4.38596
Luis Moreno,MIA,11,29,79.7,9,59,37,1.01631,1.4931,4.62986
Joan Adon,,12,27,72.3,8,56,34,0.995851,1.47994,4.97925
Shawn Dubin,,4,33,47,5,43,21,0.957447,1.42553,4.02128
Trevor Williams,WSN,16,18,78.3,13,59,27,1.49425,1.5198,5.17241
Jared Karros,LAD,18,18,76.7,13,49,25,1.52542,1.40808,5.39765
Scott Barlow,,1,59,55.3,6,59,29,0.976492,1.37432,4.06872
Alimber Santa,HOU,1,42,62.7,6,60,30,0.861244,1.35566,3.8756
Franco Aleman,CLE,1,37,46.3,5,50,19,0.971922,1.2743,3.88769
Taylor Rashi,ATH,2,40,63.7,7,62,28,0.989011,1.38148,3.81476
Nigel Belgrave,MIA,1,40,61,6,61,26,0.885246,1.2623,3.98361
Ben Lively,CLE,17,18,86,14,61,32,1.46512,1.43023,4.7093
Yerry De los Santos,NYY,0,44,53.7,5,42,19,0.837989,1.28492,4.02235
Steven Cruz,KCR,1,52,53,5,49,23,0.849057,1.30189,3.90566
Drake Fellows,PHI,15,26,85.3,12,58,35,1.26612,1.44197,4.95897
Dedniel Núñez,NYM,0,32,42,5,43,18,1.07143,1.35714,4.07143
Edgar Barclay,NYY,16,20,87,13,65,38,1.34483,1.44828,5.27586
Dakota Hudson,,17,20,104.7,14,58,40,1.20344,1.51862,5.41547
Christian Romero,LAD,13,22,87,12,56,29,1.24138,1.35632,5.17241
Michael Fulmer,LAA,3,39,50.3,6,48,21,1.07356,1.37177,4.29423
Jake Palisch,CHW,10,28,77.7,11,44,22,1.27413,1.40283,4.74903
Tanner Banks,PHI,2,50,55,8,49,15,1.30909,1.27273,4.25455
Zach Messinger,NYY,12,26,81.7,12,64,34,1.32191,1.39535,5.06732
Jonathan Heasley,TBR,11,22,71,10,49,25,1.26761,1.40845,4.94366
Bennett Sousa,HOU,0,44,47.3,6,51,18,1.14165,1.24736,3.8055
Robert Dugger,,17,20,84,12,59,38,1.28571,1.5,5.25
Alex Williams,MIA,10,23,75,10,51,26,1.2,1.4,4.68
Scott Blewett,ATH,7,30,63,7,45,23,1,1.39683,4.28571
Patrick Corbin,TOR,20,20,103.7,18,81,41,1.5622,1.57184,5.64127
Aaron Brown,,13,20,82,12,51,27,1.31707,1.42683,4.93902
Curtis Taylor,,17,24,93,13,70,36,1.25806,1.4086,4.74194
Dane Acker,TEX,8,26,61,8,51,27,1.18033,1.39344,4.86885
Robert Suarez,ATL,0,55,52,6,49,18,1.03846,1.26923,3.98077
Manuel Urias,,13,21,85.7,13,57,29,1.36523,1.40023,4.72579
Tyler Samaniego,BOS,1,36,43,4,37,17,0.837209,1.34884,3.97674
Walker Buehler,SDP,18,20,97,16,83,39,1.48454,1.42268,4.91753
Alex Santos II,HOU,13,20,63.7,9,52,29,1.27159,1.41287,4.52119
Tommy Vail,CHW,8,27,70.3,9,60,38,1.1522,1.50782,4.86486
Peter Solomon,,12,19,72.3,10,59,33,1.24481,1.45228,4.85477
Harry Gustin,SDP,2,28,54.3,6,48,23,0.994475,1.3628,4.30939
Andrew Heaney,,21,24,104,19,84,39,1.64423,1.48077,5.27885
Luis Vargas,ATL,11,20,71.3,10,60,30,1.26227,1.41655,4.67041
Trevor Kuncl,CIN,0,48,48.3,6,40,15,1.11801,1.28364,4.65839
TJ Shook,COL,7,27,65,9,50,25,1.24615,1.44615,4.84615
Wilkel Hernandez,,18,26,90.3,13,60,34,1.29568,1.45072,5.08306
Devereaux Harrison,TOR,14,26,84.7,12,65,40,1.27509,1.46399,4.88784
Beau Brieske,DET,8,36,57.3,8,47,25,1.25654,1.39616,4.71204
Joel Hurtado,LAA,18,19,90,12,55,37,1.2,1.5,5.2
Yaramil Hiraldo,BAL,1,42,56,9,56,19,1.44643,1.26786,4.33929
Avery Short,ARI,19,20,93.3,12,57,33,1.15756,1.42551,4.53376
Braydon Tucker,PHI,14,20,83.3,12,49,27,1.29652,1.42857,5.29412
Codi Heuer,BAL,0,42,47.3,6,49,18,1.14165,1.31078,3.8055
Jalen Beeks,TEX,3,48,56,6,48,23,0.964286,1.33929,4.33929
Osvaldo Berrios,BOS,5,30,57.7,7,42,20,1.09185,1.38648,4.5234
Keegan Akin,BAL,3,53,59.7,9,59,20,1.35678,1.27303,4.07035
Antonio Senzatela,MIL,17,21,92.3,14,53,34,1.36511,1.62514,5.55796
Andre Granillo,DET,0,42,57.3,7,56,25,1.09948,1.3438,4.24084
Caleb Ferguson,STL,1,60,54.7,6,50,21,0.987203,1.33455,4.60695
Jonatan Bernal,ARI,9,20,69,8,38,20,1.04348,1.3913,4.43478
Ryan Lambert,NYM,0,54,55.3,6,62,27,0.976492,1.30199,4.06872
Manuel Rodríguez,TBR,0,46,46.3,5,40,16,0.971922,1.2743,3.88769
Erik Sabrowski,CLE,1,45,47.3,5,58,29,0.951374,1.39535,3.8055
Nick Mears,KCR,0,55,50.3,5,46,21,0.894632,1.33201,4.11531
Dauri Moreta,,1,50,50.7,6,55,23,1.06509,1.30178,3.90533
Matt Gage,SFG,2,48,49,5,39,17,0.918367,1.36735,3.85714
Nick Sinacola,,10,21,70.7,9,47,24,1.14569,1.40028,4.58274
Josh Maciejewski,,6,28,58.7,8,49,23,1.22658,1.3799,4.44634
Seranthony Domínguez,SEA,0,59,53.7,7,58,26,1.17318,1.34078,4.02235
Philip Abner,SFG,0,53,55,6,52,21,0.981818,1.29091,3.92727
José De León,,11,20,67.7,10,59,31,1.32939,1.49188,5.0517
Colin Selby,BAL,1,41,45,5,47,19,1,1.33333,4
Tyler Schlaffer,CHC,19,20,87,12,67,39,1.24138,1.42529,4.86207
Davis Sharpe,,3,37,60.3,7,46,18,1.04478,1.29353,4.32836
A.J. Causey,ATH,0,45,65,7,53,22,0.969231,1.27692,4.15385
Rob Zastryzny,MIL,3,44,42,5,36,15,1.07143,1.33333,4.28571
Jason Alexander,HOU,18,22,95.7,15,69,35,1.41066,1.4629,4.89028
Alex Cook,TBR,2,24,42.7,6,39,15,1.26464,1.31148,4.42623
Alex Lange,KCR,1,47,43.7,3,48,26,0.617849,1.39588,3.91304
Anthony Veneziano,TEX,10,35,78.3,10,62,34,1.14943,1.41762,4.71264
Brock Burke,CIN,1,58,58.3,8,52,19,1.23499,1.32075,4.47684
Zach Fruit,BAL,18,20,78,10,57,39,1.15385,1.51282,4.96154
Drew Sommers,DET,1,47,59.3,6,51,21,0.910624,1.31535,4.09781
Hayden Juenger,ATH,4,42,57,7,48,23,1.10526,1.35088,4.26316
Shawn Armstrong,CLE,3,50,52.3,7,51,18,1.20459,1.28107,3.95794
Jacob Watters,TBR,13,17,64,8,47,32,1.125,1.5,5.0625
Grant Wolfram,BAL,0,42,53,6,52,24,1.01887,1.41509,4.24528
Matt Manning,,12,25,69.7,10,57,34,1.29125,1.47776,5.03587
Jack Dallas,PHI,3,31,48,6,37,15,1.125,1.33333,4.6875
Cade Winquest,STL,18,21,87,14,66,34,1.44828,1.3908,5.27586
Kyle Amendt,ARI,0,41,44,4,48,24,0.818182,1.38636,3.68182
Peter Van Loon,,6,25,55,7,47,22,1.14545,1.38182,4.74545
Angel Chivilli,NYY,0,50,66.3,9,65,23,1.22172,1.2368,4.47964
Elvis Peguero,BAL,1,45,47,4,38,22,0.765957,1.44681,4.40426
Jordan Romano,COL,0,47,43,6,45,16,1.25581,1.30233,4.60465
Dylan Floro,,0,45,42.3,4,30,14,0.851064,1.41844,4.04255
Trey McLoughlin,HOU,1,34,43,5,40,17,1.04651,1.32558,3.97674
Sam Benschoter,CIN,9,29,76.3,12,58,28,1.41547,1.40236,5.42595
Shinnosuke Ogasawara,,9,26,62.7,9,49,22,1.29187,1.37161,5.02392
Trace Bright,BAL,17,22,82.3,11,67,43,1.20292,1.51883,4.92102
Fraser Ellard,,2,46,49,5,51,26,0.918367,1.38776,4.04082
Connor Schultz,CHC,10,20,69,11,50,20,1.43478,1.33333,4.82609
Hyun-il Choi,,16,23,90.3,14,57,24,1.39535,1.35105,5.18272
Oscar Rayo,KCR,4,28,70.7,8,45,23,1.01839,1.35785,4.71004
Brooks Raley,PHI,1,50,41.3,4,38,16,0.871671,1.28329,4.14044
Carter Baumler,TEX,1,36,47.7,5,43,21,0.943396,1.32075,4.15094
Austin Pope,,2,41,49.7,6,48,18,1.08652,1.30785,3.9839
Jonathan Loáisiga,ARI,1,40,43.7,4,35,13,0.823799,1.25858,3.50114
Shaun Anderson,LAA,16,22,92.3,16,62,27,1.56013,1.45179,5.26544
Zach McCambley,CIN,3,36,55.3,6,53,26,0.976492,1.37432,4.23146
Zach Thompson,,13,21,68.7,10,46,27,1.31004,1.49927,4.84716
John Schreiber,KCR,0,59,52.3,6,48,20,1.0325,1.31931,4.13002
Alec Baker,ARI,11,25,73,9,45,24,1.10959,1.41096,4.56164
Connor Van Scoyoc,WSN,8,29,84.3,10,46,28,1.06762,1.43535,4.80427
Zach Franklin,NYM,0,44,48.7,6,49,20,1.10883,1.31417,4.43532
Zach Maxwell,CIN,0,56,57.7,7,62,30,1.09185,1.40381,4.36742
Jesus Tinoco,MIA,1,37,45,5,37,18,1,1.33333,4.4
Mark Leiter Jr.,ATH,1,47,45.3,6,49,20,1.19205,1.39073,4.37086
José Buttó,SFG,1,56,66,6,57,26,0.818182,1.27273,3.68182
Robert Stephenson,LAA,0,41,39.7,6,43,13,1.3602,1.23426,4.3073
Marc Church,TEX,1,32,42,4,42,21,0.857143,1.35714,4.5
Mitch Neunborn,PHI,13,25,72.3,11,53,29,1.36929,1.47994,5.3527
Patrick Murphy,,3,25,35.3,4,30,15,1.01983,1.41643,4.58924
Justin Lawrence,WSN,0,44,47.3,4,49,24,0.761099,1.39535,3.99577
Kevin Herget,NYM,4,32,50,7,38,15,1.26,1.36,4.68
Seth Lonsway,SFG,20,23,97,10,66,46,0.927835,1.52577,4.73196
Hans Crouse,SDP,0,43,47.7,6,56,23,1.13208,1.29979,4.15094
Carlos Estévez,KCR,0,55,52.3,6,43,20,1.0325,1.28107,4.13002
Brett Wichrowski,MIL,21,21,91.3,13,65,38,1.28149,1.41292,5.02738
RJ Petit,COL,2,43,56,7,47,21,1.125,1.375,4.5
Caleb Thielbar,CHC,0,55,44.3,6,42,15,1.21896,1.30926,4.06321
Roel Garcia III,TBR,8,20,62.3,10,43,19,1.44462,1.36437,4.91172
Austin Love,STL,6,32,61.7,7,51,27,1.02107,1.41005,4.37601
Joey Lucchesi,,7,31,67.7,8,47,26,1.06352,1.44756,4.387
Michael Knorr,HOU,3,35,51.3,7,48,21,1.22807,1.36452,4.21053
Matt Pushard,MIA,1,43,53.3,6,46,19,1.01313,1.31332,4.05253
Sam Carlson,,1,40,55,6,57,24,0.981818,1.30909,4.09091
Max Kranick,WSN,4,29,45,7,35,13,1.4,1.31111,4.4
Keegan Thompson,COL,5,29,57,8,50,26,1.26316,1.45614,4.89474
Luis Curvelo,TEX,0,47,55.3,7,50,21,1.13924,1.28391,4.55696
Abdiel Mendoza,,6,28,68.7,8,53,26,1.04804,1.35371,4.45415
Antoine Kelly,CHC,5,33,52.7,6,51,28,1.02467,1.40417,4.78178
Douglas Orellana,NYM,6,31,53,7,51,26,1.18868,1.41509,4.58491
Miguel Mendez,SFG,20,20,88,11,71,43,1.125,1.42045,5.11364
David Leal,,5,32,61.7,8,43,20,1.16694,1.36143,4.81361
Richard Lovelady,WSN,1,44,47,5,44,16,0.957447,1.29787,4.21277
Xzavion Curry,NYM,13,25,76,12,50,29,1.42105,1.46053,4.97368
Andrew Quezada,,15,21,77.7,11,39,31,1.27413,1.62162,5.44402
Kyle Backhus,PHI,0,50,50.3,6,51,19,1.07356,1.31213,4.29423
Hayden Harris,ATL,0,45,49.7,6,57,20,1.08652,1.24748,3.80282
Trent Harris,SFG,0,38,56,7,49,17,1.125,1.30357,3.85714
Evan Fitterer,SDP,14,24,85.7,11,65,40,1.15519,1.47025,4.72579
Randy Wynne,,13,19,70.3,13,35,18,1.6643,1.47937,5.76102
Charlie Beilenson,SEA,0,38,55,6,49,19,0.981818,1.27273,4.09091
Austin Krob,,12,22,74.3,9,55,35,1.09017,1.49394,4.72409
Ian Gibaut,,0,44,42.3,5,34,17,1.06383,1.44208,4.89362
Craig Yoho,CLE,0,49,54,6,58,23,1,1.25926,3.83333
Antonio Santos,,15,21,73.3,10,60,35,1.22783,1.44611,4.78854
Kyle Gibson,,19,19,99.7,17,81,44,1.5346,1.56469,5.32598
Grant Holman,PHI,2,41,46.7,5,38,16,0.963597,1.2848,3.85439
Tyler Gilbert,CHW,5,36,52.7,8,46,21,1.36622,1.42315,4.95256
Vince Velasquez,KCR,16,20,77.7,13,74,37,1.50579,1.45431,4.86486
Garrett McDaniels,LAD,5,36,52.3,6,45,25,1.0325,1.45315,4.47419
Nick Raquet,BAL,2,33,54.3,7,44,18,1.16022,1.34438,4.30939
Bryan Hudson,CHW,1,43,51.3,6,49,23,1.05263,1.32554,4.5614
Evan Sisk,PIT,0,52,53,5,52,24,0.849057,1.35849,3.90566
JJ Goss,ATH,9,28,58.7,8,39,22,1.22658,1.41397,4.9063
Adisyn Coffey,CHW,1,42,51.7,7,49,22,1.21857,1.37331,4.35203
Enyel De Los Santos,HOU,0,57,57.7,8,56,20,1.24783,1.2305,4.05546
Hagen Danner,LAA,0,47,50,7,42,16,1.26,1.34,4.86
Hunter Stratton,SDP,0,43,51.3,6,47,18,1.05263,1.30604,4.21053
Nic Enright,TOR,0,35,43.3,6,39,14,1.24711,1.27021,3.94919
Jose Espada,BAL,2,37,52,7,51,26,1.21154,1.42308,4.5
Spencer Turnbull,,15,20,73,10,51,33,1.23288,1.54795,5.17808
Nick Davila,SEA,5,28,57.7,7,39,18,1.09185,1.33449,4.5234
Max Lazar,PHI,1,45,56,7,43,17,1.125,1.30357,4.5
Ben Anderson,TEX,17,21,89,13,50,34,1.31461,1.49438,5.25843
Reed Garrett,NYM,0,40,40.3,4,43,22,0.8933,1.48883,4.24318
Tommy Nance,MIN,1,42,46.3,6,44,16,1.16631,1.36069,4.08207
Mason Thompson,,1,35,38.7,3,34,20,0.697674,1.42119,4.65116
Tim Mayza,PHI,1,47,40,5,34,13,1.125,1.375,4.275
Karl Kauffmann,,12,28,87,12,51,38,1.24138,1.5977,5.27586
Justin Jarvis,,15,20,80.3,13,58,35,1.45704,1.48194,5.37983
Anthony Bender,MIA,0,50,47.3,5,44,18,0.951374,1.2685,3.8055
Aaron Wilkerson,,20,20,102.7,19,64,25,1.66504,1.46056,5.1704
Cesar Gomez,,7,27,59,8,40,21,1.22034,1.40678,4.57627
Sean Reid-Foley,,0,40,40.7,4,44,22,0.884521,1.42506,3.98034
Logan Gillaspie,SDP,8,29,58.3,8,43,20,1.23499,1.38937,4.63122
Angel Felipe,,2,38,42.7,4,44,24,0.843091,1.42857,4.42623
Christian Roa,HOU,7,35,65.7,8,65,34,1.09589,1.4003,4.24658
Reiss Knehr,MIL,6,25,53.3,7,48,25,1.18199,1.40713,4.5591
Jimmy Herget,COL,0,45,59,9,53,20,1.37288,1.35593,4.57627
Emilio Pagán,CIN,0,53,52,9,51,18,1.55769,1.23077,4.5
Josh Ekness,MIA,0,46,56,5,54,24,0.803571,1.30357,4.17857
Aaron Rozek,MIN,10,24,85.3,13,59,28,1.37163,1.41852,5.06448
Geoff Hartlieb,ATH,1,34,46.7,6,40,20,1.15632,1.4561,5.01071
Jake Miller,,3,34,52.3,6,38,19,1.0325,1.35755,4.3021
Seth Johnson,ATH,10,38,68.3,10,61,33,1.31772,1.47877,4.87555
Yondrei Rojas,TOR,0,42,49,6,46,18,1.10204,1.26531,4.04082
Josh Sborz,TEX,0,43,40.3,5,40,18,1.11663,1.38958,4.24318
Eric Cerantola,SFG,3,33,53.7,6,52,27,1.00559,1.39665,4.52514
Robert Stock,NYM,14,19,71,11,64,35,1.39437,1.53521,5.19718
Nate Pearson,KCR,1,44,52.7,7,52,24,1.19545,1.3852,4.44023
Declan Cronin,TEX,1,42,48.7,5,41,20,0.924025,1.35524,4.43532
Dylan Cumming,CHW,13,25,72.3,11,53,27,1.36929,1.43845,5.22822
Roman Angelo,ARI,21,21,103,13,79,49,1.13592,1.48544,4.71845
Wilmy Sanchez,NYY,0,43,60.7,7,59,30,1.03789,1.40033,4.00329
Seth Halvorsen,LAD,0,43,43.7,5,40,21,1.02975,1.44165,4.53089
Kyle Funkhouser,,10,16,61.7,9,58,34,1.3128,1.5235,5.25122
Andrew Kittredge,BAL,1,50,47.3,7,44,13,1.33192,1.28964,3.99577
Ryan Jennings,,3,34,53.3,7,52,23,1.18199,1.33208,4.39024
Ethan Roberts,CHC,1,41,46.3,6,46,19,1.16631,1.31749,4.27646
Will Brian,NYY,1,34,42.7,5,39,20,1.05386,1.38173,4.42623
Colin Holderman,CLE,1,44,47.3,5,45,20,0.951374,1.33192,3.99577
Carson Fulmer,SEA,5,27,61.3,8,47,27,1.17455,1.45188,4.55139
Grant Kipp,CHC,18,21,86.7,12,71,40,1.24567,1.41869,4.87889
Taijuan Walker,,17,24,97.3,17,65,37,1.57246,1.46968,5.27235
Kevin Abel,CIN,20,21,92,15,70,47,1.46739,1.55435,5.77174
Chris Roycroft,TBR,0,46,59,5,47,27,0.762712,1.44068,4.42373
Lake Bachar,PIT,1,43,59,8,60,26,1.22034,1.37288,4.27119
Yosver Zulueta,BAL,2,43,59,6,64,28,0.915254,1.28814,3.9661
Jason Adam,SDP,0,50,48,5,47,20,0.9375,1.20833,3.75
Julian Garcia,CIN,6,11,39,7,39,19,1.61538,1.51282,5.53846
Tyler Anderson,LAA,19,20,104.7,19,78,46,1.63324,1.51862,5.24355
Austin Warren,NYM,3,35,50.3,7,45,20,1.25249,1.35189,4.47316
Saul Garcia,NYM,4,31,51.7,6,52,27,1.04449,1.41199,4.70019
Michel Otañez,TEX,0,42,46.7,5,57,26,0.963597,1.34904,4.23983
Tyler Kinley,DET,0,53,51,7,56,24,1.23529,1.37255,4.41176
Ronan Kopp,LAD,0,48,56.7,6,60,34,0.952381,1.44621,4.44444
Walter Pennington,,2,36,52,6,45,23,1.03846,1.42308,4.32692
Carson Hobbs,LAD,0,42,48.7,6,46,21,1.10883,1.3347,4.43532
Cade Gibson,MIA,6,36,69,8,54,27,1.04348,1.37681,4.30435
Kervin Castro,NYY,0,38,46.3,5,43,22,0.971922,1.38229,4.47084
Cruz Noriega,,4,23,48.3,6,35,19,1.11801,1.44928,5.03106
Noah Davis,PIT,8,29,70,9,60,27,1.15714,1.38571,4.75714
Greg Weissert,BOS,0,59,56,7,51,21,1.125,1.32143,4.01786
George Soriano,STL,2,44,67.3,8,63,25,1.06984,1.27786,4.27935
Matt Jachec,CLE,0,31,50.7,6,41,17,1.06509,1.30178,3.90533
Erick Leal,,20,22,97,17,79,41,1.57732,1.43299,5.47423
Anthony Banda,MIN,3,52,51.7,6,48,25,1.04449,1.45068,4.35203
Connor Brogdon,CLE,1,48,55,8,57,24,1.30909,1.38182,4.25455
Jack Leftwich,CLE,5,30,49.7,7,40,19,1.26761,1.38833,4.34608
Nick Sandlin,DET,1,52,47.3,7,49,21,1.33192,1.31078,4.37632
Chase Shugart,PHI,3,40,57.7,8,45,23,1.24783,1.38648,4.83536
Sean Hunley,,7,25,65,9,38,19,1.24615,1.33846,4.84615
Drew Pomeranz,,4,51,44.7,7,44,17,1.4094,1.36465,4.83221
Omar Cruz,SDP,7,28,74,9,70,38,1.09459,1.43243,4.62162
Will Klein,LAD,0,49,56.7,6,59,31,0.952381,1.42857,4.44444
David Buchanan,,14,17,84.7,13,46,30,1.38135,1.54664,5.31287
Hunter Bigge,TBR,0,37,41.7,5,44,21,1.07914,1.39089,4.10072
Calvin Faucher,MIA,1,55,52.7,6,51,24,1.02467,1.40417,3.92789
Jaylen Nowlin,MIN,8,29,66.3,8,57,35,1.08597,1.49321,4.88688
Diego Barrera,ATH,1,37,51,6,37,18,1.05882,1.37255,4.41176
Caleb Bolden,BOS,8,21,58,7,43,27,1.08621,1.5,4.96552
Jonathan Hernández,LAD,1,39,46.3,5,42,23,0.971922,1.46868,4.66523
Andrew Walters,CLE,1,50,48.7,6,57,25,1.10883,1.29363,3.8809
Phil Bickford,,0,43,48,6,45,18,1.125,1.3125,4.5
Jesse Bergin,MIN,0,39,46.7,5,40,19,0.963597,1.34904,4.23983
John Means,KCR,14,14,52.7,9,32,15,1.537,1.34725,4.95256
Noah Murdock,PIT,2,30,46.7,4,40,26,0.770878,1.52034,4.62527
Trevor Stephan,CLE,1,44,43,5,41,17,1.04651,1.34884,3.97674
Justin Wilson,,0,51,39,5,40,17,1.15385,1.48718,4.38462
Grant Anderson,MIL,0,53,60.3,8,62,24,1.19403,1.27695,4.1791
Tyler Ivey,,19,21,92,14,66,44,1.36957,1.55435,5.08696
Konnor Pilkington,,9,44,67.3,9,64,36,1.20357,1.47103,4.68053
Kenta Maeda,,16,21,84,14,63,34,1.5,1.5119,5.57143
Ryne Stanek,STL,0,53,45.7,5,45,24,0.984683,1.4442,4.3326
Ryan Murphy,STL,16,20,68,9,45,28,1.19118,1.45588,4.89706
Brandyn Garcia,ARI,8,37,66.3,6,56,30,0.81448,1.38763,4.34389
Derrick Edington,TBR,0,44,50.7,6,41,18,1.06509,1.3215,4.26035
Shelby Miller,CHC,1,44,45,6,45,17,1.2,1.22222,4
Kodi Whitley,TBR,0,32,41,6,37,13,1.31707,1.31707,4.39024
Sam Moll,CIN,0,50,42,5,41,22,1.07143,1.42857,4.92857
Bailey Horn,DET,4,40,51.7,6,47,26,1.04449,1.45068,4.52611
Beau Burrows,PIT,5,30,51.7,6,41,24,1.04449,1.47002,4.52611
Garrett Davila,,6,38,62.7,8,50,26,1.14833,1.41946,4.73684
Wilian Bormie,TEX,2,34,56,7,54,28,1.125,1.41071,4.66071
John Stankiewicz,,2,36,51.7,6,38,21,1.04449,1.45068,4.70019
Shane Rademacher,SFG,14,22,91,14,48,25,1.38462,1.40659,5.04396
Garrett Acton,MIN,3,42,52.3,7,51,24,1.20459,1.37667,4.3021
Joel Payamps,ATL,0,52,50,6,44,16,1.08,1.28,3.96
Cionel Pérez,NYM,0,46,46.3,3,39,25,0.583153,1.49028,4.47084
Dale Stanavich,SFG,1,40,50.3,5,48,26,0.894632,1.45129,4.29423
Anderson Pilar,ATL,3,37,54,7,46,17,1.16667,1.31481,4.5
John King,MIA,0,49,50.3,5,32,15,0.894632,1.41153,3.93638
Andrew Misiaszek,,1,30,40.7,4,36,20,0.884521,1.42506,4.20147
Wil Crowe,,9,21,54,7,38,27,1.16667,1.55556,5.33333
Cory Wall,ATL,5,30,50.7,7,41,17,1.2426,1.34122,4.43787
Brayan Castillo,,5,33,53.7,7,46,29,1.17318,1.54562,4.86034
Justin Topa,NYY,1,44,45,5,36,15,1,1.4,4.4
Evan Reifert,TBR,1,38,38,4,43,21,0.947368,1.36842,4.5
Will Childers,MIL,1,45,55.3,7,50,24,1.13924,1.37432,4.39421
Huascar Brazobán,CHW,2,44,53,6,50,27,1.01887,1.45283,4.41509
Andrew Saalfrank,ARI,0,42,47.7,4,43,25,0.754717,1.42558,3.77358
Luke Murphy,LAA,1,37,48.7,6,41,19,1.10883,1.37577,4.62012
Elieser Hernández,ATL,13,20,71,13,58,24,1.64789,1.39437,5.07042
Brian Fitzpatrick,MIL,2,29,51.7,7,47,22,1.21857,1.35397,4.52611
Dustin Saenz,,11,28,73.7,10,36,22,1.22117,1.45183,5.00678
Domingo Gonzalez,SEA,2,40,57.3,6,52,24,0.942408,1.32635,4.24084
Paul Gervase,LAD,1,44,57.3,8,63,27,1.25654,1.32635,4.39791
Michael Arias,NYY,6,30,49.3,6,48,29,1.09533,1.48073,4.92901
Morgan McSweeney,BOS,11,20,57.3,8,37,25,1.25654,1.50087,4.86911
Bryce Osmond,LAA,18,19,67,11,54,30,1.47761,1.47761,5.37313
Jackson Stephens,,3,25,44.3,6,35,14,1.21896,1.3544,4.46953
Manuel Castro,SDP,1,39,53.3,7,52,23,1.18199,1.35084,4.39024
Garrett Schoenle,CHW,5,35,60.7,9,49,25,1.33443,1.43328,4.89292
Mason Erla,LAA,7,20,51.3,7,31,20,1.22807,1.50097,5.08772
Carson Skipper,,0,41,56.7,8,45,19,1.26984,1.3933,4.7619
Jacob Webb,CHC,0,49,54,7,50,21,1.16667,1.25926,4.33333
Joe Jiménez,ATL,0,46,42.7,6,48,17,1.26464,1.28806,4.21546
Brock Stewart,LAD,0,43,40,6,43,18,1.35,1.35,4.275
Trevor Richards,CHW,2,39,48.7,7,49,22,1.29363,1.41684,5.17454
Kade Strowd,ARI,0,45,53.7,5,50,25,0.837989,1.37803,3.85475
Luis García,,1,49,44.7,4,37,20,0.805369,1.49888,4.42953
Edgar Sanchez,ATH,6,24,49,6,39,24,1.10204,1.44898,4.77551
Jimmy Endersby,,10,19,65.3,10,46,26,1.37825,1.4242,4.68606
José Quijada,,0,45,41.3,5,45,20,1.08959,1.35593,4.35835
Ty Blach,,13,19,68.3,12,41,18,1.58126,1.46413,5.53441
Angel Macuare,,5,23,50,7,34,17,1.26,1.4,4.86
Ryan Borucki,CLE,1,49,41.7,4,40,18,0.863309,1.34293,4.10072
Jarret Whorff,ATL,1,34,63.7,8,53,24,1.1303,1.38148,4.52119
Blake Treinen,LAD,1,43,36.3,5,37,16,1.23967,1.46006,4.71074
Misael Tamarez,,6,35,71,9,57,33,1.14085,1.43662,4.8169
Austin Roberts,TEX,1,39,56.3,7,48,23,1.11901,1.33215,4.47602
Junior Santos,,6,37,63.7,7,41,29,0.989011,1.52276,4.94506
Josh Fleming,STL,4,35,68,8,32,21,1.05882,1.45588,4.63235
Bryan Magdaleno,TEX,0,44,44.7,4,45,24,0.805369,1.38702,4.22819
Eric Pardinho,TOR,1,33,42,5,38,21,1.07143,1.47619,4.5
Chris Kachmar,,18,21,87.7,14,72,40,1.43672,1.45952,5.13113
Andrew Bash,ATH,7,31,67.7,8,48,30,1.06352,1.4771,4.91876
Michael Darrell-Hicks,PIT,4,32,56.3,7,44,19,1.11901,1.34991,4.47602
Brennan Bernardino,COL,3,48,44.3,5,39,23,1.0158,1.51242,4.67269
Tristan Garnett,PHI,0,34,40.7,5,40,20,1.10565,1.42506,4.64373
Matt Cronin,,0,36,40,4,36,19,0.9,1.4,4.05
Ryan Watson,TOR,14,16,83,15,47,24,1.62651,1.39759,5.31325
John Rooney,TBR,3,40,50.7,6,50,24,1.06509,1.40039,4.43787
Leon Hunter Jr.,,1,36,38.7,5,38,17,1.16279,1.39535,4.18605
Reiver Sanmartin,SFG,2,38,54,6,39,16,1,1.35185,4.16667
Mason Green,COL,10,28,70.7,10,52,37,1.27298,1.61245,5.21924
Pierce Johnson,CIN,0,53,45.3,7,47,20,1.39073,1.45695,4.76821
Eduarniel Núñez,CHC,0,43,49.7,5,51,30,0.905433,1.46881,4.52716
Joe Mantiply,TOR,2,43,41.3,6,32,12,1.30751,1.38015,4.57627
Paul Sewald,TOR,1,44,40.3,6,38,14,1.33995,1.29032,4.24318
Luke Albright,,10,20,65.7,8,55,36,1.09589,1.52207,4.52055
Houston Harding,,8,19,54.7,8,39,26,1.31627,1.55393,5.10055
Andrew Magno,BAL,1,40,56,6,49,26,0.964286,1.41071,4.5
Dylan File,DET,17,20,94.7,16,53,27,1.52059,1.44667,5.32207
Alex Carrillo,SFG,0,39,44.7,6,46,21,1.20805,1.36465,4.63087
Joey Mancini,HOU,11,22,94.3,13,58,35,1.24072,1.421,4.96288
Austin Cox,ATL,7,34,66,9,52,26,1.22727,1.42424,4.63636
Luis Frías,,1,37,43.3,5,41,21,1.03926,1.47806,4.3649
Cole Sulser,TBR,1,40,43.3,6,36,16,1.24711,1.40878,4.57275
Jorge López,,0,42,42.3,4,34,15,0.851064,1.37116,4.68085
Camden Minacci,LAA,0,45,57,7,46,22,1.10526,1.38596,4.42105
Eli Morgan,NYY,0,41,46.7,6,40,16,1.15632,1.30621,4.23983
Michael Petersen,MIA,1,41,45.3,6,42,18,1.19205,1.39073,4.56954
Jack Little,DET,0,44,54,7,41,19,1.16667,1.35185,4.66667
Shintaro Fujinami,,4,27,46.7,5,47,27,0.963597,1.4561,4.43255
Rico Garcia,BAL,2,42,49.3,7,51,25,1.27789,1.44016,4.56389
Yohan Ramírez,PIT,0,43,53.7,5,55,23,0.837989,1.32216,4.35754
Chay Yeager,TOR,1,41,49.7,6,43,21,1.08652,1.32797,4.52716
Riley Martin,CHC,1,40,55.7,6,57,31,0.969479,1.41831,4.36266
Anthony Maldonado,,0,43,53.3,7,53,22,1.18199,1.31332,4.22139
Stephen Nogosek,,4,33,45.3,5,37,23,0.993378,1.47903,4.76821
Brandan Bidois,MIA,0,39,50,6,48,23,1.08,1.36,4.14
Nate Garkow,,0,34,45.7,6,45,21,1.18162,1.33479,4.3326
Tyson Neighbors,BAL,0,45,54,7,53,20,1.16667,1.24074,4.33333
Antonio Jimenez,,5,29,57,7,48,26,1.10526,1.4386,4.42105
Micah Dallas,ATH,1,36,47.3,7,34,13,1.33192,1.33192,4.5666
Nate Peterson,CIN,9,25,65.7,11,47,29,1.50685,1.53729,5.61644
Joe Ross,TEX,5,29,50.7,6,37,21,1.06509,1.47929,4.43787
Carter Spivey,CLE,14,20,72.7,10,45,31,1.23796,1.48556,4.82806
Frankie Montas,,17,18,84,14,67,40,1.5,1.54762,5.67857
Touki Toussaint,,6,22,64.3,8,58,36,1.11975,1.52411,5.17885
Anthony Misiewicz,CIN,0,41,42.7,6,37,16,1.26464,1.38173,4.84777
Elvin Rodríguez,,8,25,61.3,10,43,19,1.46819,1.40294,4.84502
Erian Rodriguez,CHC,14,18,74,10,52,32,1.21622,1.43243,5.10811
Skylar Hales,STL,0,48,52,6,44,18,1.03846,1.28846,4.15385
Jake Cousins,LAD,0,42,41,5,47,21,1.09756,1.31707,4.39024
Michael Cuevas,,12,27,69.3,8,42,32,1.03896,1.54401,5.06493
Nate Lavender,NYM,0,30,42.3,5,46,21,1.06383,1.34752,4.25532
Ryan Brasier,,1,43,40.3,5,29,13,1.11663,1.29032,4.68983
Patrick Halligan,BOS,2,33,53.3,7,43,21,1.18199,1.40713,4.72795
Connor Gillispie,PHI,12,19,77.3,14,55,31,1.63001,1.4489,5.70505
Zach Agnos,COL,0,45,48.7,7,41,18,1.29363,1.3347,4.62012
Jerming Rosario,LAD,9,32,72.7,10,63,40,1.23796,1.51307,5.32325
Kirby Yates,PIT,0,50,43.7,6,49,22,1.2357,1.35011,4.32494
Joe Jacques,NYM,1,42,47.3,5,39,18,0.951374,1.39535,4.5666
Miles Mikolas,,21,21,106,21,67,29,1.78302,1.4717,5.60377
Ryan Loutos,SEA,0,45,54.7,6,48,22,0.987203,1.35283,4.44241
Tyler Rogers,TOR,0,62,57.7,7,38,15,1.09185,1.2825,4.05546
Anthony Simonelli,KCR,2,29,47.3,6,41,21,1.14165,1.41649,4.75687
José Castillo,,0,41,43.7,5,44,19,1.02975,1.39588,4.53089
Ryan Bourassa,,0,36,45.7,5,45,23,0.984683,1.35667,4.3326
Justin Bruihl,STL,0,47,49.7,5,44,19,0.905433,1.32797,4.16499
Carlos Duran,KCR,7,29,55.7,8,52,33,1.29264,1.54399,5.33214
Ryan Garcia,CIN,12,20,66.7,10,54,36,1.34933,1.52924,5.53223
Amilcar Chirinos,HOU,2,35,47,6,42,22,1.14894,1.40426,4.59574
Jayden Murray,CHC,4,40,62.3,8,53,26,1.1557,1.38042,4.62279
Lane Ramsey,,0,34,38,5,37,19,1.18421,1.44737,4.5
Kade Bragg,MIA,0,40,58,7,57,26,1.08621,1.34483,4.34483
Joey Danielson,TEX,0,43,50.7,6,43,23,1.06509,1.40039,4.61538
Oddanier Mosqueda,,0,48,57.3,6,53,25,0.942408,1.36126,4.24084
Riley O'Brien,STL,0,48,52.7,5,54,26,0.85389,1.36622,3.92789
Yuki Matsui,SDP,0,54,54,7,54,26,1.16667,1.37037,4.16667
Nick Merkel,MIL,1,28,49.7,7,45,19,1.26761,1.32797,4.52716
Levi Stoudt,PHI,11,25,65,10,44,27,1.38462,1.50769,5.26154
Hoby Milner,CHC,0,54,51,6,41,16,1.05882,1.31373,4.23529
Baron Stuart,WSN,12,24,68,9,44,34,1.19118,1.52941,5.29412
Magnus Ellerts,CLE,0,38,47,6,49,23,1.14894,1.3617,4.02128
Parker Mushinski,COL,0,43,44.3,5,41,23,1.0158,1.51242,4.87585
Richard Guasch,BAL,1,28,42.7,5,40,20,1.05386,1.40515,4.637
Nate Ackenhausen,KCR,2,31,43.7,5,37,21,1.02975,1.41876,4.73684
Frank Mozzicato,KCR,19,23,86.7,11,62,52,1.14187,1.61476,5.19031
Colby Martin,MIA,0,45,44.7,4,41,27,0.805369,1.49888,4.22819
Ryan Thompson,ARI,0,49,44.3,5,34,13,1.0158,1.30926,3.86005
Carter Rustad,CLE,1,30,47.7,6,36,19,1.13208,1.38365,4.90566
Kyle Finnegan,DET,1,49,49,7,42,19,1.28571,1.36735,4.40816
Jared Kelley,,3,31,50,6,40,28,1.08,1.56,4.86
José Leclerc,SDP,0,44,45.3,6,49,25,1.19205,1.43488,4.37086
Stevie Emanuels,ATH,3,34,51.7,6,48,31,1.04449,1.52805,4.87427
Troy Taylor,SEA,0,53,52,6,49,22,1.03846,1.30769,4.32692
Simon Miller,,0,39,49.3,7,44,21,1.27789,1.39959,4.92901
John Brebbia,BOS,2,40,39.3,7,36,16,1.60305,1.52672,5.26718
Eric Reyzelman,NYY,0,40,47,6,48,24,1.14894,1.3617,4.40426
Chris Flexen,,13,23,85.3,14,61,34,1.47714,1.44197,4.95897
Miguel Cienfuegos,,9,24,72.3,10,47,28,1.24481,1.45228,4.85477
Kelly Austin,NYY,0,45,48.3,6,35,18,1.11801,1.34576,4.47205
Casey Anderson,ARI,12,23,78,9,55,35,1.03846,1.47436,4.73077
Dillon Tate,LAA,0,41,44,5,35,19,1.02273,1.40909,4.5
Ryan Zeferjahn,CHC,1,49,54,7,60,28,1.16667,1.35185,4.5
Robby Ahlstrom,TEX,2,41,56,7,49,27,1.125,1.42857,4.82143
Erik Swanson,,0,48,44,7,39,17,1.43182,1.36364,4.5
Brooks Kriske,ATH,0,36,43.3,6,47,23,1.24711,1.45497,4.7806
Jack Dashwood,,2,38,51,7,43,19,1.23529,1.37255,4.58824
Ron Marinaccio,MIN,0,45,53.7,7,53,24,1.17318,1.30354,4.18994
Scott Effross,SEA,1,38,42.3,5,26,14,1.06383,1.44208,4.68085
Tyler Ferguson,CHC,0,51,56,6,53,29,0.964286,1.41071,4.66071
Cy Nielson,PIT,2,36,51.3,5,44,24,0.877193,1.40351,4.5614
Tyler Mattison,DET,2,38,42.3,6,41,21,1.2766,1.41844,4.46809
Dalton Roach,,3,31,52.7,8,38,18,1.36622,1.40417,5.12334
Evan Gates,PHI,1,36,56.7,8,50,25,1.26984,1.44621,4.92063
Ryan Brady,,1,27,47.7,6,34,16,1.13208,1.38365,4.5283
Kenny Serwa,DET,18,22,93,12,49,38,1.16129,1.49462,5.32258
Ryan Cusick,PHI,10,29,56,8,47,30,1.28571,1.51786,5.30357
Gerson Garabito,MIL,11,21,57,9,47,22,1.42105,1.40351,5.21053
Isaiah Campbell,ARI,0,42,54.7,6,37,17,0.987203,1.35283,4.11335
Carlos Vargas,SEA,0,57,63.3,6,47,22,0.853081,1.32701,4.12322
Tommy McCollum,TBR,0,44,48.3,6,42,20,1.11801,1.36646,4.47205
John Gant,,18,18,76,12,50,35,1.42105,1.59211,5.32895
Brent Suter,ATL,3,38,50,7,37,18,1.26,1.46,4.86
Tyler Davis,CHW,0,36,46.3,6,42,23,1.16631,1.46868,4.66523
Nick Krauth,TEX,9,18,68.3,9,38,26,1.18594,1.43485,5.40264
Josh Simpson,SEA,1,47,53.3,6,57,27,1.01313,1.36961,4.39024
Trevin Michael,DET,0,35,53.3,7,47,22,1.18199,1.38837,4.5591
Reidis Sena,BOS,2,28,43,5,38,25,1.04651,1.53488,4.60465
Blair Calvo,,2,31,39.3,5,34,17,1.14504,1.42494,4.80916
Joe La Sorsa,,0,49,56,6,40,18,0.964286,1.32143,4.17857
Cole Percival,MIN,6,26,53.3,7,39,26,1.18199,1.50094,4.89681
Matt Festa,CLE,0,50,50,7,48,19,1.26,1.32,4.32
Nelson L. Alvarez,,0,33,42,5,37,19,1.07143,1.42857,4.92857
Ryan Jensen,,4,29,43.7,5,43,27,1.02975,1.48741,4.53089
Evan Shawver,COL,3,29,47.3,6,34,23,1.14165,1.56448,5.3277
Matt Krook,WSN,4,33,52.3,6,50,33,1.0325,1.56788,4.99044
Michael Dominguez,,14,22,68.3,11,58,37,1.44949,1.50805,5.00732
Christian Montes De Oca,,0,35,47.3,5,37,16,0.951374,1.31078,3.99577
Matt Bowman,MIN,1,39,45.3,6,34,18,1.19205,1.47903,4.96689
Collin Snider,CHC,0,46,50,7,42,18,1.26,1.34,4.32
Jake McSteen,,2,27,42.3,6,31,14,1.2766,1.41844,4.68085
Robinson Ortiz,SEA,1,41,50,5,49,26,0.9,1.38,4.32
Keone Kela,,0,28,30,4,31,18,1.2,1.56667,4.8
James Karinchak,ATL,0,46,45.3,6,54,27,1.19205,1.4128,4.17219
Lou Trivino III,PHI,2,44,41.7,6,37,20,1.29496,1.53477,4.96403
Jefry Yan,NYM,1,32,39.7,4,42,25,0.906801,1.51134,4.7607
Bryce Montes de Oca,,1,32,33.3,3,39,24,0.810811,1.56156,4.59459
Mike Clevinger,,18,22,82.3,13,61,35,1.42163,1.49453,4.92102
Juan Mercedes,,13,18,75.3,12,49,26,1.43426,1.43426,5.01992
Tejay Antone,CIN,3,18,27.7,4,22,14,1.29964,1.58845,5.84838
Trent Thornton,CHC,0,39,45,6,36,14,1.2,1.26667,4.4
Harrison Cohen,NYY,1,45,45.3,6,44,23,1.19205,1.39073,4.56954
Josh Staumont,,0,35,32.3,3,29,21,0.835913,1.57895,5.29412
Yimi García,TOR,0,44,41,6,41,16,1.31707,1.31707,4.39024
Dallas Keuchel,ATH,15,15,67,10,40,32,1.34328,1.73134,5.50746
Raymond Burgos,BOS,0,30,44.7,5,33,14,1.00671,1.31991,4.22819
Wilkin Ramos,SFG,1,42,55.7,5,44,25,0.807899,1.41831,4.20108
Luis Mey,CIN,0,52,52,6,51,31,1.03846,1.5,5.01923
Zach Brzykcy,MIA,0,46,47.7,6,48,22,1.13208,1.38365,4.33962
Adbert Alzolay,,1,36,41.3,6,36,13,1.30751,1.28329,4.35835
Jackson Kowar,BAL,5,29,49,7,41,24,1.28571,1.53061,4.95918
Chris Devenski,NYM,2,38,42.3,6,32,14,1.2766,1.41844,4.68085
Tim Hill,NYY,0,52,48,5,25,14,0.9375,1.39583,4.3125
Cameron Cotter,CIN,0,31,42.7,5,28,12,1.05386,1.35831,4.42623
Rolddy Muñoz,ATL,3,37,55,6,48,27,0.981818,1.45455,4.41818
Danny Watson,NYY,0,39,51.7,7,42,16,1.21857,1.23791,4.52611
Tyler Bryant,MIL,0,34,38.7,5,37,19,1.16279,1.39535,4.4186
Seth Martinez,BOS,1,43,46.7,6,37,19,1.15632,1.41328,4.62527
Nick Jones,,2,34,47.3,6,40,22,1.14165,1.45877,4.94715
Andrew Baker,COL,0,40,48.3,6,46,25,1.11801,1.46998,4.84472
Logan Whitaker,MIA,0,28,40.3,5,28,14,1.11663,1.38958,4.68983
Juan Nuñez,BAL,10,18,54.3,8,45,28,1.32597,1.49171,5.30387
Daniel Missaki,TEX,6,24,57,9,50,25,1.42105,1.42105,5.21053
Sam McWilliams,BOS,3,23,39,5,40,22,1.15385,1.46154,4.61538
Cam Sanders,BAL,3,39,51,6,50,32,1.05882,1.54902,4.76471
Valentin Linarez,,4,33,54,7,45,26,1.16667,1.48148,5
Gavin Hollowell,CHC,0,38,45,5,46,22,1,1.35556,4.4
Blake Weiman,LAA,0,35,40.7,6,33,13,1.32678,1.35135,4.4226
Erik Tolman,WSN,11,27,70,9,54,38,1.15714,1.54286,5.4
Florencio Serrano,,3,18,39,5,22,15,1.15385,1.46154,5.30769
Alec Gamboa,BOS,5,20,53,6,33,28,1.01887,1.60377,4.92453
Jared Southard,LAA,0,42,55,7,46,21,1.14545,1.36364,4.58182
Colin Peluse,,5,34,59,10,40,17,1.52542,1.37288,5.0339
Liam Hendriks,,1,35,30,5,31,15,1.5,1.56667,5.1
Joe Barlow,,0,40,52.3,8,46,19,1.37667,1.33843,4.64627
Mason Vinyard,MIA,1,36,44.3,6,39,21,1.21896,1.39955,4.87585
Jake Higginbotham,,0,38,54.3,7,47,22,1.16022,1.39963,4.47514
Carter Loewen,,1,31,38.7,5,35,18,1.16279,1.42119,4.65116
Leonardo Pestana,,3,29,40.3,5,37,23,1.11663,1.48883,5.13648
Phil Maton,CHC,0,55,52.3,6,52,22,1.0325,1.24283,3.95794
David Robertson,,0,43,42.7,6,45,21,1.26464,1.45199,4.637
Rhett Kouba,,7,27,71.3,9,47,32,1.13604,1.48668,4.79663
Evan Kravetz,,2,29,42.7,6,36,22,1.26464,1.52225,5.48009
Jarold Rosado,CHW,0,34,42,4,32,23,0.857143,1.52381,4.92857
Jordany Ventura,,7,27,55,7,47,31,1.14545,1.49091,5.07273
Gavin Collyer,TEX,3,38,57.7,7,58,32,1.09185,1.43847,4.83536
Nick Fraze,,12,23,62,8,45,25,1.16129,1.40323,4.93548
Jesús Broca,MIL,0,33,63.7,7,53,29,0.989011,1.39717,4.52119
Taylor Rogers,MIN,0,50,43.3,6,45,22,1.24711,1.47806,4.57275
Nick Garcia,SEA,9,24,60.3,8,46,28,1.19403,1.45937,4.92537
Randy Labaut,,2,28,44.7,5,35,24,1.00671,1.54362,4.63087
Stiven Cruz,MIL,5,27,61,9,47,26,1.32787,1.40984,5.01639
Emmanuel Chapman,,5,28,61.3,7,47,31,1.02773,1.50082,4.69821
Ty Adcock,SDP,1,38,42,6,37,16,1.28571,1.33333,4.28571
Josh Walker,BAL,0,38,42.7,6,39,20,1.26464,1.47541,4.637
Enoli Paredes,,0,41,50.3,6,49,25,1.07356,1.43141,4.47316
Jordan Mikel,,2,23,43,6,30,15,1.25581,1.39535,5.02326
Brendan White,,0,36,47.3,5,38,17,0.951374,1.31078,4.18605
Logan VanWey,HOU,0,39,45.3,5,44,24,0.993378,1.43488,4.37086
Tanner Andrews,TOR,0,26,42,6,37,18,1.28571,1.42857,4.5
Michael Mercado,PHI,6,36,58.3,9,52,27,1.38937,1.45798,5.09434
Hunter Gregory,MIN,3,35,52.3,7,44,25,1.20459,1.45315,4.81836
Daison Acosta,SDP,1,41,48.7,6,50,27,1.10883,1.43737,4.43532
Keagan Gillies,BAL,0,38,45.3,6,37,18,1.19205,1.39073,4.56954
Jose E. Hernandez,,1,35,40,6,38,20,1.35,1.45,4.95
Zack Kelly,BOS,2,43,52.3,7,49,27,1.20459,1.45315,4.64627
Juan Burgos,ARI,1,36,45,5,37,20,1,1.42222,4.4
Michael Kelly,,0,42,42.3,5,35,19,1.06383,1.44208,4.25532
Daniel Robert,PHI,0,39,41.7,6,41,20,1.29496,1.43885,4.7482
Ryan Rolison,CHC,3,38,58.7,8,45,22,1.22658,1.3799,4.59966
Andrew Walling,PHI,0,41,45.7,6,42,21,1.18162,1.42232,4.92341
Chad Kuhl,,10,20,62,9,51,32,1.30645,1.58065,5.22581
Tom Cosgrove,WSN,0,44,46.7,6,43,22,1.15632,1.37045,4.62527
Marques Johnson,SFG,0,39,50.3,6,50,25,1.07356,1.39165,4.11531
Kenley Jansen,DET,0,50,45,7,41,18,1.4,1.33333,4.6
Cam Booser,TBR,0,46,43,7,44,21,1.46512,1.46512,4.39535
Cody Bolton,HOU,4,29,43.7,6,37,20,1.2357,1.44165,4.53089
Gabriel Yanez,,0,36,53,7,39,18,1.18868,1.39623,4.41509
Matt Turner,NYM,3,36,51.3,6,43,25,1.05263,1.4425,4.73684
Bradley Hanner,NYY,0,39,48.7,6,45,22,1.10883,1.35524,4.80493
Cole Henry,WSN,2,47,47.7,6,47,26,1.13208,1.40461,4.90566
Vinny Nittoli,,1,34,38,5,30,15,1.18421,1.47368,4.97368
Ryan Pressly,,0,44,41,5,32,17,1.09756,1.43902,4.60976
Will Bednar,SFG,4,33,49,6,51,26,1.10204,1.40816,4.59184
Alexis Díaz,TEX,0,46,48,5,46,28,0.9375,1.35417,5.0625
Daniel Lloyd,BAL,4,28,57.7,8,39,22,1.24783,1.43847,4.67938
Austin Vernon,TBR,3,30,50,7,47,28,1.26,1.48,4.86
Triston McKenzie,,17,22,80.3,14,78,44,1.56912,1.48194,4.93151
Daysbel Hernández,,0,44,44.7,5,47,26,1.00671,1.45414,4.42953
Juan Morillo,ARI,0,53,47.7,5,45,26,0.943396,1.48847,3.96226
Carlos Guzman,NYM,4,33,53.3,7,44,25,1.18199,1.44465,4.89681
Adam Ottavino,,0,50,44.3,5,45,24,1.0158,1.4447,4.67269
Danny Wirchansky,,11,21,66.7,9,40,28,1.21439,1.48426,4.9925
Zach Plesac,,16,17,80.7,13,48,32,1.44981,1.54895,5.24164
Colin Poche,,0,48,42.3,6,37,19,1.2766,1.3948,4.46809
Brady Choban,LAA,0,45,50.7,6,35,18,1.06509,1.38067,4.7929
Tayler Saucedo,LAA,0,40,37,4,33,18,0.972973,1.48649,4.86486
Jared Kollar,,15,23,90.3,15,52,31,1.49502,1.46179,5.38206
Jeremy Wu-Yelland,BOS,0,24,40,5,41,18,1.125,1.375,4.725
Cooper Adams,BOS,2,27,59.7,8,46,23,1.20603,1.39028,4.82412
Steven Pérez,CLE,0,33,52.3,7,45,21,1.20459,1.37667,4.3021
Derek Law,ARI,1,47,52,6,40,21,1.03846,1.44231,3.98077
Nick Nastrini,,15,22,77.3,12,67,47,1.39715,1.55239,5.47219
Jack Neely,CHC,0,37,45,6,47,21,1.2,1.31111,4.4
Joshua Cornielly,NYM,1,34,51.3,7,44,19,1.22807,1.32554,4.5614
Orlando Ribalta,WSN,0,38,39.7,5,36,21,1.1335,1.51134,4.7607
Wandy Peralta,SDP,1,54,52,5,42,25,0.865385,1.38462,4.15385
Alex Hoppe,BAL,0,37,56.3,7,54,26,1.11901,1.4032,4.31616
Chris Wright,,1,34,40,4,38,24,0.9,1.525,4.5
Ross Carver,,6,28,59,8,47,27,1.22034,1.42373,4.72881
Alexander Alberto,TBR,1,35,42.7,5,38,21,1.05386,1.42857,4.84777
Zach Pop,MIA,0,44,43.7,6,34,15,1.2357,1.373,4.94279
Chris Rodriguez,CHW,7,23,44.3,6,32,23,1.21896,1.58014,5.28217
José Ruiz,,1,44,46.7,7,43,19,1.34904,1.41328,4.81799
Hunter Parsons,,0,27,39.3,5,38,19,1.14504,1.39949,4.80916
Luis F. Castillo,,7,22,36,5,24,17,1.25,1.61111,5.25
Collin Baumgartner,,0,44,51.7,8,47,23,1.39265,1.45068,4.87427
Ray Gaither,,3,34,40,5,31,20,1.125,1.5,4.725
Carlos Torres,COL,0,31,44.3,6,29,15,1.21896,1.46727,5.07901
Casey Lawrence,PHI,15,19,87.3,16,45,22,1.64948,1.50057,5.46392
Brandon Neeck,PIT,3,34,43.3,5,35,22,1.03926,1.50115,4.57275
Austin Kitchen,SEA,1,39,57,7,37,17,1.10526,1.36842,4.42105
Gerardo Carrillo,ARI,0,41,45.7,5,40,18,0.984683,1.33479,4.13567
Danny Young,ATL,0,44,40.3,4,43,19,0.8933,1.33995,4.24318
Eric Adler,,1,35,38,4,29,22,0.947368,1.57895,4.97368
Houston Roth,SEA,3,29,53.7,7,48,26,1.17318,1.41527,4.52514
José Ureña,,10,21,62.7,10,41,31,1.43541,1.61085,5.45455
Brian Moran,,2,21,39.3,6,32,13,1.37405,1.45038,5.03817
Jimmy Kingsbury,SEA,3,35,56.7,7,41,18,1.11111,1.28748,4.44444
Scott Alexander,KCR,2,43,36.7,4,25,14,0.980926,1.49864,4.41417
Peter Strzelecki,STL,0,36,40.7,5,36,18,1.10565,1.37592,4.64373
Lucas Wepf,LAD,0,34,41,6,41,20,1.31707,1.41463,5.04878
Nick Hull,SEA,5,28,59,8,45,26,1.22034,1.42373,4.72881
Christopher Troye,,0,27,38.7,4,36,24,0.930233,1.55039,4.65116
Yosber Sanchez,DET,0,34,45.3,5,37,22,0.993378,1.47903,4.56954
Drew Parrish,,12,24,76.7,14,50,31,1.64276,1.49935,5.74967
Garrett Hill,,10,23,59,8,50,31,1.22034,1.49153,4.72881
Jacob Wallace,CHC,1,34,45,6,44,23,1.2,1.44444,4.6
Larson Kindreich,TEX,3,31,50.3,7,50,29,1.25249,1.47117,5.00994
Francis Peña,SDP,0,40,51.3,6,43,23,1.05263,1.40351,4.38596
William Fleming,,12,23,73.7,11,44,24,1.34328,1.42469,5.00678
Nick Robertson,LAD,0,41,48,7,44,22,1.3125,1.4375,4.875
Ethan Bosacker,KCR,13,21,82.7,13,42,28,1.41475,1.43894,5.44135
Grant Hartwig,,0,34,43.7,5,38,19,1.02975,1.39588,4.53089
Darren Bowen,MIN,14,22,69.7,10,40,29,1.29125,1.50646,5.42324
Jake Walkinshaw,MIA,5,26,44.7,6,26,18,1.20805,1.52125,5.03356
Gabriel Jackson,,4,21,55.7,7,32,23,1.13106,1.49013,4.8474
Jayvien Sandridge,BAL,0,38,44,5,49,28,1.02273,1.5,4.70455
Carlos Tavera,BAL,8,20,57.3,9,45,29,1.41361,1.53578,5.18325
Tanner Kohlhepp,DET,1,32,40.3,4,34,22,0.8933,1.51365,4.91315
Jack Snyder,,0,28,39.3,5,30,18,1.14504,1.50127,4.80916
Gustavo Rodriguez,ATH,0,34,45.3,6,40,22,1.19205,1.43488,4.56954
Fernando Sanchez,SDP,3,28,62,8,48,26,1.16129,1.41935,4.64516
Yovanny Cruz,WSN,0,30,46.3,6,45,22,1.16631,1.36069,4.85961
Tim Naughton,,0,30,41.7,6,38,19,1.29496,1.46283,4.7482
Johan Simon,DET,0,26,60.3,7,46,25,1.04478,1.4262,4.47761
Hayden Merda,NYY,5,33,54,8,44,26,1.33333,1.44444,5.16667
Preston Johnson,MIN,2,25,46.3,6,40,25,1.16631,1.49028,4.85961
Thomas Schultz,WSN,4,38,52.7,8,40,22,1.36622,1.42315,5.12334
Miguel Castro,,0,41,37.3,5,32,17,1.20643,1.47453,5.06702
Janser Lara,TEX,0,16,26,4,24,10,1.38462,1.26923,4.84615
Wander Guante,,5,30,62.7,9,42,25,1.29187,1.45136,5.02392
Samy Natera Jr.,LAA,5,37,54,8,56,32,1.33333,1.5,5
Jorge Alcala,TOR,0,48,51,9,52,23,1.58824,1.37255,4.58824
Wander Suero,ATH,0,43,43.7,7,40,18,1.44165,1.41876,4.73684
Blake Holub,MIL,0,40,45.3,6,42,23,1.19205,1.43488,4.37086
Joel Valdez,,3,28,50.7,7,45,25,1.2426,1.43984,5.50296
Reggie Crawford,SFG,10,25,32.3,5,33,16,1.39319,1.39319,5.01548
Orlando Ortiz-Mayr,MIA,16,21,81.7,11,55,42,1.21175,1.57895,5.28764
Antonio Knowles,LAD,0,40,45.7,6,43,23,1.18162,1.42232,4.92341
Sam Ryan,,2,37,58.7,7,44,28,1.07325,1.51618,4.9063
Brady Feigl,,3,21,37.7,6,34,19,1.43236,1.61804,5.25199
Tanner Burns,,5,28,52.7,7,40,27,1.19545,1.51803,4.61101
Ike Buxton,,12,19,63.3,8,40,32,1.13744,1.54818,5.11848
Brad Deppermann,,0,36,39,5,28,13,1.15385,1.4359,4.38462
Jesús Liranzo,,0,37,44,6,41,19,1.22727,1.38636,4.70455
Andrew Moore,PIT,0,37,46.7,5,49,27,0.963597,1.43469,4.43255
Anthony DeSclafani,,12,18,65.7,12,51,24,1.64384,1.50685,4.79452
Noah Song,BOS,4,25,45,6,37,24,1.2,1.53333,5
Stephen Jones,MIA,1,40,50.3,6,39,21,1.07356,1.45129,4.65209
Brody Rodning,,3,28,32.7,5,33,19,1.37615,1.55963,4.95413
Luis Pacheco,,0,35,39.3,5,29,17,1.14504,1.42494,5.03817
Diego Castillo,,0,33,33,3,27,22,0.818182,1.69697,4.90909
Braxton Roxby,SFG,0,40,52.3,6,48,21,1.0325,1.31931,4.3021
Corbin Martin,CHC,4,34,52.3,7,48,28,1.20459,1.4914,4.81836
T.J. McFarland,,0,44,36.3,4,22,13,0.991736,1.4876,4.95868
Tyler Owens,DET,3,33,45.7,6,33,20,1.18162,1.46608,4.72648
Hobie Harris,BOS,1,33,39.3,5,31,21,1.14504,1.60305,5.03817
Austin Schulfer,PHI,1,32,40.7,5,29,18,1.10565,1.49877,5.086
Daniel Harper,PHI,0,33,36.3,5,30,17,1.23967,1.4876,5.20661
Tyler Santana,CHC,3,28,59.7,8,38,23,1.20603,1.44054,4.82412
Zach Peek,NYM,1,34,54.3,7,46,25,1.16022,1.43646,4.80663
Ryan Boyer,,0,32,47,7,40,16,1.34043,1.31915,4.59574
Nick Hernandez,ATH,0,45,48,7,49,23,1.3125,1.39583,4.6875
Davison Palermo,COL,0,39,54,7,40,24,1.16667,1.5,5
Yorlin Calderon,,2,37,58.3,7,44,20,1.08062,1.3036,4.63122
Ryan Och,SDP,0,39,46.7,5,41,25,0.963597,1.4561,4.62527
Patrick Weigel,COL,1,32,36.7,5,33,19,1.22616,1.55313,5.3951
Ryan Long,BAL,12,21,75.7,13,45,26,1.54557,1.43989,5.46896
Taylor Clarke,ARI,3,41,49.7,8,37,15,1.44869,1.36821,4.34608
Ryan Harbin,PIT,1,42,53.7,6,52,31,1.00559,1.48976,4.52514
J.B. Wendelken,,1,29,33,4,27,17,1.09091,1.51515,4.90909
Dylan Phillips,LAA,1,39,58,8,45,21,1.24138,1.39655,4.81034
Drew Smith,,0,41,38.7,6,39,18,1.39535,1.42119,4.65116
Matt Foster,,0,36,39,6,35,14,1.38462,1.35897,4.15385
CD Pelham,PIT,0,39,36.7,5,32,18,1.22616,1.49864,4.90463
Tyler Cleveland,SEA,6,31,59,9,45,20,1.37288,1.33898,4.72881
Jordan Marks,,2,30,42.7,6,28,16,1.26464,1.42857,4.84777
Adrian Sampson,,16,17,82,13,44,31,1.42683,1.57317,5.4878
Sam Weatherly,COL,1,34,43.3,6,40,23,1.24711,1.52425,5.1963
Alek Jacob,SDP,0,46,55.3,8,51,23,1.30199,1.33816,4.71971
Zach Jacobs,CLE,3,32,59,8,45,24,1.22034,1.35593,4.57627
Gunner Mayer,,4,32,51,6,48,29,1.05882,1.47059,4.76471
Jason Blanchard,,1,31,43.3,6,39,21,1.24711,1.47806,4.7806
Steven Wilson,TBR,0,51,49,8,47,23,1.46939,1.34694,4.77551
Eduardo Salazar,,4,45,64,7,47,31,0.984375,1.54688,4.92188
Yunior Marte,,0,41,39.7,6,35,18,1.3602,1.51134,5.44081
Kenyon Yovan,LAA,1,39,48.7,7,39,20,1.29363,1.41684,4.80493
Tyson Miller,,3,33,48.3,7,40,24,1.30435,1.49068,5.21739
Jack Ralston,MIA,0,34,48.3,6,51,30,1.11801,1.53209,4.47205
Mason Hickman,,2,26,42,6,38,22,1.28571,1.5,4.5
Jack Hartman,TBR,0,34,40.3,5,29,19,1.11663,1.48883,4.91315
Yaqui Rivera,BAL,0,34,45.7,5,43,24,0.984683,1.40044,4.72648
Ryan Miller,COL,0,34,46.3,7,33,17,1.36069,1.46868,5.054
Bryce Conley,NYM,16,19,86.7,16,63,34,1.6609,1.46482,5.60554
Julian Merryweather,MIN,0,41,38.7,5,38,22,1.16279,1.60207,4.88372
Tyler Zuber,MIA,1,36,42,6,38,21,1.28571,1.52381,4.92857
Kelvin Cáceres,LAA,1,32,42.7,5,40,24,1.05386,1.49883,4.84777
Hunter Hoopes,MIN,0,40,46,6,44,19,1.17391,1.32609,4.69565
Ryan Cardona,,17,21,83.7,13,53,45,1.39785,1.60096,6.02151
Chasen Shreve,,3,20,27.3,5,23,11,1.64835,1.50183,5.27473
Peyton Alford,SEA,0,38,48.3,6,46,23,1.11801,1.38716,4.47205
Spencer Bivens,SFG,1,39,63.7,8,46,22,1.1303,1.41287,4.37991
Albert Abreu,,1,29,37.3,5,33,22,1.20643,1.58177,5.30831
Nolan Hoffman,KCR,2,41,54.3,8,52,24,1.32597,1.43646,4.97238
Ben Bowden,ATH,0,39,43,6,38,22,1.25581,1.46512,4.60465
Matt Seelinger,NYM,0,36,47,7,42,22,1.34043,1.48936,4.97872
Shay Schanaman,ATL,0,31,39.3,4,30,18,0.916031,1.42494,4.80916
Tanner Rainey,DET,1,43,41.7,6,41,23,1.29496,1.48681,4.7482
Stefan Raeth,,1,39,47.3,6,38,17,1.14165,1.31078,4.5666
Tommy Romero,,9,18,64.3,10,46,31,1.39969,1.47745,5.17885
Devin Sweet,BOS,2,39,49.7,7,41,23,1.26761,1.48893,4.88934
Albert Suárez,,14,20,75.7,14,58,31,1.66447,1.5852,5.46896
Miguel Díaz,,1,44,48.3,6,39,21,1.11801,1.42857,4.47205
Luis Peralta,CHC,2,43,52.3,7,51,31,1.20459,1.54876,5.16252
Ryan Anderson,,0,33,42.7,5,31,18,1.05386,1.38173,5.05855
Wilking Rodríguez,,0,34,27.3,4,26,16,1.31868,1.53846,4.94506
Adam Plutko,,16,17,80,15,44,26,1.6875,1.5375,5.625
Manuel Mercedes,SFG,15,24,80.7,9,41,36,1.00372,1.54895,5.24164
Travis MacGregor,NYY,1,38,57,7,46,26,1.10526,1.40351,4.89474
Yency Almonte,LAD,0,36,35.3,5,31,17,1.27479,1.44476,5.35411
Caden Monke,KCR,0,39,51.7,5,44,30,0.870406,1.54739,4.70019
Sam Long,KCR,1,44,49.7,7,40,24,1.26761,1.48893,4.88934
Trevor Gott,,0,38,35.7,5,27,13,1.2605,1.45658,4.78992
Junior Fernández,,0,37,43.7,5,38,21,1.02975,1.48741,4.11899
Hayden Durke,,0,45,47.3,4,46,30,0.761099,1.47992,4.18605
Jonathan Brand,TEX,0,30,47,7,39,19,1.34043,1.3617,4.78723
Mark McLaughlin,,1,34,51,7,38,24,1.23529,1.4902,5.11765
Andrew Chafin,,0,50,40,5,41,27,1.125,1.7,4.95
Jason Ruffcorn,SEA,0,41,52.3,6,43,24,1.0325,1.41491,4.47419
Brian Metoyer,NYM,0,35,38.3,5,41,20,1.17493,1.40992,4.69974
Daniel Juarez,,0,30,40.7,5,32,18,1.10565,1.42506,4.86486
Ben Simon,NYM,0,34,46.3,6,38,18,1.16631,1.36069,4.85961
Guillo Zuñiga,NYM,0,39,43.7,5,38,20,1.02975,1.39588,4.53089
Kyle Nelson,,1,47,40,7,35,16,1.575,1.425,4.95
Aidan Anderson,CHW,1,32,46,6,33,19,1.17391,1.41304,5.08696
Bobby Milacki,,5,27,57.7,9,34,20,1.40381,1.43847,4.99133
Trey McGough,,1,24,43,6,35,22,1.25581,1.51163,5.02326
Ryan Shreve,,1,29,55.3,7,31,22,1.13924,1.5009,5.04521
Jacob Meador,,12,24,59.7,9,43,31,1.35678,1.55779,5.57789
A.J. Block,,1,30,45.3,6,40,22,1.19205,1.47903,5.16556
Jeisson Cabrera,BAL,0,33,39.3,5,38,22,1.14504,1.50127,4.80916
Michael Watson,STL,0,37,54,6,50,26,1,1.37037,4.66667
Nolan Clenney,,0,23,41,5,31,18,1.09756,1.46341,4.82927
Connor Staine,COL,20,21,84,15,50,37,1.60714,1.57143,6
Gabe Bierman,MIA,3,28,57,7,42,28,1.10526,1.52632,4.89474
Alaska Abney,,0,31,40,5,32,16,1.125,1.35,4.5
Kendall Graveman,,1,39,37,4,32,21,0.972973,1.56757,4.62162
Penn Murfee,,1,37,39,6,32,18,1.38462,1.46154,5.07692
Carlos Carrasco,,18,20,91,17,66,35,1.68132,1.63736,5.83517
Jimmy Burnette,,0,34,38,4,36,22,0.947368,1.47368,4.73684
Geison Urbaez,,5,23,48.3,6,29,24,1.11801,1.53209,5.21739
Sean Harney,ARI,4,24,39.3,5,28,18,1.14504,1.47583,4.58015
Easton Sikorski,CIN,0,28,52.7,8,42,23,1.36622,1.4611,5.29412
Jaden Woods,CHW,0,39,58,7,50,26,1.08621,1.43103,4.5
Austin Smith,COL,0,38,37.7,5,29,19,1.19363,1.56499,5.49072
Chase Costello,MIL,0,27,38.3,5,29,16,1.17493,1.40992,4.69974
Andrew Vasquez,,2,29,40.3,6,32,15,1.33995,1.41439,5.3598
Cole Ayers,,1,33,42.7,6,32,20,1.26464,1.47541,5.26932
Mark Manfredi,COL,3,35,53.7,7,50,29,1.17318,1.41527,4.86034
Nicholas Padilla,,1,34,41,5,35,24,1.09756,1.56098,5.04878
Chazz Martinez,KCR,0,43,60,7,49,27,1.05,1.41667,4.5
Tayler Scott,,0,39,42.7,5,37,22,1.05386,1.52225,4.637
Alonzo Richardson,,5,21,65.7,8,35,31,1.09589,1.55251,5.06849
Fineas Del Bonta-Smith,,1,24,37,5,24,15,1.21622,1.48649,4.86486
Luis Guerrero,TBR,0,40,49.3,6,44,26,1.09533,1.41988,4.74645
Devin Smeltzer,,12,20,70.3,12,42,27,1.53627,1.4936,5.24893
Ben Sears,KCR,0,37,54,7,36,18,1.16667,1.38889,4.83333
Jacob Webb,,2,29,50.7,7,40,25,1.2426,1.49901,4.97041
Zach Willeman,,9,17,52,7,26,26,1.21154,1.63462,5.53846
Sean Poppen,,1,28,37,4,30,19,0.972973,1.48649,4.86486
Luke Jackson,,0,43,42.3,5,37,21,1.06383,1.44208,4.46809
Ricardo Velez,,1,31,51.7,7,40,22,1.21857,1.39265,4.87427
Justin Yeager,TBR,0,44,46.3,6,40,23,1.16631,1.46868,4.66523
Jacob Bosiokovic,,0,31,37.3,5,33,19,1.20643,1.50134,4.82574
Jackson Lancaster,TBR,0,28,41.3,6,32,18,1.30751,1.45278,4.79419
Donovan Benoit,,1,20,44.7,6,34,23,1.20805,1.52125,5.63758
Alec Barger,,0,34,37.7,5,28,19,1.19363,1.59151,5.25199
John Curtiss,,1,41,48,7,35,15,1.3125,1.35417,4.5
Génesis Cabrera,,0,49,50.3,8,46,22,1.43141,1.39165,4.83101
Colten Brewer,,0,30,34.3,5,30,17,1.31195,1.48688,4.98542
Wyatt Mills,WSN,5,30,43,7,37,21,1.46512,1.48837,5.44186
Luis Contreras,,0,43,48.3,7,45,24,1.30435,1.42857,4.84472
Jarod Bayless,PIT,8,29,55.7,8,44,18,1.29264,1.31059,5.17056
Evan Justice,COL,1,35,35.3,4,30,23,1.01983,1.67139,5.09915
Tyler Matzek,,0,32,30,4,25,17,1.2,1.6,4.8
Nick Mikolajchak,,0,34,37,5,28,18,1.21622,1.48649,4.37838
Nick Anderson,,0,39,40,7,36,18,1.575,1.5,4.95
Gerald Ogando,BAL,0,33,46.3,6,40,20,1.16631,1.38229,4.66523
Rafael Montero,,0,48,45.3,6,40,26,1.19205,1.52318,4.96689
Jack Jasiak,CLE,0,32,59.7,8,44,20,1.20603,1.35678,4.52261
Luis Angel Rodriguez,,7,17,53.3,8,38,28,1.35084,1.53846,5.23452
Tyler Jay,MIL,0,31,37.7,5,28,16,1.19363,1.45889,4.77454
Alex Speas,,0,33,36.3,4,34,24,0.991736,1.57025,4.95868
Logan Boyer,,0,42,46.7,6,39,26,1.15632,1.54176,5.01071
Nicholas Regalado,,2,29,44.7,5,33,24,1.00671,1.52125,5.2349
Wade Miley,,16,16,69,13,38,29,1.69565,1.57971,6.13043
Sam Whiting,SEA,10,19,57,8,37,30,1.26316,1.5614,5.52632
Aaron Brooks,TBR,11,17,67.3,12,37,26,1.60475,1.61961,5.75037
Kevin Gowdy,,1,33,39.3,5,27,18,1.14504,1.50127,4.80916
Michael Tonkin,MIN,0,34,47.3,7,41,18,1.33192,1.39535,4.94715
Alejandro Torres,HOU,1,24,38,5,32,18,1.18421,1.39474,4.97368
Marquis Grissom Jr.,,0,38,44,6,33,18,1.22727,1.40909,4.90909
Jackson Kelley,CHW,1,29,40,6,34,19,1.35,1.475,5.175
Andrew Dalquist,SDP,6,33,53,7,41,31,1.18868,1.56604,5.09434
LJ McDonough,ATL,0,35,43.3,5,37,23,1.03926,1.52425,4.7806
Zach Bryant,TEX,0,27,39,5,29,18,1.15385,1.51282,5.07692
Randel Clemente,STL,0,36,46,5,46,29,0.978261,1.5,4.5
Dylan Heid,,0,26,38,5,32,21,1.18421,1.55263,4.97368
Tommy Mace,,17,23,89.3,13,58,46,1.31019,1.57895,5.03919
Nick Burdi,,0,36,38.7,5,40,21,1.16279,1.44703,4.88372
Nick Vespi,,0,35,40.3,6,32,18,1.33995,1.48883,5.13648
Jesse Chavez,,1,31,38.7,7,34,17,1.62791,1.55039,4.88372
Jonny Cuevas,TBR,2,28,51,7,30,23,1.23529,1.5098,5.11765
Woo-Suk Go,MIN,2,34,42,6,32,21,1.28571,1.54762,5.14286
Zac Leigh,CHC,0,38,42,5,37,22,1.07143,1.42857,4.71429
Wyatt Olds,BOS,4,32,63,7,56,36,1,1.49206,5.14286
Frankie Scalzo Jr.,CHC,2,31,44.3,6,34,21,1.21896,1.4447,4.87585
John McMillon,,0,37,41.3,6,43,27,1.30751,1.57385,5.01211
Hunter Parks,CIN,9,23,53.3,8,42,33,1.35084,1.61351,5.90994
Andrew Marrero,HOU,0,29,40.7,5,38,22,1.10565,1.44963,4.86486
Indigo Diaz,,0,38,43.3,5,35,22,1.03926,1.47806,4.3649
Grayson Thurman,,0,34,40,6,30,18,1.35,1.475,4.725
Tyler Vogel,SFG,0,35,52,6,40,23,1.03846,1.46154,4.5
Robinson Martínez,,0,30,36.3,5,33,19,1.23967,1.4876,4.95868
Justin Dunn,,13,18,59,9,45,32,1.37288,1.54237,5.49153
Buck Farmer,,0,43,46.3,7,39,23,1.36069,1.51188,5.24838
Parker Dunshee,,4,27,49,7,37,23,1.28571,1.53061,5.5102
Jeff Brigham,,1,31,35.3,6,39,19,1.52975,1.44476,4.84419
Chase Plymell,CHW,1,30,52.3,8,32,19,1.37667,1.47228,5.16252
Justin King,MIA,0,34,35,5,36,21,1.28571,1.54286,4.88571
Ryan Hendrix,,0,33,40,4,36,22,0.9,1.5,4.5
Jose Geraldo,SEA,0,32,41.3,5,33,19,1.08959,1.42857,5.01211
Bryce McGowan,COL,0,42,45.7,6,34,25,1.18162,1.61926,5.12035
Nick Morreale,,3,27,49,7,32,18,1.28571,1.46939,4.77551
Zane Russell,,0,41,45,6,37,22,1.2,1.46667,4.4
Joey Krehbiel,,0,37,45,6,28,18,1.2,1.48889,5
Ryan Middendorf,,0,35,42,5,31,18,1.07143,1.42857,4.92857
Kyle Bischoff,MIN,0,33,41.3,5,37,23,1.08959,1.50121,5.01211
Lenny Torres Jr.,,0,43,46,6,42,27,1.17391,1.52174,5.08696
Hunter Hayes,,1,29,55.3,7,38,23,1.13924,1.44665,4.88246
Brendan Cellucci,TOR,1,26,42.7,6,39,25,1.26464,1.52225,4.84777
Ivan Armstrong,,2,27,44.7,6,31,21,1.20805,1.49888,5.2349
Charlie Morton,,18,21,98.7,17,95,53,1.55015,1.57042,5.37994
Scott McGough,,1,35,42.3,8,37,20,1.70213,1.56028,5.74468
Mitchell Tyranski,,0,39,44.7,6,39,22,1.20805,1.4094,4.63087
Brandon Hughes,,1,35,42.3,7,40,18,1.48936,1.34752,4.68085
Tyler Bradt,STL,2,31,50.3,6,41,28,1.07356,1.53082,5.00994
Tommy Kahnle,,1,49,43.7,6,35,24,1.2357,1.53318,4.73684
J.P. Feyereisen,LAD,2,29,36.3,7,25,13,1.73554,1.4876,5.70248
Angel Perdomo,,0,30,30.7,4,31,21,1.17264,1.56352,5.27687
Michael Flynn,,1,31,35.7,5,33,17,1.2605,1.40056,5.04202
Joel Cesar,,0,25,33,5,25,15,1.36364,1.54545,5.18182
Logan Clayton,,12,18,62.7,9,35,28,1.29187,1.563,5.16746
Chris Stratton,,0,35,40.3,7,34,18,1.56328,1.53846,5.58313
Zane Morehouse,CLE,0,40,44.7,6,39,21,1.20805,1.43177,4.42953
Justin Garza,NYM,1,36,40.7,7,31,17,1.54791,1.49877,5.52826
Craig Kimbrel,KCR,0,49,42.3,6,47,26,1.2766,1.513,4.89362
Anthony Gose,KCR,0,37,37.7,6,40,20,1.43236,1.51194,4.29708
Keyshawn Askew,,3,30,47.7,5,37,29,0.943396,1.55136,5.28302
Tyler Baum,WSN,1,34,38.3,5,33,22,1.17493,1.56658,5.16971
Alan Busenitz,,1,30,38,7,26,15,1.65789,1.57895,5.92105
Ben Harris,,1,35,38.7,5,39,28,1.16279,1.60207,5.34884
Robert Kwiatkowski,,1,24,42.3,6,29,18,1.2766,1.46572,4.89362
Johnathan Lavallee,CIN,0,30,36.7,6,32,21,1.47139,1.58038,5.64033
Miguel Gomez,,4,20,30.7,5,23,18,1.4658,1.62866,5.86319
Michael Stryffeler,,0,32,36.7,5,31,19,1.22616,1.52589,4.6594
Ryder Ryan,LAD,2,36,53,8,39,24,1.35849,1.50943,5.26415
Austin Adams,,1,36,30.7,4,37,23,1.17264,1.62866,5.57003
Michael Martinez,,0,35,40.7,6,34,20,1.32678,1.44963,5.086
Taylor Floyd,CIN,0,38,51.7,8,41,22,1.39265,1.47002,5.5706
Nick Richmond,,0,27,33,4,23,16,1.09091,1.54545,5.18182
Antonio Menendez,ARI,0,33,45,5,35,21,1,1.44444,4.4
Héctor Neris,,0,44,37.7,6,35,22,1.43236,1.59151,5.49072
Brandon Johnson,KCR,1,43,56.7,9,48,25,1.42857,1.44621,4.92063
Sean Reynolds,,1,42,51.3,6,47,31,1.05263,1.50097,4.91228
Justin Anderson,,0,37,39,6,36,21,1.38462,1.5641,5.07692
Kaleb Bowman,MIL,0,34,42,6,33,18,1.28571,1.42857,4.92857
Joel Peguero,SFG,0,44,53,6,40,23,1.01887,1.43396,4.41509
Rodolfo Martinez,,0,31,35,5,28,18,1.28571,1.57143,4.88571
Tyler LaPorte,ATL,0,35,43.3,6,33,19,1.24711,1.47806,4.7806
Jacob Barnes,,0,35,36.3,6,25,17,1.4876,1.5978,5.45455
Shohei Tomioka,ATH,0,36,42.7,6,33,22,1.26464,1.54567,5.05855
Chad Green,,0,40,39.3,8,31,14,1.83206,1.45038,5.03817
Victor González,,0,37,39.3,5,29,20,1.14504,1.50127,5.03817
Holden Powell,WSN,0,41,45,5,36,25,1,1.51111,5
Landon Sims,ARI,1,40,46.3,6,41,25,1.16631,1.51188,4.66523
Thomas Farr,CIN,13,21,72,13,38,27,1.625,1.51389,6.125
Harold Chirino,,0,37,44.7,5,36,23,1.00671,1.47651,4.63087
Luke Young,WSN,5,31,58.7,9,37,22,1.3799,1.46508,5.51959
William Kempner,MIA,1,41,55.3,7,52,30,1.13924,1.44665,4.71971
J.C. Flowers,,2,24,42,5,28,24,1.07143,1.64286,4.92857
Raul Brito,,0,37,52.7,7,45,26,1.19545,1.48008,4.95256
Christian Suarez,LAD,0,39,53.7,7,47,33,1.17318,1.58287,5.02793
Arij Fransen,,3,24,51.7,8,34,26,1.39265,1.58607,6.09284
Austin Davis,,1,32,33.7,4,32,23,1.06825,1.63205,5.60831
Gerardo Gutierrez,,0,28,38,5,27,16,1.18421,1.47368,4.73684
Luarbert Arias,,1,31,46.3,6,33,21,1.16631,1.46868,5.054
Adam Tulloch,CLE,4,27,52.7,7,41,29,1.19545,1.537,4.95256
Jake Rice,,0,39,47,5,40,27,0.957447,1.55319,4.59574
Beck Way,KCR,5,34,62,7,42,33,1.01613,1.53226,5.22581
Jhosmer Alvarez,,0,27,38,4,26,20,0.947368,1.52632,4.73684
Elison Joseph,ATL,0,37,42.3,6,41,24,1.2766,1.48936,4.68085
Anderson Bido,,1,33,53,7,29,21,1.18868,1.49057,5.09434
Tyler Myrick,,0,38,49.3,6,30,18,1.09533,1.46045,4.74645
Nate Webb,,0,25,38.3,5,27,20,1.17493,1.56658,5.16971
Dylan Coleman,,0,37,36.7,4,37,29,0.980926,1.63488,5.3951
A.J. Puckett,,1,37,44,6,31,19,1.22727,1.47727,4.90909
Caleb Freeman,,0,40,44.3,6,37,25,1.21896,1.53499,4.87585
Kelvin Ramirez,LAD,0,41,46,7,39,25,1.36957,1.52174,5.08696
Lucas Gilbreath,COL,0,37,37.3,5,30,22,1.20643,1.6622,5.5496
Travis Kuhn,TOR,1,37,47.3,6,33,23,1.14165,1.47992,4.94715
Tyler Guilfoil,,5,32,68.7,10,58,36,1.31004,1.48472,4.97817
Austin Amaral,WSN,0,34,51.3,7,34,22,1.22807,1.48148,5.26316
Nathanael Heredia,,0,31,38.7,4,31,23,0.930233,1.52455,4.88372
Adonis Medina,,5,30,53,8,37,26,1.35849,1.58491,5.60377
Michael Hobbs,SEA,0,41,45.7,6,42,24,1.18162,1.46608,4.52954
Colton Johnson,,0,44,45.7,6,30,22,1.18162,1.53173,5.12035
Jesse Hahn,,0,36,36,5,26,18,1.25,1.61111,5.25
Carlos Romero,,0,35,46.7,6,36,24,1.15632,1.54176,5.01071
Andrew Schultz,STL,0,32,32,4,28,21,1.125,1.625,5.625
Jaydenn Estanista,WSN,0,33,38.7,5,33,25,1.16279,1.60207,5.5814
Jacob Wosinski,,1,34,48,7,34,21,1.3125,1.5,5.25
Evan Taylor,CHC,0,29,45.7,6,42,23,1.18162,1.40044,4.72648
Christian Chamberlain,KCR,0,40,42.7,5,41,28,1.05386,1.54567,4.84777
Jose Adames,,0,30,34.3,5,33,23,1.31195,1.63265,5.5102
Todd Peterson,,1,28,34.3,5,21,17,1.31195,1.63265,5.5102
Justin Kelly,,0,28,38.3,6,24,16,1.40992,1.51436,4.93473
Gerson Moreno,,0,36,39,5,38,25,1.15385,1.53846,4.84615
Conor Larkin,SEA,0,33,39.7,6,32,21,1.3602,1.51134,4.98741
Andrew Bechtold,PHI,0,36,37,6,34,23,1.45946,1.64865,5.35135
Jack Sinclair,WSN,1,45,54.3,7,42,27,1.16022,1.51013,4.97238
Kaleb Ort,LAA,0,42,40.3,7,38,22,1.56328,1.56328,5.3598
Jesus Cruz,,4,14,27.7,6,19,14,1.94946,1.66065,6.49819
Burch Smith,DET,0,32,33.7,6,28,16,1.60237,1.63205,5.60831
Helcris Olivárez,,3,27,36,4,36,27,1,1.58333,5.25
Tanner Dodson,,1,32,42,5,28,25,1.07143,1.66667,5.35714
Dan Hammer,NYM,2,26,39,5,32,27,1.15385,1.69231,5.76923
Chance Huff,WSN,4,32,53.7,8,33,26,1.34078,1.58287,5.36313
Garvin Alston,,0,30,39,5,24,20,1.15385,1.61538,5.30769
Conor Grammes,,1,30,35.7,4,33,24,1.0084,1.59664,4.78992
Sam Thoresen,,0,28,27.7,4,26,20,1.29964,1.62455,5.19856
Tyler Thornton,,0,29,35.3,5,36,21,1.27479,1.44476,4.84419
Clay Helvey,,0,30,43,6,35,24,1.25581,1.5814,5.02326
Dan Altavilla,,0,40,40.3,6,32,22,1.33995,1.56328,5.13648
Jose Cuas,KCR,0,36,36,5,33,22,1.25,1.61111,5.5
Kevin Kopps,,1,38,50.7,6,38,28,1.06509,1.55819,5.14793
Jordan Weems,,0,39,44,8,35,23,1.63636,1.59091,5.72727
Matt Merrill,,1,25,31.7,5,31,23,1.41956,1.67192,5.39432
Brett de Geus,,0,32,39,5,22,18,1.15385,1.58974,5.53846
Ian Villers,,0,33,49.3,6,30,20,1.09533,1.46045,4.74645
Pedro Santos,,1,35,36.7,5,34,28,1.22616,1.68937,5.3951
Jonathan Hughes,,0,26,35.7,5,23,17,1.2605,1.56863,5.29412
Shawn Rapp,,0,26,32.7,4,23,18,1.10092,1.52905,4.95413
Zack Weiss,,0,31,44.3,7,40,23,1.42212,1.53499,5.07901
Alfred Morillo,ARI,0,39,51,6,42,26,1.05882,1.47059,4.58824
Cayne Ueckert,,0,31,34,5,31,20,1.32353,1.55882,5.02941
Hunter Strickland,,0,39,39,6,28,20,1.38462,1.58974,5.53846
Railin Perez,HOU,0,36,55,7,50,30,1.14545,1.45455,4.74545
Tanner Kiest,,0,26,34.3,6,28,18,1.57434,1.6035,5.77259
Gil Luna,,0,32,33.7,4,30,26,1.06825,1.69139,5.60831
Michael Gomez,,1,29,42.3,5,31,22,1.06383,1.513,5.10638
Nate Savino,ARI,3,29,57.3,6,38,32,0.942408,1.58813,4.86911
Kelvin Bautista,,0,37,43.3,5,33,29,1.03926,1.68591,5.40416
Erasmo Ramírez,,1,31,44.3,8,30,15,1.62528,1.51242,5.07901
Edwin Núñez,,5,29,48.3,6,36,27,1.11801,1.53209,5.40373
Dylan Hecht,,0,38,36.7,5,29,19,1.22616,1.55313,4.90463
Leonardo Taveras,,2,29,44.3,6,37,27,1.21896,1.60271,5.28217
Carson Rudd,,3,23,45.7,8,31,26,1.57549,1.64114,6.10503
Ryan Sublette,LAD,1,34,47,7,42,30,1.34043,1.59574,5.55319
Landon Tomkins,PIT,0,41,46.7,6,31,20,1.15632,1.47752,4.81799
Erick Mejia,WSN,0,38,38,5,32,28,1.18421,1.76316,5.68421
Cole Hillier,SFG,0,29,55,7,40,26,1.14545,1.50909,4.90909
Natanael Garabitos,,0,31,34.3,4,24,23,1.04956,1.66181,5.5102
Ricky DeVito,,1,25,35.3,4,31,26,1.01983,1.67139,5.35411
Jordan Holloway,,0,27,27.3,4,27,23,1.31868,1.79487,5.27473
Bryan Shaw,,0,32,32,4,23,20,1.125,1.6875,5.625
Rich Hill,,17,18,77.7,16,61,40,1.85328,1.63449,6.02317
Michael Mariot,,11,18,64.3,12,38,23,1.67963,1.55521,5.59876
Brooks Crawford,,0,26,43.7,8,31,21,1.6476,1.57895,5.97254
Eli Saul,,1,47,54.3,6,37,27,0.994475,1.51013,4.64088
Jorge Juan,,0,28,35.7,5,32,23,1.2605,1.59664,5.29412
Ethan Routzahn,SDP,0,38,47.3,7,31,20,1.33192,1.47992,5.13742
Roman Phansalkar,,0,29,37,6,27,20,1.45946,1.59459,5.83784
Samuel Vásquez,MIA,0,37,43,6,31,26,1.25581,1.65116,5.23256
Zach Barnes,,0,27,37,5,24,20,1.21622,1.62162,5.10811
Lucas Sims,CHW,0,43,37.7,5,35,29,1.19363,1.67109,6.2069
Marlin Willis,,0,22,29.7,4,26,25,1.21212,1.81818,6.06061
Jake Smith,,1,30,42.3,5,33,32,1.06383,1.74941,5.74468
Livan Reinoso,,0,31,42.7,5,31,30,1.05386,1.68618,5.48009
Endrys Briceno,,0,22,32.7,6,23,20,1.65138,1.74312,6.33028
Jorge Benitez,,0,32,40.7,6,33,27,1.32678,1.62162,5.97052
Koyo Aoyagi,,4,17,24.3,4,16,28,1.48148,2.26337,8.14815
Casey Kelly,ARI,15,18,84.3,16,42,34,1.70818,1.6726,5.5516