Name,Team,GS,G,IP,HR,SO,BB,HR/9,WHIP,ERA
Tarik Skubal,LAD,29,29,181,17,210,32,0.845304,1,2.78453
Paul Skenes,PIT,33,33,187,17,203,43,0.818182,1.02674,2.83957
Garrett Crochet,BOS,27,27,162.7,17,189,41,0.940381,1.13092,3.04241
Logan Webb,SFG,28,28,181.3,15,163,38,0.744622,1.16382,3.27634
Yoshinobu Yamamoto,LAD,26,26,164.7,19,170,40,1.03825,1.04432,3.49727
Cristopher Sánchez,PHI,27,27,164.7,16,153,38,0.874317,1.1779,3.44262
Hunter Brown,HOU,26,28,162.7,16,167,51,0.885065,1.16165,3.15304
Hunter Greene,CIN,26,26,151.3,19,166,43,1.1302,1.0575,3.74752
Dylan Cease,TOR,27,27,151.3,18,166,54,1.07072,1.22274,3.74752
Bryan Woo,SEA,25,26,155.7,19,152,30,1.09827,1.03404,3.3526
Andrew Abbott,CIN,27,27,153,19,134,43,1.11765,1.26797,4
Jesús Luzardo,PHI,26,26,153.7,20,160,45,1.17111,1.21015,4.09889
Cole Ragans,KCR,22,24,123.7,13,143,42,0.945837,1.18836,3.78335
MacKenzie Gore,TEX,27,27,149.3,16,159,53,0.964501,1.24581,3.97857
Chase Burns,CIN,21,27,109.7,13,119,27,1.06655,1.10301,3.77393
Spencer Schwellenbach,ATL,22,22,142,17,135,25,1.07746,1.07042,3.42254
Shane McClanahan,TBR,22,22,128.3,15,127,35,1.05222,1.16134,3.43726
George Kirby,SEA,26,26,145,17,135,27,1.05517,1.12414,3.72414
Max Fried,NYY,25,25,151.7,16,130,44,0.949242,1.2261,3.73764
Spencer Strider,ATL,25,26,142,18,161,43,1.14085,1.17606,3.92958
Kris Bubic,LAD,21,25,118.3,10,115,40,0.760778,1.26796,3.57565
Ranger Suarez,BOS,24,25,139,14,116,43,0.906475,1.33094,3.7554
Pablo López,MIN,24,24,137,16,128,36,1.05109,1.23358,3.94161
Jack Leiter,TEX,26,26,141.3,16,128,50,1.01911,1.20311,4.01274
Taj Bradley,MIN,26,26,143.3,17,130,45,1.06769,1.22819,4.08234
Zebby Matthews,MIN,22,23,119,15,118,29,1.13445,1.21008,3.93277
Robby Snelling,MIA,25,25,130.3,14,120,41,0.966999,1.22794,3.72985
Logan Gilbert,SEA,25,26,144.3,19,146,36,1.18503,1.12266,3.61746
Bubba Chandler,PIT,25,27,130,13,120,43,0.9,1.19231,3.73846
Jonah Tong,NYM,26,27,126.7,15,134,45,1.06551,1.20758,3.90687
Joe Ryan,MIN,24,24,137.3,20,139,33,1.311,1.15076,3.99854
Trey Yesavage,TOR,27,30,120.7,12,120,44,0.89478,1.16819,3.65369
Kyle Bradish,BAL,22,22,109.7,11,106,36,0.902461,1.22151,3.69189
Eury Pérez,MIA,27,27,117.3,14,112,36,1.07417,1.14237,3.91304
Brandon Pfaadt,ARI,26,26,147,18,130,32,1.10204,1.19728,4.10204
Cam Schlittler,NYY,25,27,130,16,127,42,1.10769,1.20769,4.01538
Tanner Bibee,CLE,25,25,150.7,20,134,41,1.19443,1.19443,3.76244
Gage Jump,ATH,24,26,112.7,12,101,31,0.958296,1.17125,3.83319
Simeon Woods Richardson,TOR,23,25,124.7,15,112,41,1.0826,1.25902,4.0417
Freddy Peralta,TBR,27,27,139.7,19,143,50,1.22405,1.23121,3.99427
José Soriano,TOR,22,28,134.7,11,122,56,0.734967,1.32146,4.00891
Logan Henderson,MIL,24,25,112,15,111,32,1.20536,1.14286,3.85714
Michael McGreevy,STL,26,27,146.3,16,106,33,0.984279,1.20984,3.81408
Cristian Mena,ARI,20,23,108.3,11,100,35,0.914127,1.2096,3.57341
Payton Tolle,BOS,22,29,111.7,14,111,30,1.12802,1.15488,3.8675
Gavin Williams,CLE,26,26,141.7,17,138,51,1.07975,1.235,3.62032
Brandon Sproat,MIL,24,25,121.7,13,109,41,0.96138,1.21611,3.99343
Reid Detmers,LAA,17,39,115,13,126,38,1.01739,1.1913,3.9913
Connelly Early,WSN,22,25,111,12,109,36,0.972973,1.21622,3.89189
Grayson Rodriguez,LAA,21,21,108.3,13,110,36,1.08033,1.24654,4.07202
Brayan Bello,BOS,26,27,146.7,16,122,49,0.981595,1.29516,4.04908
Cade Horton,CHC,24,25,122.7,14,107,34,1.02689,1.11654,3.74083
Corbin Burnes,ARI,22,22,137.3,14,119,42,0.917698,1.20903,3.47414
Framber Valdez,DET,23,23,144,15,118,50,0.9375,1.31944,3.9375
Jacob Misiorowski,MIL,22,25,116,14,132,43,1.08621,1.15517,3.80172
Roki Sasaki,LAD,18,27,108.7,14,119,35,1.15915,1.18675,4.05704
Braxton Ashcraft,PIT,17,32,112,11,100,30,0.883929,1.20536,3.53571
Kumar Rocker,TEX,24,25,109.3,12,101,31,0.988106,1.20769,3.95242
Trevor Rogers,BAL,23,23,126,15,106,38,1.07143,1.28571,4.07143
Yordanny Monegro,BOS,27,29,109,11,96,35,0.908257,1.22936,3.88073
Lucas Braun,KCR,23,24,127.3,15,108,34,1.06049,1.2176,3.95915
Ethan Pecko,HOU,22,28,109,12,101,35,0.990826,1.22018,3.63303
Sandy Alcantara,MIA,22,22,139.7,16,108,38,1.03078,1.23837,4.18754
Elmer Rodríguez,NYY,23,24,127.7,15,110,45,1.05717,1.23727,4.15818
Luis Garcia,NYY,22,23,105.3,14,100,31,1.19658,1.19658,3.93162
Cade Povich,BAL,22,24,121.7,15,115,41,1.10929,1.28184,4.14133
David Festa,MIN,21,23,106,13,104,35,1.10377,1.26415,4.16038
Ben Brown,CHC,15,24,101.3,11,107,33,0.977295,1.19447,3.90918
Reese Olson,DET,23,23,118.3,14,109,39,1.06509,1.23415,4.03212
Didier Fuentes,ATL,26,26,113,13,102,35,1.0354,1.21239,4.06195
Justin Steele,CHC,22,22,123,14,109,35,1.02439,1.22764,3.65854
Drew Rasmussen,TBR,26,27,127.3,16,101,33,1.13119,1.19403,3.81775
Andrew Morris,MIN,20,22,107,11,86,29,0.925234,1.24299,3.86916
Luis Morales,ATH,20,28,117.3,14,103,40,1.07417,1.22762,3.98977
Andrew Painter,PHI,24,24,114,15,114,41,1.18421,1.26316,4.26316
Nolan McLean,NYM,24,26,140.3,16,134,48,1.02637,1.22594,3.91304
Konner Eaton,COL,23,24,121.7,13,100,42,0.96138,1.32293,4.43714
Blake Snell,LAD,22,22,111.7,14,132,53,1.12802,1.32498,4.02865
AJ Smith-Shawver,ATL,26,26,110.3,12,112,39,0.979148,1.24207,3.6718
Brady Singer,CIN,27,27,143,21,131,47,1.32168,1.32168,4.59441
Shane Smith,CHW,26,26,132.3,16,121,45,1.08844,1.20937,4.08163
Kyle Harrison,MIL,23,27,112.7,14,121,39,1.11801,1.189,3.91304
Matthew Liberatore,STL,21,28,123.7,13,104,34,0.945837,1.21261,3.92886
Nick Lodolo,CIN,23,24,125.3,17,122,34,1.22107,1.21309,4.45331
Shane Baz,BAL,25,25,130.7,17,123,43,1.17062,1.24713,4.20046
Mitch Bratt,ARI,22,23,116,13,100,30,1.00862,1.18966,3.64655
Ryan Johnson,LAA,14,31,86,9,80,26,0.94186,1.23256,3.87209
Leandro Lopez,TEX,25,26,105,11,99,41,0.942857,1.27619,4.02857
Noah Cameron,KCR,25,25,131.7,17,111,38,1.16173,1.24525,3.96355
Luis Perales,WSN,30,30,101.7,9,104,44,0.79646,1.2881,3.9823
Thomas White,MIA,26,26,111.7,11,110,46,0.886303,1.27126,3.8675
Mick Abel,MIN,24,26,123.3,14,115,44,1.0219,1.26521,4.08759
Will Warren,NYY,25,26,130,17,124,45,1.17692,1.26923,4.36154
Justin Wrobleski,LAD,15,31,114.3,14,107,34,1.10236,1.2161,4.17323
John Holobetz,BOS,17,21,112,12,84,31,0.964286,1.25893,4.09821
Chase Petty,CIN,24,25,115.3,13,87,44,1.01474,1.34432,4.76149
Jose Corniell,TEX,35,36,102.7,12,97,29,1.05161,1.1295,4.03116
Quinn Priester,MIL,21,26,135,16,116,42,1.06667,1.22222,3.93333
Rhett Lowder,CIN,23,23,112.7,14,89,32,1.11801,1.24224,4.39219
Bryce Elder,ATL,25,25,139.7,16,118,45,1.03078,1.28848,4.31639
Bryce Miller,SEA,21,21,114.7,14,100,33,1.09852,1.17698,3.92328
Jared Jones,PIT,20,20,107,11,94,35,0.925234,1.24299,3.78505
Mitchell Parker,WSN,22,25,130,14,95,46,0.969231,1.35385,4.43077
TJ Nichols,TBR,20,22,109.7,13,89,29,1.06655,1.20328,4.18414
Chen Zhong-Ao Zhuang,ATH,19,22,115.3,15,89,27,1.17086,1.2229,4.21509
Tekoah Roby,STL,23,23,111,13,94,29,1.05405,1.1982,3.81081
Ryan Pepiot,TBR,23,23,129.7,18,120,44,1.24904,1.21049,4.02467
Zack Wheeler,PHI,20,20,120.3,16,113,37,1.19701,1.27182,4.0399
Tyler Glasnow,LAD,20,21,103,14,113,39,1.2233,1.23301,4.1068
Tyson Hardin,MIL,23,23,106.7,13,92,29,1.09653,1.19025,3.96439
Mitch Keller,PIT,24,24,136,17,113,41,1.125,1.30882,4.16912
Robert Gasser,MIL,20,23,100.3,12,95,32,1.07677,1.22632,4.03789
Bailey Ober,MIN,23,23,126,20,107,31,1.42857,1.26984,4.35714
David Peterson,CHC,22,23,126.7,12,110,52,0.852407,1.41279,4.33307
Drew Rom,ATH,21,22,103,11,99,37,0.961165,1.23301,3.93204
Jaron DeBerry,MIL,19,22,105.7,12,90,30,1.02176,1.20151,4.00189
Chris Sale,ATL,20,21,113.7,15,122,36,1.18734,1.31047,3.79947
Shane Bieber,TOR,20,20,109,14,93,28,1.15596,1.23853,3.9633
Ben Hess,NYY,24,24,109,13,104,42,1.07339,1.23853,4.21101
Jack Flaherty,DET,23,24,125,18,130,45,1.296,1.304,4.392
Jedixson Paez,BOS,16,24,95.7,11,76,23,1.03448,1.20167,4.04389
Chad Patrick,MIL,21,27,123.7,18,117,39,1.30962,1.23686,4.29264
Parker Messick,CLE,23,24,118.3,14,111,37,1.06509,1.2257,3.72781
Emmet Sheehan,LAD,17,24,88,11,95,30,1.125,1.15909,4.09091
Adam Mazur,MIA,21,23,114.7,13,86,32,1.02005,1.26417,4.08021
Jonathan Cannon,CHW,20,24,121,15,92,38,1.1157,1.30579,4.46281
Tink Hence,STL,29,29,106.3,11,96,40,0.931326,1.26999,3.89464
David Davalillo,TEX,23,24,107.7,12,89,33,1.00279,1.21634,4.17827
K.C. Hunt,TBR,22,24,106.7,13,95,34,1.09653,1.22774,4.04873
Aaron Nola,PHI,20,20,118.7,19,111,31,1.44061,1.28054,4.62511
Kendry Rojas,MIN,26,27,105.7,11,95,38,0.936613,1.29612,4.00189
Connor Prielipp,MIN,29,30,102.7,11,95,36,0.963973,1.2853,3.94352
Mason Barnett,ATH,23,25,121,14,103,47,1.04132,1.33058,4.31405
Carlos Rodriguez,MIL,18,23,105.3,12,97,40,1.02564,1.26306,4.18803
Jack Wenninger,NYM,20,22,114.3,13,96,37,1.02362,1.27734,4.25197
Khal Stephen,CLE,22,23,108,13,90,31,1.08333,1.22222,3.91667
Brendan Beck,NYY,21,23,109.3,14,85,28,1.15279,1.21683,4.28179
Coleman Crow,MIL,21,22,105,12,89,29,1.02857,1.19048,3.94286
Hurston Waldrep,ATL,23,24,127,14,113,46,0.992126,1.27559,4.03937
Jacob Lopez,ATH,17,23,102.7,13,108,40,1.13924,1.27556,4.03116
Troy Melton,DET,19,28,103.7,13,88,29,1.12825,1.22469,3.99229
Mike Burrows,HOU,22,27,110.7,15,108,36,1.21951,1.21048,3.82114
Carmen Mlodzinski,PIT,13,37,101,9,86,33,0.80198,1.26733,3.56436
Joey Cantillo,CLE,18,32,105,12,112,43,1.02857,1.27619,3.6
Caden Dana,LAA,21,22,117,14,109,43,1.07692,1.25641,4.30769
Michael Forret,BAL,24,28,107.3,12,92,36,1.00652,1.2302,4.10997
Noah Schultz,CHW,26,26,108,11,97,43,0.916667,1.31481,4.25
Braxton Garrett,CHC,20,20,102,12,86,26,1.05882,1.22549,3.97059
Louis Varland,TOR,12,44,102,12,96,29,1.05882,1.18627,3.61765
Edward Cabrera,CHC,23,23,117.7,14,118,43,1.07052,1.19796,3.89975
Hagen Smith,CHW,29,29,108,11,102,45,0.916667,1.28704,4.33333
Carson Whisenhunt,SFG,22,22,110.7,12,89,37,0.97561,1.30081,4.06504
R.J. Gordon,NYM,18,23,112.7,13,95,37,1.03815,1.25998,4.31233
Daniel Espino,CLE,23,23,100,12,111,47,1.08,1.33,3.78
Juaron Watts-Brown,BAL,23,23,109.3,13,101,41,1.07045,1.29918,4.28179
Blake Money,BAL,15,23,102.7,12,86,30,1.05161,1.24635,4.20643
Logan Allen,CLE,22,23,125.7,16,104,47,1.14558,1.36834,4.22434
Jordan Wicks,CHC,19,27,95,11,84,28,1.04211,1.23158,3.88421
Blade Tidwell,SFG,18,23,103.7,11,92,39,0.954677,1.33076,3.99229
Antwone Kelly,PIT,25,25,106.7,11,82,37,0.927835,1.31209,3.96439
Mitch Farris,LAA,20,22,113,14,106,43,1.11504,1.32743,4.46018
Daniel Eagen,STL,23,23,112.3,12,96,42,0.96171,1.28228,3.7667
Santiago Suarez,TBR,23,23,108.3,14,81,30,1.16343,1.24654,4.32133
Brandon Woodruff,MIL,21,21,101.7,16,102,31,1.41593,1.23894,4.15929
Nestor German,BAL,21,23,107.7,14,94,34,1.16992,1.2442,4.26184
Jackson Ferris,LAD,22,23,118,14,103,46,1.0678,1.31356,4.5
Casey Mize,SDP,23,23,114.7,15,96,35,1.17698,1.30776,4.23714
JR Ritchie,ATL,22,22,117,14,106,38,1.07692,1.21368,4.07692
George Klassen,LAA,23,23,107.7,13,98,39,1.08635,1.28134,4.26184
Ty Johnson,TBR,18,25,100.3,12,96,33,1.07677,1.19641,4.03789
Jack Perkins,ATH,15,23,94,10,95,38,0.957447,1.24468,3.92553
Hunter Barco,PIT,24,29,99.3,11,94,39,0.996979,1.30916,3.98792
Ian Seymour,TBR,17,26,110,15,103,31,1.22727,1.2,4.17273
Joe Boyle,TBR,21,25,109,12,116,53,0.990826,1.3211,4.04587
Henry Baez,ATH,24,24,109.7,11,80,36,0.902461,1.27621,4.1021
Jonathan Santucci,NYM,22,24,109.3,13,95,38,1.07045,1.26258,4.19945
Kade Morris,ATH,24,25,127.7,15,90,37,1.05717,1.27643,4.29914
Gavin Stone,LAD,19,20,102.7,13,87,35,1.13924,1.31451,4.46933
Chase Dollander,COL,23,23,109.3,13,94,41,1.07045,1.32662,4.61116
Pierson Ohl,COL,11,29,95.7,13,75,16,1.22257,1.23302,4.04389
Kevin Gausman,CHC,22,22,124,19,111,40,1.37903,1.3629,4.35484
Duncan Davitt,ATL,22,24,116.3,15,89,34,1.16079,1.29837,4.48839
Mason Miller,SDP,0,57,62.3,6,100,22,0.866774,0.94703,2.45586
Joe Rock,ATH,15,27,104.3,11,87,34,0.949185,1.28476,3.96932
Will Dion,WSN,16,26,97,10,79,31,0.927835,1.29897,3.89691
Quinn Mathews,STL,24,24,104.3,10,103,49,0.862895,1.34228,3.96932
Austin Peterson,CLE,22,23,117.3,15,86,28,1.1509,1.2532,4.14322
Jacob deGrom,TEX,21,21,115,19,111,33,1.48696,1.21739,4.14783
Ryan Weathers,NYY,19,21,102.7,12,92,37,1.05161,1.27556,4.29406
DJ Herz,WSN,24,24,101.3,10,100,48,0.88845,1.35242,4.08687
Jarlin Susana,WSN,26,26,105,10,93,46,0.857143,1.33333,4.28571
Sean Sullivan,COL,21,21,106.7,14,80,31,1.18088,1.2746,4.63918
Carlos Lagrange,NYY,21,22,109.3,13,109,48,1.07045,1.26258,4.36414
Zac Thornton,NYM,21,22,103,11,80,30,0.961165,1.24272,4.19417
Shohei Ohtani,LAD,20,20,104.3,15,117,42,1.29434,1.17929,3.88303
Wilber Dotel,PIT,24,24,112,12,88,38,0.964286,1.30357,4.09821
Will Watson,NYM,21,26,106.7,11,94,43,0.927835,1.30272,4.38613
Braxton Bragg,BAL,20,23,101.7,13,89,29,1.15044,1.22911,4.0708
Clarke Schmidt,NYY,18,21,98.3,12,89,37,1.09868,1.32248,4.30315
Jackson Kent,WSN,22,22,110.3,13,91,38,1.06074,1.29646,4.48776
Tanner McDougal,CHW,26,26,106,12,92,42,1.01887,1.33962,4.41509
Gabriel Hughes,COL,23,23,104,12,72,34,1.03846,1.35577,4.5
Nick Dean,CHC,22,23,99.7,12,82,30,1.08325,1.24373,4.06219
Hayden Birdsong,SFG,18,25,102.7,11,98,42,0.963973,1.2853,4.11879
Trey Gibson,BAL,21,24,108.3,13,96,35,1.08033,1.2373,4.23823
Dustin May,MIL,17,19,108,11,91,37,0.916667,1.23148,4.08333
Landen Roupp,SFG,19,23,102.3,10,95,39,0.879765,1.30987,3.78299
Tyler Uberstine,ATL,18,22,101,12,89,35,1.06931,1.32673,4.18812
Clay Holmes,CHC,19,23,112,10,86,42,0.803571,1.42857,4.17857
Jacob Miller,MIA,21,22,111.3,11,78,39,0.889488,1.32974,4.28571
Patrick Sandoval,BOS,19,19,96.3,9,83,44,0.841121,1.47456,4.20561
Ryan Gallagher,MIN,21,21,108.3,14,88,34,1.16343,1.29271,4.48753
Jaxon Wiggins,CHC,25,26,101.3,10,90,45,0.88845,1.31293,4.08687
Sean Burke,CHW,19,24,113.7,16,108,46,1.26649,1.33685,4.35356
Zack Littell,ARI,22,25,129,20,93,28,1.39535,1.30233,4.39535
Cody Bradford,TEX,18,23,97.3,13,77,23,1.20247,1.20247,4.34738
Sem Robberse,STL,19,20,103.3,11,80,33,0.958374,1.28751,4.00774
Drew Anderson,DET,20,22,113,17,119,42,1.35398,1.31858,4.46018
Sawyer Gipson-Long,DET,17,23,95,12,78,25,1.13684,1.25263,4.26316
Ryan Weiss,HOU,19,22,119,16,114,44,1.21008,1.30252,4.23529
Cade Cavalli,WSN,22,22,102,11,88,36,0.970588,1.30392,4.32353
Ben Kudrna,KCR,20,22,103.3,10,80,40,0.871249,1.33591,4.35624
Keider Montero,DET,19,26,113.3,14,91,36,1.11209,1.27096,4.21006
Grant Taylor,CHW,8,50,62.7,5,66,20,0.717703,1.18022,3.44498
Steven Zobac,KCR,22,23,100.7,12,77,28,1.07249,1.2711,4.46872
Ixan Henderson,STL,21,22,109,11,87,41,0.908257,1.3211,4.04587
Shane Murphy,CHW,19,23,105.7,15,70,22,1.2772,1.24882,4.42763
Colton Gordon,MIL,20,24,111,16,93,33,1.2973,1.2973,4.21622
Yorman Gómez,CLE,14,23,103.3,11,85,36,0.958374,1.27783,3.92062
Blake Wehunt,BOS,25,25,99.3,11,82,36,0.996979,1.32931,4.25982
Will Sanders,CHC,20,23,108.3,12,91,35,0.99723,1.22807,4.15512
Angel Bastardo,BOS,21,21,102,12,89,42,1.05882,1.33333,3.97059
Josh Stephan,TOR,19,21,103.3,12,75,29,1.0455,1.24879,4.44337
Tanner Gordon,COL,21,21,104.7,17,76,25,1.46132,1.36581,4.98567
Fernando Perez,TOR,24,24,111,14,78,32,1.13514,1.25225,4.2973
Grant Rogers,TOR,22,22,119.3,14,73,30,1.05616,1.2741,4.45096
Cade Smith,CLE,0,67,68.3,5,87,21,0.658858,1.03953,2.89897
Tylor Megill,NYM,21,21,97,12,101,43,1.1134,1.39175,4.36082
Johan Oviedo,BOS,20,22,99.3,12,93,42,1.08761,1.33938,4.16918
Max Meyer,MIA,22,22,102,13,91,34,1.14706,1.29412,4.05882
Mason Montgomery,PIT,11,44,83,8,89,31,0.86747,1.24096,3.57831
Andrew Alvarez,WSN,21,23,112.7,13,84,42,1.03815,1.39308,4.39219
Winston Santos,TEX,23,23,103,12,81,30,1.04854,1.21359,4.45631
Riley Gowens,CHW,21,21,107.3,15,95,38,1.25815,1.32339,4.52936
Christian Scott,NYM,22,22,99.7,13,88,29,1.17352,1.24373,4.333
Zac Gallen,ARI,25,25,145.7,20,126,46,1.23542,1.2766,3.95333
Brycen Mautz,STL,24,24,107.7,12,90,37,1.00279,1.29062,4.17827
Tate Kuehner,MIL,21,22,100,10,95,47,0.9,1.36,4.05
Sonny Gray,BOS,21,21,117.3,18,110,39,1.38107,1.40665,4.52685
Chris Campos,LAD,19,23,105.3,15,82,28,1.28205,1.27255,4.70085
Joander Suarez,NYM,19,23,102.3,13,82,28,1.14369,1.28055,4.31085
Drew Thorpe,CHW,19,19,103.3,14,79,34,1.21975,1.31655,4.35624
Foster Griffin,CLE,16,19,97,13,88,29,1.20619,1.29897,4.45361
Andre Pallante,STL,21,28,120.3,11,84,44,0.822943,1.35495,4.18953
Tyler Stuart,WSN,21,21,101,11,78,35,0.980198,1.34653,4.27723
Joey Estes,ATH,20,21,105,14,74,28,1.2,1.2381,4.45714
Jake Brooks,COL,21,22,104.3,12,62,27,1.03547,1.35187,4.65964
Luis De León,BAL,21,24,101.3,10,85,42,0.88845,1.34255,4.17572
Eduardo Rivera,BOS,16,23,92.7,9,86,42,0.873786,1.33765,4.17476
Jhancarlos Lara,WSN,18,34,83.3,7,95,40,0.756302,1.28451,3.67347
Josh Hartle,WSN,23,23,107,11,84,37,0.925234,1.28037,4.03738
Ryne Nelson,ARI,19,25,121.3,16,97,33,1.18714,1.22836,3.9324
Dean Kremer,MIN,22,23,124.3,18,101,40,1.3033,1.34352,4.41673
Kohl Drake,ARI,21,23,101.3,12,93,35,1.06614,1.28332,3.90918
J.T. Ginn,ATH,19,23,100.3,13,96,37,1.1665,1.29611,4.39681
Thomas Harrington,PIT,21,23,105.3,12,81,31,1.02564,1.27255,4.10256
Michael King,SDP,18,19,101.3,15,102,39,1.33268,1.3228,4.08687
Connor Noland,CHC,19,23,112,13,81,35,1.04464,1.29464,4.09821
Janson Junk,MIA,17,22,104.7,14,73,23,1.20344,1.29895,4.46991
Logan Evans,SEA,21,24,109,12,85,33,0.990826,1.25688,4.04587
Mason Black,KCR,21,25,104,12,85,42,1.03846,1.36538,4.5
Ryan Gusto,MIA,16,23,95.3,11,78,35,1.03882,1.37461,4.43861
Alex Clemmey,WSN,24,24,108.7,11,95,53,0.910764,1.40754,4.47102
Ricky Tiedemann,TOR,31,31,92,9,92,43,0.880435,1.27174,4.01087
Griffin Jax,TBR,1,62,60.3,5,74,17,0.746269,1.09453,3.13433
Jhoan Duran,PHI,0,64,65.3,4,75,20,0.551302,1.08729,2.75651
Slade Cecconi,CLE,20,24,115.7,17,97,28,1.32239,1.21003,4.12273
Yu-Min Lin,ARI,23,23,109.3,10,85,42,0.823422,1.34492,3.95242
Logan Workman,TBR,21,22,112.7,16,86,33,1.27773,1.29547,4.55191
Brody Hopkins,TBR,24,24,107,12,93,43,1.00935,1.29907,4.28972
Dax Fulton,MIA,20,21,101.7,10,84,44,0.884956,1.38643,4.24779
Jake Bennett,BOS,25,25,99,11,68,30,1,1.32323,4.36364
Braden Nett,ATH,23,24,98.7,10,83,44,0.911854,1.39818,4.3769
AJ Blubaugh,HOU,18,26,106.7,14,97,41,1.18088,1.29335,4.13308
Dylan Ray,ARI,22,22,111.3,12,84,37,0.97035,1.32075,4.12399
Jaden Hamm,DET,25,25,104,12,78,36,1.03846,1.31731,4.5
Brian Van Belle,TBR,14,21,92,13,63,21,1.27174,1.31522,4.40217
Moisés Chace,PHI,19,29,93.3,10,90,43,0.96463,1.32905,4.34084
Adam Kloffenstein,NYY,19,22,100.3,11,83,39,0.987039,1.31605,4.57627
Walbert Ureña,LAA,23,23,115.7,12,87,50,0.933449,1.39153,4.66724
Davis Martin,CHW,20,21,109,14,83,37,1.15596,1.33945,4.45872
Bryce Mayer,HOU,17,23,97,12,83,28,1.1134,1.19588,4.17526
Shane Drohan,MIL,22,24,97.3,12,91,40,1.10997,1.30524,4.16238
Stephen Kolek,KCR,20,25,115,11,77,38,0.86087,1.34783,4.30435
Tanner Houck,BOS,16,18,97,10,73,33,0.927835,1.35052,4.36082
Ben Shields,COL,19,23,92,12,82,33,1.17391,1.36957,4.5
Trystan Vrieling,SFG,20,22,100,11,75,29,0.99,1.31,4.23
Jean Cabrera,PHI,20,21,107.7,13,84,39,1.08635,1.35562,4.67967
Luis Gil,NYY,20,21,100,14,99,48,1.26,1.33,4.5
Owen Wild,TBR,21,21,104.3,14,79,34,1.20805,1.29434,4.57335
Levi Wells,BAL,22,25,100,11,77,35,0.99,1.32,4.32
Spencer Giesting,ARI,22,22,119,13,99,45,0.983193,1.31933,4.0084
Carlos Rodón,NYY,20,20,107.7,16,103,42,1.33705,1.33705,4.51254
Brandon Young,BAL,21,21,101.3,14,85,29,1.24383,1.29319,4.35341
Luis Severino,ATH,20,20,112,15,86,37,1.20536,1.375,4.74107
Brant Hurter,DET,13,36,89,10,78,25,1.01124,1.22472,3.8427
Joe Whitman,SFG,23,23,105.7,11,80,37,0.936613,1.33396,4.25733
Lucas Gordon,CHW,23,24,100.7,12,81,43,1.07249,1.4002,4.64747
Ty Madden,DET,20,22,101,12,86,41,1.06931,1.36634,4.36634
Jose Fleury,,19,26,94.7,12,81,33,1.14044,1.28828,4.08659
Cristian Javier,HOU,19,20,99,13,93,46,1.18182,1.33333,4.27273
Sam Aldegheri,LAA,20,21,114,14,90,47,1.10526,1.37719,4.73684
Kyle Robinson,LAA,17,22,105.3,11,65,38,0.940171,1.37702,4.52991
Mason Englert,TBR,5,36,69,7,63,18,0.913043,1.17391,3.65217
Marco Raya,MIN,20,27,97.7,10,83,41,0.921187,1.36131,4.4217
Emmanuel Clase,CLE,0,62,62.7,4,59,14,0.574163,1.05263,2.87081
David Sandlin,CHW,13,25,86,11,71,27,1.15116,1.31395,4.39535
Hunter Owen,KCR,20,22,100.7,11,80,37,0.983118,1.31082,4.37934
Gordon Graceffo,STL,13,33,92.3,9,73,28,0.877573,1.26761,4.09534
Brandon Walter,HOU,14,20,87.3,11,67,21,1.13402,1.23711,4.02062
Ryan Bergert,KCR,23,26,102.3,12,84,40,1.05572,1.3392,4.31085
Trenton Denholm,CLE,16,21,103.7,13,71,27,1.12825,1.31148,4.16586
McCade Brown,COL,26,26,100,14,94,39,1.26,1.35,4.68
Tobias Myers,NYM,18,26,101.3,13,83,32,1.15499,1.31293,4.26456
Doug Nikhazy,CHC,20,23,96,11,86,48,1.03125,1.4375,4.21875
Hunter Dobbins,STL,19,20,100.3,11,68,31,0.987039,1.31605,4.30708
James Hicks,HOU,13,19,87,10,66,24,1.03448,1.25287,4.03448
Pete Hansen,STL,21,21,112.7,14,79,32,1.11801,1.30435,4.31233
Garrett McMillan,PIT,11,25,71.3,7,52,18,0.88359,1.24825,3.78682
Yoendrys Gómez,MIN,17,28,91.7,12,89,36,1.17775,1.2759,4.22028
C.J. Culpepper,MIN,31,31,101.3,10,79,43,0.88845,1.38203,4.35341
Trevor McDonald,SFG,18,24,117.3,13,94,36,0.997442,1.27025,4.14322
Ty Cummings,SEA,17,23,103.7,12,67,33,1.04147,1.33076,4.42623
Hancel Rincon,STL,18,20,103.3,12,73,30,1.0455,1.28751,4.26912
Richard Fitts,STL,21,21,104,13,80,29,1.125,1.25,4.06731
Alex Pham,BAL,17,24,87,11,79,33,1.13793,1.32184,4.24138
Luis Ortiz,CLE,16,22,103,13,96,40,1.13592,1.29126,3.93204
Spencer Arrighetti,TOR,18,20,100.7,13,103,44,1.16187,1.30089,4.11122
Jack Kochanowicz,LAA,21,22,115.7,13,73,38,1.01124,1.33967,4.74503
Connor McCullough,CHW,25,25,95.3,14,71,24,1.32214,1.26967,4.72193
Jose Franco,CIN,23,28,98,13,88,43,1.19388,1.38776,4.86735
Chandler Champlain,WSN,20,23,107,12,73,36,1.00935,1.36449,4.62617
Josh Winckowski,TOR,9,30,79,9,63,25,1.02532,1.29114,3.98734
Justin Hagenman,NYM,12,28,80,11,67,20,1.2375,1.275,4.3875
Jose Acuna,CIN,25,26,101.7,14,82,39,1.23894,1.33727,4.95575
Emerson Hancock,SEA,19,24,108,14,88,34,1.16667,1.26852,4.16667
Abner Uribe,MIL,0,65,68.7,4,79,29,0.524018,1.12082,3.0131
Blake Adams,COL,16,24,88.3,12,61,24,1.2231,1.34768,4.68856
Jeremiah Estrada,SDP,0,67,67.7,8,92,27,1.06352,1.13737,3.19055
Roansy Contreras,,13,29,87,11,62,30,1.13793,1.37931,4.65517
Alan Rangel,PHI,19,23,104.3,15,85,35,1.29434,1.35187,4.83221
Alejandro Hidalgo,MIN,26,26,100.3,12,88,44,1.07677,1.38584,4.57627
Adam Macko,TEX,17,22,89,10,79,36,1.01124,1.31461,4.34831
Luis Medina,ATH,19,21,94,9,77,44,0.861702,1.41489,4.59574
Jose Gonzalez,LAA,19,21,99,13,74,27,1.18182,1.29293,4.63636
Landon Harper,ATL,12,23,88.7,11,66,22,1.11612,1.24014,4.26156
Mike Vasil,CHW,10,33,98.7,10,80,38,0.911854,1.31712,4.01216
Karson Milbrandt,MIA,25,25,103,11,87,46,0.961165,1.37864,4.36893
Cody Ponce,TOR,18,19,104.7,17,97,35,1.46132,1.31805,4.46991
Michael Wacha,KCR,20,20,111,16,81,38,1.2973,1.3964,4.7027
Garrett Whitlock,BOS,5,41,65.7,7,70,18,0.958904,1.15677,3.42466
Luis Castillo,CHW,21,22,123.3,19,105,37,1.38686,1.28954,4.23358
Tyler Mahle,ATL,21,21,99.3,12,78,34,1.08761,1.31923,3.98792
Jackson Jobe,DET,24,25,103,12,78,42,1.04854,1.33981,4.36893
DL Hall,MIL,14,31,75,7,74,34,0.84,1.32,3.96
Mitch Spence,KCR,16,28,104.3,13,77,32,1.12176,1.33269,4.40077
Nick Pivetta,SDP,20,22,121.3,22,120,38,1.63232,1.24485,4.37758
Brendan Girton,NYM,25,29,98.7,10,84,43,0.911854,1.34752,4.55927
Josh Trentadue,TEX,16,25,82.7,9,75,33,0.979444,1.26965,4.35308
Miguel Ullola,HOU,19,24,99.7,12,101,49,1.08325,1.35406,4.06219
James Gonzalez,ATH,18,22,97,12,76,36,1.1134,1.35052,4.45361
Brady Basso,ATH,15,26,81.7,10,66,27,1.10159,1.32191,4.18605
Adrian Morejon,SDP,1,65,67,5,67,22,0.671642,1.16418,3.35821
Reynaldo López,ATL,15,31,90,11,88,34,1.1,1.28889,3.8
Randy Vásquez,SDP,21,22,112.7,14,77,39,1.11801,1.33097,4.47205
Nathan Wiles,,15,23,94.7,12,72,23,1.14044,1.27772,4.18163
Sauryn Lao,,15,34,76.7,9,64,21,1.05606,1.27771,4.22425
Clayton Beeter,WSN,9,35,69.7,7,80,33,0.903874,1.29125,3.87374
Jackson Nezuh,HOU,18,23,94.3,12,76,33,1.14528,1.30435,4.2948
Jackson Baumeister,TBR,25,25,99.3,12,75,37,1.08761,1.30916,4.62236
Keaton Winn,SFG,14,27,77.3,8,67,24,0.931436,1.29366,4.19146
José Suarez,ATH,13,22,84.7,10,79,30,1.06257,1.32231,4.14404
Ian Mejia,ATL,16,21,104.3,13,80,32,1.12176,1.32311,4.31448
Rodney Boone,CLE,22,23,99,13,77,32,1.18182,1.31313,4.18182
Andrew Sears,DET,19,23,102,12,82,37,1.05882,1.30392,4.5
Adam Seminaris,PHI,18,22,97.3,12,65,31,1.10997,1.41829,4.71737
River Ryan,DET,24,25,95,12,83,41,1.13684,1.36842,4.54737
Kyle Carr,NYY,22,22,106,12,74,46,1.01887,1.40566,4.75472
John Klein,TOR,13,24,93,11,79,31,1.06452,1.29032,4.25806
Julian Aguiar,CIN,19,21,100.3,14,70,29,1.25623,1.30608,4.84546
Brett Sears,ATL,18,21,102,14,87,29,1.23529,1.2451,4.5
Bailey Falter,ATL,21,23,105.7,14,74,36,1.19205,1.34342,4.42763
Brad Lord,WSN,15,36,104.3,12,77,32,1.03547,1.29434,4.31448
Justin Martinez,ARI,0,54,64.7,4,78,31,0.556414,1.22102,3.06028
Hayden Mullins,BOS,21,23,98,11,88,46,1.0102,1.39796,4.40816
Garrett Burhenn,DET,19,21,102.3,14,72,29,1.23167,1.3392,4.57478
Ken Waldichuk,WSN,18,23,91,10,84,42,0.989011,1.40659,4.74725
Luinder Avila,KCR,16,26,89,9,76,35,0.910112,1.30337,4.04494
Brock Selvidge,NYY,21,21,100.3,11,73,44,0.987039,1.38584,4.666
Chase Silseth,TEX,12,27,69.7,8,72,29,1.033,1.3056,4.13199
Cameron Weston,BAL,19,23,109,14,91,39,1.15596,1.31193,4.54128
Chris Paddack,TEX,19,22,105.7,17,80,29,1.44749,1.34342,4.76821
Anthony Molina,SFG,13,26,97.7,11,68,27,1.01331,1.31013,4.4217
Ian Anderson,,16,21,87.3,9,65,40,0.927835,1.47766,4.53608
Bryan Abreu,HOU,0,65,67,6,86,30,0.80597,1.1791,2.95522
Joey Wentz,ATL,12,31,85.3,10,83,35,1.0551,1.39508,4.43142
Griff McGarry,LAD,24,28,91.3,10,101,55,0.985761,1.45674,4.5345
Orion Kerkering,PHI,0,71,66.3,6,72,22,0.81448,1.16139,3.39367
Carson Palmquist,WSN,15,26,92.3,12,87,43,1.1701,1.41928,4.7779
Kyle Wright,,18,18,95,11,78,36,1.04211,1.32632,4.35789
Jake Bloss,TOR,23,23,97.7,13,75,39,1.19754,1.37155,4.32958
Jackson Wolf,DET,20,23,105.3,14,86,38,1.19658,1.32953,4.52991
Wyatt Crowell,LAD,19,24,94,10,85,42,0.957447,1.32979,4.59574
Peter Heubeck,LAD,25,25,100.7,12,88,50,1.07249,1.4002,4.82622
Alek Manoah,,19,19,98,12,83,41,1.10204,1.36735,4.68367
Trent Sellers,NYY,21,26,96.3,12,87,46,1.1215,1.39148,4.6729
Andry Lara,WSN,14,27,85.3,8,59,31,0.84408,1.39508,4.32591
Jared Lyons,CIN,16,23,84,11,65,32,1.17857,1.38095,4.92857
Jeffrey Springs,ATH,19,21,108,18,89,40,1.5,1.41667,4.66667
Dylan Dodd,ATL,11,32,81.7,10,68,21,1.10159,1.26071,4.07589
Landon Knack,LAD,18,22,109.3,18,93,42,1.48216,1.37237,5.02287
Alec Marsh,KCR,17,20,95.7,12,84,39,1.12853,1.37931,4.79624
Michael Soroka,ARI,15,23,89.3,10,85,35,1.00784,1.2766,4.03135
Dylan DeLucia,CLE,21,23,100,13,80,35,1.17,1.3,4.41
Bobby Miller,LAD,15,26,91.7,12,85,38,1.17775,1.35224,4.80916
Aaron Ashby,MIL,9,37,77.3,6,79,40,0.698577,1.39715,3.84217
Connor Phillips,CIN,11,35,78.7,9,83,37,1.02922,1.32147,4.45997
Hunter Harvey,CHC,1,52,54.3,5,56,15,0.828729,1.12339,3.14917
Jon Gray,,17,19,89.3,13,72,34,1.31019,1.42217,5.13998
Kyle Hurt,LAD,15,27,78.3,10,85,40,1.14943,1.39208,4.5977
Matt Sauer,ATH,13,23,89.3,12,72,29,1.20941,1.33259,4.83763
Paxton Schultz,WSN,8,30,72,8,64,28,1,1.38889,4.375
Kolby Allard,PHI,11,29,80.3,10,62,25,1.1208,1.3325,4.03487
Max Rajcic,STL,22,22,109.7,13,75,35,1.06655,1.30356,4.43026
Jonathan Pintaro,NYM,16,27,80.3,8,75,33,0.896638,1.34496,4.14695
Braydon Fisher,TOR,1,57,63.3,6,73,26,0.853081,1.18483,3.41232
Trey Dombroski,HOU,14,21,95.7,13,79,34,1.22257,1.32706,4.32602
Zach Eflin,BAL,18,18,100.7,17,75,20,1.51936,1.28103,4.37934
Felipe De La Cruz,NYM,12,27,79.3,9,75,33,1.02144,1.36192,4.31274
Roque Gutierrez,LAD,9,23,86,11,70,31,1.15116,1.32558,4.7093
Ronny Henriquez,MIA,2,54,73,8,79,25,0.986301,1.19178,3.45205
Darren McCaughan,,14,21,89.7,14,68,27,1.40468,1.38239,5.31773
Victor Mederos,ATL,18,20,99.3,12,73,38,1.08761,1.38973,4.80363
Lucas Giolito,SDP,21,21,111,17,95,45,1.37838,1.44144,4.78378
Rafael Sanchez,TOR,19,23,96.3,13,61,28,1.21495,1.36033,4.57944
Ricky Castro,MIN,13,24,82,10,61,26,1.09756,1.34146,4.39024
Connor Thomas,KCR,11,29,82,9,55,24,0.987805,1.36585,4.39024
Po-Yu Chen,PIT,21,24,103,11,70,37,0.961165,1.37864,4.45631
Andrés Muñoz,SEA,0,62,63.3,5,79,23,0.7109,1.07425,2.98578
Allan Winans,,15,20,94,13,74,28,1.24468,1.29787,4.59574
Travis Adams,MIN,12,30,91.7,11,72,30,1.07961,1.34133,4.31843
Tyler Schweitzer,CHW,12,22,91.3,12,67,32,1.18291,1.36911,4.5345
Joe Musgrove,SDP,17,17,95,13,79,29,1.23158,1.32632,4.26316
Valente Bellozo,COL,13,26,87.7,13,60,27,1.33409,1.3797,4.72064
Dalton Rogers,BOS,16,21,90.7,10,79,47,0.992282,1.4774,4.46527
Michael Morales,SEA,21,21,105.7,12,70,34,1.02176,1.29612,4.42763
Jurrangelo Cijntje,STL,22,25,102.3,11,85,39,0.967742,1.3001,4.39883
Jack Mahoney,COL,21,22,99.7,12,59,36,1.08325,1.47442,4.96489
Billy Corcoran,ARI,19,19,99.3,12,65,28,1.08761,1.33938,4.16918
Will Johnston,ATH,9,34,70.3,8,68,30,1.02418,1.3229,4.09673
Shota Imanaga,CHC,19,19,108.3,21,96,27,1.74515,1.22807,4.32133
Forrest Whitley,,10,30,68.7,8,67,29,1.04804,1.33916,4.32314
Nick Martinez,TBR,15,29,103.7,13,71,36,1.12825,1.43684,4.51302
Luke Russo,PHI,14,19,83,10,69,33,1.08434,1.37349,4.66265
Kyle Luckham,WSN,19,21,108.7,13,60,30,1.07636,1.37075,4.71941
Alonzo Tredwell,HOU,14,22,85.7,10,78,36,1.05018,1.33022,4.30572
Carson Seymour,SFG,17,24,96.3,10,76,34,0.934579,1.33956,4.11215
Gerrit Cole,NYY,16,16,96.7,16,85,33,1.48914,1.32368,4.5605
Daniel Palencia,CHC,3,49,59.7,5,66,23,0.753769,1.15578,3.46734
José A. Ferrer,SEA,0,61,70.3,5,70,21,0.640114,1.1522,3.32859
Aaron Civale,CHC,18,21,94,15,78,31,1.43617,1.34043,4.88298
Angel Zerpa,MIL,5,55,66.3,6,61,20,0.81448,1.17647,3.52941
Sammy Peralta,LAA,5,29,68,8,59,20,1.05882,1.23529,3.97059
Kutter Crawford,BOS,16,19,97.3,15,81,31,1.38746,1.29496,4.53237
Jhony Brito,SDP,12,24,79.7,9,60,27,1.01631,1.32999,4.29109
Jack Anderson,MIN,5,25,68.3,8,55,18,1.05417,1.27379,4.08492
Jack Dreyer,LAD,4,57,66,8,67,24,1.09091,1.21212,4.09091
Carson Spiers,CIN,11,20,84.3,12,67,32,1.28114,1.41163,5.12456
Anders Tolhurst,,13,23,78.7,10,62,26,1.14358,1.29606,4.45997
Andrew Hoffmann,PHI,11,33,78,8,70,28,0.923077,1.30769,3.80769
Brent Headrick,NYY,7,31,64,9,67,19,1.26562,1.1875,3.9375
Nick Margevicius,,16,22,84,10,53,19,1.07143,1.35714,4.28571
Drey Jameson,ARI,13,21,80.7,8,69,32,0.892193,1.36307,3.90335
Patrick Monteverde,MIA,16,22,90.7,11,66,30,1.09151,1.3892,4.36604
Spencer Miles,TOR,11,46,64.3,9,67,23,1.25972,1.25972,3.77916
Derek Diamond,PIT,15,20,84.3,10,50,23,1.06762,1.35231,4.37722
Sean Boyle,SDP,18,22,101.3,13,79,33,1.15499,1.3228,4.5311
Matthew Boyd,CHC,19,19,103.7,16,86,35,1.38862,1.37898,4.59981
Henry Williams,KCR,19,20,99.7,12,71,36,1.08325,1.35406,4.69408
Chayce McDermott,NYM,15,25,80,10,79,38,1.125,1.4,4.3875
Jhonathan Díaz,SEA,17,22,102.7,12,76,30,1.05161,1.32425,4.20643
Michael Grove,TBR,11,27,66.7,9,61,22,1.21439,1.33433,4.72264
CJ Van Eyk,TOR,18,22,99.3,12,67,36,1.08761,1.38973,4.62236
Javier Assad,CHC,17,21,100,12,80,39,1.08,1.33,3.96
Nestor Cortes,PHI,18,19,97.3,16,87,32,1.47996,1.30524,4.43988
Robinson Piña,,16,22,87,11,66,28,1.13793,1.32184,4.34483
Ryan Feltner,COL,20,20,94.3,13,77,44,1.24072,1.51644,5.2492
Rorik Maltrud,CLE,23,25,94.7,12,77,40,1.14044,1.39388,4.27666
Shane Panzini,KCR,15,21,87.7,10,70,38,1.02623,1.40251,4.61802
Riley Cornelio,WSN,21,21,101.3,13,76,42,1.15499,1.45114,4.70879
Gunnar Hoglund,ATH,18,19,96,14,68,26,1.3125,1.29167,4.59375
Alessandro Ercolani,PIT,18,24,95.3,10,60,34,0.944386,1.36411,4.43861
Lazaro Estrada,TOR,17,24,89.7,13,73,27,1.30435,1.28205,4.51505
Ky Bush,CHW,18,18,92,11,63,40,1.07609,1.46739,4.79348
Matt Brash,SEA,1,57,57.7,4,67,24,0.623917,1.24783,3.11958
Eric Yost,SDP,21,22,105.7,12,74,41,1.02176,1.38127,4.59792
Jeff Criswell,COL,9,27,75,10,68,31,1.2,1.42667,4.44
Ryan Costeiu,LAA,16,20,93,13,74,36,1.25806,1.3871,4.83871
A.J. Puk,ARI,2,51,55.7,6,65,19,0.969479,1.20287,3.39318
Kodai Senga,NYM,20,20,101.3,14,93,47,1.24383,1.39191,4.08687
Hunter Patteson,KCR,18,21,95.7,12,63,32,1.12853,1.38976,4.70219
Jake Eder,,17,22,87.7,11,69,35,1.12885,1.40251,4.72064
Seth Shuman,SEA,13,24,83,11,56,18,1.19277,1.3012,4.55422
Wikelman González,MIA,20,22,91.3,11,88,49,1.08434,1.44578,4.73165
Michael Prosecky,COL,22,22,99,13,76,43,1.18182,1.45455,5.09091
Mitch Myers,ATH,14,22,83,11,52,21,1.19277,1.33735,4.55422
Ben Casparius,LAD,9,35,76.7,10,74,31,1.1734,1.32986,4.57627
Tyler Wells,TBR,18,22,90.7,16,75,26,1.58765,1.25689,4.66373
Sean Sullivan,PIT,12,26,79.7,9,58,27,1.01631,1.34253,4.06524
Blake Walston,ARI,18,20,97.3,10,71,40,0.924974,1.38746,4.25488
Jake Woodford,TBR,11,27,83.7,10,60,28,1.07527,1.37395,4.62366
Ryan Lobus,TEX,6,35,65.3,7,62,22,0.964778,1.19449,4.13476
Hunter Gaddis,CLE,7,50,75,9,73,25,1.08,1.21333,3.6
Camilo Doval,PIT,0,65,64,5,72,29,0.703125,1.23438,3.65625
Jack Choate,SFG,21,26,96.7,11,81,37,1.02378,1.33402,4.37435
Hayden Wesneski,HOU,12,25,78.3,11,71,27,1.26437,1.26437,4.36782
Christian MacLeod,MIA,18,25,86.3,10,72,40,1.04287,1.44844,4.38007
Anthony Solometo,PIT,28,31,94,8,63,41,0.765957,1.40426,4.40426
Jack O'Loughlin,,13,26,76.7,9,57,30,1.05606,1.43416,4.34159
José Rodríguez,LAD,4,36,63,7,68,27,1,1.26984,4.14286
Sam Armstrong,MIN,19,22,100.3,12,65,32,1.07677,1.37587,4.75573
Trenton Wallace,TOR,17,27,80.3,10,75,38,1.1208,1.38232,4.25903
Victor Juarez,COL,7,29,77.7,9,53,23,1.04247,1.32561,4.51737
Graham Ashcraft,CIN,0,60,64.7,5,59,23,0.695518,1.28284,3.8949
Estibenzon Jimenez,PHI,15,22,94,13,67,29,1.24468,1.34043,4.97872
Chris Clarke,,12,22,77.7,9,55,22,1.04247,1.287,4.40154
Yilber Díaz,DET,14,28,84,9,80,38,0.964286,1.34524,3.75
Devin Williams,NYM,0,60,57,5,73,25,0.789474,1.15789,3.47368
Trevor Martin,LAA,12,28,78.7,11,65,25,1.25794,1.29606,4.34562
Mason Fluharty,TOR,0,64,65,6,71,24,0.830769,1.16923,3.46154
Garrett Stallings,MIL,12,24,84.7,12,60,23,1.27509,1.31051,4.56907
Cole Sands,MIN,4,53,66,7,63,21,0.954545,1.21212,3.95455
Jairo Iriarte,CHW,13,28,77,8,68,37,0.935065,1.4026,4.55844
Welinton Herrera,COL,0,52,65.7,6,65,23,0.821918,1.23288,3.83562
Nick Zwack,SFG,23,25,92.7,11,66,32,1.06796,1.39159,4.66019
Daniel Lynch IV,KCR,11,34,86.7,11,68,30,1.14187,1.36102,4.35986
Eric Lauer,LAD,15,23,89,14,76,32,1.41573,1.35955,4.55056
Ryan Ramsey,KCR,15,21,90.3,10,70,38,0.996678,1.38427,4.68439
Max Alba,DET,16,25,86.7,12,57,24,1.24567,1.32641,4.67128
Anthony Kay,CHW,16,18,97.3,15,79,39,1.38746,1.44913,4.90236
Brandon Williamson,CIN,20,20,95.3,13,74,44,1.2277,1.45855,5.00525
Alex Vesia,LAD,0,65,58.7,7,70,24,1.07325,1.1925,3.67973
Emiliano Teodo,TEX,11,28,73,8,71,36,0.986301,1.35616,4.19178
Patrick Copen,LAD,24,24,100,12,91,55,1.08,1.46,4.95
Blake Beers,ATH,17,22,90,12,66,30,1.2,1.35556,4.6
Yoniel Curet,DET,23,24,94.7,12,88,42,1.14044,1.34108,4.94192
Josiah Gray,WSN,20,20,106,16,94,44,1.35849,1.37736,4.58491
Reid VanScoter,SEA,21,21,97.3,12,65,31,1.10997,1.36691,4.53237
José Fermin,LAA,1,53,60.7,6,62,24,0.889621,1.21911,3.85502
Easton McGee,KCR,5,30,60.7,6,50,16,0.889621,1.18616,3.85502
Ryan Webb,CLE,17,22,98.7,12,84,44,1.09422,1.40831,4.28571
Brusdar Graterol,LAD,0,55,57.7,5,45,13,0.779896,1.10919,3.43154
Jagger Haynes,SDP,23,24,100,12,81,46,1.08,1.41,4.5
Luke Little,KCR,2,45,59,4,65,31,0.610169,1.25424,3.66102
Chase Solesky,CIN,21,22,96,13,63,35,1.21875,1.42708,4.78125
Tyson Guerrero,KCR,20,21,94,12,77,39,1.14894,1.38298,4.78723
Jovani Morán,BOS,3,39,51.3,4,54,23,0.701754,1.34503,3.68421
Alexander Cornielle,NYY,21,22,105,13,76,45,1.11429,1.38095,5.05714
Mason Albright,COL,21,22,103,15,60,35,1.31068,1.42718,5.15534
Alex Santos II,HOU,16,25,82,10,67,36,1.09756,1.36585,4.28049
Chase Chaney,,17,22,102,14,58,28,1.23529,1.34314,4.85294
Blake Burkhalter,ATL,13,25,83,10,63,29,1.08434,1.3494,4.44578
Luke Fox,LAD,20,21,99,14,85,47,1.27273,1.40404,5.09091
Cooper Criswell,SEA,14,23,86.7,10,71,28,1.03806,1.30334,4.15225
Jose Cabrera,ARI,20,21,106.7,12,74,38,1.01218,1.34958,4.30178
Davis Daniel,,16,21,94.7,15,71,33,1.42555,1.39388,5.51214
Dom Hamel,NYY,16,25,86.3,11,71,35,1.14716,1.35574,4.79722
Domingo Robles,ATH,11,20,79,10,55,26,1.13924,1.36709,4.55696
Jackson Rutledge,,10,36,81.7,10,67,31,1.10159,1.37087,4.62668
Eduardo Rodriguez,ARI,18,18,100,16,86,40,1.44,1.47,4.59
Bradgley Rodriguez,SDP,0,54,63.3,5,61,24,0.7109,1.18483,3.5545
Kyle Freeland,COL,20,20,104.7,18,74,32,1.54728,1.51862,5.24355
Tyler Phillips,MIA,10,33,89,10,65,31,1.01124,1.35955,4.14607
Pedro Avila,,11,22,76.7,8,61,33,0.938722,1.39505,4.10691
Braeden Fausnaught,PHI,16,21,92.7,13,66,33,1.26214,1.40237,4.95146
Eiberson Castellano,COL,10,25,71.3,8,60,29,1.00982,1.41655,4.67041
Chuck King,PHI,16,20,95.7,14,67,32,1.31661,1.43156,5.17241
Josh White,MIA,2,42,61,6,61,22,0.885246,1.21311,3.68852
Luis Palacios,MIA,13,24,89.7,11,53,25,1.10368,1.33779,4.41472
Freddy Tarnok,,11,31,73.3,9,68,33,1.10505,1.36426,4.17462
Austin Bergner,,14,23,79.7,10,65,36,1.12923,1.43036,4.85571
Caleb Kilian,PHI,15,21,82,9,60,29,0.987805,1.40244,4.5
Dylan Smith,SFG,9,33,64,7,54,24,0.984375,1.32812,4.07812
Will Vest,DET,0,55,59.7,5,57,20,0.753769,1.25628,3.61809
David Bednar,NYY,0,58,57.7,7,67,20,1.09185,1.17851,3.58752
Alex Amalfi,TOR,8,29,70,8,63,31,1.02857,1.37143,4.24286
Edwin Uceta,TBR,0,55,67.3,8,80,25,1.06984,1.17385,3.74443
T.J. Sikkema,,14,22,76.3,8,52,26,0.943643,1.36304,4.71822
Porter Hodge,CHC,5,40,62.3,6,71,31,0.866774,1.28411,3.75602
Joe Miller,DET,20,23,96,13,61,29,1.21875,1.375,4.875
Jordan Hicks,CHW,11,32,69.3,7,63,33,0.909091,1.443,4.67532
Bradley Blalock,MIA,21,23,104,13,69,39,1.125,1.40385,4.67308
Tanner Scott,LAD,0,58,57,6,62,22,0.947368,1.22807,3.63158
Drue Hackenberg,ATL,23,23,95.7,10,75,45,0.940439,1.43156,4.60815
Joseph Montalvo,DET,21,24,93.7,13,66,33,1.24867,1.35539,4.70651
Kyle Leahy,STL,5,43,78,8,67,28,0.923077,1.29487,4.03846
Michael Plassmeyer,SEA,13,22,83.3,12,67,25,1.29652,1.32053,4.64586
Victor Lizarraga,SDP,22,24,99,12,78,44,1.09091,1.39394,4.72727
Randy Rodríguez,SFG,3,36,53.3,4,55,24,0.675422,1.2758,3.71482
Will Schomberg,MIA,15,22,85.3,10,77,37,1.0551,1.34818,4.53693
Jared Shuster,STL,10,30,77.3,8,54,27,0.931436,1.37128,4.42432
Jason Foley,SFG,0,58,56,4,45,14,0.642857,1.21429,3.375
Cory Lewis,MIN,13,22,78,9,69,42,1.03846,1.48718,4.5
Andrew Nardi,MIA,0,51,51.7,5,62,21,0.870406,1.23791,3.65571
Ian Bedell,,22,23,93.7,12,72,35,1.15261,1.35539,4.61046
Yunior Tur,ATH,18,24,92,12,75,41,1.17391,1.41304,4.79348
Jake Miller,DET,7,20,67,9,53,18,1.20896,1.26866,4.29851
Dominic Perachi,PIT,17,21,84,9,57,33,0.964286,1.40476,4.5
Jordan Balazovic,,9,32,65.7,7,52,27,0.958904,1.4003,4.38356
Ben Joyce,LAA,1,51,56,5,65,22,0.803571,1.17857,3.53571
José Alvarado,PHI,0,56,51,5,58,22,0.882353,1.29412,3.70588
Adam Laskey,COL,13,27,72.3,9,50,27,1.12033,1.49378,4.73029
Hogan Harris,ATH,7,36,81.7,9,79,40,0.991432,1.38311,4.07589
Brett Kerry,LAA,17,20,100.7,16,69,31,1.42999,1.36048,5.18371
Zack Thompson,STL,14,25,77.7,9,74,39,1.04247,1.44144,4.40154
Nabil Crismatt,,16,22,88,13,56,25,1.32955,1.36364,5.11364
Luis Patiño,,21,25,75,9,59,32,1.08,1.37333,4.68
Sam Hentges,SFG,1,52,52.3,4,47,16,0.688337,1.22371,3.2696
Chris Murphy,CHW,9,30,72,8,62,34,1,1.41667,4.5
Micah Ashman,BAL,0,46,60.7,6,59,19,0.889621,1.16969,3.55848
Peyton Pallette,CHW,6,39,62.7,7,64,25,1.00478,1.24402,3.73206
Ryan Walker,SFG,2,62,61,5,62,20,0.737705,1.21311,3.39344
Dietrich Enns,BAL,15,25,84,13,72,33,1.39286,1.57143,4.82143
Luis Vargas,ATL,12,21,75.7,9,63,31,1.07001,1.37384,4.39894
Bruce Zimmermann,,15,20,94.3,13,61,25,1.24072,1.421,4.772
Jordan Montgomery,TEX,16,18,90.7,13,70,37,1.28997,1.4774,5.2591
Grant Holmes,ATL,9,25,69.7,8,65,28,1.033,1.34864,4.13199
Charlie Barnes,LAD,16,16,97,15,79,32,1.39175,1.34021,4.63918
Pete Fairbanks,MIA,0,57,54.3,5,53,22,0.828729,1.27072,3.48066
Trent Baker,MIN,13,25,84,11,62,30,1.17857,1.39286,4.60714
Edwin Díaz,LAD,0,55,56,7,75,22,1.125,1.16071,3.53571
Christian Romero,LAD,13,22,88.7,11,58,28,1.11612,1.30778,4.87035
Matt Waldron,WSN,19,20,99.3,15,80,33,1.35952,1.34945,4.89426
Brett Wichrowski,MIL,22,22,97,12,70,38,1.1134,1.35052,4.73196
Garrett Hawkins,SDP,4,37,58,7,61,23,1.08621,1.27586,3.87931
Tyler Holton,DET,6,57,69.7,9,56,18,1.16212,1.14778,3.6155
Trey Supak,TEX,17,21,92,14,68,28,1.36957,1.33696,5.08696
Easton Lucas,,12,26,73,10,63,31,1.23288,1.41096,4.68493
Cole Wilcox,SEA,13,28,83,9,65,30,0.975904,1.31325,4.22892
Prelander Berroa,CHW,7,34,55.3,6,57,29,0.976492,1.41049,4.23146
Aaron Davenport,CLE,18,21,104,14,80,43,1.21154,1.39423,4.5
Ryan Watson,LAA,5,34,58.7,6,46,19,0.919932,1.32879,4.13969
Kyle Nicolas,WSN,5,46,68.7,8,69,33,1.04804,1.39738,4.58515
J.P. France,SDP,14,20,81.3,11,72,36,1.21771,1.45141,4.31734
Bryan Hoeing,SDP,8,29,66,7,48,21,0.954545,1.30303,4.22727
Jonathan Bowlan,PHI,7,37,72.3,10,69,26,1.24481,1.3278,4.48133
Ryan Helsley,BAL,0,53,55,6,59,20,0.981818,1.23636,3.6
Alex Cornwell,STL,11,25,81.3,9,53,28,0.99631,1.40221,4.53875
Roddery Muñoz,HOU,9,32,81,12,86,35,1.33333,1.2963,4.11111
Brandon Eisert,PIT,3,58,62,8,62,22,1.16129,1.30645,4.06452
Dennis Santana,ARI,0,59,59.3,5,52,19,0.758853,1.1973,3.6425
Brandon Birdsell,CHC,20,20,96.7,15,72,29,1.39607,1.27198,4.65357
Carlos Peña,DET,14,22,89,12,61,30,1.21348,1.39326,4.75281
Avery Short,ARI,19,20,96,11,59,33,1.03125,1.39583,4.40625
Yusei Kikuchi,LAA,20,21,107.7,19,102,49,1.58774,1.57846,5.09749
Kyle Tyler,,13,22,84,11,56,33,1.17857,1.5119,4.92857
Jared Karros,LAD,21,21,92.7,15,59,29,1.45631,1.37001,5.24272
Mike Paredes,MIN,3,31,80.7,9,58,25,1.00372,1.3259,4.23792
Gabe Mosser,SEA,18,19,94.3,13,71,34,1.24072,1.421,4.772
Nick Dombkowski,PIT,10,28,75.3,9,54,27,1.0757,1.38114,4.30279
Marcelo Perez,SEA,21,21,96.3,12,56,27,1.1215,1.32918,4.6729
Tucker Davidson,PHI,12,21,75,10,58,30,1.2,1.48,4.92
Lael Lockhart,SEA,20,24,93,12,76,45,1.16129,1.48387,4.83871
Tommy Henry,ARI,18,20,97.3,12,72,37,1.10997,1.40802,4.43988
Cameron Foster,BAL,6,28,58,7,50,21,1.08621,1.34483,4.18966
Trevor Megill,MIL,1,52,48.7,6,58,18,1.10883,1.25257,3.51129
Sean Hjelle,,5,37,75.3,8,60,22,0.956175,1.32802,4.18327
Robert Garcia,TEX,0,59,56,6,59,19,0.964286,1.21429,3.69643
Nick Frasso,COL,11,32,72.7,9,58,29,1.11417,1.37552,4.82806
Blake Townsend,TEX,9,30,71.7,8,55,23,1.00418,1.24128,4.51883
Trace Bright,BAL,17,22,85.3,10,70,43,1.0551,1.47714,4.74795
Luis Gastelum,STL,0,43,60.7,6,60,19,0.889621,1.18616,3.70675
Josh Hader,HOU,0,53,54,8,72,22,1.33333,1.14815,3.5
Owen White,,15,22,83.7,10,59,35,1.07527,1.45759,4.83871
Jake Irvin,WSN,25,25,132.7,22,96,43,1.49209,1.36398,4.8832
Raúl Alcantara,,9,28,82.7,10,66,32,1.08827,1.33011,4.13543
Zak Kent,WSN,6,33,54.7,6,51,25,0.987203,1.3894,4.27788
A.J. Causey,ATH,0,45,66.3,6,55,21,0.81448,1.22172,3.93665
Gregory Santos,,0,47,51.7,2,46,21,0.348162,1.35397,3.48162
Isaac Coffey,BOS,19,22,89.3,11,73,37,1.10862,1.36618,4.73684
Alex Williams,MIA,10,23,75.7,9,51,25,1.07001,1.37384,4.51783
Evan McKendry,MIA,11,20,81.3,11,50,20,1.21771,1.30381,4.76015
Anthony Nunez,BAL,0,55,59.7,6,65,22,0.904523,1.17253,3.61809
Evan Phillips,LAD,0,59,55.7,6,55,18,0.969479,1.18492,3.71634
Manuel Urias,,12,20,86,12,58,28,1.25581,1.36047,4.60465
Lance McCullers Jr.,MIL,20,22,85.7,11,80,50,1.15519,1.54026,4.72579
Edgardo Henriquez,LAD,4,46,54.7,6,58,24,0.987203,1.27971,4.11335
Zach Fruit,BAL,20,22,88.7,10,64,43,1.01466,1.47689,4.87035
Steven Matz,TBR,5,28,52.3,7,44,17,1.20459,1.41491,4.47419
Lyon Richardson,MIL,8,38,70,8,61,32,1.02857,1.4,4.62857
Bryce Jarvis,ARI,14,26,84,10,65,37,1.07143,1.41667,4.39286
Pat Gallagher,TOR,6,27,65.3,8,51,23,1.1026,1.33231,4.41041
Hyun-il Choi,,15,22,89,12,57,24,1.21348,1.32584,5.05618
Kai-Wei Teng,HOU,13,25,81.3,10,76,37,1.10701,1.35301,4.53875
Kevin Kelly,TBR,1,54,58.3,6,51,14,0.926244,1.13208,3.70497
Clayton Kershaw,,18,21,92,14,65,38,1.36957,1.51087,4.98913
Ben Peoples,TEX,9,34,61.3,7,52,28,1.02773,1.43556,4.55139
Bailey Dees,,12,28,79.7,11,68,33,1.24216,1.35508,4.62986
Miguel Mendez,SFG,21,21,96,11,78,44,1.03125,1.36458,4.78125
Griffin Canning,SDP,18,18,95.3,15,85,39,1.41658,1.3851,4.72193
Jake Palisch,CHW,10,27,76.7,10,44,21,1.1734,1.38201,4.69361
Cal Quantrill,TEX,20,20,98.3,15,69,36,1.37335,1.41404,5.40183
Justin Slaten,BOS,1,43,49.7,5,46,18,0.905433,1.28773,3.9839
José Urquidy,CHW,17,21,90,13,62,28,1.3,1.38889,4.7
Ryan Burr,TOR,2,45,45.3,5,48,18,0.993378,1.3245,3.77483
Garrett Cleavinger,TBR,0,56,53,6,62,20,1.01887,1.16981,3.73585
Cory Abbott,,14,23,76.3,11,70,35,1.29751,1.42857,5.07208
Nathan Eovaldi,TEX,17,17,94.3,16,77,32,1.52704,1.36797,4.67656
Enmanuel Pinales,SDP,17,20,93.7,13,69,37,1.24867,1.39808,4.80256
Cody Laweryson,MIN,2,35,51.7,6,44,17,1.04449,1.31528,4.17795
Jared Koenig,MIL,5,46,60.3,7,57,23,1.04478,1.3267,3.8806
Sam Bachman,LAA,5,37,51.7,4,46,24,0.696325,1.39265,4.17795
Matt Strahm,,1,53,53,6,51,19,1.01887,1.26415,3.90566
John Michael Bertrand,SFG,19,21,105.3,13,59,35,1.11111,1.47198,4.61538
Juan Mejia,COL,0,55,64.3,7,67,26,0.979782,1.25972,4.0591
Gabriel Barbosa,PHI,10,25,81.3,11,51,23,1.21771,1.35301,4.87085
Nico Tellache,SEA,10,20,75.3,9,52,24,1.0757,1.38114,4.54183
Chase Lee,TOR,1,47,60,7,58,18,1.05,1.2,3.75
Jordan Leasure,CHW,1,59,57,8,63,24,1.26316,1.26316,4.10526
Cody Poteet,,16,23,79.3,11,64,31,1.24842,1.41236,4.65322
Aroldis Chapman,BOS,0,57,48,5,63,27,0.9375,1.41667,3.75
Caleb Boushley,,12,24,75.7,11,52,26,1.30779,1.47952,4.87451
Zach Messinger,NYY,12,25,80.7,11,63,33,1.22677,1.37546,4.90706
Victor Vodnik,MIA,0,54,58.3,5,54,26,0.77187,1.38937,4.01372
Eric Orze,MIN,0,46,60,6,59,27,0.9,1.35,4.05
Brandon Komar,,8,23,78.3,11,49,26,1.26437,1.4304,5.17241
Tyler Schlaffer,CHC,20,21,93.3,12,72,41,1.15756,1.39335,4.72669
Zane Mills,CHC,8,26,73.3,9,53,23,1.10505,1.2824,4.29741
Bryse Wilson,MIL,10,31,85,12,60,26,1.27059,1.34118,4.76471
Alex Faedo,LAA,11,26,70,10,60,30,1.28571,1.4,4.62857
Jaden Hill,COL,3,43,52.7,6,55,19,1.02467,1.25237,4.09867
Jakob Junis,TEX,4,33,57.7,7,46,17,1.09185,1.2825,4.36742
JT Brubaker,SFG,14,23,72.7,9,57,31,1.11417,1.49931,4.58047
Brenan Hanifee,DET,4,46,64.7,7,47,17,0.973725,1.28284,3.8949
Kody Funderburk,MIN,2,44,60,5,56,25,0.75,1.36667,4.05
Douglas Orellana,NYM,6,31,55,6,53,26,0.981818,1.36364,4.41818
Dylan Ross,NYM,0,54,58.3,6,61,25,0.926244,1.25214,3.70497
Hayden Juenger,ATH,4,42,58,6,49,23,0.931035,1.31034,4.18966
Tim Herrin,CLE,0,58,55,4,56,25,0.654545,1.27273,3.6
Wil Jensen,,7,24,65.3,8,55,26,1.1026,1.34763,4.27259
Alimber Santa,HOU,1,42,64.3,6,62,29,0.839813,1.32193,3.77916
Oscar Rayo,KCR,4,27,69.3,7,45,22,0.909091,1.32756,4.54545
Blas Castaño,COL,18,23,99.3,11,69,35,0.996979,1.34945,4.53172
Ricky Vanasco,DET,7,32,58.3,7,58,29,1.08062,1.40652,4.32247
Devereaux Harrison,TOR,13,25,83,11,64,38,1.19277,1.43373,4.66265
Aaron Brown,,13,20,82.7,11,51,28,1.1971,1.41475,4.78839
Tyler Alexander,TEX,5,29,77,12,61,22,1.4026,1.32468,5.02597
Blane Abeyta,ATL,12,28,76.3,10,62,27,1.17955,1.34993,4.48231
Nigel Belgrave,MIA,1,40,62.3,6,63,25,0.866774,1.23596,3.90048
Adrian Houser,SFG,16,19,98,12,65,36,1.10204,1.46939,4.5
Jake Bird,WSN,0,51,63.3,6,68,27,0.853081,1.27962,4.2654
Alex Cobb,,19,20,89.7,13,68,39,1.30435,1.5942,4.91639
Yariel Rodríguez,TOR,7,45,64.7,8,63,31,1.11283,1.34467,4.31221
Jacob Waguespack,DET,8,25,60.7,8,55,25,1.18616,1.40033,4.44811
Jack Cushing,,7,27,77.7,12,59,23,1.38996,1.32561,4.51737
Jacob Watters,TBR,15,20,77.3,9,57,38,1.04787,1.46184,4.89004
Carlos Hernández,CLE,3,41,54.7,6,50,25,0.987203,1.40768,4.27788
Grant Kipp,CHC,18,21,90.7,11,75,41,1.09151,1.37817,4.76296
Joey Gerber,NYM,11,45,60.3,8,54,20,1.19403,1.29353,4.32836
Sean Guenther,,2,38,48.7,5,35,15,0.924025,1.3347,4.25051
Drew Sommers,DET,1,47,60,5,51,21,0.75,1.28333,3.9
Félix Bautista,BAL,0,47,47.7,6,59,23,1.13208,1.25786,3.58491
Jonatan Bernal,ARI,9,20,73,8,40,20,0.986301,1.34247,4.19178
José Berríos,TOR,18,18,98.3,17,74,34,1.55646,1.40387,4.76094
Robbie Ray,SDP,21,21,109.7,18,100,44,1.47675,1.40383,4.51231
Brandon Leibrandt,CIN,16,20,80.7,14,58,28,1.56134,1.51177,5.46468
Drake Fellows,PHI,14,25,82.3,11,56,34,1.20292,1.44593,4.92102
Franco Aleman,CLE,1,39,49.3,5,53,20,0.912779,1.25761,3.83367
Erik Miller,BOS,4,54,51.7,4,52,27,0.696325,1.37331,3.65571
Justin Sterner,ATH,1,49,56.3,7,56,21,1.11901,1.27886,3.99645
Jesse Scholtens,TBR,14,21,77,12,60,28,1.4026,1.44156,4.90909
James McArthur,KCR,4,31,48.3,5,43,19,0.931677,1.38716,4.28571
Cole Winn,TEX,6,33,69.7,7,58,34,0.903874,1.37733,4.39024
Connor Schultz,CHC,10,20,69.7,10,50,20,1.29125,1.31994,4.64849
Bryan Mata,,5,30,58.7,6,56,28,0.919932,1.39693,4.29302
Carter Baumler,TEX,1,39,53,5,48,22,0.849057,1.26415,4.07547
Germán Márquez,MIN,19,19,98,16,74,37,1.46939,1.44898,5.32653
Dylan Lee,ATL,0,58,55.3,8,61,17,1.30199,1.21157,3.74322
Kyle Virbitsky,,7,23,68.3,9,48,21,1.18594,1.36164,4.61201
Caleb Ferguson,STL,1,58,54,5,49,21,0.833333,1.33333,4.66667
Dane Dunning,SEA,15,23,85,12,71,32,1.27059,1.38824,4.55294
Craig Yoho,CLE,0,49,55.7,5,59,23,0.807899,1.22083,3.71634
Zach Penrod,,11,34,59,6,51,29,0.915254,1.47458,4.42373
Carson Ragsdale,,18,24,85,11,71,38,1.16471,1.45882,4.76471
Nic Swanson,HOU,19,24,88,12,68,40,1.22727,1.45455,4.70455
Ryan Lambert,NYM,0,56,59,6,66,27,0.915254,1.25424,3.81356
Ronel Blanco,HOU,16,21,90.3,15,83,43,1.49502,1.42857,4.48505
Wilmy Sanchez,NYY,0,43,63,6,61,30,0.857143,1.33333,3.71429
TJ Shook,COL,7,26,63.7,8,49,25,1.1303,1.44427,4.80377
Harry Gustin,SDP,2,28,57,6,50,23,0.947368,1.31579,4.10526
Austin Gomber,DET,16,18,89.3,17,64,28,1.71333,1.41097,5.54311
Tony Gonsolin,KCR,18,18,94,17,79,38,1.62766,1.34043,5.26596
Matt Svanson,STL,1,44,68.7,7,62,23,0.917031,1.23726,3.66812
Walker Powell,,14,19,80.7,12,48,21,1.33829,1.35068,4.68402
Gregory Soto,PIT,0,58,51.7,4,54,22,0.696325,1.33462,4.00387
Jordan Geber,NYM,10,25,71.7,9,47,24,1.12971,1.36681,4.64435
Osvaldo Bido,,12,22,78.3,12,67,35,1.37931,1.41762,5.17241
Jacob Latz,TEX,6,33,67.3,9,63,34,1.20357,1.42645,4.68053
Xzavion Curry,NYM,13,25,76.7,11,51,29,1.29074,1.43416,4.92829
Joel Hurtado,LAA,18,19,92.7,12,56,37,1.16505,1.4671,5.04854
Austin Krob,,12,22,75.7,8,55,35,0.951123,1.46631,4.63672
JoJo Romero,MIL,0,59,56.7,5,54,22,0.793651,1.26984,3.49206
Alex Cook,TBR,2,26,48.3,6,43,17,1.11801,1.28364,4.09938
Tristan Beck,SFG,5,33,68.3,8,53,23,1.05417,1.33236,4.21669
Adisyn Coffey,CHW,1,42,52.7,6,50,22,1.02467,1.34725,4.26945
RJ Petit,COL,2,43,56.7,6,47,21,0.952381,1.35802,4.44444
Jeff Hoffman,MIN,0,53,53,7,60,22,1.18868,1.24528,3.90566
Cade Winquest,STL,18,21,90.7,14,69,35,1.3892,1.37817,5.15987
Paul Blackburn,NYY,14,20,79.7,13,60,33,1.46801,1.4931,5.3074
Edgar Barclay,NYY,16,20,89.3,13,66,39,1.31019,1.45577,5.24076
Brendon Little,TOR,0,61,58,5,64,33,0.775862,1.41379,3.87931
Kyle Amendt,ARI,0,44,48.3,4,52,25,0.745342,1.34576,3.54037
Ryan Fernandez,STL,0,51,57.3,6,60,25,0.942408,1.32635,4.08377
Frank Mozzicato,KCR,19,23,91,10,66,51,0.989011,1.53846,4.84615
Bryce Osmond,LAA,21,22,82,12,66,36,1.31707,1.42683,5.15854
Brock Burke,CIN,1,56,57.3,7,51,19,1.09948,1.3089,4.39791
David Morgan,SDP,1,48,59.7,6,59,22,0.904523,1.22278,3.76884
Austin Love,STL,6,31,60.3,6,50,26,0.895522,1.37645,4.32836
Steven Cruz,KCR,1,52,53.7,5,50,23,0.837989,1.30354,3.85475
JJ Goss,ATH,10,30,63.3,8,43,23,1.13744,1.37441,4.69194
Justin Jarvis,,16,21,85.3,13,62,36,1.37163,1.45369,5.2755
Amos Willingham,MIA,2,37,56.3,7,51,18,1.11901,1.27886,3.99645
Taylor Rashi,ATH,2,37,60,6,57,27,0.9,1.41667,3.9
Kyle Brnovich,PHI,18,22,82.7,12,69,38,1.30593,1.46312,5.2237
Wilkel Hernandez,,17,24,86.3,12,57,32,1.25145,1.43685,5.00579
Joel Kuhnel,MIL,1,41,49.3,5,34,12,0.912779,1.33874,4.19878
Bryan King,HOU,0,56,57.3,7,56,17,1.09948,1.18674,3.76963
Sean Newcomb,CHW,4,31,59,7,51,26,1.0678,1.47458,4.42373
Kevin Abel,CIN,20,21,92,14,71,46,1.36957,1.53261,5.67391
Brad Keller,PHI,6,39,69.3,9,60,29,1.16883,1.38528,4.54545
Peter Solomon,,12,19,74.7,10,60,34,1.20482,1.45917,4.81928
Dane Acker,TEX,8,26,62.3,8,53,28,1.1557,1.39647,4.76726
Evan Fitterer,SDP,13,23,83.7,10,64,38,1.07527,1.43369,4.62366
Joan Adon,,12,26,72.3,8,56,34,0.995851,1.47994,4.85477
Gabe Speier,SEA,0,61,51.3,6,57,17,1.05263,1.18908,3.68421
Angel Chivilli,NYY,0,49,67.3,9,67,22,1.20357,1.20357,4.27935
Andre Granillo,DET,0,42,58.3,7,56,24,1.08062,1.3036,4.1681
Nick Sinacola,,10,21,72.7,9,48,24,1.11417,1.38927,4.45667
Braydon Tucker,PHI,14,20,84.3,12,50,27,1.28114,1.41163,5.12456
Avery Weems,,5,27,49,6,41,18,1.10204,1.34694,4.59184
Garrett McDaniels,LAD,5,36,53.7,5,45,25,0.837989,1.39665,4.35754
Sean Manaea,NYM,16,20,91,17,87,33,1.68132,1.37363,5.24176
Justin Meis,PIT,5,32,61.7,7,49,25,1.02107,1.39384,4.23015
Erik Sabrowski,CLE,1,46,49,5,59,29,0.918367,1.36735,3.85714
Anthony Veneziano,TEX,9,33,75.7,9,60,33,1.07001,1.41347,4.63672
Tyson Neighbors,BAL,0,46,57.3,6,56,20,0.942408,1.18674,4.08377
Connor Seabold,KCR,12,24,72.3,11,59,26,1.36929,1.42462,4.97925
Yondrei Rojas,TOR,0,45,54,6,51,19,1,1.22222,3.83333
Seth Johnson,ATH,10,37,68,9,60,32,1.19118,1.44118,4.76471
Ben Anderson,TEX,17,21,89,12,50,34,1.21348,1.48315,5.25843
Elvis Alvarado,ATH,0,52,60.7,7,62,26,1.03789,1.28501,3.85502
Joey Mancini,HOU,10,20,89.7,11,55,32,1.10368,1.38239,4.81605
Julian Fernández,,3,43,51,6,48,19,1.05882,1.33333,4.23529
Skylar Hales,STL,0,49,54.7,5,47,18,0.822669,1.24314,4.11335
Philip Abner,SFG,0,54,57,6,54,22,0.947368,1.2807,3.78947
Tommy Vail,CHW,8,26,70,9,59,37,1.15714,1.5,4.75714
Cory Wall,ATL,5,30,52,6,42,17,1.03846,1.30769,4.32692
Connor Van Scoyoc,WSN,7,27,81.3,9,45,27,0.99631,1.42681,4.76015
Bowden Francis,TOR,14,21,76.3,14,64,27,1.65138,1.32372,4.83617
Gus Varland,WSN,2,40,51,5,49,23,0.882353,1.43137,4.58824
Lucas Erceg,KCR,0,51,50.7,4,46,22,0.710059,1.36095,3.90533
Michael Dominguez,,15,23,73,10,62,38,1.23288,1.45205,4.80822
Thomas Hatch,,13,20,84.3,11,56,30,1.17438,1.4828,4.48399
PJ Poulin,WSN,2,48,56,6,55,24,0.964286,1.35714,4.17857
Zach Maxwell,CIN,0,56,59,7,63,29,1.0678,1.37288,4.27119
Randy Dobnak,KCR,15,21,85.3,10,60,33,1.0551,1.44197,4.53693
A.J. Minter,MIN,0,55,50.3,6,52,18,1.07356,1.2326,3.93638
Tony Santillan,CIN,0,63,59,7,60,27,1.0678,1.35593,4.42373
Carson Hobbs,LAD,0,44,52.7,6,50,21,1.02467,1.29032,4.26945
JP Sears,SDP,22,22,118.7,23,99,37,1.74389,1.30581,4.85257
Jack Leftwich,CLE,5,30,50.3,6,40,19,1.07356,1.37177,4.29423
Michael Kopech,,11,34,74.3,12,77,41,1.45357,1.39973,4.60296
Shawn Dubin,,4,33,47.3,5,43,22,0.951374,1.45877,3.99577
Roman Angelo,ARI,20,20,100.7,12,78,47,1.07249,1.45978,4.55809
Ronan Kopp,LAD,0,49,59.7,6,63,33,0.904523,1.37353,4.22111
Dylan Cumming,CHW,12,24,72,10,52,26,1.25,1.41667,5.125
Manuel Rodríguez,TBR,0,47,48,5,41,17,0.9375,1.29167,3.9375
Wes Benjamin,,17,20,90,13,65,38,1.3,1.52222,4.9
Sean Hunley,,7,25,65.7,8,38,19,1.09589,1.3242,4.65753
Carter Spivey,CLE,15,21,76.7,9,48,33,1.05606,1.46023,4.69361
Brayan Castillo,,5,33,54.3,6,46,28,0.994475,1.51013,4.64088
Yerry De los Santos,NYY,0,44,54,5,42,20,0.833333,1.31481,4
Luis Moreno,MIA,11,28,78,9,57,36,1.03846,1.48718,4.61538
Osvaldo Berrios,BOS,5,29,57.7,7,42,20,1.09185,1.36915,4.36742
Antonio Jimenez,,5,28,57.7,6,49,25,0.935875,1.38648,4.21144
Yennier Cano,BAL,0,56,52.7,5,44,19,0.85389,1.32827,3.92789
Keegan Akin,BAL,3,50,56,8,55,20,1.28571,1.30357,4.17857
Luke Albright,,10,20,68.3,7,57,37,0.922401,1.49341,4.48023
Max Kranick,WSN,4,30,48.3,7,37,14,1.30435,1.30435,4.47205
Colin Selby,BAL,1,43,48.3,5,49,21,0.931677,1.34576,4.09938
Casey Legumina,TBR,3,42,54.7,6,51,22,0.987203,1.33455,4.11335
Bennett Sousa,HOU,0,44,47.7,6,51,19,1.13208,1.27883,3.77358
Austin Pope,,2,41,51.3,6,49,18,1.05263,1.28655,4.03509
Robert Dugger,,17,20,85,12,58,39,1.27059,1.52941,5.4
Michael Arias,NYY,6,31,53.7,6,52,29,1.00559,1.41527,4.69274
Roel Garcia III,TBR,8,21,66.3,10,45,21,1.35747,1.37255,4.88688
Danny Coulombe,,1,55,43,4,37,20,0.837209,1.46512,3.97674
Beau Brieske,DET,8,35,57.3,8,46,25,1.25654,1.39616,4.71204
Merrill Kelly,ARI,19,19,109.3,19,86,40,1.5645,1.44556,4.52882
Hayden Harris,ATL,0,46,51.3,6,59,20,1.05263,1.22807,3.85965
Austin Warren,NYM,3,34,49,6,43,20,1.10204,1.36735,4.59184
Alec Baker,ARI,11,25,73.7,9,46,24,1.09905,1.38399,4.3962
Hans Crouse,SDP,0,44,50,6,58,24,1.08,1.3,3.96
Eduard Bazardo,SEA,0,53,59.7,7,57,20,1.05528,1.22278,3.76884
Alex Lange,KCR,1,49,46,3,50,28,0.586957,1.43478,4.1087
Codi Heuer,BAL,0,42,48,6,49,19,1.125,1.33333,3.75
Saul Garcia,NYM,4,31,54,6,55,27,1,1.35185,4.5
Carlos Duran,KCR,7,29,56.7,7,53,32,1.11111,1.48148,5.07936
Ian Hamilton,ATL,1,44,49,5,49,23,0.918367,1.38776,3.85714
Jerming Rosario,LAD,9,31,72.7,9,63,38,1.11417,1.4718,5.07565
Michael Cuevas,,12,26,69.3,7,43,31,0.909091,1.50072,4.93506
Peter Van Loon,,6,25,56.3,7,48,23,1.11901,1.38544,4.63588
Davis Sharpe,,3,36,60,7,46,18,1.05,1.28333,4.2
Aaron Bummer,,1,43,48,4,48,21,0.75,1.41667,4.125
Luis Curvelo,TEX,0,47,56.7,7,51,21,1.11111,1.2522,4.44444
Camden Minacci,LAA,0,45,58,6,47,22,0.931035,1.36207,4.34483
Matt Manning,,12,25,70,10,57,34,1.28571,1.47143,5.01429
Elvis Peguero,BAL,1,45,47.7,4,38,22,0.754717,1.44654,4.5283
Jonathan Loáisiga,ARI,1,42,46,4,36,14,0.782609,1.28261,3.71739
Jonathan Heasley,TBR,11,22,70.7,10,48,26,1.27298,1.42857,4.96464
Zach Franklin,NYM,0,45,50.7,6,50,21,1.06509,1.3215,4.26035
Ryan Watson,TOR,15,17,89.3,15,51,26,1.51176,1.38858,5.24076
Seth Halvorsen,LAD,0,44,46.3,5,42,21,0.971922,1.40389,4.47084
Grant Holman,PHI,2,43,50.3,5,41,18,0.894632,1.29225,3.75746
Thaddeus Ward,,18,24,89.7,11,75,47,1.10368,1.52731,4.71572
Noah Davis,PIT,8,28,67.3,8,57,26,1.06984,1.39673,4.81426
Andrew Walters,CLE,1,52,52.3,6,60,25,1.0325,1.26195,3.61377
Brandan Bidois,MIA,0,39,51.7,5,50,23,0.870406,1.31528,3.82979
Nick Mears,KCR,0,54,49.7,5,45,21,0.905433,1.36821,4.16499
Erian Rodriguez,CHC,15,19,80,10,56,33,1.125,1.3875,4.8375
Josh Ekness,MIA,0,46,58,5,56,24,0.775862,1.25862,4.03448
Peyton Gray,TEX,2,36,55.3,8,55,21,1.30199,1.32007,4.55696
Luke Weaver,PIT,5,39,58.3,9,61,23,1.38937,1.35506,4.63122
Nate Peterson,CIN,9,25,66.7,10,48,29,1.34933,1.49925,5.3973
Jesse Bergin,MIN,0,41,49.7,5,43,19,0.905433,1.32797,4.16499
Ryan Murphy,STL,18,23,81.3,10,54,34,1.10701,1.43911,4.87085
Matt Jachec,CLE,0,32,54,6,43,17,1,1.27778,3.83333
Jake Miller,,3,34,53.7,6,40,19,1.00559,1.34078,4.18994
Zach McCambley,CIN,3,35,55.3,6,53,26,0.976492,1.37432,4.06872
Charlie Beilenson,SEA,0,38,55.7,6,50,19,0.969479,1.25673,3.87792
Fernando Cruz,NYY,1,47,45,5,56,28,1,1.53333,4.4
Kade Bragg,MIA,0,40,59.3,6,58,26,0.910624,1.29848,4.09781
Austin Roberts,TEX,1,38,56,6,48,23,0.964286,1.32143,4.5
Shane Rademacher,SFG,13,21,89.3,13,47,24,1.31019,1.37738,4.83763
Ethan Roberts,CHC,1,42,47.7,6,48,19,1.13208,1.29979,4.15094
Marc Church,TEX,1,35,47.7,5,48,23,0.943396,1.34172,4.33962
Will Brian,NYY,1,37,47,5,42,22,0.957447,1.38298,4.40426
Jack Dallas,PHI,3,31,49.3,6,38,16,1.09533,1.31846,4.56389
Dustin Saenz,,11,27,72.3,9,36,22,1.12033,1.43845,4.97925
Antonio Santos,,15,21,75,10,61,36,1.2,1.45333,4.8
Caleb Bolden,BOS,8,22,61,7,46,28,1.03279,1.47541,4.86885
Michael Knorr,HOU,3,35,52.3,7,49,22,1.20459,1.35755,4.13002
Antoine Kelly,CHC,5,33,53.3,6,51,28,1.01313,1.40713,4.5591
Mason Erla,LAA,7,21,55.7,7,34,21,1.13106,1.47217,5.00898
Fraser Ellard,,2,46,49.7,5,51,26,0.905433,1.38833,4.16499
Richard Lovelady,WSN,1,44,47.7,5,44,16,0.943396,1.29979,4.15094
Angel Felipe,,2,40,45.3,4,47,26,0.794702,1.43488,4.37086
Grant Wolfram,BAL,0,41,52.3,6,51,24,1.0325,1.41491,4.3021
Jesús Broca,MIL,0,33,65,6,55,28,0.830769,1.32308,4.15385
Nic Enright,TOR,0,37,46.3,6,41,16,1.16631,1.2959,4.08207
Matt Pushard,MIA,1,42,53.3,6,46,19,1.01313,1.31332,4.05253
Robinson Ortiz,SEA,1,41,51.3,4,51,26,0.701754,1.34503,4.21053
Calvin Faucher,MIA,1,53,51,5,49,24,0.882353,1.43137,4.05882
Trent Harris,SFG,0,38,56.7,7,49,17,1.11111,1.28748,3.80952
Bryan Baker,TBR,0,54,53.3,8,56,21,1.35084,1.29456,4.22139
Tyler Samaniego,BOS,1,39,47.7,5,41,19,0.943396,1.34172,3.96226
Isaac Mattson,PIT,1,46,54.3,6,50,26,0.994475,1.39963,4.14365
Patrick Halligan,BOS,2,33,54,6,43,21,1,1.38889,4.5
Shinnosuke Ogasawara,,9,25,62,9,48,22,1.30645,1.3871,4.93548
Troy Watson,SEA,11,29,73.3,10,53,32,1.22783,1.48704,4.91132
Eric Pardinho,TOR,1,35,46.3,5,42,22,0.971922,1.42549,4.27646
Mason Green,COL,10,27,69.7,9,51,36,1.16212,1.59254,5.16499
Jesus Tinoco,MIA,1,37,45.7,5,37,19,0.984683,1.37856,4.52954
Scott Blewett,ATH,7,29,61,7,42,23,1.03279,1.40984,4.42623
Dauri Moreta,,1,48,49.3,6,53,23,1.09533,1.33874,4.01623
Eric Cerantola,SFG,3,33,54.7,6,53,27,0.987203,1.37112,4.27788
Jaylen Nowlin,MIN,8,28,66.3,8,57,33,1.08597,1.44796,4.75113
Seth Lonsway,SFG,19,22,95,10,64,45,0.947368,1.52632,4.64211
Garrett Schoenle,CHW,5,33,58.7,8,47,24,1.22658,1.41397,4.75298
Trevor Kuncl,CIN,0,49,50.7,7,42,16,1.2426,1.30178,4.43787
José Buttó,SFG,1,54,64.7,6,55,25,0.834621,1.26739,3.7558
Dedniel Núñez,NYM,0,33,44.7,6,44,19,1.20805,1.38702,4.22819
Brandyn Garcia,ARI,8,36,65.7,6,55,28,0.821918,1.35464,4.24658
Christian Roa,HOU,7,34,64.3,8,64,33,1.11975,1.39969,4.19907
Curtis Taylor,,16,22,86,12,64,35,1.25581,1.44186,4.9186
Edgar Sanchez,ATH,6,25,52.7,6,42,25,1.02467,1.42315,4.61101
Michael Darrell-Hicks,PIT,4,31,55.3,6,43,19,0.976492,1.33816,4.39421
Max Lazar,PHI,1,44,56.7,7,43,17,1.11111,1.28748,4.44444
Sam Carlson,,1,39,55.3,6,56,24,0.976492,1.32007,4.06872
Juan Mercedes,,13,18,77,11,50,26,1.28571,1.4026,4.79221
Cesar Gomez,,7,27,59.7,8,40,21,1.20603,1.40704,4.52261
Yaramil Hiraldo,BAL,1,40,54,9,53,19,1.5,1.31481,4.5
Jimmy Endersby,,11,20,69.3,10,49,28,1.2987,1.42857,4.67532
Michel Otañez,TEX,0,43,48.3,5,59,27,0.931677,1.34576,4.28571
Will Klein,LAD,0,48,57.7,6,59,30,0.935875,1.38648,4.21144
Cole Percival,MIN,6,26,54,6,40,26,1,1.46296,4.83333
Kyle Backhus,PHI,0,50,51,6,51,20,1.05882,1.31373,4.23529
Elvin Rodríguez,,8,24,60.7,9,42,19,1.33443,1.40033,4.74465
Hagen Danner,LAA,0,47,51.3,7,42,17,1.22807,1.34503,4.73684
Manuel Castro,SDP,1,39,55.3,7,54,23,1.13924,1.32007,4.06872
Trey McLoughlin,HOU,1,37,47.3,6,44,19,1.14165,1.33192,3.99577
Kevin Ginkel,ARI,0,48,47,5,46,20,0.957447,1.38298,3.82979
Brandon Waddell,,12,21,75.3,11,57,27,1.31474,1.42098,5.01992
Michael Fulmer,LAA,3,36,47.3,6,44,21,1.14165,1.43763,4.5666
Diego Barrera,ATH,1,37,52.3,6,38,18,1.0325,1.33843,4.3021
Dakota Hudson,,15,18,94.3,13,52,38,1.24072,1.55885,5.53552
Chris Bassitt,BAL,19,22,108.7,18,89,47,1.49034,1.55474,5.0506
Casey Anderson,ARI,11,22,77,8,55,34,0.935065,1.44156,4.67532
Ryan Jennings,,3,33,53.7,7,52,23,1.17318,1.32216,4.35754
Abdiel Mendoza,,6,27,66.7,8,51,25,1.07946,1.34933,4.45277
Nate Lavender,NYM,0,33,47.3,5,51,23,0.951374,1.33192,4.18605
Aaron Rozek,MIN,9,22,79.7,12,55,27,1.35508,1.43036,5.08156
Logan Gillaspie,SDP,8,29,59.7,8,43,21,1.20603,1.40704,4.67337
Reiss Knehr,MIL,6,25,55.3,7,49,27,1.13924,1.42857,4.71971
Kervin Castro,NYY,0,39,49,5,45,24,0.918367,1.36735,4.40816
Connor Gillispie,PHI,11,18,76.7,13,55,31,1.52542,1.4472,5.63233
Wilian Bormie,TEX,2,33,56.7,7,54,27,1.11111,1.37566,4.44444
Bryan Hudson,CHW,1,42,51,6,48,23,1.05882,1.35294,4.58824
Bryan Magdaleno,TEX,0,46,47.7,4,48,25,0.754717,1.36268,4.15094
Ryan Brady,,1,27,48.7,5,35,17,0.924025,1.35524,4.43532
Greg Weissert,BOS,0,55,53.3,6,47,21,1.01313,1.35084,4.22139
Tommy McCollum,TBR,0,44,49,5,42,20,0.918367,1.36735,4.40816
Josh Maciejewski,,6,26,56,8,46,23,1.28571,1.42857,4.66071
Danny Watson,NYY,0,39,53,6,44,17,1.01887,1.22642,4.41509
Matt Gage,SFG,2,46,47,5,37,18,0.957447,1.42553,4.21277
Sam Benschoter,CIN,9,28,74.3,12,56,28,1.45357,1.41319,5.32974
Josh Sborz,TEX,0,45,42.7,5,41,20,1.05386,1.42857,4.637
Chay Yeager,TOR,1,42,52.7,6,45,21,1.02467,1.29032,4.26945
Martín Pérez,ATL,15,18,87,13,62,39,1.34483,1.57471,4.86207
Gavin Collyer,TEX,3,37,57.3,6,57,30,0.942408,1.37871,4.71204
Karl Kauffmann,,11,26,81.3,11,47,36,1.21771,1.59902,5.20295
Dylan Floro,,0,45,42.7,4,29,16,0.843091,1.49883,4.42623
Nick Davila,SEA,5,27,57,7,38,18,1.10526,1.33333,4.42105
Ryan Bourassa,,0,37,48.7,5,48,23,0.924025,1.3347,4.25051
Nate Ackenhausen,KCR,2,33,47.7,5,41,22,0.943396,1.36268,4.33962
Angel Macuare,,5,24,53,7,36,18,1.18868,1.39623,4.58491
Ian Gibaut,,0,45,43.3,5,34,19,1.03926,1.50115,4.98845
Joshua Cornielly,NYM,1,34,52.7,6,46,19,1.02467,1.29032,4.44023
Jared Southard,LAA,0,42,55.7,6,47,21,0.969479,1.32855,4.52424
Paul Gervase,LAD,1,44,58.3,8,63,26,1.23499,1.3036,4.32247
Zach Brzykcy,MIA,0,47,49.7,5,49,23,0.905433,1.34809,4.16499
Stiven Cruz,MIL,5,26,61,8,47,25,1.18033,1.37705,4.72131
Scott Barlow,,1,54,50.7,6,53,28,1.06509,1.43984,4.43787
Eric Reyzelman,NYY,0,42,50.7,6,51,24,1.06509,1.3215,4.26035
Ethan Bosacker,KCR,12,20,80.3,11,41,27,1.23288,1.40722,5.15567
Trevor Stephan,CLE,1,45,45,5,42,18,1,1.35556,4.2
Will Childers,MIL,1,45,56.3,7,51,24,1.11901,1.34991,4.15631
Brian Fitzpatrick,MIL,2,29,52.7,7,48,22,1.19545,1.34725,4.26945
Junior Santos,,6,35,62.7,7,41,27,1.00478,1.48325,4.73684
Rhett Kouba,,7,26,70.7,8,47,31,1.01839,1.45686,4.71004
Omar Cruz,SDP,7,27,72.7,9,68,37,1.11417,1.41678,4.58047
Jalen Beeks,TEX,3,44,52.3,6,44,23,1.0325,1.39579,4.47419
Magnus Ellerts,CLE,0,39,49.7,6,52,23,1.08652,1.32797,3.80282
Zach Thompson,,13,21,68.7,10,45,29,1.31004,1.5575,5.10917
Jameson Taillon,TOR,19,19,98,20,71,29,1.83673,1.38776,5.14286
Lane Ramsey,,0,38,43,5,41,21,1.04651,1.46512,4.39535
Seranthony Domínguez,SEA,0,56,51.3,7,54,26,1.22807,1.40351,4.38596
Declan Cronin,TEX,1,42,49.3,5,41,21,0.912779,1.37931,4.56389
Cruz Noriega,,4,22,48.7,6,34,19,1.10883,1.43737,4.80493
Colby Martin,MIA,0,47,48,4,45,28,0.75,1.45833,4.125
Justin Lawrence,WSN,0,43,46.7,4,47,25,0.770878,1.43469,4.23983
Evan Sisk,PIT,0,50,52.3,5,50,24,0.860421,1.39579,3.95794
Daniel Lloyd,BAL,4,27,57.7,7,39,21,1.09185,1.40381,4.5234
Houston Harding,,8,20,58.7,8,41,28,1.22658,1.55026,5.05963
Ryan Zeferjahn,CHC,1,48,53.3,6,59,28,1.01313,1.36961,4.39024
Zach Agnos,COL,0,47,52,7,44,19,1.21154,1.30769,4.32692
Jose Espada,BAL,2,36,51.3,7,49,26,1.22807,1.4425,4.5614
Walter Pennington,,2,35,52,6,44,23,1.03846,1.44231,4.32692
Brady Choban,LAA,0,45,52,5,36,18,0.865385,1.34615,4.67308
Nate Garkow,,0,35,47.3,6,47,21,1.14165,1.33192,4.37632
Jared Kelley,,3,31,51.3,6,42,27,1.05263,1.50097,4.5614
José Quijada,,0,48,44,5,48,22,1.02273,1.38636,4.5
Johan Simon,DET,0,25,61,6,47,24,0.885246,1.36066,4.27869
David Leal,,5,30,58.7,8,40,19,1.22658,1.3799,4.75298
John Stankiewicz,,2,35,52,6,38,21,1.03846,1.44231,4.5
Mitch Neunborn,PHI,12,24,70,11,51,29,1.41429,1.5,5.27143
Yosver Zulueta,BAL,2,42,58,6,63,28,0.931035,1.2931,4.03448
Amilcar Chirinos,HOU,2,36,49.3,6,44,22,1.09533,1.35903,4.38134
Luke Murphy,LAA,1,37,50.3,6,42,20,1.07356,1.37177,4.47316
Hunter Stratton,SDP,0,42,50.7,6,46,19,1.06509,1.34122,4.26035
Dale Stanavich,SFG,1,39,50.7,5,48,26,0.887574,1.43984,4.26035
Nick Sandlin,DET,1,52,48,7,49,22,1.3125,1.33333,4.5
Kyle Hart,SDP,14,22,82,14,71,31,1.53659,1.43902,4.93902
Nick Raquet,BAL,2,31,52.3,7,42,18,1.20459,1.35755,4.47419
Anthony Bender,MIA,0,49,47.3,5,43,19,0.951374,1.31078,3.99577
Josh Fleming,STL,4,32,63,7,29,20,1,1.47619,4.71429
Garrett Acton,MIN,3,41,52.3,7,51,24,1.20459,1.37667,4.3021
Andrew Saalfrank,ARI,0,42,49.3,4,44,26,0.730223,1.41988,3.65112
Tanner Banks,PHI,2,46,50.7,8,43,15,1.42012,1.34122,4.61538
Tyler Ivey,,18,20,87.7,13,62,43,1.33409,1.58495,5.23375
Collin Snider,CHC,0,44,48.7,6,40,18,1.10883,1.35524,4.43532
Anderson Pilar,ATL,3,36,53.7,7,46,17,1.17318,1.32216,4.35754
Kenny Serwa,DET,17,21,91,11,48,37,1.08791,1.49451,5.34066
Domingo Gonzalez,SEA,2,39,57.7,6,52,24,0.935875,1.31716,4.05546
Micah Dallas,ATH,1,36,49,7,35,13,1.28571,1.30612,4.40816
Gabriel Yanez,,0,36,53.7,6,39,18,1.00559,1.37803,4.35754
Beau Burrows,PIT,5,29,50.3,6,40,23,1.07356,1.47117,4.65209
Robert Stephenson,LAA,0,44,43,7,45,15,1.46512,1.30233,4.60465
Baron Stuart,WSN,12,24,68.7,9,45,33,1.17904,1.48472,5.10917
Noah Murdock,PIT,2,30,47.3,4,40,26,0.761099,1.50106,4.5666
Francis Peña,SDP,0,40,52.3,5,44,23,0.860421,1.37667,4.13002
Robert Suarez,ATL,0,52,49,6,44,19,1.10204,1.36735,4.22449
John Schreiber,KCR,0,56,50,6,44,20,1.08,1.36,4.32
Troy Taylor,SEA,0,53,53.3,6,50,21,1.01313,1.2758,4.22139
Connor Staine,COL,20,21,87,14,53,37,1.44828,1.52874,5.68966
Colin Holderman,CLE,1,44,47.3,5,44,21,0.951374,1.37421,4.18605
Carson Skipper,,0,40,57,8,45,19,1.26316,1.36842,4.73684
Derrick Edington,TBR,0,44,52.3,6,42,19,1.0325,1.31931,4.3021
Andrew Quezada,,14,20,75.3,11,37,31,1.31474,1.64675,5.49801
Spencer Turnbull,,15,20,74.3,10,50,36,1.21131,1.61507,5.45087
Ross Carver,,6,27,58,7,47,26,1.08621,1.39655,4.65517
Phil Bickford,,0,43,48.3,6,45,19,1.11801,1.34576,4.65839
Bailey Horn,DET,4,39,51.7,6,46,26,1.04449,1.45068,4.52611
Tyler Mattison,DET,2,41,46.3,6,45,23,1.16631,1.42549,4.47084
Nate Pearson,KCR,1,42,51.3,7,50,24,1.22807,1.40351,4.5614
Morgan McSweeney,BOS,12,22,64,9,41,28,1.26562,1.5,4.92188
Carson Fulmer,SEA,4,24,55.3,7,41,26,1.13924,1.51899,4.71971
Chase Shugart,PHI,3,38,55.7,8,43,22,1.29264,1.40036,4.8474
Cade Gibson,MIA,6,34,66,8,52,26,1.09091,1.37879,4.36364
Jared Kollar,,14,21,85.7,13,49,30,1.36523,1.44691,5.25088
George Soriano,STL,2,42,65.7,8,60,24,1.09589,1.27854,4.24658
Gabriel Jackson,,4,20,55.3,6,32,22,0.976492,1.46474,4.71971
Jarold Rosado,CHW,0,36,46.3,4,36,24,0.777538,1.46868,4.66523
Reggie Crawford,SFG,14,36,47.3,6,48,22,1.14165,1.33192,4.75687
Patrick Murphy,,3,28,39.3,5,32,18,1.14504,1.50127,4.80916
Tyler Owens,DET,3,34,48,5,35,21,0.9375,1.41667,4.6875
Reidis Sena,BOS,2,29,46,5,41,26,0.978261,1.5,4.5
Samy Natera Jr.,LAA,5,36,53.7,7,56,31,1.17318,1.47114,4.86034
Fernando Sanchez,SDP,3,27,61,7,48,25,1.03279,1.37705,4.57377
Chris Roycroft,TBR,0,43,56.3,5,44,26,0.79929,1.45648,4.47602
Nick Nastrini,,15,22,77.7,11,67,47,1.27413,1.53153,5.32819
Walker Buehler,SDP,17,19,91.3,16,76,38,1.57722,1.46769,5.12596
Houston Roth,SEA,3,28,52.3,6,46,25,1.0325,1.41491,4.47419
Joey Danielson,TEX,0,43,52,6,44,23,1.03846,1.36538,4.5
Jonathan Hernández,LAD,1,39,46.7,5,41,24,0.963597,1.47752,4.62527
Ike Buxton,,13,20,70,8,44,34,1.02857,1.5,4.88571
Eduarniel Núñez,CHC,0,42,50,5,51,30,0.9,1.46,4.5
Logan Whitaker,MIA,0,30,44.7,5,31,15,1.00671,1.36465,4.42953
Enyel De Los Santos,HOU,0,54,55,8,53,20,1.30909,1.27273,4.09091
Misael Tamarez,,6,33,68.7,9,55,31,1.17904,1.41194,4.71616
Hayden Merda,NYY,5,32,53.3,7,44,25,1.18199,1.42589,5.06567
José De León,,10,19,65.7,10,56,33,1.36986,1.56773,5.34247
Ben Simon,NYM,0,35,49,5,40,18,0.918367,1.30612,4.59184
Thomas Schultz,WSN,4,37,52.3,7,41,22,1.20459,1.39579,4.99044
Colin Rea,CHC,17,20,95.7,17,67,33,1.59875,1.45246,5.07837
Carlos Estévez,KCR,0,51,49,6,39,20,1.10204,1.34694,4.40816
Carter Rustad,CLE,1,30,49,6,37,19,1.10204,1.36735,4.77551
Collin Baumgartner,,0,43,52,7,47,23,1.21154,1.42308,4.67308
Simon Miller,,0,39,51,7,45,21,1.23529,1.37255,4.76471
Larson Kindreich,TEX,3,30,50,6,49,28,1.08,1.44,4.86
Ryan Cusick,PHI,10,30,58.7,8,49,31,1.22658,1.49915,5.05963
Colin Peluse,,5,32,57.3,9,39,17,1.41361,1.36126,5.02618
Joe Jiménez,ATL,0,48,44.3,6,49,19,1.21896,1.3544,4.46953
Tyler Bryant,MIL,0,38,44,5,42,21,1.02273,1.36364,4.29545
Jordany Ventura,,7,27,57.7,7,49,31,1.09185,1.43847,4.83536
Andrew Magno,BAL,1,39,55,6,48,26,0.981818,1.43636,4.41818
Kade Strowd,ARI,0,44,53.7,5,49,25,0.837989,1.37803,3.85475
Kelly Austin,NYY,0,46,50.7,6,37,18,1.06509,1.30178,4.26035
Juan Nuñez,BAL,12,21,64,9,53,32,1.26562,1.46875,5.0625
Shaun Anderson,LAA,15,20,83.7,15,55,26,1.6129,1.50538,5.48387
Anthony Maldonado,,0,42,53.7,7,53,22,1.17318,1.30354,4.18994
Nick Hull,SEA,5,27,58,7,44,25,1.08621,1.39655,4.65517
Austin Kitchen,SEA,1,37,55,6,36,16,0.981818,1.36364,4.41818
Wander Guante,,5,28,60.7,8,41,24,1.18616,1.4168,4.89292
Garrett Davila,,6,35,59.3,8,47,25,1.21417,1.45025,4.85666
Raymond Burgos,BOS,0,32,48,5,36,15,0.9375,1.3125,4.125
Keegan Thompson,COL,5,27,53,8,45,25,1.35849,1.50943,5.09434
Ryan Cardona,,17,21,85.3,12,54,45,1.26612,1.57093,5.80305
Mason Thompson,,1,38,42.7,4,37,22,0.843091,1.45199,4.637
Jarret Whorff,ATL,1,32,62.3,8,51,23,1.1557,1.36437,4.33387
Anthony Simonelli,KCR,2,29,48,6,41,21,1.125,1.41667,4.5
Konnor Pilkington,,9,42,65,9,61,35,1.24615,1.47692,4.70769
Marques Johnson,SFG,0,39,52,6,52,24,1.03846,1.34615,3.98077
Evan Reifert,TBR,1,42,43.3,5,48,24,1.03926,1.36259,4.3649
Wilkin Ramos,SFG,1,41,56.3,5,45,24,0.79929,1.38544,3.99645
Levi Stoudt,PHI,11,25,66.3,10,45,28,1.35747,1.49321,5.29412
Cionel Pérez,NYM,0,45,46.3,3,38,26,0.583153,1.53348,4.66523
Shawn Armstrong,CLE,3,46,48.3,7,45,18,1.30435,1.36646,4.28571
Manuel Mercedes,SFG,14,23,80.3,8,41,34,0.896638,1.4944,4.93151
Jack Little,DET,0,43,53.3,7,41,19,1.18199,1.35084,4.72795
Alex Carrillo,SFG,0,39,45.7,6,46,22,1.18162,1.40044,4.52954
Ryan Garcia,CIN,12,20,67.3,10,54,36,1.3373,1.53046,5.48291
Nick Fraze,,13,24,65.3,8,47,26,1.1026,1.39357,4.96171
Tanner Burns,,5,27,52,6,39,26,1.03846,1.48077,4.5
Eli Morgan,NYY,0,42,48,6,40,17,1.125,1.33333,4.3125
Yaqui Rivera,BAL,0,36,50.3,5,48,24,0.894632,1.33201,4.29423
Michael Mercado,PHI,6,34,57.3,8,50,27,1.25654,1.44852,5.02618
Richard Guasch,BAL,1,29,45.3,5,42,22,0.993378,1.4128,4.56954
Luis Frías,,1,38,45,5,42,22,1,1.46667,4.4
Geoff Hartlieb,ATH,1,32,43.7,6,37,20,1.2357,1.53318,5.14874
Ryan Yarbrough,NYY,7,20,63.3,11,48,22,1.56398,1.37441,5.11848
Tyler Davis,CHW,0,36,47.7,6,43,23,1.13208,1.44654,4.5283
Nick Krauth,TEX,9,18,69.3,9,39,26,1.16883,1.41414,5.32468
Dylan File,DET,16,19,90,15,49,27,1.5,1.47778,5.4
Steven Okert,HOU,1,50,48.3,8,51,20,1.49068,1.30435,4.47205
John Rooney,TBR,3,39,50,6,49,24,1.08,1.4,4.5
Luis Mey,CIN,0,51,52.3,6,52,30,1.0325,1.47228,4.81836
Yorlin Calderon,,2,36,58.3,6,44,20,0.926244,1.28645,4.32247
Hunter Bigge,TBR,0,40,45.7,6,47,23,1.18162,1.40044,4.13567
Kevin Herget,NYM,4,30,46.7,7,34,16,1.34904,1.4561,5.01071
Jimmy Kingsbury,SEA,3,34,56,6,40,18,0.964286,1.28571,4.5
Cooper Adams,BOS,2,26,58.3,7,45,23,1.08062,1.38937,4.63122
William Fleming,,11,22,73,10,44,24,1.23288,1.41096,4.93151
Nick Merkel,MIL,1,28,50.7,7,46,20,1.2426,1.3215,4.43787
Jaden Woods,CHW,0,38,58.3,6,51,25,0.926244,1.37221,4.32247
John King,MIA,0,47,48.3,5,30,15,0.931677,1.44928,4.09938
Jake McSteen,,2,28,44,6,32,14,1.22727,1.40909,4.70455
Tyler Gilbert,CHW,5,33,48.7,8,42,21,1.47844,1.49897,5.17454
Harrison Cohen,NYY,1,46,47.7,6,46,24,1.13208,1.38365,4.5283
Kyle Funkhouser,,11,17,66.3,10,61,39,1.35747,1.58371,5.56561
Jonathan Brand,TEX,0,30,48.3,6,40,19,1.11801,1.32505,4.65839
Jordan Romano,COL,0,47,43,7,44,17,1.46512,1.39535,4.81395
Jack Neely,CHC,0,39,48,6,51,22,1.125,1.29167,4.125
Cameron Cotter,CIN,0,33,45.7,5,30,13,0.984683,1.35667,4.3326
Sean Reid-Foley,,0,42,43.3,5,46,24,1.03926,1.45497,4.15704
Grant Anderson,MIL,0,50,57.7,8,58,23,1.24783,1.29983,4.21144
Erik Tolman,WSN,11,26,68.7,9,53,36,1.17904,1.52838,5.24017
Mark McLaughlin,,1,33,51.3,6,38,23,1.05263,1.46199,4.91228
Marcus Stroman,,17,17,86,13,55,42,1.36047,1.59302,5.65116
Alonzo Richardson,,5,20,65,7,35,29,0.969231,1.49231,4.84615
Tyler Cleveland,SEA,6,30,57.7,8,44,19,1.24783,1.29983,4.5234
Riley Martin,CHC,1,39,54.7,6,56,31,0.987203,1.42596,4.27788
Darren Bowen,MIN,14,22,72.7,10,42,29,1.23796,1.4718,5.32325
Chris Rodriguez,CHW,8,25,48.3,6,35,25,1.11801,1.5528,5.21739
Andrew Baker,COL,0,40,49.7,6,47,25,1.08652,1.44869,4.70825
Tommy Nance,MIN,1,40,44,6,40,17,1.22727,1.45455,4.5
Elieser Hernández,ATL,13,20,71.3,13,57,26,1.64095,1.43058,5.17532
Tristan Garnett,PHI,0,36,44.3,6,43,21,1.21896,1.42212,4.67269
José Castillo,,0,41,44.7,5,44,20,1.00671,1.4094,4.63087
Ryan Loutos,SEA,0,44,54.7,6,47,22,0.987203,1.35283,4.44241
Joe Barlow,,0,38,50.3,7,43,19,1.25249,1.35189,4.83101
Gerald Ogando,BAL,0,33,48,5,42,20,0.9375,1.33333,4.5
Nolan Hoffman,KCR,2,40,54,7,51,23,1.16667,1.40741,4.83333
Jack Dashwood,,2,37,51,7,43,19,1.23529,1.37255,4.58824
Rob Zastryzny,MIL,3,44,42,6,35,17,1.28571,1.42857,4.71429
Lake Bachar,PIT,1,40,55,8,55,25,1.30909,1.4,4.41818
Brock Stewart,LAD,0,45,41.3,6,43,21,1.30751,1.477,4.79419
Andrew Bash,ATH,7,29,63.7,8,45,28,1.1303,1.49137,4.94506
Jackson Stephens,,3,25,44.7,6,34,16,1.20805,1.43177,4.63087
Leonardo Pestana,,3,30,42.3,5,39,24,1.06383,1.48936,5.10638
Mark Leiter Jr.,ATH,1,45,43.3,6,44,22,1.24711,1.50115,4.98845
Erick Leal,,18,20,90.7,16,72,40,1.58765,1.46637,5.65601
Randel Clemente,STL,0,36,48,4,48,29,0.75,1.45833,4.3125
Emmanuel Chapman,,5,26,59,7,46,29,1.0678,1.49153,4.72881
Reiver Sanmartin,SFG,2,36,52.3,6,37,16,1.0325,1.37667,4.3021
Oddanier Mosqueda,,0,47,57,6,52,25,0.947368,1.35088,4.26316
Christian Montes De Oca,,0,36,49.7,5,38,16,0.905433,1.28773,3.9839
Joel Payamps,ATL,0,50,48.3,6,42,17,1.11801,1.34576,4.09938
Andrew Misiaszek,,1,32,44,5,39,22,1.02273,1.45455,4.09091
Justin Verlander,DET,0,0,0,0,0,0,0,0,0
Jesse Chavez,,0,0,0,0,0,0,0,0,0
Wade Miley,,0,0,0,0,0,0,0,0,0
Caleb Thielbar,CHC,0,0,0,0,0,0,0,0,0
Luis García,,0,0,0,0,0,0,0,0,0
Max Scherzer,TOR,0,0,0,0,0,0,0,0,0
Charlie Morton,,0,0,0,0,0,0,0,0,0
Chris Martin,,0,0,0,0,0,0,0,0,0
Rich Hill,,0,0,0,0,0,0,0,0,0
Carlos Carrasco,,0,0,0,0,0,0,0,0,0
David Robertson,,0,0,0,0,0,0,0,0,0
Adam Ottavino,,0,0,0,0,0,0,0,0,0
Kirby Yates,PIT,0,0,0,0,0,0,0,0,0
Yu Darvish,SDP,0,0,0,0,0,0,0,0,0
Antonio Senzatela,MIL,15,19,84.7,14,47,33,1.4876,1.6647,5.7379
Julian Garcia,CIN,8,14,50.3,10,50,26,1.78926,1.57058,5.72565
Robby Ahlstrom,TEX,2,40,55.3,7,49,27,1.13924,1.42857,4.71971
Adbert Alzolay,,1,38,43.7,6,37,14,1.2357,1.30435,4.53089
Justin Wilson,,0,52,39.3,5,39,20,1.14504,1.60305,4.80916
Carlos Vargas,SEA,0,55,62.3,6,46,21,0.866774,1.31621,4.04494
Jordan Mikel,,2,23,44.3,6,31,15,1.21896,1.37698,4.87585
Daniel Missaki,TEX,6,23,54.3,8,47,25,1.32597,1.45488,5.30387
Matt Cronin,,0,39,44.3,5,40,21,1.0158,1.39955,4.06321
Ty Adcock,SDP,1,41,45.3,6,40,18,1.19205,1.36865,4.37086
Jackson Kelley,CHW,1,30,41.7,5,36,19,1.07914,1.41487,4.96403
Yosber Sanchez,DET,0,35,48,5,39,22,0.9375,1.41667,4.5
Eric Adler,,1,37,41,4,32,23,0.878049,1.53659,4.82927
Mark Manfredi,COL,3,34,53.3,6,50,28,1.01313,1.38837,4.5591
Brooks Raley,PHI,1,51,42,5,37,18,1.07143,1.38095,4.71429
Evan Shawver,COL,3,28,47.3,6,34,23,1.14165,1.56448,5.13742
Brandon Neeck,PIT,3,35,45.3,5,37,22,0.993378,1.45695,4.56954
Parker Mushinski,COL,0,42,44.3,5,41,24,1.0158,1.53499,5.07901
Florencio Serrano,,3,18,41,5,23,16,1.09756,1.43902,5.26829
Bryce Montes de Oca,,1,36,37.3,3,43,28,0.723861,1.60858,4.82574
Brendan White,,0,36,48.7,5,39,17,0.924025,1.31417,4.25051
Anthony Banda,MIN,3,48,48.3,6,44,25,1.11801,1.51139,4.65839
Andrew Walling,PHI,0,42,48,6,44,22,1.125,1.39583,4.6875
Dylan Phillips,LAA,1,37,57.3,7,44,21,1.09948,1.36126,4.86911
Lucas Wepf,LAD,0,36,44.7,6,45,21,1.20805,1.36465,4.83221
Stevie Emanuels,ATH,3,33,51.3,6,47,31,1.05263,1.53996,4.73684
Miguel Cienfuegos,,9,23,69.7,10,45,27,1.29125,1.47776,4.90674
Cy Nielson,PIT,2,35,52.3,5,44,24,0.860421,1.37667,4.47419
Alek Jacob,SDP,0,45,54.7,7,50,23,1.15174,1.33455,4.60695
Easton Sikorski,CIN,0,28,53,7,43,23,1.18868,1.43396,5.09434
Wil Crowe,,9,22,58,8,40,30,1.24138,1.60345,5.43103
Chazz Martinez,KCR,0,41,59.3,6,49,26,0.910624,1.3828,4.40135
Zack Kelly,BOS,2,40,49,6,45,26,1.10204,1.4898,4.77551
Randy Wynne,,13,19,70.7,14,34,20,1.78218,1.54173,6.11033
Nick Jones,,2,34,48,6,40,22,1.125,1.4375,4.875
Blake Weiman,LAA,0,36,42.7,6,34,14,1.26464,1.38173,4.637
Isaiah Campbell,ARI,0,41,53.7,6,37,17,1.00559,1.3594,4.18994
Chris Kachmar,,18,21,87,14,70,41,1.44828,1.48276,5.17241
Rolddy Muñoz,ATL,3,36,55.3,6,48,27,0.976492,1.44665,4.39421
Cole Henry,WSN,2,46,48,6,47,25,1.125,1.375,4.875
Jeremy Wu-Yelland,BOS,0,25,42.7,5,43,19,1.05386,1.35831,4.637
Matt Turner,NYM,3,36,52.3,6,44,25,1.0325,1.43403,4.64627
Gustavo Rodriguez,ATH,0,34,47.3,6,42,22,1.14165,1.41649,4.37632
Juan Burgos,ARI,1,36,46.3,5,39,21,0.971922,1.40389,4.27646
Michael Lorenzen,,18,19,94,18,66,41,1.7234,1.57447,5.55319
Valentin Linarez,,4,32,53.7,7,44,25,1.17318,1.45251,4.86034
Kodi Whitley,TBR,0,33,43.3,7,39,15,1.45497,1.36259,4.57275
Juan Morillo,ARI,0,53,49,5,46,26,0.918367,1.46939,3.85714
Carlos Tavera,BAL,8,21,61,9,48,31,1.32787,1.52459,5.01639
Luis Pacheco,,0,37,43,5,32,18,1.04651,1.39535,4.81395
Orlando Ribalta,WSN,0,39,42,5,38,22,1.07143,1.5,4.71429
Alexander Alberto,TBR,1,37,46,5,41,22,0.978261,1.3913,4.69565
Carl Edwards Jr.,DET,7,25,51.3,8,43,27,1.40351,1.59844,5.08772
Jose E. Hernandez,,1,37,43.7,6,41,22,1.2357,1.44165,4.94279
Tim Mayza,PHI,1,48,41.3,6,34,15,1.30751,1.477,4.79419
Tommy Mace,,16,21,85.3,11,55,44,1.16061,1.5592,4.95897
Mason Vinyard,MIA,1,37,45.7,6,40,22,1.18162,1.40044,4.72648
Drew Parrish,,12,23,73.7,13,48,30,1.58752,1.49254,5.61737
Evan Kravetz,,2,29,43.3,6,36,22,1.24711,1.52425,5.40416
Justin Bruihl,STL,0,46,49.3,5,43,20,0.912779,1.35903,4.19878
Ryan Long,BAL,11,20,74.7,12,44,26,1.44578,1.41901,5.30121
Chris Flexen,,12,21,78,13,55,32,1.5,1.48718,5.07692
Chris Wright,,1,36,43.3,4,41,26,0.831409,1.50115,4.3649
Ryan Jensen,,4,29,44.3,5,43,28,1.0158,1.48984,4.67269
Trevin Michael,DET,0,34,53,7,46,22,1.18868,1.39623,4.58491
Gerson Garabito,MIL,12,23,63.3,10,52,25,1.4218,1.4218,5.26066
Raisel Iglesias,ATL,0,52,49.3,8,48,15,1.46045,1.27789,4.19878
Ben Lively,CLE,17,18,84,15,58,35,1.60714,1.52381,5.14286
Trevor Williams,WSN,17,19,82.3,15,60,32,1.64034,1.61604,5.57716
Connor Brogdon,CLE,1,45,51.7,8,52,24,1.39265,1.43133,4.35203
Hunter Parks,CIN,9,23,55,7,43,33,1.14545,1.56364,5.72727
Nick Garcia,SEA,9,24,61.3,8,47,29,1.17455,1.46819,4.84502
Antonio Knowles,LAD,0,41,47.3,6,45,23,1.14165,1.39535,4.75687
Jimmy Herget,COL,0,41,54,9,48,20,1.5,1.42593,4.83333
Josh Simpson,SEA,1,46,52.7,6,56,27,1.02467,1.3852,4.26945
Ryan Thompson,ARI,0,49,44.3,5,33,14,1.0158,1.37698,4.06321
Ivan Armstrong,,2,27,45.7,5,32,20,0.984683,1.4442,4.92341
Steven Pérez,CLE,0,33,53,7,46,21,1.18868,1.35849,4.07547
Leon Hunter Jr.,,1,39,42.3,6,41,19,1.2766,1.41844,4.25532
James Karinchak,ATL,0,46,46.3,6,54,28,1.16631,1.42549,4.27646
Hunter Gregory,MIN,3,34,52,7,43,24,1.21154,1.44231,4.84615
Daison Acosta,SDP,1,41,49.3,6,50,27,1.09533,1.41988,4.38134
Tanner Kohlhepp,DET,1,33,43,4,36,23,0.837209,1.48837,4.81395
Joey Lucchesi,,6,28,60.7,8,41,25,1.18616,1.51565,4.59638
Jack Snyder,,0,29,42,5,32,19,1.07143,1.47619,4.71429
Erick Fedde,CHW,16,19,93,17,64,41,1.64516,1.5914,5.6129
Dalton Roach,,3,29,50.3,8,36,17,1.43141,1.41153,5.18887
Ricardo Velez,,1,30,51.3,6,39,21,1.05263,1.36452,4.91228
Joe La Sorsa,,0,48,55,6,39,18,0.981818,1.34545,4.09091
Will Bednar,SFG,4,33,50,6,51,26,1.08,1.4,4.32
Jayden Murray,CHC,4,37,59.3,8,50,25,1.21417,1.3828,4.55312
Logan VanWey,HOU,0,39,46.3,5,45,25,0.971922,1.42549,4.47084
Emilio Pagán,CIN,0,49,48.3,9,46,19,1.67702,1.32505,5.03106
Grant Hartwig,,0,35,46,5,40,20,0.978261,1.3913,4.5
Gerardo Carrillo,ARI,0,42,47.7,5,42,19,0.943396,1.32075,3.96226
Devin Sweet,BOS,2,37,48,6,40,23,1.125,1.5,5.0625
Randy Labaut,,2,27,44.3,5,35,24,1.0158,1.53499,4.67269
Triston McKenzie,,17,22,81,14,78,44,1.55556,1.49383,4.88889
Austin Cox,ATL,6,31,62.3,9,49,25,1.30016,1.42857,4.76726
Blair Calvo,,2,33,41.7,5,35,19,1.07914,1.46283,4.96403
Blake Holub,MIL,0,41,47.3,6,43,23,1.14165,1.39535,4.37632
Hayden Durke,,0,45,49.3,4,48,29,0.730223,1.41988,4.01623
Erik Swanson,,0,47,43.7,7,38,18,1.44165,1.41876,4.73684
Gunner Mayer,,4,31,51,6,48,28,1.05882,1.45098,4.58824
Carlos Torres,COL,0,31,46.7,6,30,16,1.15632,1.43469,4.81799
Alec Gamboa,BOS,5,20,53.7,6,33,29,1.00559,1.62011,5.02793
Ryan Harbin,PIT,1,41,54.3,6,53,30,0.994475,1.45488,4.30939
Ryne Stanek,STL,0,51,43.7,5,42,26,1.02975,1.55606,4.73684
Evan Gates,PHI,1,35,55.7,8,48,25,1.29264,1.47217,4.8474
Tanner Andrews,TOR,0,27,43.7,6,37,19,1.2357,1.44165,4.53089
Dillon Tate,LAA,0,40,43.3,5,34,20,1.03926,1.45497,4.7806
Jorge Alcala,TOR,0,46,49,8,49,23,1.46939,1.38776,4.77551
Preston Johnson,MIN,2,25,47.3,6,41,25,1.14165,1.47992,4.75687
Carlos Guzman,NYM,4,32,52.7,7,43,24,1.19545,1.42315,4.95256
Reed Garrett,NYM,0,40,41,5,42,24,1.09756,1.58537,4.60976
John Means,KCR,17,17,66,12,39,21,1.63636,1.40909,5.31818
Joe Jacques,NYM,1,40,46,5,37,19,0.978261,1.43478,4.69565
Kelvin Cáceres,LAA,1,32,44.7,5,42,24,1.00671,1.45414,4.83221
Ray Gaither,,3,35,42,5,32,21,1.07143,1.5,4.71429
Michael Petersen,MIA,1,39,44,6,39,19,1.22727,1.45455,4.70455
Ryan Rolison,CHC,3,36,57,8,44,21,1.26316,1.36842,4.57895
Brennan Bernardino,COL,3,46,42,5,36,24,1.07143,1.61905,4.92857
Touki Toussaint,,6,21,61,8,54,36,1.18033,1.57377,5.31148
Lenny Torres Jr.,,0,43,47.3,5,43,27,0.951374,1.47992,4.75687
Justin Topa,NYY,1,42,43,5,33,17,1.04651,1.51163,4.81395
Bradley Hanner,NYY,0,39,49,6,46,23,1.10204,1.36735,4.77551
Jackson Kowar,BAL,5,28,47.7,7,40,24,1.32075,1.55136,5.09434
Pierce Johnson,CIN,0,51,43,7,44,21,1.46512,1.55814,5.23256
Yuki Matsui,SDP,0,51,52,7,51,26,1.21154,1.40385,4.32692
Cody Bolton,HOU,4,29,45,6,37,21,1.2,1.44444,4.6
Keagan Gillies,BAL,0,38,46.3,6,37,19,1.16631,1.42549,4.66523
Riley O'Brien,STL,0,45,50.3,5,51,26,0.894632,1.41153,4.11531
Hunter Hayes,,1,28,55,6,38,22,0.981818,1.41818,4.58182
Austin Vernon,TBR,3,29,49.3,7,47,28,1.27789,1.50101,4.74645
Hoby Milner,CHC,0,50,47.7,6,37,16,1.13208,1.38365,4.5283
Rico Garcia,BAL,2,40,46.7,7,47,25,1.34904,1.52034,4.62527
Matt Foster,,0,38,42,6,37,15,1.28571,1.35714,4.28571
Janser Lara,TEX,0,20,33,5,30,12,1.36364,1.27273,4.90909
Justin Yeager,TBR,0,44,46.7,5,40,24,0.963597,1.47752,4.62527
William Kempner,MIA,1,40,55.7,6,52,28,0.969479,1.38241,4.52424
Josh Walker,BAL,0,38,43,6,39,21,1.25581,1.51163,4.81395
Trevor Richards,CHW,2,37,46,7,45,23,1.36957,1.52174,5.47826
Jordan Marks,,2,31,45,6,30,17,1.2,1.42222,4.8
Shintaro Fujinami,,4,25,44.3,5,44,28,1.0158,1.53499,4.67269
Zane Morehouse,CLE,0,40,46,5,40,21,0.978261,1.3913,4.30435
Jayvien Sandridge,BAL,0,38,45,5,49,28,1,1.48889,4.8
Danny Young,ATL,0,45,41.7,4,44,20,0.863309,1.39089,4.53237
Jacob Webb,,2,28,49.7,6,39,25,1.08652,1.50905,4.88934
Enoli Paredes,,0,39,48.7,6,47,25,1.10883,1.47844,4.62012
Trent Thornton,CHC,0,38,44.7,6,35,15,1.20805,1.31991,4.42953
Jacob Wallace,CHC,1,34,46.3,6,45,24,1.16631,1.44708,4.47084
Jack Hartman,TBR,0,35,42.3,5,30,19,1.06383,1.46572,4.89362
Tyler Kinley,DET,0,49,47,7,49,24,1.34043,1.46809,4.78723
Brad Deppermann,,0,38,41.7,5,29,14,1.07914,1.43885,4.53237
Jacob Webb,CHC,0,45,50.3,7,45,21,1.25249,1.31213,4.47316
Yovanny Cruz,WSN,0,30,47.7,6,46,22,1.13208,1.34172,4.71698
Colin Poche,,0,49,43.3,6,37,20,1.24711,1.45497,4.7806
Seth Lugo,KCR,16,18,95,18,72,39,1.70526,1.52632,5.11579
Ryan Och,SDP,0,39,47.3,5,42,25,0.951374,1.43763,4.5666
Davison Palermo,COL,0,38,53.7,7,40,23,1.17318,1.48976,4.86034
Nick Robertson,LAD,0,41,48.7,7,45,23,1.29363,1.45791,4.80493
Danny Wirchansky,,11,21,67,9,40,29,1.20896,1.49254,4.97015
José Leclerc,SDP,0,43,44.7,6,46,26,1.20805,1.49888,4.63087
Ron Marinaccio,MIN,0,43,51.7,7,50,24,1.21857,1.33462,4.35203
Ryan Anderson,,0,34,45,5,32,18,1,1.35556,4.8
Zach Jacobs,CLE,3,31,58.7,8,45,23,1.22658,1.32879,4.44634
Zach Pop,MIA,0,45,45.7,6,35,16,1.18162,1.40044,4.92341
Daysbel Hernández,,0,44,45,5,47,27,1,1.46667,4.4
Andrew Moore,PIT,0,37,47.7,5,49,27,0.943396,1.40461,4.33962
CD Pelham,PIT,0,41,39.3,5,33,19,1.14504,1.50127,4.80916
Shay Schanaman,ATL,0,32,42,4,32,19,0.857143,1.40476,4.71429
Cam Sanders,BAL,3,37,49,6,47,31,1.10204,1.57143,4.77551
Seth Martinez,BOS,1,41,45,6,35,19,1.2,1.44444,4.8
Joel Valdez,,3,27,50.7,7,45,25,1.2426,1.42012,5.32544
Daniel Robert,PHI,0,39,42.3,6,40,21,1.2766,1.48936,5.10638
Christopher Troye,,0,28,41.7,4,38,26,0.863309,1.53477,4.53237
Wyatt Olds,BOS,4,30,60.3,6,54,34,0.895522,1.45937,4.92537
Daniel Juarez,,0,32,45,5,35,19,1,1.37778,4.6
Yohan Ramírez,PIT,0,40,50.3,5,50,23,0.894632,1.37177,4.47316
Stefan Raeth,,1,39,48.7,6,39,17,1.10883,1.2731,4.25051
Miguel Castro,,0,44,40.7,5,34,19,1.10565,1.49877,5.086
Nick Morreale,,3,26,48,6,32,18,1.125,1.4375,4.875
Jacob Meador,,13,25,63,9,45,32,1.28571,1.52381,5.42857
Alex Hoppe,BAL,0,36,55.7,7,53,26,1.13106,1.40036,4.36266
Noah Song,BOS,4,24,44.3,6,36,24,1.21896,1.55756,5.07901
Sam Weatherly,COL,1,34,44.3,6,40,23,1.21896,1.51242,5.07901
Jason Alexander,HOU,16,20,85.7,15,60,34,1.57526,1.54026,5.25088
Tim Hill,NYY,0,49,45,5,23,14,1,1.48889,4.6
Caden Monke,KCR,0,38,52.3,5,44,29,0.860421,1.51052,4.64627
Jake Cousins,LAD,0,43,43,6,48,23,1.25581,1.37209,4.60465
Anthony Misiewicz,CIN,0,42,44.3,7,38,18,1.42212,1.4447,5.07901
Ryan Boyer,,0,32,47.3,7,40,16,1.33192,1.31078,4.5666
Evan Justice,COL,1,37,38.7,4,33,24,0.930233,1.62791,5.11628
Braxton Roxby,SFG,0,39,52.3,6,48,21,1.0325,1.31931,4.3021
Tomoyuki Sugano,COL,17,17,92.3,20,52,28,1.95016,1.62514,5.75298
Matt Krook,WSN,4,31,49,6,46,32,1.10204,1.61224,5.14286
Andrew Kittredge,BAL,1,48,45.3,8,40,14,1.5894,1.4128,4.37086
Stephen Jones,MIA,1,39,50,6,39,21,1.08,1.44,4.68
Luke Young,WSN,5,29,57.7,8,36,21,1.24783,1.42114,5.14731
Luis Peralta,CHC,2,42,52.3,7,51,30,1.20459,1.52964,4.99044
Sean Harney,ARI,4,25,41.7,5,29,18,1.07914,1.43885,4.53237
Tim Naughton,,0,31,43.3,6,39,21,1.24711,1.50115,4.7806
Luis Guerrero,TBR,0,40,50.3,6,45,25,1.07356,1.37177,4.47316
Zach Peek,NYM,1,33,53.3,7,45,24,1.18199,1.44465,4.72795
Jason Adam,SDP,0,49,47,6,44,21,1.14894,1.29787,4.02128
Christian Suarez,LAD,0,38,54,6,47,32,1,1.53704,4.83333
Bobby Milacki,,5,25,54.3,8,32,20,1.32597,1.45488,5.13812
Sam Whiting,SEA,11,20,62.3,8,40,32,1.1557,1.52488,5.3451
Diego Castillo,,0,36,35.7,3,29,25,0.756302,1.79272,5.29412
Alaska Abney,,0,32,42.7,5,34,17,1.05386,1.33489,4.42623
Tom Cosgrove,WSN,0,42,46,6,42,23,1.17391,1.3913,4.69565
Luis Angel Rodriguez,,7,18,57.7,8,41,30,1.24783,1.52513,4.99133
Chase Costello,MIL,0,29,42,5,32,18,1.07143,1.38095,4.71429
Alexis Díaz,TEX,0,44,46.7,5,44,28,0.963597,1.39186,5.01071
Austin Amaral,WSN,0,33,51.7,6,35,21,1.04449,1.41199,4.87427
Jake Walkinshaw,MIA,5,25,43.7,6,25,18,1.2357,1.53318,5.14874
Ryan Borucki,CLE,1,50,43,5,40,20,1.04651,1.4186,4.18605
Jimmy Burnette,,0,35,40.3,4,38,23,0.8933,1.46402,4.68983
Hunter Hoopes,MIN,0,40,47.3,6,45,20,1.14165,1.33192,4.5666
Carter Loewen,,1,34,42.7,6,38,20,1.26464,1.42857,4.637
Nelson L. Alvarez,,0,34,45,6,39,21,1.2,1.44444,4.8
Austin Schulfer,PHI,1,32,41.7,5,29,19,1.07914,1.51079,5.17986
Kenyon Yovan,LAA,1,38,48.3,7,39,20,1.30435,1.42857,4.84472
Gavin Hollowell,CHC,0,39,47,6,47,22,1.14894,1.34043,4.40426
Michael Watson,STL,0,37,55,6,51,26,0.981818,1.34545,4.41818
Joe Mantiply,TOR,2,43,41.3,7,31,13,1.52542,1.477,5.01211
Cole Ayers,,1,33,44,6,33,20,1.22727,1.45455,5.11364
Geison Urbaez,,5,22,48.3,6,29,23,1.11801,1.51139,5.03106
Nicholas Regalado,,2,29,45.7,5,34,23,0.984683,1.46608,4.92341
Sam Ryan,,2,35,57,7,42,27,1.10526,1.52632,4.89474
Jake Higginbotham,,0,36,52,7,44,22,1.21154,1.44231,4.67308
Marquis Grissom Jr.,,0,40,47,6,36,19,1.14894,1.3617,4.78723
Garrett Hill,,10,23,58.7,8,48,31,1.22658,1.51618,4.75298
Luis F. Castillo,,8,26,43.3,6,29,22,1.24711,1.68591,5.40416
Jose Quintana,COL,16,17,86.7,14,52,48,1.45329,1.76471,5.50173
Michael Kelly,,0,42,42.3,5,34,21,1.06383,1.53664,4.46809
Adam Tulloch,CLE,4,26,52,6,41,28,1.03846,1.5,4.84615
Brandon Johnson,KCR,1,41,55.3,8,47,24,1.30199,1.42857,4.88246
Blake Treinen,LAD,1,45,37.7,6,37,19,1.43236,1.56499,5.25199
Peyton Alford,SEA,0,37,48,6,46,23,1.125,1.39583,4.5
Kyle Hendricks,,16,17,87.7,18,56,32,1.84721,1.60775,6.05473
Gabe Bierman,MIA,3,27,55.7,7,41,26,1.13106,1.49013,4.8474
Kelvin Ramirez,LAD,0,41,47.3,6,40,25,1.14165,1.47992,4.94715
Kyle Finnegan,DET,1,46,46,7,38,20,1.36957,1.45652,4.69565
Brian Metoyer,NYM,0,37,41,5,43,21,1.09756,1.41463,4.82927
Huascar Brazobán,CHW,2,40,47.3,6,43,27,1.14165,1.56448,4.94715
Kyle Nelson,,1,48,41.7,7,36,17,1.51079,1.41487,4.96403
Tejay Antone,CIN,4,21,32,5,25,18,1.40625,1.65625,6.1875
Tyler Rogers,TOR,0,56,52.3,7,33,15,1.20459,1.37667,4.3021
Mason Hickman,,2,26,43.7,6,39,23,1.2357,1.48741,4.53089
Taylor Clarke,ARI,3,38,46,7,33,16,1.36957,1.43478,4.5
Jack Ralston,MIA,0,33,48.3,6,50,30,1.11801,1.53209,4.47205
Ryan Brasier,,1,45,41.7,6,29,15,1.29496,1.39089,5.17986
Orlando Ortiz-Mayr,MIA,15,20,80,11,53,42,1.2375,1.6,5.2875
Keone Kela,,0,33,35.3,5,35,23,1.27479,1.67139,5.09915
Albert Abreu,,1,30,39.7,5,35,25,1.1335,1.61209,5.44081
Jason Blanchard,,1,31,43.7,6,39,22,1.2357,1.5103,4.73684
Trey McGough,,1,24,44.3,6,36,23,1.21896,1.51242,4.87585
Robinson Martínez,,0,33,40.3,5,37,21,1.11663,1.46402,4.91315
Andrew Dalquist,SDP,6,32,52.3,7,41,29,1.20459,1.52964,4.81836
Jeisson Cabrera,BAL,0,34,41.7,5,40,23,1.07914,1.46283,4.7482
Stephen Nogosek,,4,32,44,6,35,23,1.22727,1.54545,4.90909
Tyler Santana,CHC,3,26,57.3,8,36,22,1.25654,1.44852,4.71204
Patrick Weigel,COL,1,33,38.3,5,33,21,1.17493,1.59269,5.4047
Joe Ross,TEX,4,26,46.3,6,32,21,1.16631,1.55508,4.66523
Andrew Marrero,HOU,0,30,42.7,5,40,22,1.05386,1.42857,4.637
Lou Trivino III,PHI,2,43,40,6,35,22,1.35,1.65,5.4
Donovan Benoit,,1,20,45,6,34,22,1.2,1.48889,5.4
Scott Effross,SEA,1,38,43,6,26,15,1.25581,1.48837,4.81395
Christian Chamberlain,KCR,0,40,44,4,42,28,0.818182,1.47727,4.70455
Guillo Zuñiga,NYM,0,39,44.7,5,39,21,1.00671,1.38702,4.42953
Tommy Romero,,9,18,65,10,46,32,1.38462,1.49231,5.12308
José Ruiz,,1,42,45.3,7,40,19,1.39073,1.45695,4.96689
Phil Maton,CHC,0,51,48.7,6,47,22,1.10883,1.31417,4.25051
Jason Ruffcorn,SEA,0,40,52,6,43,24,1.03846,1.40385,4.5
Josh Staumont,,0,39,36,4,32,25,1,1.66667,5.5
A.J. Block,,1,29,45.3,6,40,22,1.19205,1.47903,4.96689
Taijuan Walker,,15,21,84.7,16,55,35,1.70012,1.54664,5.52538
Trevor Gott,,0,40,38,5,28,15,1.18421,1.5,5.21053
Logan Clayton,,13,19,66.7,9,37,29,1.21439,1.54423,4.9925
Joel Peguero,SFG,0,42,51.7,5,39,23,0.870406,1.45068,4.35203
Jorge López,,0,42,42.7,5,33,17,1.05386,1.45199,5.05855
Alejandro Torres,HOU,1,25,41,5,35,19,1.09756,1.36585,4.82927
LJ McDonough,ATL,0,35,45,5,38,23,1,1.48889,4.6
Patrick Corbin,TOR,17,17,88.3,17,66,40,1.73273,1.69875,6.21744
Sam Moll,CIN,0,50,42,6,39,24,1.28571,1.52381,5.35714
Fineas Del Bonta-Smith,,1,25,38.7,5,25,16,1.16279,1.49871,4.88372
Jesús Liranzo,,0,36,43.3,6,40,20,1.24711,1.43187,4.7806
Nick Mikolajchak,,0,37,40.7,5,30,20,1.10565,1.49877,4.4226
Thomas Farr,CIN,12,20,71.3,12,37,26,1.51473,1.5007,6.05891
Alec Barger,,0,35,39.7,5,29,20,1.1335,1.5869,5.21411
Jackson Lancaster,TBR,0,29,43.3,6,33,19,1.24711,1.43187,4.7806
Corbin Martin,CHC,4,32,50,7,45,27,1.26,1.52,4.86
Michael Hobbs,SEA,0,40,46.3,5,42,24,0.971922,1.42549,4.27646
Spencer Bivens,SFG,1,35,57.3,7,40,21,1.09948,1.44852,4.55497
Matt Festa,CLE,0,46,46.7,7,44,20,1.34904,1.41328,4.62527
Dylan Heid,,0,27,40,5,34,22,1.125,1.55,4.95
Miguel Gomez,,4,22,34.3,5,26,19,1.31195,1.57434,5.5102
Shelby Miller,CHC,1,44,44.7,7,42,19,1.4094,1.31991,4.42953
Woo-Suk Go,MIN,2,34,43.3,6,33,21,1.24711,1.52425,4.98845
Grayson Thurman,,0,36,42.7,6,32,19,1.26464,1.47541,4.637
Yunior Marte,,0,41,40.3,6,35,20,1.33995,1.56328,5.80645
Junior Fernández,,0,37,44.3,5,38,22,1.0158,1.51242,4.06321
Cam Booser,TBR,0,45,42,7,42,23,1.5,1.54762,4.92857
Wandy Peralta,SDP,1,50,47.7,5,38,25,0.943396,1.46751,4.5283
Travis Kuhn,TOR,1,36,46.7,5,32,22,0.963597,1.4561,5.01071
Johnathan Lavallee,CIN,0,32,40,6,35,22,1.35,1.55,5.4
Indigo Diaz,,0,39,45,5,36,22,1,1.44444,4.2
Travis MacGregor,NYY,1,36,55.3,7,44,26,1.13924,1.42857,4.88246
Ben Sears,KCR,0,36,54,7,36,18,1.16667,1.37037,4.66667
Alfred Morillo,ARI,0,38,51.3,5,43,25,0.877193,1.423,4.38596
Daniel Harper,PHI,0,36,41,6,33,19,1.31707,1.4878,5.04878
Tyler Ferguson,CHC,0,47,51.7,6,47,29,1.04449,1.48936,4.87427
Frankie Scalzo Jr.,CHC,2,31,45.3,6,35,21,1.19205,1.4128,4.76821
Justin King,MIA,0,37,38.3,5,39,23,1.17493,1.54047,4.69974
Sam McWilliams,BOS,3,23,40,6,40,23,1.35,1.5,4.725
Jefry Yan,NYM,1,33,41.7,5,44,27,1.07914,1.53477,4.96403
Ben Bowden,ATH,0,38,43,6,37,23,1.25581,1.51163,4.81395
Tyler Zuber,MIA,1,36,41.7,6,37,22,1.29496,1.58273,4.96403
Kevin Gowdy,,1,34,41,5,28,19,1.09756,1.4878,4.60976
Alex Speas,,0,35,39.3,4,37,26,0.916031,1.57761,4.80916
Carlos Romero,,0,34,46.7,5,36,24,0.963597,1.49893,5.01071
Beck Way,KCR,5,32,59,6,40,31,0.915254,1.50847,5.18644
Jonny Cuevas,TBR,2,27,50.3,7,30,23,1.25249,1.51093,5.00994
Aidan Anderson,CHW,1,31,45,6,32,19,1.2,1.44444,5.2
Tyler Vogel,SFG,0,34,52.7,6,41,23,1.02467,1.44213,4.26945
Nicholas Padilla,,1,34,41.7,5,35,25,1.07914,1.58273,5.17986
Tyson Miller,,3,31,45.7,7,37,23,1.37856,1.53173,5.51422
Ryan Miller,COL,0,33,45.3,7,32,18,1.39073,1.5011,4.96689
Eduardo Salazar,,4,42,60.7,7,44,30,1.03789,1.56507,4.89292
Zach Plesac,,16,17,83.3,14,48,34,1.5126,1.58463,5.40216
Ian Villers,,0,32,49.3,5,30,19,0.912779,1.44016,4.74645
John Gant,,18,18,78.3,13,50,39,1.49425,1.67305,5.63218
Ryan Shreve,,1,28,53.7,7,30,22,1.17318,1.50838,5.02793
Vince Velasquez,KCR,17,21,81,15,74,43,1.66667,1.5679,5.22222
Bryce McGowan,COL,0,41,46,6,35,25,1.17391,1.6087,5.08696
Taylor Rogers,MIN,0,48,41,6,42,24,1.31707,1.58537,5.04878
Jack Jasiak,CLE,0,31,59,8,44,20,1.22034,1.33898,4.42373
Cole Sulser,TBR,1,39,41,7,33,17,1.53659,1.53659,5.04878
Drew Pomeranz,,4,47,41.3,8,39,18,1.74334,1.50121,5.23002
Shohei Tomioka,ATH,0,35,41.3,5,32,23,1.08959,1.59806,5.01211
Tyler Bradt,STL,2,30,49.7,6,40,27,1.08652,1.50905,4.70825
Julian Merryweather,MIN,0,41,39,5,37,24,1.15385,1.69231,5.30769
Jack Sinclair,WSN,1,43,53,6,41,26,1.01887,1.49057,4.92453
John Brebbia,BOS,2,39,38,8,34,17,1.89474,1.65789,5.92105
Railin Perez,HOU,0,35,55,6,50,29,0.981818,1.41818,4.58182
Nolan Clenney,,0,23,41,5,30,19,1.09756,1.5122,4.82927
Michael Martinez,,0,36,43.3,6,36,21,1.24711,1.45497,4.98845
Brooks Kriske,ATH,0,35,42.3,7,45,24,1.48936,1.53664,5.10638
Wander Suero,ATH,0,41,41.3,7,36,18,1.52542,1.50121,5.23002
Paul Sewald,TOR,1,45,41,7,36,16,1.53659,1.41463,4.82927
Logan Boyer,,0,41,46.7,6,38,26,1.15632,1.56317,5.01071
Ty Blach,,12,18,65.7,13,37,20,1.78082,1.56773,6.0274
Wyatt Mills,WSN,5,29,41.7,7,35,21,1.51079,1.53477,5.61151
Ben Harris,,1,36,40.3,5,41,29,1.11663,1.58809,5.13648
Andrew Vasquez,,2,28,40,6,31,16,1.35,1.45,5.4
Chad Kuhl,,10,19,58.7,9,47,33,1.3799,1.66951,5.51959
Zane Russell,,0,41,45.7,6,37,22,1.18162,1.46608,4.3326
Nick Hernandez,ATH,0,42,45.7,7,45,23,1.37856,1.4442,4.92341
Tyler Guilfoil,,5,30,65.3,9,55,34,1.24043,1.47014,4.82389
Tanner Rainey,DET,1,43,41.3,6,40,25,1.30751,1.57385,5.01211
Zach Bryant,TEX,0,27,39.7,5,29,19,1.1335,1.51134,4.98741
Nick Vespi,,0,36,41.3,6,32,19,1.30751,1.52542,5.23002
Chance Huff,WSN,4,30,52,7,32,25,1.21154,1.55769,5.19231
Landon Sims,ARI,1,39,47.3,6,41,24,1.14165,1.45877,4.37632
Jose Geraldo,SEA,0,32,43,5,35,20,1.04651,1.39535,4.81395
Matt Seelinger,NYM,0,34,44.7,7,39,22,1.4094,1.52125,5.03356
Kyle Gibson,,16,16,85.3,16,66,43,1.68816,1.69988,5.90856
Luarbert Arias,,1,31,47,6,34,20,1.14894,1.42553,4.78723
Michael Flynn,,1,33,38.7,5,35,19,1.16279,1.42119,5.11628
Hunter Parsons,,0,28,42,6,40,21,1.28571,1.42857,4.92857
Kyle Bischoff,MIN,0,33,42.3,5,38,24,1.06383,1.513,4.89362
Chris Devenski,NYM,2,36,40,7,30,14,1.575,1.5,4.95
Miguel Díaz,,1,41,46,6,36,21,1.17391,1.47826,4.69565
Jacob Bosiokovic,,0,32,38.3,5,33,21,1.17493,1.56658,5.16971
Devin Smeltzer,,11,19,68.7,12,41,27,1.57205,1.51383,5.37118
Elison Joseph,ATL,0,37,44.3,6,43,24,1.21896,1.4447,4.46953
Brendan Cellucci,TOR,1,25,42.7,6,39,25,1.26464,1.52225,4.84777
John McMillon,,0,38,42.7,6,44,29,1.26464,1.59251,5.05855
Nick Richmond,,0,29,36.3,4,25,18,0.991736,1.5427,5.20661
Penn Murfee,,1,37,39.3,6,31,20,1.37405,1.55216,5.49618
Zac Leigh,CHC,0,38,42.3,5,37,23,1.06383,1.46572,4.68085
Frankie Montas,,17,18,82,15,64,42,1.64634,1.63415,6.03659
Sam Long,KCR,1,41,47,7,37,24,1.34043,1.53191,4.97872
Mitchell Tyranski,,0,38,44.3,6,39,22,1.21896,1.42212,4.67269
Génesis Cabrera,,0,47,48.7,8,44,22,1.47844,1.41684,4.98973
Aaron Wilkerson,,17,17,88,18,52,25,1.84091,1.56818,5.625
Tyler Jay,MIL,0,31,38.3,5,28,18,1.17493,1.51436,5.16971
Jarod Bayless,PIT,8,28,54.3,8,42,18,1.32597,1.32597,5.30387
Steven Wilson,TBR,0,47,46,8,43,23,1.56522,1.3913,4.8913
Antonio Menendez,ARI,0,33,45.7,5,35,21,0.984683,1.4442,4.3326
Keyshawn Askew,,3,29,46.7,5,36,28,0.963597,1.54176,5.20343
Jaydenn Estanista,WSN,0,33,40.7,5,35,25,1.10565,1.54791,5.30713
David Buchanan,,13,16,79,14,41,32,1.59494,1.67089,5.81013
Clay Helvey,,0,29,42.3,5,34,24,1.06383,1.58392,5.10638
Ryan Hendrix,,0,33,40,4,36,23,0.9,1.525,4.725
Tyler Baum,WSN,1,34,38.7,5,34,23,1.16279,1.57623,5.11628
Sean Reynolds,,1,40,50,6,45,30,1.08,1.52,4.86
Derek Law,ARI,1,43,47,6,34,21,1.14894,1.55319,4.40426
Brody Rodning,,3,31,36,6,36,22,1.5,1.63889,5.25
Adonis Medina,,5,28,50,7,34,25,1.26,1.6,5.76
Yimi García,TOR,0,45,41.7,7,40,19,1.51079,1.43885,4.7482
Matt Bowman,MIN,1,36,42.3,7,31,19,1.48936,1.60757,5.31915
Tyler Matzek,,0,35,32.7,4,26,21,1.10092,1.71254,5.22936
Kaleb Bowman,MIL,0,33,42.3,6,33,18,1.2766,1.41844,4.89362
Eli Saul,,1,45,53.7,5,37,25,0.837989,1.45251,4.35754
Chase Plymell,CHW,1,29,51,8,31,19,1.41176,1.47059,5.11765
Tyler LaPorte,ATL,0,35,43.7,6,33,19,1.2357,1.48741,4.94279
Bryce Conley,NYM,15,18,84.3,16,60,35,1.70818,1.51839,5.87189
Tyler Thornton,,0,31,38.7,5,40,22,1.16279,1.39535,4.65116
Ryan Middendorf,,0,35,42,5,31,19,1.07143,1.45238,4.92857
Nick Burdi,,0,37,39.3,5,40,23,1.14504,1.52672,5.03817
Taylor Floyd,CIN,0,36,50.7,8,40,21,1.42012,1.45957,5.50296
Harold Chirino,,0,37,45.3,5,36,23,0.993378,1.45695,4.76821
Peter Strzelecki,STL,0,36,41.7,6,36,20,1.29496,1.43885,4.7482
J.B. Wendelken,,1,31,35.7,5,29,19,1.2605,1.56863,5.29412
José Ureña,,9,19,57.3,10,36,31,1.57068,1.72775,5.96859
Vinny Nittoli,,1,34,38.3,6,29,17,1.40992,1.56658,5.16971
Chasen Shreve,,3,23,31,6,25,14,1.74194,1.6129,5.80645
Gerardo Gutierrez,,0,29,40.3,5,28,17,1.11663,1.46402,4.68983
Michael Stryffeler,,0,33,39,5,32,21,1.15385,1.5641,4.84615
Scott Alexander,KCR,2,44,38,5,25,16,1.18421,1.57895,4.73684
Tayler Saucedo,LAA,0,42,38.3,5,33,21,1.17493,1.59269,5.16971
Joel Cesar,,0,26,35,5,27,17,1.28571,1.6,5.4
Conor Larkin,SEA,0,34,41,6,34,21,1.31707,1.4878,4.82927
Holden Powell,WSN,0,40,44.7,5,36,25,1.00671,1.52125,5.03356
Cole Hillier,SFG,0,28,54.3,6,39,25,0.994475,1.4733,4.80663
Robert Stock,NYM,13,18,67.3,12,58,38,1.60475,1.66419,5.75037
Justin Kelly,,0,29,40.7,6,25,16,1.32678,1.4742,4.86486
Luis Contreras,,0,41,46.3,7,42,24,1.36069,1.46868,4.85961
Austin Smith,COL,0,39,39.3,6,30,20,1.37405,1.57761,5.26718
Nathanael Heredia,,0,31,39.7,4,32,23,0.906801,1.51134,4.7607
Zach Willeman,,10,18,55.3,8,28,29,1.30199,1.68174,5.6962
Ryan Pressly,,0,43,40,6,30,18,1.35,1.55,4.95
Ryan Sublette,LAD,1,33,46.3,6,41,29,1.16631,1.57667,5.44276
J.C. Flowers,,2,23,41.3,5,28,24,1.08959,1.64649,5.01211
Arij Fransen,,3,23,50.7,8,33,25,1.42012,1.55819,5.85799
Andrew Schultz,STL,0,34,34.7,4,31,23,1.03746,1.61383,5.44669
Landon Tomkins,PIT,0,40,46.3,5,31,20,0.971922,1.44708,4.85961
Kenta Maeda,,14,19,76.3,14,54,36,1.65138,1.65138,6.13368
Jhosmer Alvarez,,0,27,40,4,27,21,0.9,1.5,4.5
Anderson Bido,,1,31,51.7,7,29,20,1.21857,1.47002,5.04836
John Curtiss,,1,38,44.3,7,32,15,1.42212,1.4447,4.67269
Andrew Heaney,,18,21,89.7,19,69,38,1.90635,1.60535,5.8194
Victor González,,0,36,39.3,5,28,20,1.14504,1.52672,5.26718
Carson Rudd,,3,22,44.7,7,30,25,1.4094,1.61074,6.04027
Shawn Rapp,,0,28,36.3,4,26,19,0.991736,1.4876,4.95868
T.J. McFarland,,0,45,37,5,22,15,1.21622,1.62162,5.35135
Jorge Juan,,0,28,36.7,4,33,23,0.980926,1.55313,5.14986
Evan Taylor,CHC,0,29,46,6,43,23,1.17391,1.3913,4.69565
Wilking Rodríguez,,0,40,32,5,29,21,1.40625,1.6875,5.34375
Tayler Scott,,0,37,39.7,5,34,23,1.1335,1.63728,4.98741
Helcris Olivárez,,3,27,37.3,4,37,27,0.965147,1.55496,5.30831
Luke Jackson,,0,41,40,5,34,22,1.125,1.55,4.95
Robert Kwiatkowski,,1,23,42,6,28,19,1.28571,1.47619,4.92857
Brandon Hughes,,1,34,41.3,7,39,19,1.52542,1.40436,4.79419
Brent Suter,ATL,3,34,45,8,32,18,1.6,1.57778,5.2
Yency Almonte,LAD,0,39,38.3,6,33,20,1.40992,1.51436,5.63969
Raul Brito,,0,35,50.7,7,43,25,1.2426,1.49901,4.97041
Nick Anderson,,0,37,37.7,7,33,19,1.67109,1.61804,5.49072
Justin Dunn,,14,20,65,10,48,36,1.38462,1.58462,5.53846
Brady Feigl,,3,21,37.3,7,33,21,1.68901,1.71582,5.5496
Drew Smith,,0,42,39.7,7,38,20,1.5869,1.51134,4.98741
Nate Webb,,0,25,39.3,5,27,21,1.14504,1.57761,5.03817
Colton Johnson,,0,43,45.3,6,30,22,1.19205,1.52318,4.96689
Nate Savino,ARI,3,27,56,6,38,30,0.964286,1.53571,4.66071
Jake Rice,,0,37,46,5,39,27,0.978261,1.56522,4.69565
Jacob Wosinski,,1,33,47,7,33,20,1.34043,1.48936,5.17021
Lucas Gilbreath,COL,0,37,38,5,30,23,1.18421,1.68421,5.44737
Dylan Coleman,,0,37,37.3,4,37,30,0.965147,1.6622,5.30831
Pedro Santos,,1,35,38,5,35,28,1.18421,1.65789,5.21053
Caleb Freeman,,0,39,44,6,36,25,1.22727,1.54545,4.70455
Edwin Núñez,,5,27,47.3,6,36,25,1.14165,1.47992,5.13742
Andrew Bechtold,PHI,0,37,38,6,35,24,1.42105,1.65789,5.44737
Hobie Harris,BOS,1,32,38,6,29,22,1.42105,1.71053,5.21053
Tyler Myrick,,0,37,48.7,6,29,18,1.10883,1.45791,4.80493
Jesus Cruz,,4,15,29.3,6,21,16,1.843,1.70648,6.75768
Rodolfo Martinez,,0,32,36.7,5,28,20,1.22616,1.60763,5.14986
Liam Hendriks,,1,39,33.3,7,33,19,1.89189,1.71171,5.67568
Kenley Jansen,DET,0,49,43.3,8,38,20,1.66282,1.47806,4.98845
Mike Clevinger,,16,20,76,13,54,37,1.53947,1.60526,5.32895
Todd Peterson,,1,28,35.7,5,21,18,1.2605,1.62465,5.54622
Brian Moran,,2,20,37.7,7,30,15,1.67109,1.56499,5.49072
Gil Luna,,0,32,34.7,4,31,26,1.03746,1.67147,5.44669
Joey Krehbiel,,0,34,41,6,25,18,1.31707,1.56098,5.26829
Samuel Vásquez,MIA,0,36,43,5,31,25,1.04651,1.60465,5.02326
Colten Brewer,,0,32,37.3,6,31,20,1.44772,1.55496,5.30831
Justin Garza,NYM,1,34,39,7,29,18,1.61538,1.58974,5.76923
Rafael Montero,,0,45,42,6,36,27,1.28571,1.64286,5.35714
Dallas Keuchel,ATH,16,16,71.7,12,41,39,1.50628,1.8689,6.0251
Austin Davis,,1,32,33.7,4,32,25,1.06825,1.72107,5.87537
Jordan Weems,,0,35,40,7,31,22,1.575,1.65,6.075
A.J. Puckett,,1,35,41.3,6,29,19,1.30751,1.54964,5.23002
Matt Merrill,,1,26,34.3,5,33,25,1.31195,1.66181,5.5102
Justin Anderson,,0,36,37.7,6,34,22,1.43236,1.64456,5.49072
Jonathan Hughes,,0,27,37,5,23,17,1.21622,1.56757,5.35135
Garvin Alston,,0,29,38.7,5,24,20,1.16279,1.62791,5.34884
Ethan Routzahn,SDP,0,36,46.7,6,30,20,1.15632,1.47752,5.20343
Tyler Anderson,LAA,16,17,87.7,18,63,44,1.84721,1.64196,5.74686
Kelvin Bautista,,0,36,43,5,33,28,1.04651,1.67442,5.44186
Parker Dunshee,,4,24,44.7,7,33,23,1.4094,1.58837,5.63758
Gerson Moreno,,0,36,39.3,5,38,26,1.14504,1.57761,5.03817
Chad Green,,0,39,38,8,29,15,1.89474,1.52632,5.44737
Dan Hammer,NYM,2,25,38.7,5,31,27,1.16279,1.67959,5.5814
Sam Thoresen,,0,32,31.7,4,29,23,1.13565,1.60883,5.11041
Ryder Ryan,LAD,2,33,49,8,36,24,1.46939,1.57143,5.5102
Buck Farmer,,0,40,42.7,7,34,24,1.47541,1.63934,5.69087
Adam Plutko,,16,17,79.7,16,43,29,1.80678,1.63112,5.98494
Sean Poppen,,1,28,36.7,5,29,20,1.22616,1.58038,5.14986
Conor Grammes,,1,30,36.3,4,33,25,0.991736,1.62534,4.71074
Chris Stratton,,0,34,38.3,7,32,20,1.64491,1.67102,6.10966
Brett de Geus,,0,32,40.3,5,22,19,1.11663,1.58809,5.3598
Michael Tonkin,MIN,0,32,43.3,7,36,19,1.45497,1.52425,5.40416
Tanner Dodson,,1,30,40.3,5,27,25,1.11663,1.68734,5.3598
Leonardo Taveras,,2,28,43.3,6,37,26,1.24711,1.57044,5.1963
Anthony Gose,KCR,0,37,37.7,6,38,23,1.43236,1.64456,4.77454
Tanner Kiest,,0,27,36,6,29,19,1.5,1.61111,6
Natanael Garabitos,,0,31,35.3,4,25,23,1.01983,1.61473,5.35411
Jose Adames,,0,31,34.7,5,32,25,1.29683,1.72911,5.96542
Tommy Kahnle,,1,45,40,6,31,25,1.35,1.675,5.4
Michael Gomez,,1,28,41.3,5,30,22,1.08959,1.52542,5.23002
Scott McGough,,1,31,37.7,8,32,20,1.90981,1.69761,6.2069
J.P. Feyereisen,LAD,2,30,38,8,25,15,1.89474,1.57895,5.92105
Kendall Graveman,,1,39,37,5,31,24,1.21622,1.7027,4.86486
Craig Kimbrel,KCR,0,47,39.7,6,43,28,1.3602,1.66247,5.66751
Adrian Sampson,,15,16,79.3,14,41,34,1.5889,1.67718,5.90164
Cayne Ueckert,,0,32,35.3,5,32,22,1.27479,1.5864,5.09915
Ricky DeVito,,1,25,35.7,4,31,26,1.0084,1.65266,5.29412
Andrew Chafin,,0,48,38.3,6,38,29,1.40992,1.82768,5.4047
Kevin Kopps,,1,36,48.3,6,36,28,1.11801,1.5942,5.21739
Miles Mikolas,,18,18,89,20,53,28,2.02247,1.59551,6.16854
Jose Cuas,KCR,0,34,34.7,5,30,22,1.29683,1.64265,5.70605
Anthony DeSclafani,,12,18,63.3,13,47,27,1.84834,1.64297,5.40284
Casey Lawrence,PHI,13,17,76.3,16,38,22,1.88729,1.61206,5.89777
Kaleb Ort,LAA,0,39,37.3,7,34,22,1.68901,1.63539,5.79088
Dylan Hecht,,0,37,36,5,28,20,1.25,1.63889,5.25
Angel Perdomo,,0,32,32.3,5,32,24,1.39319,1.67183,5.57276
Jordan Holloway,,0,28,29,4,28,25,1.24138,1.82759,5.58621
Jacob Barnes,,0,34,35,7,24,18,1.8,1.71429,5.91429
Alan Busenitz,,1,29,36.3,8,24,16,1.98347,1.68044,6.44628
Erick Mejia,WSN,0,36,36.3,5,30,28,1.23967,1.81818,5.95041
Jorge Benitez,,0,31,40,5,32,27,1.125,1.625,5.85
Dan Altavilla,,0,38,38.3,6,29,23,1.40992,1.64491,5.4047
Brooks Crawford,,0,25,42.3,8,30,21,1.70213,1.60757,5.95745
Albert Suárez,,13,18,67.3,14,49,32,1.87221,1.72363,6.01783
Jeff Brigham,,1,31,35.7,7,38,22,1.76471,1.54062,5.29412
Austin Adams,,1,37,31.3,5,37,26,1.4377,1.78914,6.03834
Roman Phansalkar,,0,28,36.7,6,27,20,1.47139,1.58038,5.88556
Hunter Strickland,,0,36,35.7,6,25,21,1.5126,1.70868,6.05042
Héctor Neris,,0,42,35.7,7,32,23,1.76471,1.70868,6.05042
Zach Barnes,,0,27,37.3,5,24,20,1.20643,1.60858,5.06702
Jake Smith,,1,28,41.3,5,31,30,1.08959,1.71913,5.44794
Erasmo Ramírez,,1,28,39.3,8,26,15,1.83206,1.6285,5.49618
Zack Weiss,,0,28,40,7,35,23,1.575,1.625,5.625
Marlin Willis,,0,22,29.7,4,26,25,1.21212,1.81818,6.06061
Jesse Hahn,,0,36,35,6,25,20,1.54286,1.77143,5.91429
Burch Smith,DET,0,33,35,7,28,19,1.8,1.74286,6.17143
Aaron Brooks,TBR,10,15,60,13,32,27,1.95,1.76667,6.3
Livan Reinoso,,0,29,41,5,30,28,1.09756,1.68293,5.4878
Endrys Briceno,,0,20,29,5,20,20,1.55172,1.86207,6.82759
Lucas Sims,CHW,0,39,34,5,31,28,1.32353,1.76471,6.35294
Michael Mariot,,10,16,55.7,12,32,23,1.93896,1.68761,6.14004
Bryan Shaw,,0,29,29,5,20,21,1.55172,1.86207,6.2069
Koyo Aoyagi,,4,16,22.3,4,14,27,1.61435,2.33184,8.47534
Casey Kelly,ARI,13,15,71.7,15,34,33,1.88285,1.79916,6.0251