Top 100,Org Rk,Name,Org,Pos,Current Level,ETA,FV,Risk,Trend,Age,Ht,Wt,B,T,Sign Yr,Sign Mkt,Sign Org,Bonus,Signed From,Report,Video,Hit_Now,Hit_Fut,Game_Now,Game_Fut,Raw_Now,Raw_Fut,Spd_Now,Spd_Fut,Fld_Now,Fld_Fut,Arm_Now,Arm_Fut,FB_Now,FB_Fut,SL_Now,SL_Fut,CB_Now,CB_Fut,CH_Now,CH_Fut,SPL_Now,SPL_Fut,CT_Now,CT_Fut,CMD_Now,CMD_Fut
,48,Bryan Torres,STL,OF,MLB,2026,37,Low,,27.7472222,"5' 7""",180,L,R,2015,J2,MIL,,Puerto Rico,,,60,60,30,30,35,35,40,40,45,45,50,,,,,,,,,,,,,,,
,23,Justin Hagenman,NYM,P,MLB,2026,40,Low,,28.4833333,"6' 3""",205,R,R,2018,Draft,LAD,75000,Penn State,,,,,,,,,,,,,,,40,40,50,50,35,40,50,55,,,50,50,60,60
,19,George Valera,CLE,DH/OF,MLB,2026,40,High,,24.3833333,"6' 0""",200,L,L,2017,J2,CLE,1300000,Dominican Republic,,kGbEJq13Uzw,40,40,50,50,55,55,45,45,50,50,60,,,,,,,,,,,,,,,
,19,Eduarniel Núñez,ATH,P,MLB,2026,40,High,,25.8166666,"6' 2""",170,R,R,2016,J2,CHC,35000,Dominican Republic,,,,,,,,,,,,,,,70,70,70,70,,,,,,,,,20,30
,30,Michael Mercado,PHI,P,MLB,2026,37,Med,,25.9611111,"6' 4""",200,R,R,2017,Draft,TBR,2132400,Westview HS (CA),,,,,,,,,,,,,,,50,50,,,55,55,60,60,,,55,55,30,30
,42,Cam Sanders,PIT,P,MLB,2026,37,High,,28.3111111,"6' 2""",175,R,R,2018,Draft,CHC,125000,LSU,,,,,,,,,,,,,,,60,60,55,60,,,55,55,,,,,20,30
,28,Brandon Valenzuela,TOR,C,MLB,2026,40,Med,,24.4972222,"6' 0""",225,S,R,2017,J2,SDP,100000,Mexico,,,30,40,30,40,45,45,30,30,50,55,60,,,,,,,,,,,,,,,
,39,Wilkin Ramos,SFG,P,MLB,2025,37,Low,,24.4194444,"6' 5""",165,R,R,2017,J2,OAK,,Dominican Republic,,,,,,,,,,,,,,,55,55,50,50,,,,,,,,,30,35
,11,Junior Perez,CHW,OF,MLB,2026,45,High,,23.7416666,"6' 0""",190,R,R,2017,J2,SDP,300000,Dominican Republic,,,30,35,50,55,55,55,60,60,45,45,60,,,,,,,,,,,,,,,
,6,Luinder Avila,KCR,P,MLB,2026,45,Low,,23.6111111,"6' 3""",195,R,R,2017,J2,KCR,125000,Venezuela,,,,,,,,,,,,,,,55,60,50,60,50,55,50,50,,,,,35,40
,8,Eduardo Valencia,DET,C/DH,MLB,2026,42,Med,,25.1833333,"6' 2""",180,R,R,2018,J2,DET,10000,Venezuela,,,40,45,45,50,55,55,20,20,40,45,40,,,,,,,,,,,,,,,
,17,Adam Macko,TOR,P,MLB,2026,40,Med,,24.2527777,"6' 0""",170,L,L,2019,Draft,SEA,250000,Vauxhall HS (AB),,2nbX61Y4TeM,,,,,,,,,,,,,50,50,50,50,50,50,50,55,,,,,40,45
,17,Daniel Espino,CLE,P,MLB,2026,42,High,,24.2388888,"6' 2""",215,R,R,2019,Draft,CLE,2500000,Georgai Premier Academy (GA),,WCe2LI0RvgA,,,,,,,,,,,,,60,65,60,65,,,,,,,,,40,45
,39,Blaine Crim,COL,1B,MLB,2026,37,Low,,27.7888888,"5' 10""",200,R,R,2019,Draft,TEX,5000,Mississippi College,,,40,40,50,50,55,55,30,30,45,45,45,,,,,,,,,,,,,,,
,6,Anthony Nunez,BAL,P,MLB,2026,47,High,&uarr;,23.725,"6' 2""",225,R,R,2019,Draft,SDP,125000,Miami Springs HS (FL),Nunez is a converted infielder who raced to the big leagues in just a couple of pro seaons as a picher. He has rare repertoire depth for a reliever and might eventually parlay that into a starting role.,,,,,,,,,,,,,,60,60,60,60,,,50,60,,,40,50,50,55
,31,Connor Thomas,ATL,P,MLB,2026,37,Low,,26.8388888,"5' 11""",195,L,L,2019,Draft,STL,340000,Georgia Tech,,,,,,,,,,,,,,,40,40,55,55,,,50,55,,,50,50,40,45
,5,Kevin Alcántara,CHC,DH/OF,MLB,2026,47,High,&darr;,22.7194444,"6' 6""",220,R,R,2018,J2,NYY,1000000,Dominican Republic,"Long, lanky, and loaded with tools and projection, Alcántara is a loose, 6-foot-6 outfielder with massive potential but also plenty of hit tool risk.",2sIOce13Y4M,30,30,50,60,60,70,60,60,50,55,55,,,,,,,,,,,,,,,
,42,Victor Mesa Jr.,TBR,OF,MLB,2024,40,Med,,23.5638888,"6' 0""",190,L,L,2018,J2,MIA,1000000,Cuba,,,30,40,30,40,45,45,60,60,55,55,60,,,,,,,,,,,,,,,
,23,Seth Johnson,PHI,P,MLB,2026,40,High,,26.5333333,"6' 0""",200,R,R,2019,Draft,TBR,1722500,Campbell,"Johnson's plus stuff always impressed more than the results during his tenure at Campbell, but the Rays might be the perfect team to help him weaponize it.",,,,,,,,,,,,,,50,50,55,55,50,50,,,50,60,,,30,30
,42,Tyler Owens,DET,P,MLB,2026,37,Med,,24.2277777,"5' 10""",185,R,R,2019,Draft,ATL,547500,Trinity Catholic HS (GA),,,,,,,,,,,,,,,55,55,55,55,,,,,35,50,,,40,40
,17,Jase Bowen,SDP,OF,MLB,2026,37,Med,,24.5805555,"6' 0""",215,R,R,2019,Draft,PIT,392500,Toledo Central Catholic HS (OH),,,30,35,40,45,55,55,60,60,50,50,50,,,,,,,,,,,,,,,
,20,Blas Castaño,SEA,P,MLB,2026,37,Low,,26.5638888,"5' 10""",162,R,R,2018,Intl15,NYY,,Dominican Republic,,,,,,,,,,,,,,,45,45,50,50,55,55,50,50,,,,,40,45
,16,Caleb Kilian,SFG,P,MLB,2026,42,Med,,27.8305555,"6' 4""",180,R,R,2019,Draft,SFG,397500,Texas Tech,,E2pDNeZBu40,,,,,,,,,,,,,60,60,55,60,60,60,,,,,,,40,50
,27,Alec Gamboa,BOS,P,MLB,2026,40,Low,,28.2055555,"6' 1""",205,B,L,2019,Draft,LAD,17500,Fresno CC,,,,,,,,,,,,,,,50,50,50,55,50,50,50,50,,,,,40,40
,45,Blake Walston,ARI,P,MLB,2026,37,Med,,23.7583333,"6' 5""",175,L,L,2019,Draft,ARI,2450000,New Hanover HS (NC),,0oi38oc2R4w,,,,,,,,,,,,,30,30,50,55,50,50,45,50,,,,,40,45
,23,Gavin Collyer,TEX,P,MLB,2026,40,High,,23.8861111,"6' 1""",180,R,R,2019,Draft,TEX,585000,Mountain View HS (GA),,,,,,,,,,,,,,,60,60,55,60,,,,,,,50,55,30,35
,13,Marc Church,TEX,P,MLB,2026,42,High,,24.0027777,"6' 3""",190,R,R,2019,Draft,TEX,300000,North Atlanta HS (GA),,2eEAMxjnTnQ,,,,,,,,,,,,,60,60,60,60,,,40,50,,,,,35,45
,34,Ben Peoples,CHW,P,MLB,2026,37,Med,,23.9166666,"6' 1""",180,R,R,2019,Draft,TBR,350000,Giles County HS (TN),,,,,,,,,,,,,,,50,55,50,55,,,,,,,,,30,40
,30,Cody Laweryson,LAA,P,MLB,2026,37,Low,,26.8916666,"6' 4""",205,R,R,2019,Draft,MIN,80000,University of Maine - Orono,,,,,,,,,,,,,,,55,55,45,45,,,50,50,,,,,50,55
,17,Sam Aldegheri,LAA,P,MLB,2026,40,Low,,23.5611111,"6' 1""",180,L,L,2019,J2,PHI,210000,Italy,,,,,,,,,,,,,,,40,45,50,50,40,45,50,55,,,,,45,50
,12,Trevor McDonald,SFG,P,MLB,2026,45,Low,,24.0972222,"6' 2""",200,R,R,2019,Draft,SFG,800000,George County HS (MS),,,,,,,,,,,,,,,50,50,50,50,,,50,55,,,,,50,55
,11,Yohendrick Piñango,TOR,OF,MLB,2026,40,Low,,22.9,"5' 11""",180,L,L,2019,J2,CHC,400000,Venezuela,,,40,50,45,50,60,60,40,40,40,40,40,,,,,,,,,,,,,,,
,31,Juan Brito,CLE,2B,MLB,2026,40,Med,,23.5194444,"5' 11""",202,S,R,2018,J2,COL,60000,Dominican Republic,,iTFIOw4pkes,45,45,45,45,45,45,40,40,40,40,40,,,,,,,,,,,,,,,
,31,Jairo Iriarte,CHW,P,MLB,2026,37,Med,,23.2944444,"6' 2""",160,R,R,2018,J2,SDP,75000,Venezuela,Iriarte has plus stuff and the athleticism and fluidity to improve his control with time.,Q4VNHfSvHQ0,,,,,,,,,,,,,35,40,45,50,,,50,55,,,,,35,40
,8,Jesus Rodriguez,SFG,C/OF,MLB,2026,45,Med,,22.9388888,"5' 10""",182,R,R,2018,J2,NYY,10000,Venezuela,,,50,55,40,45,45,45,50,50,45,50,60,,,,,,,,,,,,,,,
,6,Jose Franco,CIN,P,MLB,2026,45,Med,,24.35,"6' 2""",257,R,R,2018,J2,CIN,10000,Venezuela,,,,,,,,,,,,,,,60,60,50,55,50,55,30,40,,,,,45,50
,18,Rolddy Muñoz,ATL,P,MLB,2026,40,Med,,24.9638888,"6' 2""",183,R,R,2018,J2,ATL,30000,Dominican Republic,,,,,,,,,,,,,,,60,60,65,70,,,,,,,,,30,35
,21,Ryan Ward,LAD,OF,MLB,2026,40,Low,,27.1055555,"5' 11""",200,L,R,2019,Draft,LAD,160900,Bryant University,,,40,40,50,50,55,55,45,45,50,50,30,,,,,,,,,,,,,,,
,8,Owen Caissie,MIA,OF,MLB,2026,45,Med,,22.7305555,"6' 3""",240,L,R,2020,Draft,SDP,1200004,Notre Dame Catholic HS (ON),Elite power makes Caissie's K-prone skill set viable in an outfield corner.,CLNXLYL7ahE,30,35,55,60,65,70,40,35,45,50,60,,,,,,,,,,,,,,,
,38,Tyler Callihan,PIT,OF,MLB,2026,37,Low,,24.775,"6' 1""",215,L,R,2019,Draft,CIN,1500000,Providence HS (GA),,B4jwRRO_4sw,30,40,40,45,55,55,50,50,40,40,50,,,,,,,,,,,,,,,
,40,Nick Yorke,PIT,2B/3B,MLB,2026,37,Low,,22.9972222,"5' 11""",200,R,R,2020,Draft,BOS,2700000,Archbishop Mitty HS (CA),,,40,40,45,45,55,55,40,40,40,40,40,,,,,,,,,,,,,,,
,28,Kyle Hurt,LAD,P,MLB,2026,40,Low,,26.8361111,"6' 3""",240,R,R,2020,Draft,MIA,300000,Southern California,Hurt's changeup and ability to land his breaking ball for strikes gives him a shot to start despite his bulk and mechanical violence.,aK5EZKvYbR0,,,,,,,,,,,,,60,60,40,40,45,45,60,60,,,,,40,40
,32,Trei Cruz,DET,OF,MLB,2026,37,Low,,26.7388888,"6' 1""",205,S,R,2020,Draft,DET,900000,Rice,,,35,40,40,40,50,50,50,50,45,45,50,,,,,,,,,,,,,,,
,25,Gage Workman,DET,3B,MLB,2026,40,High,,25.4361111,"6' 4""",220,S,R,2020,Draft,DET,1000000,Arizona State,,SFDcRwZ5Maw,20,20,40,45,55,55,55,55,70,70,70,,,,,,,,,,,,,,,
,24,Zach McCambley,PHI,P,MLB,2026,40,Med,,25.9083333,"6' 2""",225,R,R,2020,Draft,MIA,775000,Coastal Carolina,,,,,,,,,,,,,,,40,40,60,60,,,,,,,55,55,40,40
,18,Dax Fulton,MIA,P,MLB,2026,42,Low,,23.4583333,"6' 7""",235,L,L,2020,Draft,MIA,2400000,Mustang HS (OK),,,,,,,,,,,,,,,55,60,45,55,55,60,40,50,,,,,35,40
,10,Zac Veen,COL,OF,MLB,2026,42,High,,23.3027777,"6' 3""",210,L,R,2020,Draft,COL,5000000,Spruce Creek HS,"Veen's lefty swing is still vulnerable to inner-half velocity, and he remains in a liminal prospect space more than he is a slam dunk big league star.",lgqbYc_lNLg,30,40,40,50,60,60,60,60,50,55,55,,,,,,,,,,,,,,,
,19,Shane Drohan,MIL,P,MLB,2026,42,Med,,26.2333333,"6' 3""",195,R,L,2020,Draft,BOS,600000,Florida State,"Drohan made changes to his repertoire and uage in 2025 (new cutter, slower slider, threw more breakers than changeups) and cut his walk rate significantly compared to '23-'24. He looks like a good swingman now.",,,,,,,,,,,,,,50,50,50,50,,,55,55,,,55,60,45,45
,38,Ryan Watson,BOS,P,MLB,2026,37,Low,,27.3777777,"6' 5""",225,R,R,2020,UDFA,BAL,20000,Auburn,,,,,,,,,,,,,,,50,50,55,55,50,50,45,45,,,,,40,45
,20,Coleman Crow,MIL,P,MLB,2026,42,Med,,24.2527777,"6' 0""",175,R,R,2019,Draft,LAA,317500,Pike County HS (GA),,,,,,,,,,,,,,,45,45,50,50,55,60,,,,,50,55,45,50
,24,Petey Halpin,CLE,OF,MLB,2026,40,Low,,22.8472222,"6' 0""",200,L,R,2020,Draft,CLE,1525000,St. Francis HS (CA),,wIEKvoOJ1No,35,40,30,35,45,45,60,60,50,55,70,,,,,,,,,,,,,,,
,31,Maximo Acosta,MIA,2B/3B/SS,MLB,2026,40,Low,,22.4222222,"5' 9""",170,R,R,2019,J2,TEX,1650000,Venezuela,,Ewa6drN9XGs,40,45,40,40,45,45,55,55,50,50,50,,,,,,,,,,,,,,,
,33,Andry Lara,WSN,P,MLB,2026,37,Low,,22.2361111,"6' 4""",215,R,R,2019,J2,WSN,1250000,Venezuela,,,,,,,,,,,,,,,30,30,50,50,,,,,50,55,,,40,45
,34,Deyvison De Los Santos,MIA,1B/DH,MLB,2026,37,High,,21.7777777,"5' 11""",220,R,R,2019,J2,ARI,200000,Dominican Republic,,MmbszDGIAyM,30,35,40,50,70,70,40,30,30,30,45,,,,,,,,,,,,,,,
,10,Cristian Mena,ARI,P,MLB,2026,45,Low,,22.2777777,"6' 2""",170,R,R,2019,J2,CHW,250000,Dominican Republic,Mena is an athletic starter with good secondary stuff and precocious command.,llrpZ44a_wU,,,,,,,,,,,,,40,45,50,55,60,60,45,55,,,,,45,50
,6,Jose Corniell,TEX,P,MLB,2026,45,Med,,21.775,"6' 3""",190,R,R,2019,J2,SEA,630000,Dominican Republic,,A1zIESLzzJw,,,,,,,,,,,,,50,55,,,55,55,45,50,,,40,45,40,55
,18,Emiliano Teodo,TEX,P,MLB,2026,40,High,,24.1305555,"6' 1""",165,R,R,2019,J2,TEX,10000,Dominican Republic,,iovApum_qLA,,,,,,,,,,,,,55,60,60,60,,,,,,,,,20,30
,44,Jose Fernandez,ARI,1B/3B/DH,MLB,2027,37,High,,21.525,"6' 3""",185,R,R,2021,Intl15,ARI,275000,Venezuela,,,30,40,30,40,45,50,50,50,50,55,60,,,,,,,,,,,,,,,
,19,Eiberson Castellano,COL,P,MLB,2026,40,Med,,23.8944444,"6' 3""",160,R,R,2018,J2,PHI,10000,Venezuela,,wOhzvdN_7BQ,,,,,,,,,,,,,40,45,55,60,60,60,45,50,,,,,35,40
,27,Brandan Bidois,PIT,P,MLB,2026,40,Med,,23.7777777,"6' 2""",200,R,R,2019,J2,PIT,90000,Australia,,,,,,,,,,,,,,,60,60,60,60,,,30,40,,,,,30,30
,9,Jhostynxon Garcia,PIT,OF,MLB,2026,45,High,,22.3055555,"6' 2""",225,R,R,2019,J2,BOS,350000,Venezuela,,,30,35,45,55,55,60,55,55,45,50,60,,,,,,,,,,,,,,,
,26,Blaze Jordan,STL,3B,MLB,2026,40,Med,,22.2833333,"6' 2""",220,R,R,2020,Draft,BOS,1750000,DeSoto Central HS (MS),,XXHtegB3BCA,40,50,40,50,60,60,30,30,40,45,45,,,,,,,,,,,,,,,
76,4,Jeferson Quero,MIL,C,MLB,2026,50,High,,22.4805555,"5' 11""",215,R,R,2019,J2,MIL,200000,Venezuela,"Quero has plus bat speed and arm strength, but a volatile approach.",Q5KxKyggNws,40,45,45,50,55,55,35,35,45,50,55,,,,,,,,,,,,,,,
116,5,Winston Santos,TEX,P,MLB,2026,50,Med,,22.9611111,"6' 0""",180,R,R,2019,J2,TEX,10000,Dominican Republic,"Santos is an athletic, strike-throwing starter with a mid-90s fastball, but pedestrian secondary stuff.",1d751lveIak,,,,,,,,,,,,,55,55,45,55,,,55,55,,,,,40,50
45,3,Angel Genao,CLE,2B/3B,MLB,2027,50,High,,20.8666666,"6' 0""",205,S,R,2021,Intl15,CLE,1175000,Dominican Republic,Genao is a well-rounded shortstop who is still growing into meaningful power.,XBwDyED0q7Y,40,50,40,50,45,50,60,60,40,50,70,,,,,,,,,,,,,,,
,6,Denzer Guzman,LAA,3B,MLB,2026,45,Med,,21.1472222,"6' 1""",180,R,R,2021,Intl15,LAA,1900000,Dominican Republic,,RUVXxWSTSbw,20,30,40,45,45,55,60,60,50,60,60,,,,,,,,,,,,,,,
43,1,Moisés Ballesteros,CHC,DH,MLB,2026,50,Med,,21.3972222,"5' 8""",240,L,R,2021,Intl15,CHC,1200000,Venezuela,"Ballesteros can really hit. Defensively, well, he can really hit.",y9DIlSa7rC4,55,55,55,55,55,55,20,20,30,30,50,,,,,,,,,,,,,,,
4,1,Samuel Basallo,BAL,C/DH,MLB,2026,65,High,,20.6333333,"6' 3""",250,L,R,2021,Intl15,BAL,1300000,Dominican Republic,"Basallo has a plus throwing arm and top of the scale power that he's gotten to consistently in the minors, but his plate approach and ball blocking still need work.",A1JJN7Mhm2s,30,45,55,70,70,80,30,20,35,40,70,,,,,,,,,,,,,,,
,18,Gabriel Gonzalez,MIN,OF,MLB,2026,40,Med,,21.2416666,"5' 10""",180,R,R,2021,Intl15,SEA,1500000,Venezuela,,,40,55,35,40,50,55,45,40,45,45,55,,,,,,,,,,,,,,,
,17,Alimber Santa,HOU,P,MLB,2026,40,High,,21.9111111,"5' 10""",165,R,R,2019,J2,HOU,75000,Dominican Republic,,,,,,,,,,,,,,,50,50,60,60,55,55,30,35,,,40,45,30,35
,21,Tanner Murray,CHW,OF,MLB,2026,40,Low,,25.5777777,"6' 2""",190,R,R,2020,Draft,TBR,455600,UC Davis,,,40,40,40,45,50,50,40,40,45,45,45,,,,,,,,,,,,,,,
,7,Wilber Dotel,PIT,P,MLB,2026,45,Med,,22.5166666,"6' 3""",238,R,R,2020,J2,PIT,65000,Dominican Republic,,,,,,,,,,,,,,,60,60,50,55,,,45,50,,,45,45,45,50
,19,Antwone Kelly,PIT,P,MLB,2026,42,Med,,21.5833333,"5' 11""",220,R,R,2021,Intl15,PIT,100000,Aruba,,,,,,,,,,,,,,,45,60,,,,,55,60,,,45,50,40,50
,8,Esmerlyn Valdez,PIT,OF,MLB,2026,45,High,,21.1777777,"6' 2""",240,R,R,2021,Intl15,PIT,130000,Dominican Republic,,SDtwE31ReQw,30,40,50,55,60,60,40,40,30,35,55,,,,,,,,,,,,,,,
,11,Miguel Ullola,HOU,P,MLB,2026,42,Med,,22.7833333,"6' 1""",210,R,R,2021,Intl15,HOU,75000,Dominican Republic,,,,,,,,,,,,,,,60,70,45,50,45,50,30,35,,,,,30,35
,4,Bradgley Rodriguez,SDP,P,MLB,2027,45,High,,21.375,"6' 1""",200,R,R,2021,Intl15,SDP,370000,Venezuela,,,,,,,,,,,,,,,60,60,,,,,60,70,,,50,55,35,40
,20,Jedixson Paez,BOS,P,MLB,2026,40,Med,,21.2055555,"6' 1""",170,R,R,2021,Intl15,BOS,450000,Venezuela,,,,,,,,,,,,,,,30,40,45,50,50,50,50,55,,,50,50,55,70
,5,Héctor Rodríguez,CIN,OF,MLB,2026,45,Med,,21.0555555,"5' 8""",200,L,R,2021,Intl15,NYM,100000,Dominican Republic,,,40,50,40,50,50,50,45,45,45,50,50,,,,,,,,,,,,,,,
77,3,Pedro Ramírez,CHC,2B,MLB,2026,50,Low,&uarr;,21,"5' 8""",185,S,R,2021,Intl15,CHC,75000,Venezuela,,,50,60,40,45,45,45,40,40,40,45,50,,,,,,,,,,,,,,,
,6,Yilber Díaz,ARI,P,MLB,2026,47,High,,24.6166666,"6' 0""",190,R,R,2021,Intl15,ARI,10000,Venezuela,"A supreme little athlete, Diaz has three plus pitches and demonstrated in 2024 that he could sustain upper-90s velocity across more than 100 innings. He should polish his command enough to be a mid-rotation starter at peak, and if he can't, he'll still be a really nasty late-inning reliever.",cKt9tCp51Rg,,,,,,,,,,,,,60,65,55,60,55,60,,,,,,,35,40
,15,Welinton Herrera,COL,P,MLB,2026,42,Med,,20.9944444,"6' 0""",175,L,L,2021,Intl15,COL,200000,Dominican Republic,,ot7vdWaG1wQ,,,,,,,,,,,,,60,70,50,55,,,45,55,,,,,30,35
,23,Walbert Ureña,LAA,P,MLB,2027,40,High,,21.1833333,"6' 0""",170,R,R,2021,Intl15,LAA,140000,Dominican Republic,,tKIS7QSayt4,,,,,,,,,,,,,60,60,40,50,,,50,60,,,,,20,30
75,3,Kendry Rojas,MIN,P,MLB,2026,50,High,,22.3472222,"6' 2""",190,L,L,2020,J2,TOR,215000,Cuba,,,,,,,,,,,,,,,60,60,45,50,,,55,55,,,,,45,50
34,1,Carter Jensen,KCR,C/DH,MLB,2026,50,Med,,21.7444444,"6' 1""",225,L,R,2021,Draft,KCR,1100000,Park Hill Senior HS (MO),Jensen is a power-hitting lefty catcher who squares up the ball as reliably as any prospect in the game. He projects to grow into an average defender and is big-league ready.,v2BKtdhv8-8,40,45,50,55,55,60,40,40,40,50,55,,,,,,,,,,,,,,,
18,1,River Ryan,LAD,P,MLB,2026,55,Med,&uarr;,26.6222222,"6' 2""",235,R,R,2021,Draft,SDP,100000,UNC Pembroke,Ryan looked like an impact starter before injuries ended his 2024 and wiped out his 2025.,,,,,,,,,,,,,,60,60,55,60,55,60,40,50,,,55,70,40,45
,20,Abimelec Ortiz,WSN,1B,MLB,2027,40,High,,23.1083333,"6' 0""",230,L,L,2021,UDFA,TEX,20000,Florida Southwestern,,,40,45,45,50,55,55,20,20,50,55,50,,,,,,,,,,,,,,,
,39,Billy Cook,PIT,OF,MLB,2026,37,High,,26.2333333,"5' 11""",205,R,R,2021,Draft,BAL,100000,Pepperdine,,,30,30,40,45,50,50,70,70,40,45,60,,,,,,,,,,,,,,,
,7,Joshua Báez,STL,OF,MLB,2027,47,High,,21.7583333,"6' 3""",210,R,R,2021,Draft,STL,2250000,Dexter Southfield HS,,,35,40,50,60,60,70,50,40,45,45,55,,,,,,,,,,,,,,,
,31,Andrew Hoffmann,ARI,P,MLB,2026,40,Med,,25.1638888,"6' 5""",210,R,R,2021,Draft,ATL,125000,Illinois,,,,,,,,,,,,,,,60,60,40,45,,,50,55,,,,,35,40
,9,Cam Cauley,TEX,2B/OF,MLB,2026,42,High,,22.1527777,"5' 10""",170,R,R,2021,Draft,TEX,1000000,Barbers Hill HS (TX),,,35,40,35,45,40,50,70,70,55,60,50,,,,,,,,,,,,,,,
58,2,Joe Mack,MIA,C,MLB,2026,50,High,,22.2611111,"6' 1""",215,L,R,2021,Draft,MIA,2500000,Williamsville East HS,Mack is a power-hitting lefty catcher with a plus-plus arm. A long swing and corresponding hit risk likely pushes him to the back of the batting order.,,20,30,35,50,55,60,45,40,60,60,80,,,,,,,,,,,,,,,
,16,James Triantos,CHC,2B,MLB,2026,40,Med,,22.1722222,"6' 1""",195,R,R,2021,Draft,CHC,2100000,Madison HS (VA),Triantos raked in high school then allayed any concerns that he lacked pro physicality by continuing to do so upon his entry into affiliated ball.,RYoayN5iVcE,50,55,30,40,40,40,50,50,35,40,40,,,,,,,,,,,,,,,
,25,TJ Rumfield,COL,1B,MLB,2026,40,Low,,24.8722222,"6' 4""",235,L,R,2021,Draft,PHI,125000,Virginia Tech,,,45,50,40,45,45,45,30,30,50,55,40,,,,,,,,,,,,,,,
,12,Robert Gasser,MIL,P,MLB,2026,45,Low,,25.8361111,"6' 0""",192,L,L,2021,Draft,SDP,884200,Houston,,1BRlBw5csvA,,,,,,,,,,,,,45,45,60,60,,,30,40,,,40,45,55,55
,16,Ky Bush,CHW,P,MLB,2026,40,Med,,25.3861111,"6' 6""",250,L,L,2021,Draft,LAA,1750000,St. Mary's,,MQVab799buY,,,,,,,,,,,,,40,40,55,55,50,55,45,50,,,,,40,45
,43,Chayce McDermott,LAD,P,MLB,2026,37,High,,26.6083333,"6' 3""",197,L,R,2021,Draft,HOU,375000,Ball State,"McDermott has struggled with walks, but he'll show you four plus pitches and his athleticism indicates the command might arrive late.",,,,,,,,,,,,,,55,60,50,55,55,55,50,60,,,,,30,40
10,2,Bubba Chandler,PIT,P,MLB,2026,60,High,,22.5472222,"6' 2""",215,S,R,2021,Draft,PIT,3000000,North Oconee HS,"Chandler's command and slider consistency are pretty raw, but his athleticism and background (former multi-sport & two-way player) allow for projection in these areas. He has prototypical size and arm strength, and his changeup has improved a ton as a pro. He's a potential front end arm.",Vby0mWWdW8k,,,,,,,,,,,,,70,70,45,50,,,55,70,,,,,40,45
92,5,Tanner McDougal,CHW,P,MLB,2026,50,High,,21.9944444,"6' 5""",210,R,R,2021,Draft,CHW,850000,Silverado HS (NV),McDougal is a big-bodied right-hander with plus velocity and two bat-missing breaking balls. His lack of changeup feel and delivery effort pose substantial relief risk.,,,,,,,,,,,,,,60,60,60,60,50,55,30,40,,,,,30,40
,29,Christian Franklin,WSN,OF,MLB,2026,40,Med,,25.3361111,"5' 11""",195,R,R,2021,Draft,CHC,425000,Arkansas,,,40,45,35,40,50,50,50,50,60,60,55,,,,,,,,,,,,,,,
,11,Kahlil Watson,CLE,OF,MLB,2026,45,High,,21.9583333,"5' 10""",178,L,R,2021,Draft,MIA,4540000,Wake Forest HS,,,30,40,40,55,50,55,55,55,30,45,70,,,,,,,,,,,,,,,
,17,Kyler Fedko,MIN,OF,MLB,2026,40,Med,,25.5277777,"6' 0""",215,R,R,2021,Draft,MIN,125000,UConn,,,40,40,45,50,55,55,45,45,45,50,55,,,,,,,,,,,,,,,
,18,Riley Martin,CHC,P,MLB,2026,40,Med,,27.0333333,"6' 1""",215,L,L,2021,Draft,CHC,1000,Quincy University,,,,,,,,,,,,,,,50,50,55,55,70,70,,,,,,,35,40
,39,Tyler Black,MIL,1B/DH,MLB,2026,37,Med,,24.6805555,"5' 10""",204,L,R,2021,Draft,MIL,2200000,Wright State,,_0WzwN2Qt4o,50,50,30,40,45,45,60,60,30,40,40,,,,,,,,,,,,,,,
,17,Edwin Arroyo,CIN,2B,MLB,2026,40,Low,,21.6,"6' 0""",175,R,R,2021,Draft,SEA,1650000,Central Pointe Christian (FL),"Still on the 2B/SS line, the lift in Arroyo's swing helps him get to impact power for a middle infielder.",JbBRRfNrRaM,30,40,35,40,40,45,60,60,45,60,60,,,,,,,,,,,,,,,
114,4,Harry Ford,WSN,C,MLB,2026,50,Med,,22.1111111,"5' 10""",200,R,R,2021,Draft,SEA,4370000,North Cobb HS (GA),"Ford is a laser-armed catcher who, brick-by-brick, has become a major league-quality receiver. Selectivity at the dish helps him do enough to be a primary catcher.",TBNdCEZ1uX0,30,45,40,45,50,50,55,55,45,50,50,,,,,,,,,,,,,,,
,21,Tyler Uberstine,BOS,P,MLB,2026,40,Low,,25.8333333,"6' 1""",200,R,R,2021,Draft,BOS,97500,Northwestern,,,,,,,,,,,,,,,40,40,50,50,,,55,55,,,,,50,55
,21,Mitch Bratt,ARI,P,MLB,2026,40,Low,,21.7444444,"6' 1""",190,L,L,2021,Draft,TEX,850000,Georgia Premier Academy (GA),,p_M5IskO03E,,,,,,,,,,,,,45,45,45,50,45,50,45,50,,,50,50,55,70
,5,McCade Brown,COL,P,MLB,2026,45,Med,,24.8777777,"6' 6""",225,R,R,2021,Draft,COL,780400,Indiana,"Brown changed his delivery in 2025 (his placement on the rubber, his stride direction) and broke out. He's a fastball-heavy no. 4/5 starter with more ceiling than that if he can develop a changeup later than most. His injury history has cost him reps, so maybe the cambio will improve as he gains experience.",,,,,,,,,,,,,,50,50,50,55,50,55,45,55,,,,,40,45
,22,Julian Aguiar,CIN,P,MLB,2026,40,Low,,23.825,"6' 3""",210,R,R,2021,Draft,CIN,125000,Cypress College (CA),,Yb6IVmY4NIw,,,,,,,,,,,,,45,50,45,50,,,45,55,,,,,50,55
101,6,Carson Williams,TBR,SS,MLB,2026,50,High,&darr;,21.7666666,"6' 1""",180,R,R,2021,Draft,TBR,2350000,Torrey Pines HS,"Williams has plus power and a potential 70-grade glove at short, but there's enough swing-and-miss that there's more bust potential than his FV grade would normally suggest.",EMTDZknh_8w,20,30,40,55,55,60,55,55,70,80,70,,,,,,,,,,,,,,,
,9,Hao-Yu Lee,DET,2B/3B,MLB,2026,42,Med,,22.1611111,"5' 9""",225,R,R,2021,Intl15,PHI,500000,Taiwan,,bHu9T1Jye40,35,40,45,50,55,55,40,35,40,40,50,,,,,,,,,,,,,,,
,22,Tyler Samaniego,BOS,P,MLB,2023,40,Low,,26.1694444,"6' 4""",206,R,L,2021,Draft,PIT,70000,South Alabama,,,,,,,,,,,,,,,55,55,50,50,,,40,50,,,,,55,60
21,1,Andrew Painter,PHI,P,MLB,2026,55,High,,21.975,"6' 7""",225,R,R,2021,Draft,PHI,3900000,Calvary Christian HS,"Painter struggled to locate his secondary stuff for chase in 2025. He had a good season for a player his age at Triple-A, but didn't dominate and kick down the door to the bigs as hoped. Can he bounce back in 2026, or is he going to be just okay?",dcRkgq9KJe0,,,,,,,,,,,,,40,50,55,55,55,60,45,55,,,,,45,60
,35,Nate Lavender,NYM,P,MLB,2026,37,Low,,25.1972222,"6' 2""",215,L,L,2021,Draft,NYM,125000,Illinois,,,,,,,,,,,,,,,60,60,40,45,,,45,50,,,,,40,40
,28,Eric Cerantola,KCR,P,MLB,2026,37,Med,,24.9138888,"6' 5""",222,R,R,2021,Draft,KCR,500000,Mississippi State,,,,,,,,,,,,,,,50,50,70,70,,,,,,,45,45,30,35
,27,Ty Madden,DET,P,MLB,2026,40,Low,,25.1111111,"6' 3""",215,R,R,2021,Draft,DET,2500000,Texas,,,,,,,,,,,,,,,45,45,55,55,50,50,50,50,,,40,50,45,45
,34,Doug Nikhazy,CLE,P,MLB,2026,37,Med,,25.6388888,"5' 11""",205,L,L,2021,Draft,CLE,1200000,Ole Miss,,Z6Vh6fG9myM,,,,,,,,,,,,,45,50,55,60,50,55,45,45,,,,,35,40
,36,Dylan Smith,SFG,P,MLB,2026,37,Low,,24.8416666,"6' 2""",215,R,R,2021,Draft,DET,1120000,Alabama,,,,,,,,,,,,,,,45,50,55,55,45,55,,,45,50,,,40,45
,28,Carlos Rodriguez,MIL,P,MLB,2026,40,Low,,23.3444444,"6' 0""",190,R,R,2021,Draft,MIL,279500,Florida Southwestern,,,,,,,,,,,,,,,40,40,60,60,50,50,45,50,,,40,40,40,45
,27,César Prieto,STL,3B,MLB,2026,40,Low,,25.8916666,"5' 9""",195,L,R,2022,Intl15,BAL,650000,Cuba,,lpeRTYs8S6Q,55,55,35,35,40,40,40,40,40,40,40,,,,,,,,,,,,,,,
,5,Ricky Tiedemann,TOR,P,MLB,2026,45,High,,22.6194444,"6' 4""",220,L,L,2021,Draft,TOR,644800,Golden West College,,gi5o5UEm10g,,,,,,,,,,,,,60,60,60,60,,,45,50,,,,,40,50
,27,Marco Raya,MIN,P,MLB,2027,40,Med,,22.65,"6' 1""",170,R,R,2020,Draft,MIN,410000,United South HS (TX),,,,,,,,,,,,,,,35,40,55,60,50,50,45,50,,,,,40,40
,36,Robby Ahlstrom,TEX,P,MLB,2026,37,Med,,25.7833333,"6' 3""",195,L,L,2021,Draft,NYY,140000,Oregon,,,,,,,,,,,,,,,50,50,50,50,50,50,40,40,,,,,40,40
,9,Chase Petty,CIN,P,MLB,2026,42,High,,21.9916666,"6' 3""",190,R,R,2021,Draft,MIN,2500000,Mainland HS (NJ),Petty is a phenomenal athlete who altered his approach to pitching in 2024.,FuFwRX5jf4c,,,,,,,,,,,,,30,55,50,55,,,40,50,,,45,60,40,45
,33,Mike Paredes,MIN,P,MLB,2026,37,Low,,24.6777777,"5' 11""",185,R,R,2021,Draft,MIN,75000,San Diego State,,,,,,,,,,,,,,,40,40,50,50,,,40,40,,,45,50,60,60
,28,Franco Aleman,CLE,P,MLB,2026,40,Med,,24.7638888,"6' 6""",235,R,R,2021,Draft,CLE,175000,Florida,,,,,,,,,,,,,,,60,60,60,60,,,,,,,,,35,40
,22,Carter Baumler,TEX,P,MLB,2025,40,High,,23.1694444,"6' 2""",195,R,R,2020,Draft,BAL,1500000,Dowling Catholic HS (IA),,,,,,,,,,,,,,,55,55,40,50,55,60,35,40,,,,,35,45
,50,Jose Cabrera,ARI,P,MLB,2028,37,High,,22.8361111,"6' 3""",190,R,R,2021,J2,ARI,,Dominican Republic,,,,,,,,,,,,,,,50,55,45,50,,,45,50,,,45,50,40,45
72,2,Didier Fuentes,ATL,P,MLB,2026,50,High,,19.7888888,"6' 0""",190,R,R,2022,Intl15,ATL,760000,Colombia,"Fuentes has been promoted quickly, and perhaps wasn't ready for his big league debut. A good fastball, well-rounded mix, and projectable command give him mid-rotation upside.",,,,,,,,,,,,,,55,60,50,55,45,50,35,50,,,,,45,55
,11,Luis Lara,MIL,OF,MLB,2027,45,Med,,20.3722222,"5' 7""",165,S,R,2022,Intl15,MIL,1100000,Venezuela,,uAfq8xzZADU,40,50,30,35,30,35,60,60,55,60,60,,,,,,,,,,,,,,,
,26,Eduardo Rivera,BOS,P,MLB,2026,40,High,,21.8,"6' 7""",237,L,L,2021,Draft,OAK,125000,Colegio CADEST (PR),,,,,,,,,,,,,,,55,55,55,55,,,50,55,,,,,35,40
,26,Gunnar Hoglund,ATH,P,MLB,2026,37,Low,,25.2888888,"6' 4""",220,L,R,2021,Draft,TOR,3250000,Ole Miss,,,,,,,,,,,,,,,40,40,45,45,,,55,55,,,40,40,60,60
100,4,Jimmy Crooks,STL,C,MLB,2026,50,Med,,23.7,"6' 0""",230,L,R,2022,Draft,STL,470300,Oklahoma,"Crooks is a polished defensive catcher with a below-average bat, but he offers the brute strength to produce double-digit home run seasons.",,35,40,40,45,50,50,20,20,60,70,60,,,,,,,,,,,,,,,
,25,Nathan Church,STL,OF,MLB,2026,40,Low,,24.7194444,"5' 10""",180,L,L,2022,Draft,STL,125000,UC Irvine,,,55,55,35,35,40,40,55,55,45,45,50,,,,,,,,,,,,,,,
,21,Daniel Susac,SFG,C,MLB,2027,40,High,,23.8805555,"6' 4""",218,R,R,2022,Draft,OAK,3531200,Arizona,,,40,45,40,40,45,50,30,30,55,55,55,,,,,,,,,,,,,,,
,12,Sterlin Thompson,COL,DH/OF,MLB,2026,42,Low,,23.7638888,"6' 4""",200,L,R,2022,Draft,COL,2430000,Florida,,,40,50,40,50,55,55,40,40,35,40,50,,,,,,,,,,,,,,,
,9,Henry Bolte,ATH,OF,MLB,2027,42,High,,21.6583333,"6' 3""",195,R,R,2022,Draft,OAK,2000000,Paolo Alto HS (CA),,,20,30,30,45,55,60,80,80,30,45,45,,,,,,,,,,,,,,,
,29,Jack Brannigan,PIT,3B,MLB,2027,40,High,,24.0555555,"6' 0""",210,R,R,2022,Draft,PIT,770700,Notre Dame,,,20,30,30,50,45,45,50,50,50,50,70,,,,,,,,,,,,,,,
95,5,Logan Henderson,MIL,P,MLB,2026,50,Low,,23.0805555,"5' 11""",194,R,R,2021,Draft,MIL,497500,McLennan JC (TX),"Henderson is a ready-made no. 4 starter with a modern pitcher's arsenal, headlined by a carrying fastball.",gV-GXV4W9tU,,,,,,,,,,,,,55,55,,,40,40,70,70,,,40,40,55,60
36,2,Sal Stewart,CIN,1B/3B,MLB,2026,50,Med,,21.3166666,"6' 3""",240,R,R,2022,Draft,CIN,2097500,Westminster Christian HS (FL),"Other than pulling fastballs, Stewart does everything well at the plate, which should allow him to be a regular at first base, his likely defensive home.",,50,55,40,55,55,55,30,20,30,40,45,,,,,,,,,,,,,,,
,6,Spencer Jones,NYY,OF,MLB,2026,47,High,,23.8805555,"6' 6""",235,L,L,2022,Draft,NYY,2880800,Vanderbilt,,,20,30,50,60,70,80,60,60,40,45,60,,,,,,,,,,,,,,,
,39,Paul Gervase,LAD,P,MLB,2026,37,Med,,24.8555555,"6' 10""",230,R,R,2022,Draft,NYM,170000,LSU,,,,,,,,,,,,,,,60,60,45,45,,,,,,,45,45,30,35
,13,Zach Cole,HOU,OF,MLB,2026,40,Med,,24.6583333,"6' 2""",190,L,R,2022,Draft,HOU,97500,Ball State,,,20,20,50,55,70,70,60,60,45,45,70,,,,,,,,,,,,,,,
,8,Zach Maxwell,CIN,P,MLB,2026,42,Med,,24.1805555,"6' 6""",275,R,R,2022,Draft,CIN,2225000,Georgia Tech,,7gpclkNnYvc,,,,,,,,,,,,,70,70,70,70,,,,,,,50,55,30,35
,41,Carson Palmquist,COL,P,MLB,2026,37,Low,,24.4555555,"6' 3""",200,L,L,2022,Draft,COL,775000,Miami,,,,,,,,,,,,,,,30,35,50,55,,,50,55,,,30,30,45,50
,24,Gabriel Hughes,COL,P,MLB,2026,40,Med,,23.6083333,"6' 4""",220,R,R,2022,Draft,COL,4000000,Gonzaga,,T9bvzuO1dsU,,,,,,,,,,,,,45,45,50,50,45,50,45,50,,,,,40,45
,29,William Kempner,MIA,P,MLB,2026,40,High,,23.7861111,"6' 0""",240,R,R,2023,Draft,SFG,525000,Gonzaga,,,,,,,,,,,,,,,60,60,55,60,,,,,,,45,50,35,40
,23,Spencer Miles,TOR,P,MLB,2026,40,High,,24.6805555,"6' 3""",200,R,R,2022,Draft,SFG,347500,Missouri,,JbmsJy_hVfQ,,,,,,,,,,,,,60,60,50,55,,,45,55,,,,,30,40
,7,Jacob Melton,TBR,OF,MLB,2026,47,High,,24.5666666,"6' 3""",208,L,L,2022,Draft,HOU,1000000,Oregon St,,,35,40,50,60,60,60,60,60,45,45,40,,,,,,,,,,,,,,,
,8,Alex Freeland,LAD,2B,MLB,2026,45,Low,,23.6027777,"6' 2""",200,S,R,2022,Draft,LAD,580200,Central Florida,"After strikeouts plagued the early portion of his pro career, Freeland had a breakout 2024 and now looks like a soon-to-be everyday shortstop.",EmCAlXXZnRs,35,40,45,50,55,55,50,50,50,50,60,,,,,,,,,,,,,,,
,6,Carson Whisenhunt,SFG,P,MLB,2026,47,Med,,24.4472222,"6' 4""",209,L,L,2022,Draft,SFG,1870000,East Carolina,,gM3fAa_3Qfg,,,,,,,,,,,,,45,50,,,40,45,80,80,,,45,50,40,45
42,2,Dylan Beavers,BAL,OF,MLB,2026,50,Med,,23.6388888,"6' 4""",206,L,R,2022,Draft,BAL,2200000,California,Beavers is a corner outfielder with power and a good approach. Long levers and a tendency to work deep counts may limit his ability to hit for average.,_edjYZqm0YU,45,50,45,50,50,55,55,55,50,50,50,,,,,,,,,,,,,,,
,42,Cameron Weston,BAL,P,MLB,2026,37,Low,,24.5944444,"6' 2""",215,R,R,2022,Draft,BAL,197400,Michigan,,,,,,,,,,,,,,,45,45,50,50,,,45,45,50,50,45,50,45,50
,7,Blade Tidwell,SFG,P,MLB,2026,45,Med,,23.8138888,"6' 4""",207,R,R,2022,Draft,NYM,1850000,Tennessee,,,,,,,,,,,,,,,55,55,50,55,60,60,45,50,,,,,40,45
,35,Josh White,MIA,P,MLB,2026,37,Med,,24.3527777,"6' 1""",205,R,R,2022,Draft,MIA,404000,California,,,,,,,,,,,,,,,55,55,55,60,50,50,,,40,50,,,30,35
,15,Mason Barnett,ATH,P,MLB,2026,40,Med,,24.4,"6' 0""",218,R,R,2022,Draft,KCR,697500,Auburn,,,,,,,,,,,,,,,50,50,55,60,50,50,40,45,,,,,40,40
,10,David Sandlin,CHW,P,MLB,2026,45,Med,,24.1111111,"6' 4""",215,R,R,2022,Draft,KCR,400000,Oklahoma,,,,,,,,,,,,,,,60,65,40,45,,,,,30,40,40,50,40,45
,40,Garrett McDaniels,LAD,P,MLB,2026,37,Med,,25.2944444,"6' 2""",180,L,L,2022,UDFA,LAD,20000,Mount Olive,,,,,,,,,,,,,,,50,55,55,55,,,,,,,,,40,40
69,1,JR Ritchie,ATL,P,MLB,2026,50,Med,,21.7638888,"6' 2""",185,R,R,2022,Draft,ATL,2397500,Bainbridge HS (WA),The arm strength scouts have been projecting Ritchie to develop arrived last year. He's a near-ready no. 3/4 starter.,3YvgHFrqjbc,,,,,,,,,,,,,50,50,50,55,50,55,45,55,,,,,45,55
,4,Owen Murphy,ATL,P,MLB,2027,47,Med,,21.5111111,"6' 1""",190,R,R,2022,Draft,ATL,2556900,Riverside-Brookfield HS (IL),,,,,,,,,,,,,,,50,55,45,55,50,55,40,50,,,,,45,60
,3,AJ Blubaugh,HOU,P,MLB,2026,45,Med,,24.7416666,"6' 2""",190,R,R,2022,Draft,HOU,172500,UW-Milwaukee,,,,,,,,,,,,,,,50,55,50,50,,,50,55,,,,,40,40
,14,Alex McFarlane,PHI,P,MLB,2026,42,High,,23.8111111,"6' 4""",215,R,R,2022,Draft,PHI,572500,Miami,,,,,,,,,,,,,,,65,65,50,60,,,,,40,40,,,30,40
,3,Justin Crawford,PHI,OF,MLB,2026,47,High,,21.2166666,"6' 1""",175,L,R,2022,Draft,PHI,3894000,Bishop Gorman HS (NV),,Gh_wYRK6DQI,40,50,20,30,45,55,70,70,40,50,50,,,,,,,,,,,,,,,
54,2,Elmer Rodríguez,NYY,P,MLB,2026,50,Med,,21.6194444,"6' 3""",180,L,R,2021,Draft,BOS,497500,Leadership Christian Academy (PR),"Rodríguez projects as a mid-rotation starter, largely on his ability to generate groundballs with his sinker.",,,,,,,,,,,,,,55,60,50,55,50,55,45,50,,,50,50,40,45
96,5,Connor Prielipp,MIN,P,MLB,2026,50,Med,,24.225,"6' 2""",210,L,L,2022,Draft,MIN,1825000,Alabama,,,,,,,,,,,,,,,45,50,70,70,60,60,45,50,,,,,40,45
,27,Peyton Pallette,CLE,P,MLB,2026,40,High,,23.8944444,"6' 1""",175,R,R,2022,Draft,CHW,1500000,Arkansas,,,,,,,,,,,,,,,45,45,50,55,55,55,55,60,,,,,35,40
,52,Matt Pushard,MIA,P,MLB,2025,37,Med,,27.4277777,"6' 4""",245,R,R,2022,UDFA,MIA,20000,Maine,,,,,,,,,,,,,,,50,50,45,45,,,40,40,,,50,50,40,40
,40,Trevor Martin,TBR,P,MLB,2026,40,Med,,24.2944444,"6' 5""",240,R,R,2022,Draft,TBR,586200,Oklahoma State,,,,,,,,,,,,,,,60,60,,,,,,,40,50,50,55,30,40
,23,Duncan Davitt,CHW,P,MLB,2026,40,Low,,25.5222222,"6' 3""",230,R,R,2022,Draft,TBR,25000,Iowa,,,,,,,,,,,,,,,40,40,50,50,45,45,40,40,,,45,45,55,60
,11,Andrew Morris,MIN,P,MLB,2026,42,Med,,23.5833333,"6' 0""",195,R,R,2022,Draft,MIN,500000,Texas Tech,,,,,,,,,,,,,,,60,60,40,45,,,40,40,,,50,55,40,45
123,5,Robby Snelling,MIA,P,MLB,2026,50,Med,🩹,21.2833333,"6' 3""",235,R,L,2022,Draft,SDP,3000000,McQueen HS (NV),"Snelling went to a third party facility and changed his delivery, then had a proper breakout in 2025. He's now on track to be in Miami's rotation during the next year or so.",,,,,,,,,,,,,,60,60,45,45,50,55,45,50,,,,,50,50
,17,Brycen Mautz,STL,P,MLB,2027,42,Low,,23.7055555,"6' 3""",190,L,L,2022,Draft,STL,1100000,San Diego,,,,,,,,,,,,,,,45,45,55,55,45,50,30,35,,,,,50,55
,25,Hayden Harris,ATL,P,MLB,2026,37,Low,,26.0805555,"6' 0""",186,L,L,2022,UDFA,ATL,,Georgia Southern,,,,,,,,,,,,,,,55,55,50,50,,,,,40,50,,,35,40
,24,Tyler Schweitzer,CHW,P,MLB,2026,40,Med,,24.5333333,"6' 0""",185,L,L,2022,Draft,CHW,325000,Ball State,,,,,,,,,,,,,,,45,55,45,45,45,50,40,40,,,,,45,50
,21,Samy Natera Jr.,LAA,P,MLB,2027,40,Med,,25.4055555,"6' 4""",225,L,L,2022,Draft,LAA,125000,New Mexico State,,rnns57SEg6Y,,,,,,,,,,,,,50,55,50,60,,,,,,,,,30,40
,44,Cameron Foster,BAL,P,MLB,2026,37,Low,,26.0388888,"6' 5""",230,R,R,2022,Draft,NYM,40000,McNeese State,,,,,,,,,,,,,,,55,55,55,55,,,,,,,50,50,40,40
,22,Riley Cornelio,WSN,P,MLB,2026,40,Med,,24.8194444,"6' 3""",195,R,R,2022,Draft,WSN,241600,TCU,,,,,,,,,,,,,,,55,60,60,60,,,30,40,,,,,40,40
,8,Gabriel Rincones Jr.,PHI,OF,MLB,2026,45,Med,,24.0777777,"6' 3""",225,L,R,2022,Draft,PHI,659800,Florida Atlantic,,VvkLlhvzHIQ,30,35,50,60,70,70,40,40,45,50,45,,,,,,,,,,,,,,,
,9,Jake Bennett,BOS,P,MLB,2026,45,Low,,24.3305555,"6' 6""",234,L,L,2022,Draft,WSN,1734800,Oklahoma,,1jQBnMzyUtY,,,,,,,,,,,,,45,45,45,50,45,45,60,60,,,,,50,60
51,4,Parker Messick,CLE,P,MLB,2026,50,Low,,24.4305555,"6' 0""",220,L,L,2022,Draft,CLE,1276500,Florida State,"Messick has profiled as a low-variance no. 4 lefty starter with a plus changeup for a while now, and he looked the part during his seven-start debut in 2025.",hjgUQNGD_vI,,,,,,,,,,,,,50,50,50,50,50,50,60,60,,,,,55,60
,28,Nate Furman,SFG,2B,MLB,2026,40,Low,,23.6888888,"5' 8""",170,L,R,2022,Draft,CLE,300000,UNC Charlotte,,,55,60,30,30,30,30,60,60,40,45,30,,,,,,,,,,,,,,,
,23,Thomas Harrington,PIT,P,MLB,2026,40,Low,,23.7194444,"6' 2""",185,R,R,2022,Draft,PIT,2050000,Campbell,,,,,,,,,,,,,,,30,30,55,55,45,45,,,45,50,50,50,55,60
,15,Rafael Flores Jr.,PIT,C/1B,MLB,2026,42,High,,24.4,"6' 3""",225,R,R,2022,UDFA,NYY,20000,Rio Hondo CC (CA),,,30,30,40,50,60,60,40,40,45,50,55,,,,,,,,,,,,,,,
,50,Alex Cook,TBR,P,MLB,2026,37,High,,24.0055555,"6' 2""",220,R,R,2022,Draft,TBR,125000,Colby CC (KS),,,,,,,,,,,,,,,60,60,,,,,40,40,,,50,50,40,40
,38,Drew Sommers,DET,P,MLB,2026,37,Low,,24.6305555,"6' 3""",250,L,L,2022,Draft,TB,150000,Central Arizona College,,,,,,,,,,,,,,,55,55,50,50,,,45,50,,,,,45,50
38,2,Noah Schultz,CHW,P,MLB,2027,50,High,,21.6555555,"6' 10""",220,L,L,2022,Draft,CHW,2800000,Oswego East HS (IL),"Schultz was troubled by patellar tendinitis in 2025 and has a checkered health history, but he has largely thrown strikes and touts a plus slider from a freaky XL left-handed frame.",EA75f5vDhzg,,,,,,,,,,,,,45,55,55,70,,,40,45,,,40,50,35,50
,11,Kohl Drake,ARI,P,MLB,2026,45,Med,,24.7055555,"6' 5""",220,L,L,2023,Draft,TEX,175000,Walters State CC (TN),,,,,,,,,,,,,,,60,60,45,50,50,55,40,45,,,,,50,60
,19,Nick Morabito,NYM,OF,MLB,2026,40,Low,,21.9,"5' 10""",195,R,R,2022,Draft,NYM,1000000,Gonzaga HS (DC),,,30,40,30,30,45,50,70,70,50,60,40,,,,,,,,,,,,,,,
16,1,Chase DeLauter,CLE,DH/OF,MLB,2026,55,Med,,23.4805555,"6' 4""",235,L,L,2022,Draft,CLE,3750000,James Madison,"A litany of injuries have made it tough for DeLauter to stay on the field. When he's healthy, he looks like a heart-of-the-order bat capable of hitting for average and power.",m0sabnQwbiU,50,55,50,60,60,60,40,35,40,40,60,,,,,,,,,,,,,,,
,34,John Klein,MIN,P,MLB,2026,37,Med,,22.9416666,"6' 5""",225,R,R,2022,UDFA,MIN,,Iowa Central CC (IA),,,,,,,,,,,,,,,50,55,,,40,45,40,50,,,,,30,40
62,3,Jonah Tong,NYM,P,MLB,2026,50,Med,,21.8111111,"6' 1""",180,R,R,2022,Draft,NYM,226000,Georgia Premier Academy,Tong is a great athlete with a plus fastball-changeup mix. A complicated delivery and iffy breaking ball projection cloud his long-term projection.,3JzMhSNArVs,,,,,,,,,,,,,70,70,40,45,40,45,50,55,,,40,50,40,45
,22,Yunior Tur,ATH,P,MLB,2026,40,Med,,25.6444444,"6' 6""",215,R,R,2023,Intl15,OAK,100000,Cuba,,,,,,,,,,,,,,,60,70,40,40,,,,,45,50,,,40,40
,32,Luis Gastelum,STL,P,MLB,2027,40,Low,,23.5111111,"6' 2""",175,R,R,2023,Intl15,STL,,Mexico,,,,,,,,,,,,,,,45,45,40,40,,,65,65,,,,,50,55
,20,Brendan Beck,NYY,P,MLB,2026,37,Low,,26.4861111,"6' 2""",205,R,R,2021,Draft,NYY,1050000,Stanford,,,,,,,,,,,,,,,30,30,55,55,40,40,40,45,,,,,70,70
74,3,Jake Bloss,TOR,P,MLB,2026,50,Med,,23.7722222,"6' 3""",205,R,R,2023,Draft,HOU,497500,Georgetown,Bloss has a riding mid-90s fastball and a great pair of breaking balls that he was just starting to harness before he blew out. He had surgery in May of 2025 and should pitch in the second half of 2026.,,,,,,,,,,,,,,60,60,60,60,55,55,40,50,,,,,40,50
,11,Hunter Barco,PIT,P,MLB,2026,45,Med,,24.2944444,"6' 4""",220,L,L,2022,Draft,PIT,1525000,Florida,,,,,,,,,,,,,,,50,50,45,45,50,50,50,55,50,60,,,45,50
,21,Brock Rodden,SEA,SS,MLB,2027,37,Low,,24.85,"5' 7""",170,L,R,2023,Draft,SEA,200000,Wichita State,,,30,40,40,45,45,45,60,60,45,55,45,,,,,,,,,,,,,,,
,27,Trent Harris,SFG,P,MLB,2026,40,Med,,26.1916666,"6' 2""",200,R,R,2023,UDFA,SFG,20000,UNC Pembroke,,,,,,,,,,,,,,,45,50,45,55,55,60,,,40,40,,,35,40
,36,Jacob Gonzalez,CHW,1B/SS,MLB,2026,37,Low,,22.8361111,"6' 2""",200,L,R,2023,Draft,CHW,3900000,Ole Miss,,,30,35,30,40,45,45,40,40,45,50,50,,,,,,,,,,,,,,,
,21,Craig Yoho,MIL,P,MLB,2026,42,Med,,25.4388888,"6' 2""",235,R,R,2023,Draft,MIL,10000,Indiana,,0OiuSo01TO4,,,,,,,,,,,,,50,50,,,50,50,70,70,,,45,45,30,35
,7,Cole Carrigg,COL,OF,MLB,2027,42,Med,,22.8972222,"6' 3""",200,R,R,2023,Draft,COL,1300000,San Diego State,,,30,40,40,45,45,50,60,60,45,55,80,,,,,,,,,,,,,,,
,15,Jonah Cox,SFG,OF,MLB,2027,42,Med,,23.6583333,"6' 3""",200,R,R,2023,Draft,OAK,300000,Oral Roberts,,,40,50,35,40,45,50,70,70,60,60,45,,,,,,,,,,,,,,,
107,2,Tommy Troy,ARI,OF,MLB,2026,50,Med,,23.2055555,"5' 10""",197,R,R,2023,Draft,ARI,4400000,Stanford,A bounce-back year on both sides of the ball has Troy tracking like a regular at second base with a multi-positional utility fallback if the bat falls short.,qj3aAqMw6_Q,40,45,40,50,45,50,60,60,45,50,50,,,,,,,,,,,,,,,
,7,Brice Matthews,HOU,2B/OF,MLB,2026,42,High,,23.0416666,"6' 0""",190,R,R,2023,Draft,HOU,2480000,Nebraska,,,30,35,40,55,55,60,60,60,45,50,50,,,,,,,,,,,,,,,
,30,Brett Bateman,CHC,OF,MLB,2026,37,Low,,23.0333333,"5' 10""",170,L,L,2023,Draft,CHC,180000,Minnesota,,,35,55,20,30,30,40,60,60,40,50,40,,,,,,,,,,,,,,,
,37,Charles McAdoo,TOR,1B/2B,MLB,2027,37,Med,,23.0694444,"6' 1""",210,R,R,2023,Draft,PIT,150000,San Jose State,,,30,35,50,50,55,60,40,40,30,40,50,,,,,,,,,,,,,,,
,17,Drew Cavanaugh,SFG,C,MLB,2026,42,Med,,23.2333333,"6' 1""",219,L,R,2023,Draft,SFG,50000,Florida Southern,,,45,50,40,45,45,45,30,30,45,50,50,,,,,,,,,,,,,,,
7,2,Max Clark,DET,OF,MLB,2027,60,Med,,20.2777777,"6' 1""",205,L,L,2023,Draft,DET,7700000,Franklin HS (IN),Clark is a five-tool talent and is the top center field prospect in baseball.,yt4_ilKyXhE,50,60,40,50,50,55,70,70,40,50,50,,,,,,,,,,,,,,,
20,1,Bryce Eldridge,SFG,1B/DH,MLB,2026,55,High,,20.4472222,"6' 7""",235,L,R,2023,Draft,SFG,4000000,James Madison HS (VA),Eldridge is an enormous power-hitting first base prospect whose swing is already geared to get to his tremendous raw thunder.,P693qj6OsHI,30,40,50,70,70,80,30,20,40,45,60,,,,,,,,,,,,,,,
50,1,George Lombard Jr.,NYY,SS,MLB,2027,50,High,,19.8305555,"6' 2""",215,R,R,2023,Draft,NYY,3300000,Gulliver Schools (FL),Lombard is an acrobatic shortstop defender with a chance to hit for power.,,30,40,35,50,50,55,55,55,50,60,55,,,,,,,,,,,,,,,
115,2,George Klassen,LAA,P,MLB,2026,50,High,,23.1805555,"6' 2""",170,R,R,2023,Draft,PHI,297500,Minnesota,"Klassen has always had big stuff, and now he's hitting the zone often enough to project him as a good five-and-dive type.",,,,,,,,,,,,,,55,60,55,60,,,40,40,,,60,60,35,40
,28,Sean Sullivan,COL,P,MLB,2026,40,Low,,22.6916666,"6' 4""",190,R,L,2023,Draft,COL,1700000,Wake Forest,,,,,,,,,,,,,,,50,50,45,45,,,40,45,,,,,60,70
,4,Ethan Pecko,HOU,P,MLB,2026,45,Med,,22.6,"6' 2""",195,R,R,2023,Draft,HOU,247500,Towson,,,,,,,,,,,,,,,60,60,40,40,50,50,30,40,,,45,50,50,50
,10,Cooper Pratt,MIL,SS,MLB,2027,45,Low,,20.6194444,"6' 3""",206,R,R,2023,Draft,MIL,1350000,Magnolia Heights HS (MS),,LRQuMmjGMKQ,40,45,30,40,45,50,50,50,45,55,60,,,,,,,,,,,,,,,
,9,LuJames Groover,ARI,1B/DH,MLB,2026,45,Med,,22.9583333,"6' 2""",212,R,R,2023,Draft,ARI,1780000,North Carolina State,Groover is developing into a capable defender at a few infield positions and hits enough to play an integral part-time role.,uSoaL5u7SqU,40,55,35,45,40,45,40,40,45,50,50,,,,,,,,,,,,,,,
,15,Brandyn Garcia,ARI,P,MLB,2026,42,Med,,24.8444444,"6' 4""",235,L,L,2023,Draft,SEA,150000,Texas A&M,,Dw2QyXquuZQ,,,,,,,,,,,,,60,50,50,55,60,50,35,50,,,45,45,35,40
5,1,Kevin McGonigle,DET,3B/SS,MLB,2026,60,Low,,20.6194444,"5' 10""",187,L,R,2023,Draft,DET,2850000,Monsignor Bonner HS (PA),"McGonigle arguably has the best hit tool in the minor leagues, and he projects to have above-average game power. He's one of the top prospects in baseball, even if he has to slide off shortstop.",34LQez0CQCg,55,65,45,55,55,60,50,50,40,50,40,,,,,,,,,,,,,,,
13,1,Colt Emerson,SEA,SS,MLB,2026,55,Low,,19.6972222,"6' 1""",205,L,R,2023,Draft,SEA,3800000,John Glenn HS (OH),"Emerson has electric hitting hands and should be an everyday infielder. Despite our initial hesitance, his chances of hitting for power and staying at short have improved year over year.",zQNwDnWkEek,45,60,40,50,50,55,50,50,45,50,50,,,,,,,,,,,,,,,
,6,A.J. Ewing,NYM,OF,MLB,2028,47,Med,,20.6416666,"6' 0""",160,L,R,2023,Draft,NYM,675000,Springboro HS (OH),,,30,45,30,40,45,50,70,70,45,60,60,,,,,,,,,,,,,,,
,11,Andrew Sears,DET,P,MLB,2026,42,Med,,22.5861111,"6' 3""",200,L,L,2023,Draft,DET,167800,Connecticut,,,,,,,,,,,,,,,50,55,55,60,,,40,50,,,45,50,35,40
40,4,Connelly Early,BOS,P,MLB,2026,50,Med,,22.9944444,"6' 3""",190,L,L,2023,Draft,BOS,408500,Virginia,"An elite competitor with a deceptively good fastball, Early is a big league-ready mid-rotation starter.",,,,,,,,,,,,,,50,50,45,50,55,55,55,60,,,,,45,55
3,1,Nolan McLean,NYM,P,MLB,2026,65,Med,,23.6861111,"6' 3""",205,R,R,2023,Draft,NYM,747600,Oklahoma State,"McLean is the best pitching prospect in baseball, and he dominated in his initial big league audition.",exBNFXiKhDg,,,,,,,,,,,,,55,60,70,70,80,80,55,55,,,50,55,45,55
,10,Cooper Ingle,CLE,DH/OF,MLB,2027,45,Med,,23.1055555,"5' 10""",190,L,R,2023,Draft,CLE,400000,Clemson,"Ingle is an athletic catcher with great contact skills, and his exchange on throws is fast enough to make up for a lack of pure arm strength.",OmTA7qEC9y4,50,60,30,35,35,35,50,50,35,45,45,,,,,,,,,,,,,,,
,14,Matt Wilkinson,SFG,P,MLB,2027,45,Med,,22.3083333,"6' 1""",270,L,L,2023,Draft,CLE,110000,Central Arizona College,,gLTxs7vMKMg,,,,,,,,,,,,,50,55,50,50,,,40,55,,,,,40,50
,15,Josh Ekness,MIA,P,MLB,2026,42,Med,,23.15,"6' 4""",225,R,R,2023,Draft,MIA,150000,Houston,,,,,,,,,,,,,,,60,60,55,60,50,50,,,,,,,35,40
,3,Kade Morris,ATH,P,MLB,2026,45,Low,,22.7777777,"6' 3""",190,R,R,2023,Draft,NYM,666500,Nevada,,,,,,,,,,,,,,,50,50,50,50,40,45,40,50,,,50,55,50,60
98,4,Trey Gibson,BAL,P,MLB,2026,50,Med,,22.8694444,"6' 5""",240,R,R,2023,UDFA,BAL,20000,Liberty,,,,,,,,,,,,,,,40,40,55,60,55,55,,,,,55,60,55,60
,33,Andrew Walters,CLE,P,MLB,2026,40,Med,,24.3138888,"6' 4""",220,R,R,2023,Draft,CLE,955280,Miami,,cOu5S6SDSCM,,,,,,,,,,,,,70,70,55,60,,,,,30,40,,,20,30
39,3,Brandon Sproat,MIL,P,MLB,2026,50,Med,,24.5388888,"6' 2""",200,R,R,2023,Draft,NYM,1470000,Florida,"Sproat's delivery changed in 2025 and his changeup quality evaporated. If he can get back to the way he looked from 2020-2024, he'll be a big part of the Brewers rotation soon.",qjyRxQ9rtGk,,,,,,,,,,,,,55,60,55,60,45,50,50,60,,,45,50,35,45
,10,Quinn Mathews,STL,P,MLB,2026,45,Med,,24.4916666,"6' 5""",188,L,L,2023,Draft,STL,600000,Stanford,,dNaIEHu5w5k,,,,,,,,,,,,,40,55,50,50,40,45,65,65,,,,,35,50
,12,Khristian Curtis,PIT,P,MLB,2027,45,High,,22.8944444,"6' 5""",225,R,R,2023,Draft,PIT,497500,Arizona State,,,,,,,,,,,,,,,50,50,45,50,55,55,55,60,,,50,50,30,40
111,3,Rhett Lowder,CIN,P,MLB,2026,50,Low,,23.0638888,"6' 2""",200,R,R,2023,Draft,CIN,5700000,Wake Forest,Lowder is a fourth starter prospect who attacks east/west with a sinker and slider.,G5z9DvzB05Y,,,,,,,,,,,,,50,50,60,60,,,45,50,,,,,45,50
,12,Zac Thornton,NYM,P,MLB,2026,45,Med,,23.2055555,"6' 3""",170,L,L,2023,Draft,NYM,350000,Grand Canyon,,,,,,,,,,,,,,,40,45,45,50,45,45,40,50,,,,,60,70
,18,Jonathan Pintaro,NYM,P,MLB,2026,42,Med,,27.4,"6' 2""",235,R,R,2024,UDFA,NYM,,Shorter University,,,,,,,,,,,,,,,55,60,55,55,,,50,55,,,50,55,40,40
,35,Tyler Davis,CHW,P,MLB,2026,37,Low,,26.4944444,"6' 3""",210,R,R,2024,UDFA,CHW,,Sam Houston State,,,,,,,,,,,,,,,55,60,45,50,,,40,55,,,,,30,35
55,5,Travis Bazzana,CLE,2B,MLB,2026,50,Low,,22.5916666,"6' 0""",199,L,R,2024,Draft,CLE,8950000,Oregon State,"The first overall pick in the 2024 draft, Bazzana is a small-ish second baseman who is a good bet to be an average everyday player, but probably not a star.",wX6afCBpn18,40,45,40,55,50,50,60,60,40,45,40,,,,,,,,,,,,,,,
14,1,JJ Wetherholt,STL,2B,MLB,2026,55,Low,,22.5583333,"5' 11""",210,L,R,2024,Draft,STL,6900000,West Virginia,"Wetherholt is a bit too bulky and tightly-wound to stick at short, but he has the hit-and-power combination to be a star at the keystone.",ZpEjzBH0B1w,60,65,45,50,45,45,50,50,40,50,50,,,,,,,,,,,,,,,
37,1,Ryan Waldschmidt,ARI,OF,MLB,2026,50,Med,,22.4833333,"6' 2""",205,R,R,2024,Draft,ARI,2900000,Kentucky,Waldschmidt is a well-rounded corner bat with 30-homer upside. ,,40,50,45,55,55,60,50,50,45,55,50,,,,,,,,,,,,,,,
,14,Sean Keys,TOR,1B/DH,MLB,2027,40,Med,,21.8472222,"6' 2""",225,L,R,2024,Draft,TOR,569700,Bucknell,,,30,35,35,50,60,60,30,30,45,50,55,,,,,,,,,,,,,,,
,8,Sam Antonacci,CHW,OF,MLB,2026,45,Med,&uarr;,22.1527777,"6' 0""",190,L,R,2024,Draft,CHW,572500,Coastal Carolina,,,60,60,30,35,40,45,50,50,35,40,40,,,,,,,,,,,,,,,
,16,Tommy White,ATH,1B/3B,MLB,2026,40,Med,,22.0805555,"6' 1""",228,R,R,2024,Draft,OAK,3000000,LSU,Tommy White's skill set is similar to Maikel Franco's.,,40,50,30,40,50,50,40,40,40,50,55,,,,,,,,,,,,,,,
56,2,Kaelen Culpepper,MIN,SS,MLB,2026,50,Med,,22.2555555,"6' 0""",185,R,R,2024,Draft,MIN,3930000,Kansas State,"Culpepper is an acrobatic, if unrefined, defender at short who is already realizing his 20-homer power despite persistent chase issues.",,40,45,45,55,55,55,55,55,50,60,60,,,,,,,,,,,,,,,
,13,Joshua Kuroda-Grauer,ATH,3B,MLB,2027,40,Med,,22.1694444,"6' 0""",190,R,R,2024,Draft,OAK,1040000,Rutgers,,,45,55,30,30,35,40,50,50,50,60,50,,,,,,,,,,,,,,,
26,2,Carson Benge,NYM,OF,MLB,2026,55,Med,,22.1972222,"6' 1""",184,L,R,2024,Draft,NYM,4000000,Oklahoma State,"Benge has one of the sweetest swings in the minors and a shot to be a five-tool player, though he lacks any one elite tool.",,40,55,45,50,50,55,55,55,50,55,60,,,,,,,,,,,,,,,
64,3,Hagen Smith,CHW,P,MLB,2027,50,Med,,21.6166666,"6' 3""",215,L,L,2024,Draft,CHW,8000000,Arkansas,"Smith's compact arm stroke offers one of the best left-handed fastball/slider combos in the minors, but he has only thrown a starter-level of strikes in his draft year at Arkansas.",CpT3pFlNGy8,,,,,,,,,,,,,60,60,70,70,,,35,40,,,,,25,40
,7,Ryan Johnson,LAA,P,MLB,2026,45,Med,,22.6555555,"6' 6""",215,S,R,2024,Draft,LAA,1750000,Dallas Baptist,,,,,,,,,,,,,,,50,50,55,55,,,35,45,,,50,50,45,60
1,1,Konnor Griffin,PIT,SS,MLB,2026,70,High,,18.9361111,"6' 3""",230,R,R,2024,Draft,PIT,6530000,Jackson Prep (MS),Griffin is a freaky five-tool superstar with big power and enough contact ability to weaponize it. He's also incredibly fast and has quickly developed into a plus shortstop. He's about to be one of the best young players in the game.,A9YlVI_DBis,40,60,50,70,60,70,70,70,55,60,70,,,,,,,,,,,,,,,
73,2,Gage Jump,ATH,P,MLB,2026,50,Med,,21.9694444,"6' 0""",197,L,L,2024,Draft,OAK,2000000,LSU,"Jump made strike-throwing improvements and demonstrated 100-inning stamina in 2025, putting him on track to be a fastball-heavy mid-rotation starter.",e8V2QFtNEfQ,,,,,,,,,,,,,60,60,60,60,50,50,,,40,50,,,35,45
65,4,Braden Montgomery,CHW,OF,MLB,2027,50,High,,21.9583333,"6' 2""",220,S,R,2024,Draft,BOS,5000000,Texas A&M ,"Montgomery is a yoked switch-hitting outfielder who mashed in college and touts huge bat speed, but he has enough swing-and-miss that there's bust potential.",OwC-8pzRhJk,30,40,40,60,60,65,50,50,35,60,70,,,,,,,,,,,,,,,
9,1,Trey Yesavage,TOR,P,MLB,2026,60,Med,,21.675,"6' 4""",225,R,R,2024,Draft,TOR,4180000,East Carolina,Yesavage has an elite splitter and carved up some of the best hitters on the planet during an incredible 2025 postseason run.,,,,,,,,,,,,,,60,60,55,60,,,,,80,80,,,40,50
,9,Jackson Kent,WSN,P,MLB,2028,45,Med,,22.1416666,"6' 3""",220,L,L,2024,Draft,WSN,625000,Arizona,,,,,,,,,,,,,,,45,45,45,45,50,55,60,70,,,,,45,55
17,2,Payton Tolle,BOS,P,MLB,2026,55,Med,,22.4166666,"6' 6""",250,L,L,2024,Draft,BOS,2000000,TCU,"Tolle's a huge, boxy guy with a monster fastball. The development of his secondaries will determine where he best fits in the rotation long-term.",,,,,,,,,,,,,,80,80,,,45,45,50,55,,,50,50,50,55
41,3,Kade Anderson,SEA,P,MLB,2026,50,Med,,20.7361111,"6' 2""",186,L,L,2025,Draft,SEA,8800000,LSU,"Maybe the best pitcher in the 2025 draft, Anderson projects as a quick-moving mid-rotation starter with a great breaking ball.",,,,,,,,,,,,,,70,70,55,60,55,60,50,60,,,,,30,45
2,1,Jesús Made,MIL,SS,AA,2027,65,Med,,17.8972222,"6' 1""",180,S,R,2024,Intl15,MIL,950000,Dominican Republic,"Made is a do-it-all, wunderkind infielder with a shot to develop plus contact, power, and defense. He's the odds on favorite to be the sport's top prospect a year from now.",rOTUFJ9eZbs,40,60,35,60,50,60,50,45,40,60,55,,,,,,,,,,,,,,,
6,1,Leo De Vries,ATH,SS,AA,2026,60,High,,18.4722222,"6' 2""",210,S,R,2024,Intl15,SDP,4200000,Dominican Republic,De Vries projects to stay at short and could hit 30 homers at maturity. His ceiling is very high.,QH-1G9NPhrw,40,50,50,60,45,60,50,50,40,50,60,,,,,,,,,,,,,,,
8,1,Franklin Arias,BOS,SS,AAA,2028,60,Med,&uarr;,19.3666666,"5' 11""",170,R,R,2023,Intl15,BOS,525000,Dominican Republic,"Arias projects as a plus defender at short with a plus hit tool, making him one of the highest-floored prospects in the game.",JjSL8B4cXss,50,60,40,50,45,50,50,50,55,60,55,,,,,,,,,,,,,,,
15,1,Eli Willits,WSN,SS,A+,2029,55,Med,,17.3111111,"6' 1""",180,S,R,2025,Draft,WSN,8200000,Fort Cobb-Broxton HS (OK),"Willits was the top pick in the 2025 draft because of his defense, contact feel, and youth. He projects as a good leadoff hitter and plus defender.",CFwGfnIvktU,25,60,20,45,35,45,60,60,45,60,55,,,,,,,,,,,,,,,
22,2,Josue De Paula,LAD,OF,AA,2027,55,High,,19.8527777,"6' 3""",220,L,L,2022,Intl15,LAD,400000,Dominican Republic,"De Paula has an ideal slugging corner outfield frame paired with a good batting eye, but he has yet to fully actualize his massive power potential.",EQFDd3I1BKE,30,45,30,60,55,70,30,40,20,40,60,,,,,,,,,,,,,,,
23,1,Alfredo Duno,CIN,C,AA,2028,55,High,,19.2333333,"6' 2""",235,R,R,2023,Intl15,CIN,3100000,Venezuela,"Duno is a tooled-up catcher with big power and incredible athleticism for a guy his size. He's likely to be a slower developmental burn than other elite prospects, but he has massive long-term ceiling.",NQiYjLFs01A,30,40,35,65,60,70,50,40,40,60,60,,,,,,,,,,,,,,,
24,2,Luis Peña,MIL,SS,AA,2028,55,High,,18.3833333,"5' 11""",175,R,R,2024,Intl15,MIL,800000,Dominican Republic,"Peña is a twitchy, projectable infielder with a chance for an average bat and plus game power. He probably isn't a shortstop, though.",5fVvUXA0shE,30,50,30,60,50,60,60,60,30,40,50,,,,,,,,,,,,,,,
25,2,Rainiel Rodriguez,STL,C,AA,2028,55,High,,18.2416666,"5' 10""",210,R,R,2024,Intl15,STL,300000,Dominican Republic,"Built like a short-levered Michelin man, Rodriguez bashed his way into affiliated ball with precocious pull power, and has the tools and smarts to stick behind the plate.",1d4guBpGO44,35,50,35,55,55,60,45,40,40,60,50,,,,,,,,,,,,,,,
29,3,Bryce Rainer,DET,SS,A+,2028,55,High,,19.7444444,"6' 3""",195,L,R,2024,Draft,DET,5800000,Harvard-Westlake (CA),Rainer was a two-way high school player whose stock took off as a shortstop fairly late during the pre-draft process. He was hitting with power in 2025 before he hurt his shoulder and required surgery.,,30,40,35,60,50,60,55,55,40,55,70,,,,,,,,,,,,,,,
30,2,Aidan Miller,PHI,SS,AAA,2026,55,High,🩹,20.8111111,"6' 2""",210,R,R,2023,Draft,PHI,3100000,JW Mitchell HS (FL),Miller is a well-rounded shortstop prospect with uncommon power.,,40,50,45,60,55,60,55,55,30,40,45,,,,,,,,,,,,,,,
32,1,Sebastian Walcott,TEX,SS,AA,2028,55,High,🩹,19.0472222,"6' 4""",195,R,R,2023,Intl15,TEX,3200000,Bahamas,"Walcott looked like he was joining the Tatis Cinematic Universe in 2023 and 2024, but had only a fair 2025 and then got hurt.",SrngMDmJrd4,30,45,45,60,55,70,50,50,40,50,60,,,,,,,,,,,,,,,
33,1,Walker Jenkins,MIN,OF,AAA,2026,50,Med,,20.1166666,"6' 3""",215,L,R,2023,Draft,MIN,7140000,South Brunswick HS (NC),"Jenkins is an oft-injured outfielder with an excellent approach and contact feel, and he's improved in center field. He doesn't have the power of a superstar player and looks more like if Jesse Winker could play better defense.",7k8r46pXFDI,50,60,35,50,45,55,50,50,40,45,50,,,,,,,,,,,,,,,
35,1,Caleb Bonemer,CHW,3B/SS,AA,2029,50,Med,,19.4888888,"6' 1""",205,R,R,2024,Draft,CHW,3000000,Okemos (MI),"Bonemer is unlikely to stick at short, but the Michigan prep star already looked like a polished all-around bat in his first full season of pro ball.",,40,55,40,55,50,55,40,40,30,45,45,,,,,,,,,,,,,,,
44,2,Ralphy Velazquez,CLE,1B,AAA,2027,50,High,,19.8416666,"6' 3""",230,L,R,2023,Draft,CLE,2500000,Huntington Beach HS (CA),Velazquez broke out in 2025 and now projects as a regular first baseman with 30-homer upside and a good approach.,Vqj6oXNwLF0,35,50,40,55,55,60,30,30,45,50,55,,,,,,,,,,,,,,,
46,3,Eduardo Quintero,LAD,OF,A+,2028,50,Med,,19.5416666,"6' 0""",190,R,R,2023,Intl15,LAD,297500,Venezuela,"Quintero is a fine center field defender with a lovely gap-to-gap approach. If he can start turning on the baseball more frequently, he might end up with enough power to be a 55- or 60-grade prospect a year from now.",LRJIJSu8cDY,35,50,30,50,45,50,55,55,45,60,60,,,,,,,,,,,,,,,
47,2,Josuar Gonzalez,SFG,SS,A,2031,50,High,,17.4583333,"5' 10""",170,S,R,2025,Intl15,SFG,2997500,Dominican Republic,"The top prospect in the DSL last year, Gonzalez projects as an above-average hitter and defender at short.",,30,50,20,55,45,55,60,60,50,70,60,,,,,,,,,,,,,,,
48,1,Ethan Salas,SDP,C,AAA,2028,50,Med,,18.8333333,"6' 2""",200,L,R,2023,Intl15,SDP,5600000,Venezuela,"Salas had an early-career breakout, but has either struggled or been injured for the last couple of seasons.",lUu9qAz-0-w,30,40,30,55,45,55,50,40,45,70,60,,,,,,,,,,,,,,,
49,2,Arjun Nimmala,TOR,SS,AA,2028,50,High,,19.4583333,"6' 1""",215,R,R,2023,Draft,TOR,3000000,Strawberry Crest HS (FL),"Nimmala is a physical shortstop with power, but also hit tool risk.",,30,45,25,55,55,60,50,45,40,50,55,,,,,,,,,,,,,,,
52,4,Jonny Farmelo,SEA,OF,AA,2028,50,High,,20.5611111,"6' 2""",210,L,R,2023,Draft,SEA,3200000,Westfield HS (VA),Farmelo's raw power and speed give him immense potential if he can continue to refine his swing in pro ball. Injuries have limited his ability to get going and threaten his chances to stay in center.,soqbihTabWY,30,45,35,55,50,60,70,65,40,50,50,,,,,,,,,,,,,,,
57,2,Jefferson Rojas,CHC,SS,AA,2028,50,Med,,19.9333333,"5' 10""",190,R,R,2022,Intl15,CHC,1000000,Dominican Republic,Rojas is a young middle infield prospect with a great looking swing and increasingly slick shortstop defense.,Hpis6D00Zl0,25,50,30,50,45,50,50,50,40,50,50,,,,,,,,,,,,,,,
59,4,Emil Morales,LAD,SS,A+,2030,50,High,,18.525,"6' 3""",210,R,R,2024,Intl15,LAD,1900000,Dominican Republic,"Young, twitchy, and explosive, Morales is one of the highest-variance prospects in baseball. You can dream on a 25-homer shortstop.",,30,40,30,55,50,65,50,50,40,50,60,,,,,,,,,,,,,,,
61,1,Theo Gillen,TBR,OF,AA,2028,50,Med,&uarr;,19.5527777,"6' 2""",195,L,R,2024,Draft,TBR,4370000,Westlake (TX),,,35,50,30,55,55,60,60,55,40,45,40,,,,,,,,,,,,,,,
66,1,Charlie Condon,COL,1B/OF,AAA,2026,50,High,,21.9638888,"6' 6""",225,R,R,2024,Draft,COL,9250000,Georgia,"With two hand injuries in the rear-view mirror, it's time for Condon to prove he can tap into the plus-plus power that made him such a coveted amateur prospect.",Kn7OtnF7G0Q,30,35,30,60,70,70,40,40,45,50,60,,,,,,,,,,,,,,,
67,5,Zyhir Hope,LAD,OF,AA,2028,50,High,,20.2,"5' 10""",230,L,L,2023,Draft,CHC,400000,Colonial Forge HS (VA),"Hope is a risky corner outfielder with serious hit tool questions, but also 40-homer upside if everything clicks.",O64VrTXFvbo,30,40,35,65,65,65,60,55,40,50,60,,,,,,,,,,,,,,,
68,5,Lazaro Montes,SEA,OF,AAA,2027,50,High,,20.4416666,"6' 5""",215,L,L,2022,Intl15,SEA,2500000,Cuba,Montes has a classic power-hitting profile. He's among the bigger boom-bust types in the sport.,5tXtAShOFjs,30,40,40,60,65,70,35,30,30,40,60,,,,,,,,,,,,,,,
70,2,Yolfran Castillo,TEX,SS,A+,2030,50,High,,18.1472222,"6' 3""",190,R,R,2024,Intl15,TEX,650000,Dominican Republic,Castillo is an exciting young hitter with a rare combination of contact ability and physical projection.,,25,55,20,50,40,55,55,55,40,50,55,,,,,,,,,,,,,,,
78,2,Caden Bodine,TBR,C,AA,2028,50,Med,&uarr;,21.3305555,"5' 10""",197,S,R,2025,Draft,BAL,3110000,Coastal Carolina,,,55,70,30,45,45,45,30,30,30,45,55,,,,,,,,,,,,,,,
79,3,Jhonny Level,SFG,SS,A+,2030,50,Med,,18.0055555,"5' 10""",160,S,R,2024,Intl15,SFG,998000,Venezuela,"Level was arguably the best prospect in the ACL last year. He isn't a big guy, but he can hit, has sneaky power, and projects to stay at short.",,25,60,25,45,45,50,50,50,40,55,55,,,,,,,,,,,,,,,
80,6,Michael Arroyo,SEA,2B,AAA,2027,50,High,,20.4111111,"5' 8""",185,R,R,2022,Intl15,SEA,1300000,Colombia,"Arroyo is a short-levered, power-hitting second baseman with a good approach and a shaky glove.",,30,50,40,50,50,55,50,45,30,40,45,,,,,,,,,,,,,,,
81,7,Felnin Celesten,SEA,SS,AA,2029,50,High,,19.5444444,"6' 1""",215,S,R,2023,Intl15,SEA,4900000,Dominican Republic,"Celesten is a physical, switch-hitting middle infield prospect. Brimming with potential, injuries have limited his chances to develop baseball skills alongside his enviable tools.",cFhnXyVtFqg,20,40,20,50,45,55,50,50,40,50,60,,,,,,,,,,,,,,,
83,4,Dax Kilby,NYY,SS,A,2030,50,High,,18.3722222,"6' 2""",183,L,R,2025,Draft,NYY,2800000,Newnan HS (GA),"Kilby's 2025 pro debut reinforced pre-existing confidence that he could hit, and he also looked better playing shortstop than he did in high school. He now looks like a shrewd selection.",,25,55,20,45,45,60,60,60,30,45,55,,,,,,,,,,,,,,,
84,4,Luis Hernández,SFG,3B/SS,A,2032,50,Med,,17.6138888,"5' 11""",185,R,R,2026,Intl15,SFG,5000000,Venezuela,,dmZXrGL1W1E?t=3795,25,55,20,55,45,55,50,50,40,50,60,,,,,,,,,,,,,,,
85,2,Josh Hammond,KCR,3B/SS,A,2029,50,High,&uarr;,18.5277777,"6' 1""",215,R,R,2025,Draft,KCR,3200000,Wesleyan Christian (NC),,,20,30,20,45,45,60,50,50,45,60,60,,,,,,,,,,,,,,,
86,4,Taitn Gray,TBR,1B,A,2031,50,High,&uarr;,17.625,"6' 4""",220,S,R,2025,Draft,TBR,920800,Grimes HS (IA),,,20,50,20,60,60,70,45,40,30,40,50,,,,,,,,,,,,,,,
87,4,Eduardo Tait,MIN,C,A+,2029,50,High,,18.5944444,"6' 0""",225,L,R,2023,Intl15,PHI,8000,Panama,Tait is a power-hitting catcher with a laser arm and a concerning lack of plate discipline.,,20,35,30,60,60,70,30,30,30,50,70,,,,,,,,,,,,,,,
88,3,Aiva Arquette,MIA,SS,AA,2028,50,High,,21.4555555,"6' 5""",220,R,R,2025,Draft,MIA,7150000,Oregon State,"Arquette is an ultra passive hitter with rare size and thump for a shortstop, though he didn't hit for power in his post-draft sample.",,30,45,35,55,55,60,60,60,40,45,60,,,,,,,,,,,,,,,
89,3,Ronny Cruz,WSN,3B/SS,A+,2030,50,High,&uarr;,18.6027777,"6' 4""",175,S,R,2024,Draft,CHC,620000,Miami Christian School (FL),,PJ2gVsyl45k,20,40,25,60,50,60,50,50,35,60,55,,,,,,,,,,,,,,,
90,5,Dorian Soto,BOS,SS,,2031,50,High,&uarr;,17.1305555,"6' 3""",185,S,R,2025,Intl15,BOS,1400000,Dominican Republic,,nriiFx1bIEI,20,45,20,60,50,60,55,50,45,55,60,,,,,,,,,,,,,,,
102,4,Edward Florentino,PIT,OF,A+,2029,50,High,,18.3888888,"6' 4""",200,L,R,2024,Intl15,PIT,395000,Dominican Republic,"Florentino is a young power-hitting prospect. Defensively, he's likely to wind up in a corner.",,20,45,25,60,45,60,50,40,35,55,50,,,,,,,,,,,,,,,
108,6,Jett Williams,MIL,SS,AAA,2026,50,High,,21.4111111,"5' 6""",178,R,R,2022,Draft,NYM,3900000,Rockwall-Heath HS (TX),Williams is a compact little speedster with surprising power for his size. He is still searching the 2B/SS/CF triangle for a comfortable defensive home.,,30,40,40,50,50,50,60,60,40,50,45,,,,,,,,,,,,,,,
109,2,Roldy Brito,COL,2B/OF,A+,2028,50,High,,17.9805555,"5' 11""",183,S,R,2024,Intl15,COL,420000,Dominican Republic,"A young spark plug with speed and sneaky power, Brito is tooled up and has a chance to be very good at multiple spots around the diamond. To call him a super-utility prospect almost doesn't do him justice.",,30,55,20,45,45,55,70,70,45,60,50,,,,,,,,,,,,,,,
110,5,Jacob Reimer,NYM,3B,AA,2027,50,Med,,21.1083333,"6' 2""",220,R,R,2022,Draft,NYM,775000,Yucaipa HS (CA),Reimer is a well-rounded hitter who projects as an everyday third baseman.,,40,55,40,50,50,50,30,30,30,45,60,,,,,,,,,,,,,,,
113,4,Blake Mitchell,KCR,C,A+,2027,50,High,,20.6611111,"6' 1""",215,L,R,2023,Draft,KCR,4900000,Sinton HS (TX),"Mitchell is an athletic catcher who has grown defensively since draft day. A broken hamate last year has clouded his projection at the plate, where he looks like a power-over-hit player.",,20,30,35,55,50,60,45,35,35,50,55,,,,,,,,,,,,,,,
117,4,Thayron Liranzo,DET,C,AA,2027,50,High,,21.7388888,"6' 3""",200,S,R,2021,Intl15,LAD,30000,Dominican Republic,Liranzo has huge power and big questions to answer on both sides of the ball after a rough ride at Double-A in 2025.,kKllKZXcR8Q,20,35,35,55,55,60,30,30,30,50,60,,,,,,,,,,,,,,,
119,5,Josue Briceño,DET,C/1B,AAA,2027,50,High,🩹,20.5222222,"6' 4""",220,L,R,2022,Intl15,DET,800000,Venezuela,"Briceño is a well-rounded hitter who reached Double-A in 2025. He's still catching some, but he's probably going to be a first baseman or DH.",T0187Cz5AM0,35,50,45,60,60,60,30,20,30,40,50,,,,,,,,,,,,,,,
120,3,Ethan Holliday,COL,SS,A,2029,50,High,🩹,18.1055555,"6' 4""",230,L,R,2025,Draft,COL,9000000,Stillwater HS (OK),"Holliday has absurd raw power and a long swing that has limited his ability to make consistent contact. He might need an adjustment to break out, and he has 40-homer ceiling if he does.",WZgskP3vFPQ,20,45,25,60,60,70,45,45,45,55,60,,,,,,,,,,,,,,,
,1,Kevin Alvarez,HOU,OF,A,2030,47,High,,17.2166666,"6' 3""",180,L,L,2025,Intl15,HOU,2000000,Cuba,,,25,50,25,60,40,60,50,40,30,50,40,,,,,,,,,,,,,,,
,2,Xavier Neyens,HOU,3B,A+,2030,45,High,,18.4222222,"6' 4""",190,L,R,2025,Draft,HOU,4120000,Mount Vernon HS (WA),,Y1ykBpqZUEI,20,40,30,60,55,70,50,40,30,45,60,,,,,,,,,,,,,,,
,3,Jansel Luis,ARI,2B/3B/SS,AA,2027,47,High,,20.0694444,"6' 1""",170,S,R,2022,Intl15,ARI,525000,Dominican Republic,Luis is a projectable switch-hitting shortstop with big bat speed. His tendency to chase makes him a volatile prospect.,VSkwP8-Xymw,30,50,30,50,45,55,55,55,45,55,55,,,,,,,,,,,,,,,
,4,JoJo Parker,TOR,SS,A+,2030,47,High,,18.6472222,"6' 2""",195,L,R,2025,Draft,TOR,6200000,Purvis HS (MS),,,30,55,35,55,50,55,40,40,35,50,50,,,,,,,,,,,,,,,
,4,JD Dix,ARI,2B,A+,2029,47,Med,,19.4694444,"6' 2""",180,S,R,2024,Draft,ARI,2150000,Whitefish Bay (WI),Dix is a power-hitting lefty infield prospect who may not have the arm to stay at shortstop.,,30,50,25,50,45,55,60,60,40,50,40,,,,,,,,,,,,,,,
,4,Hayden Alvarez,LAA,OF,A+,2029,47,High,,18.0333333,"6' 3""",190,R,R,2024,Intl15,LAA,685000,Dominican Republic,,,30,50,30,50,45,55,55,55,40,50,50,,,,,,,,,,,,,,,
,4,Steele Hall,CIN,SS,A,2030,47,High,,17.6861111,"6' 0""",190,R,R,2025,Draft,CIN,5750000,Hewitt-Trussville HS (AL),,,20,45,20,45,40,50,70,70,45,60,50,,,,,,,,,,,,,,,
,4,Wilder Dalis,COL,3B/SS,A+,2028,47,High,,18.6694444,"6' 1""",198,S,R,2023,Intl15,COL,70000,Venezuela,,,30,50,30,50,45,55,55,55,40,55,50,,,,,,,,,,,,,,,
,4,Aroon Escobar,PHI,2B,AA,2028,45,Med,,20.25,"5' 10""",210,R,R,2022,Intl15,PHI,450000,Venezuela,,,40,50,30,45,50,50,45,40,30,40,50,,,,,,,,,,,,,,,
,5,Demetrio Crisantes,ARI,2B,AAA,2028,47,Low,,20.5722222,"6' 0""",178,R,R,2022,Draft,ARI,425000,Nogales HS (AZ),"Crisantes is a relatively undersized 2B/1B prospect who had a sizzling 2024 on the Complex and in the Cal League. His statistics -- both his surface level performance and his underlying contact and power data -- are robust, the sort one might associate with a potential everydya player. But Crisantes isn't an especially projectable athlete and aspects of his swing indicate he might struggle with better fastballs as he climbs, and so here he's forecast as a second-division type in the Tadahito Iguchi mold.",dmepTlptHPE,40,60,35,45,40,45,50,50,45,55,45,,,,,,,,,,,,,,,
,5,Ramon Ramirez,KCR,C,A+,2028,47,High,,19.7944444,"6' 0""",180,R,R,2023,Intl15,KCR,57500,Venezuela,,,30,40,35,50,50,55,30,30,40,50,60,,,,,,,,,,,,,,,
,5,Wehiwa Aloy,BAL,SS,AA,2028,47,High,,21.1583333,"6' 2""",210,R,R,2025,Draft,BAL,3040000,Arkansas,,,30,35,35,35,55,60,50,50,40,45,55,,,,,,,,,,,,,,,
,5,Johan De Los Santos,PIT,2B/SS,A,2031,47,High,,16.6861111,"5' 11""",160,L,R,2025,Intl15,PIT,2250000,Dominican Republic,,,25,60,25,45,30,45,70,70,30,45,40,,,,,,,,,,,,,,,
,5,Walker Janek,HOU,C,AA,2028,45,High,,22.5194444,"6' 0""",190,R,R,2024,Draft,HOU,3130000,Sam Houston,,,30,35,35,45,55,55,50,50,40,55,70,,,,,,,,,,,,,,,
,5,Nelson Rada,LAA,OF,AAA,2026,45,Med,,19.6,"5' 8""",160,L,L,2022,Intl15,LAA,1850000,Venezuela,,,40,55,20,30,30,35,60,60,55,60,30,,,,,,,,,,,,,,,
,5,Alex Lodise,ATL,SS,AA,2028,45,High,,21.0583333,"6' 1""",182,R,R,2025,Draft,ATL,1300000,Florida State,,,20,30,35,45,50,55,55,55,50,60,70,,,,,,,,,,,,,,,
,5,Jorge Quintana,SDP,SS,A,2030,42,Med,,17.9888888,"6' 2""",183,S,R,2024,Intl15,MIL,1700000,Venezuela,,,20,40,20,50,45,55,50,50,40,50,60,,,,,,,,,,,,,,,
,6,Mike Sirota,LAD,OF,AA,2027,47,High,,21.7916666,"6' 3""",187,R,R,2024,Draft,CIN,863300,Northeastern,"Speedy, power-over-hit center field prospect with plus plate discipline. Tightly wound athlete with narrow build, wiry and strong. Hands are especially lively with low-ball power. Likely going to swing underneath a ton of in-zone fastballs and be a below-average contact hitter. Speed fits in center; reads and routes need polish but the footspeed is there. Projected issues with the hit tool and Sirota's flavor of build/athleticism look more like a part-timer. His on-base ability buoys his profile and gives Sirota a shot to be a Tyrone Taylor type of complimentary outfielder.",,30,40,35,55,60,60,60,60,30,40,60,,,,,,,,,,,,,,,
,6,Luis Arana,MIA,SS,A,2028,47,High,,17.0333333,"5' 10""",154,R,R,2025,Intl15,MIA,30000,Dominican Republic,,,30,55,20,45,35,45,45,45,45,55,50,,,,,,,,,,,,,,,
,6,Wyatt Sanford,PIT,2B/SS,A+,2029,47,High,,19.3527777,"6' 1""",175,L,R,2024,Draft,PIT,2500000,Independence HS (TX),,,30,45,20,45,45,55,50,50,45,55,55,,,,,,,,,,,,,,,
,6,Jordan Yost,DET,SS,A,2031,45,High,,18.2777777,"6' 0""",170,L,R,2025,Draft,DET,3250000,Sickles HS (FL),,atYVOWnYlXA,20,50,20,40,30,45,55,55,45,60,60,,,,,,,,,,,,,,,
,6,Josiah Hartshorn,CHC,1B/OF,A+,2031,45,Med,,18.1638888,"6' 2""",220,S,L,2025,Draft,CHC,2000000,Orange Lutheran HS (CA),,,30,55,30,50,50,55,50,40,30,40,45,,,,,,,,,,,,,,,
,6,Johenssy Colome,ATH,SS,,2032,45,High,,17.775,"6' 1""",190,R,R,2026,Intl15,ATH,4000000,Dominican Republic,,UBSsejlsuw8,20,45,20,60,55,60,55,50,30,45,60,,,,,,,,,,,,,,,
,7,Enddy Azocar,BOS,OF,A+,2029,47,High,,18.1027777,"6' 2""",170,R,R,2024,Intl15,BOS,40000,Venezuela,,,30,50,30,50,45,60,55,55,40,50,55,,,,,,,,,,,,,,,
,7,Billy Carlson,CHW,SS,A,2030,47,High,,18.6722222,"6' 1""",175,R,R,2025,Draft,CHW,6240000,Corona HS (CA),,,25,50,20,55,45,55,55,55,45,70,70,,,,,,,,,,,,,,,
,7,Wandy Asigen,NYM,SS,,2032,47,High,,16.925,"6' 0""",175,L,R,2026,Intl15,NYM,3900000,Dominican Republic,,,20,45,20,60,45,60,55,55,40,55,55,,,,,,,,,,,,,,,
,7,Ike Irish,BAL,1B/OF,A+,2027,47,Med,,21.3472222,"6' 2""",225,L,R,2025,Draft,BAL,4420000,Auburn,,,30,45,35,55,55,60,40,40,35,40,60,,,,,,,,,,,,,,,
,7,Cris Rodriguez,DET,OF,,2031,45,High,,17.175,"6' 4""",200,R,R,2025,Intl15,DET,3197500,Dominican Republic,,,20,35,25,60,60,70,50,40,35,60,60,,,,,,,,,,,,,,,
,7,Marek Houston,MIN,SS,AA,2028,45,Low,,20.9638888,"6' 3""",190,R,R,2025,Draft,MIN,4500000,Wake Forest,,,35,60,30,35,40,40,55,55,45,55,60,,,,,,,,,,,,,,,
,7,Ethan Conrad,CHC,OF,A+,2028,45,High,,20.7388888,"6' 3""",200,L,L,2025,Draft,CHC,3560000,Wake Forest,,,35,50,30,50,45,55,55,55,35,45,50,,,,,,,,,,,,,,,
,7,Kayson Cunningham,ARI,SS,A+,2030,45,Low,,18.7666666,"5' 10""",175,L,R,2025,Draft,ARI,4580000,Johnson HS (TX),Cunningham had arugably the bets pure hit tool in the 2025 draft. He's a smaller player whose future will be influenced by how strong he can become.,hVVy5LHutyw,30,60,30,45,30,40,55,55,20,40,40,,,,,,,,,,,,,,,
,7,Angeibel Gomez,KCR,OF,,2031,45,High,,17.6166666,"6' 2""",180,R,R,2026,Intl15,KCR,2900000,Venezuela,,,25,50,20,60,40,60,55,45,30,45,60,,,,,,,,,,,,,,,
,7,Cam Collier,CIN,3B,AA,2027,45,High,,20.3638888,"6' 2""",230,L,R,2022,Draft,CIN,5000000,Chipola JC (FL),Collier walked a unique amateur path en route to a signing bonus as large and impressive as his power and arm strength.,kdwhhNLX_OM,30,40,30,55,55,60,40,30,30,40,60,,,,,,,,,,,,,,,
,7,Paxton Kling,TEX,OF,A+,2027,45,high,,21.8416666,"6' 0""",210,R,R,2025,Draft,TEX,375000,Penn State,,,30,50,30,50,45,55,60,60,45,50,45,,,,,,,,,,,,,,,
,7,Victor Arias,TOR,OF,AA,2026,42,High,,21.6027777,"5' 9""",175,L,L,2019,J2,TOR,,Venezuela,,,30,40,30,50,55,60,60,60,40,45,55,,,,,,,,,,,,,,,
,8,Andrew Fischer,MIL,3B,AA,2027,47,Med,,20.85,"6' 1""",210,L,R,2025,Draft,MIL,3500000,Tennessee,,nGu-BweklI8,30,40,35,55,55,60,45,45,30,45,55,,,,,,,,,,,,,,,
,8,Yairo Padilla,STL,SS,A+,2029,47,High,,17.7583333,"6' 1""",195,S,R,2024,Intl15,STL,760000,Dominican Republic,,08ScUusEIY0,25,55,20,55,40,60,50,40,30,40,60,,,,,,,,,,,,,,,
,8,Brayden Taylor,TBR,3B,AAA,2027,47,Low,,22.8583333,"6' 1""",190,L,R,2023,Draft,TBR,3880000,TCU,,,30,40,45,50,45,50,60,60,60,60,50,,,,,,,,,,,,,,,
,8,Gabriel Rodriguez,CLE,SS,A,2029,47,High,,17.9111111,"6' 1""",175,L,R,2024,Intl15,CLE,500000,Venezuela,,lxhBOq-2aw4,25,55,20,45,35,50,60,50,40,50,55,,,,,,,,,,,,,,,
,8,Nate George,BAL,OF,A+,2030,47,High,,18.825,"6' 0""",200,R,R,2024,Draft,BAL,455000,Minooka HS (FL),,,20,40,20,45,45,50,70,70,40,55,70,,,,,,,,,,,,,,,
,8,Henry Godbout ,BOS,SS,AA,2029,45,High,,21.4027777,"6' 2""",190,R,R,2025,Draft,BOS,1090000,Virginia ,,,35,50,30,45,40,50,45,45,40,50,55,,,,,,,,,,,,,,,
,8,Luke Stevenson,SEA,C,A+,2028,45,Med,,20.6916666,"6' 1""",205,L,R,2025,Draft,SEA,2800000,North Carolina,,,30,40,35,50,50,55,30,30,45,55,45,,,,,,,,,,,,,,,
,8,Emmanuel Rodriguez,MIN,OF,AAA,2027,45,Med,,22.0861111,"5' 11""",215,L,L,2019,J2,MIN,2500000,Dominican Republic,,-XltguAldkY,20,30,50,60,65,65,50,45,60,60,60,,,,,,,,,,,,,,,
,8,Kane Kepley,CHC,OF,AA,2029,45,Low,,21.1305555,"5' 8""",180,L,L,2025,Draft,CHC,1400000,North Carolina,,,35,55,30,35,35,40,70,70,40,55,45,,,,,,,,,,,,,,,
,8,Juan Flores,LAA,C,AA,2028,45,Med,,19.1333333,"5' 10""",180,R,R,2023,Intl15,LAA,280000,Venezuela,,,20,30,20,35,40,50,30,20,55,70,60,,,,,,,,,,,,,,,
,8,Diego Tornes,ATL,OF,,2030,45,High,,16.7444444,"6' 3""",190,S,R,2025,Intl15,ATL,2497500,Cuba,,,25,50,25,60,50,60,50,45,40,45,40,,,,,,,,,,,,,,,
,8,Juan Sanchez,TOR,3B/SS,A,2031,42,High,,17.5111111,"6' 2""",190,R,R,2025,Intl15,TOR,997500,Dominican Republic,,,20,45,25,50,45,55,40,40,40,50,55,,,,,,,,,,,,,,,
,8,Devin Taylor,ATH,OF,AA,2028,42,Med,,21.2361111,"6' 0""",215,L,R,2025,Draft,ATH,2500000,Indiana,,,35,50,30,55,55,60,50,50,20,30,30,,,,,,,,,,,,,,,
,8,Jared Thomas,COL,OF,AA,2027,42,Med,,21.75,"6' 2""",190,L,L,2024,Draft,COL,2000000,Texas,,9tJdkCSuOPc,30,40,40,50,50,55,50,50,45,50,50,,,,,,,,,,,,,,,
,9,Nathan Flewelling,TBR,C,A+,2029,47,High,,18.3888888,"6' 2""",200,L,R,2024,Draft,TBR,774000,St. Joseph HS (AB),,,20,35,20,55,45,60,40,30,30,40,45,,,,,,,,,,,,,,,
,9,Robert Arias,CLE,OF,A,2030,47,Med,,18.55,"6' 2""",180,L,L,2024,Intl15,CLE,1900000,Dominican Republic,,,25,60,20,40,40,50,60,60,40,50,50,,,,,,,,,,,,,,,
,9,Josh Adamczewski,MIL,2B/OF,AA,2028,45,Med,,19.8916666,"6' 0""",200,L,R,2023,Draft,MIL,252500,Lake Central HS (IN),,NT1Dd1jNKtw,30,45,35,50,50,55,50,50,20,40,40,,,,,,,,,,,,,,,
,9,Hendry Mendez,MIN,OF,AAA,2027,45,Med,,21.4,"6' 3""",200,L,L,2021,Intl15,MIL,800000,Dominican Republic,,,50,60,30,40,55,60,40,40,30,35,40,,,,,,,,,,,,,,,
,9,Parks Harber,SFG,3B,AAA,2027,45,Med,,23.5166666,"6' 3""",235,R,R,2024,UDFA,NYY,20000,North Carolina,,,40,50,40,45,60,60,40,40,40,45,50,,,,,,,,,,,,,,,
,9,Leonardo Bernal,STL,C,AAA,2027,45,Med,,21.1333333,"6' 0""",245,S,R,2021,Intl15,STL,680000,Panama,,lH5tIsW6fdw,40,45,40,45,50,50,40,30,40,50,55,,,,,,,,,,,,,,,
,9,James Tibbs III,LAD,1B/OF,AAA,2027,45,Low,,22.5,"6' 0""",200,L,L,2024,Draft,SFG,4750000,Florida State,Tibbs currently has the look of a good platoon outfielder. His projection could shift into more of an everyday role if his defense improves and/or he shows he can hit upper-level lefties. ,,35,45,35,50,55,55,50,50,40,40,55,,,,,,,,,,,,,,,
,9,Francisco Renteria,PHI,OF,,2032,45,High,,17.5416666,"6' 4""",210,R,R,2026,Intl15,PHI,4200000,Venezuela,,0nE7AYwyrB8,20,40,20,60,55,70,55,45,40,50,50,,,,,,,,,,,,,,,
,9,Yorger Bautista,SEA,OF,A,2031,42,High,,17.5333333,"6' 1""",175,L,L,2025,Intl15,SEA,2100000,Venezuela,,,20,35,20,55,50,60,60,60,40,50,50,,,,,,,,,,,,,,,
,9,Ethan  Frey,HOU,OF,A+,2028,42,Med,,21.0444444,"6' 6""",225,R,R,2025,Draft,HOU,997500,LSU,,,35,50,35,55,60,70,30,30,20,40,40,,,,,,,,,,,,,,,
,9,John Gil,ATL,SS,AA,2028,42,High,,18.8805555,"6' 1""",205,R,R,2023,Intl15,ATL,110000,Dominican Republic,,,30,50,30,45,45,50,60,60,45,50,55,,,,,,,,,,,,,,,
,9,Roc Riggio,COL,2B,AAA,2026,42,Med,,22.8055555,"5' 9""",195,L,R,2023,Draft,NYY,693000,Oklahoma State,The Yankees made changes to Riggio's swing in 2025 (bigger leg kick) that made his entire operation more athletic and improved his plate coverage. His high end outcome is a Rougie Odor sequel.,,30,40,45,50,55,55,45,45,40,45,50,,,,,,,,,,,,,,,
,10,Devin Fitz-Gerald,WSN,2B/SS,AA,2030,45,Med,,19.6222222,"5' 10""",185,S,R,2024,Draft,TEX,900000,Stoneman Douglas HS (FL),,,30,50,30,40,40,45,50,50,35,45,55,,,,,,,,,,,,,,,
,10,Jhomnardo Reyes,MIN,OF,A,2031,45,High,,17.4861111,"6' 3""",190,L,L,2025,Intl15,MIN,332500,Dominican Republic,,,20,40,25,60,55,65,55,50,30,50,50,,,,,,,,,,,,,,,
,10,Bo Davidson,SFG,OF,AAA,2028,45,High,,22.7388888,"6' 1""",215,L,R,2023,UDFA,SFG,20000,Caldwell Tech CC (NC),,,20,30,30,45,50,60,50,50,30,45,40,,,,,,,,,,,,,,,
,10,Ryan Clifford,NYM,1B/OF,AAA,2026,45,High,,21.6972222,"6' 3""",230,L,L,2022,Draft,HOU,1260000,Pro5 Baseball Academy (NC),,,30,40,35,55,55,60,40,40,40,45,50,,,,,,,,,,,,,,,
,10,Charles Davalan,LAD,OF,A+,2028,45,Med,,21.2916666,"5' 9""",190,L,R,2025,Draft,LAD,2000000,Arkansas,,,35,60,35,40,40,45,60,60,45,50,40,,,,,,,,,,,,,,,
,10,Murf Gray,PIT,3B,AA,2029,45,Med,,21.2527777,"6' 3""",240,R,R,2025,Draft,PIT,997500,Fresno State,,,35,45,30,55,55,60,40,40,30,40,60,,,,,,,,,,,,,,,
,10,Max Anderson,DET,2B,AAA,2026,42,Med,,23.0861111,"6' 0""",215,R,R,2023,Draft,DET,1430000,Nebraska,,,30,40,40,50,60,60,40,40,40,45,60,,,,,,,,,,,,,,,
,10,Juan Caricote,TOR,C,,2032,42,High,,17.7194444,"6' 1""",210,L,R,2026,Intl15,TOR,1900000,Venezuela,,,20,45,20,55,45,55,45,40,40,50,55,,,,,,,,,,,,,,,
,10,Nick Becker,SEA,SS,A,2031,42,High,,18.325,"6' 4""",190,R,R,2025,Draft,SEA,2750000,Don Bosco Prep (NJ),,,20,35,25,50,40,55,60,60,45,55,60,,,,,,,,,,,,,,,
,10,Joseph Sullivan,HOU,OF,AA,2028,42,High,,22.75,"5' 11""",198,L,L,2024,Draft,HOU,239900,University of South Alabama,,,30,35,40,50,55,60,55,55,40,45,45,,,,,,,,,,,,,,,
,10,Owen Ayers,CHC,C,AAA,2028,42,Med,,23.8166666,"6' 1""",185,S,R,2024,Draft,CHC,50000,Marshall,,YzrGZ8SdAXA,30,35,45,50,50,55,50,40,40,55,70,,,,,,,,,,,,,,,
,10,Asbel Gonzalez,KCR,OF,AA,2029,42,High,,19.2472222,"6' 2""",170,R,R,2023,Intl15,KCR,157500,Venezuela,,,30,50,20,40,30,40,60,60,50,60,50,,,,,,,,,,,,,,,
,10,Carlos Jorge,CIN,2B/OF,AAA,2027,42,Med,,21.525,"5' 10""",180,L,R,2021,Intl15,CIN,495000,Dominican Republic,,kTie0i0fy70,30,40,35,45,45,50,60,60,50,60,60,,,,,,,,,,,,,,,
,10,Breyson Guedez,ATH,OF,A+,2031,42,High,,17.5083333,"5' 10""",160,L,L,2025,Intl15,ATH,1500000,Venezuela,,,20,45,25,50,45,55,50,50,30,55,50,,,,,,,,,,,,,,,
,10,Tate Southisene,ATL,2B/SS,AA,2029,42,High,,18.4861111,"5' 11""",170,R,R,2025,Draft,ATL,2620000,Basic HS (NV),,,20,40,20,50,45,55,60,60,40,50,50,,,,,,,,,,,,,,,
,10,Jhoan De La Cruz,SDP,SS,,2031,40,High,,17.375,"5' 11""",170,S,R,2025,Intl15,SDP,1000000,Dominican Republic,,,30,50,20,40,30,45,55,55,40,55,50,,,,,,,,,,,,,,,
,11,Justin Gonzales,BOS,OF,AA,2028,45,High,,18.2527777,"6' 4""",230,R,R,2024,Intl15,BOS,250000,Dominican Republic,,,30,45,40,50,60,60,40,40,35,40,60,,,,,,,,,,,,,,,
,11,Gavin Kilen,SFG,SS,AA,2027,45,Low,,21.0083333,"6' 0""",180,L,R,2025,Draft,SFG,5250000,Tennessee,,,35,55,30,45,40,45,55,55,40,45,45,,,,,,,,,,,,,,,
,11,Elian Peña,NYM,SS,A+,2031,45,High,,17.45,"5' 11""",200,L,R,2025,Intl15,NYM,5000000,Dominican Republic,,,25,50,25,55,50,55,40,30,35,55,60,,,,,,,,,,,,,,,
,11,Dillon Lewis,MIA,OF,AA,2028,45,High,,21.8027777,"6' 3""",205,R,R,2024,Draft,NYY,150000,Queens,,,30,40,40,50,60,60,55,55,40,45,50,,,,,,,,,,,,,,,
,11,Juan Rijo,SEA,OF,,2032,42,High,,17.8916666,"6' 1""",180,L,L,2026,Intl15,SEA,2200000,Dominican Republic,,,25,55,20,40,35,45,55,55,45,60,50,,,,,,,,,,,,,,,
,11,Marlon Quintero,LAA,C,A,2029,42,High,,18.3444444,"5' 9""",175,R,R,2024,Intl15,LAA,25000,Panama,,,30,50,20,40,35,45,45,40,45,60,70,,,,,,,,,,,,,,,
,11,Tyson Lewis,CIN,3B/SS,A+,2029,42,High,,19.225,"6' 2""",200,L,R,2024,Draft,CIN,3050000,Millard West HS (NE),,,20,30,30,55,60,70,70,70,40,45,50,,,,,,,,,,,,,,,
,11,Romeli Espinosa,PHI,SS,A+,2031,42,High,,16.8222222,"6' 4""",170,R,R,2025,Intl15,PHI,250000,Dominican Republic,,,20,40,20,55,40,60,60,55,30,50,55,,,,,,,,,,,,,,,
,11,Andy Perez,COL,SS,AA,2027,42,High,,20.8277777,"6' 3""",180,L,R,2021,Intl15,COL,300000,Cuba,,,35,45,30,45,40,50,50,50,50,55,60,,,,,,,,,,,,,,,
,11,Paulino Santana,TEX,OF,A,2030,42,High,,18.3722222,"6' 1""",170,R,R,2024,Intl15,TEX,1300000,Dominican Republic,,,20,40,30,55,50,60,55,55,40,55,55,,,,,,,,,,,,,,,
,11,Ty Harvey,SDP,C,A,2031,40,High,,18.675,"6' 2""",215,R,R,2025,Draft,SDP,1500000,Inspiration Academy (FL),,,20,40,20,55,55,60,30,30,20,45,55,,,,,,,,,,,,,,,
,11,Kaeden Kent,NYY,2B/SS,A+,2029,40,High,,21.5888888,"6' 2""",200,L,R,2025,Draft,NYY,744400,Texas A&M,,,30,45,30,45,40,45,50,50,40,45,60,,,,,,,,,,,,,,,
,12,Daniel Pierce,TBR,SS,A,2030,47,High,,18.6583333,"6' 0""",185,R,R,2025,Draft,TBR,4310000,Mill Creek HS (GA),,,20,30,20,50,45,55,60,60,45,60,60,,,,,,,,,,,,,,,
,12,Jace LaViolette,CLE,OF,AA,2028,45,Med,,21.325,"6' 5""",225,L,L,2025,Draft,CLE,4000000,Texas A&M,,,30,35,35,55,60,60,55,55,40,50,60,,,,,,,,,,,,,,,
,12,Michael Oliveto,DET,C,A,2031,42,High,,18.1611111,"6' 3""",185,L,R,2025,Draft,DET,2450000,Hauppauge HS (NY),,,20,50,20,50,40,55,30,30,20,40,30,,,,,,,,,,,,,,,
,12,Albert Fermín,HOU,3B/SS,,2032,42,High,,17.4583333,"6' 3""",215,S,R,2026,Intl15,HOU,2300000,Dominican Republic,,,20,45,20,50,40,50,45,40,30,50,55,,,,,,,,,,,,,,,
,12,Jaden Fauske,CHW,OF,A,2030,42,High,,18.3611111,"6' 2""",205,L,R,2025,Draft,CHW,3000000,Nazareth Academy (IL),,,30,55,30,45,45,50,50,50,35,50,45,,,,,,,,,,,,,,,
,12,Joswa Lugo,LAA,3B/SS,A,2030,42,High,,18.1861111,"6' 2""",175,R,R,2024,Intl15,LAA,2300000,Dominican Republic,,,20,40,20,55,40,60,60,60,40,50,60,,,,,,,,,,,,,,,
,12,Hansel Jimenez,CIN,2B/3B/SS,,2030,42,High,,18.3222222,"6' 1""",195,R,R,2024,Intl15,CIN,82500,Dominican Republic,,,20,30,25,55,55,70,50,40,35,55,55,,,,,,,,,,,,,,,
,12,Dylan Fien,ATH,C/1B,A+,2030,42,High,,19.4472222,"6' 3""",210,S,R,2024,Draft,OAK,550000,Great Oak HS (CA),,,30,50,30,50,40,50,40,40,30,40,40,,,,,,,,,,,,,,,
,12,Owen Carey,ATL,OF,AA,2028,42,Med,,18.6916666,"6' 0""",185,L,L,2024,Draft,ATL,150000,Londonderry HS (NH),,,30,50,30,45,40,50,55,55,45,50,50,,,,,,,,,,,,,,,
,13,Cooper Flemming,TBR,SS,A,2031,47,Med,,18.6555555,"6' 3""",190,L,R,2025,Draft,TBR,1800000,Aliso Niguel HS (CA),,,25,55,25,55,40,55,40,30,30,40,40,,,,,,,,,,,,,,,
,13,Enrique Bradfield Jr.,BAL,OF,AAA,2026,45,Low,,23.3305555,"6' 0""",175,L,L,2023,Draft,BAL,4170000,Vanderbilt,,jXa_9D9C_tk,50,55,30,30,30,35,70,70,60,60,50,,,,,,,,,,,,,,,
,13,Duce Gourson,PIT,2B/3B,AAA,2027,45,Low,,22.5305555,"5' 11""",204,L,R,2024,Draft,PIT,187500,UCLA,,,35,45,40,50,45,50,55,55,40,45,50,,,,,,,,,,,,,,,
,13,Angel De Los Santos,DET,2B/SS,A,2030,42,High,,17.0777777,"6' 1""",161,R,R,2025,Intl15,DET,387500,Dominican Republic,,,25,50,20,50,40,55,55,55,35,50,55,,,,,,,,,,,,,,,
,13,Harold Rivas,BOS,OF,,2031,42,High,,16.8916666,"6' 2""",170,R,R,2025,Intl15,BOS,950000,Venezuela,,,20,40,20,50,40,55,60,60,45,60,60,,,,,,,,,,,,,,,
,13,Luke Dickerson,WSN,2B/SS,A+,2028,42,Med,,19.6444444,"5' 11""",197,R,R,2024,Draft,WSN,3800000,Morris Knolls HS (NJ),,,30,35,35,50,55,60,70,70,30,50,45,,,,,,,,,,,,,,,
,13,Chris Suero,NYM,C,AA,2027,42,Med,,21.1777777,"5' 11""",205,R,R,2022,Intl15,NYM,10000,Dominican Republic,,,20,30,40,45,50,55,60,60,30,40,60,,,,,,,,,,,,,,,
,13,Ryan Mitchell,STL,OF,A,2029,42,High,,18.1944444,"6' 2""",185,L,R,2025,Draft,STL,2250000,Houston HS (TN),,,25,55,25,50,40,55,60,60,25,50,40,,,,,,,,,,,,,,,
,13,Yilver De Paula,LAA,SS,,2031,42,High,,17.2111111,"5' 11""",180,R,R,2025,J2,LAA,900000,Dominican Republic,,,30,55,20,50,35,50,55,55,35,50,50,,,,,,,,,,,,,,,
,13,Liberts Aponte,CIN,SS,,2031,42,High,,17.3972222,"6' 0""",170,R,R,2025,Intl15,CIN,1900000,Venezuela,,,20,40,20,40,30,45,55,55,45,60,55,,,,,,,,,,,,,,,
,13,Conor Essenburg,ATL,OF,A+,2030,42,High,,18.5361111,"6' 2""",200,R,L,2025,Draft,ATL,1200000,Lincoln-Way West HS (IL),,,20,40,25,50,45,55,55,60,40,50,60,,,,,,,,,,,,,,,
,13,Dante Nori,PHI,OF,AA,2028,42,Low,,20.4833333,"5' 10""",190,L,L,2024,Draft,PHI,2500000,Northville HS (MI),,zoBPSZWjWtY,30,45,20,30,40,40,70,70,45,60,40,,,,,,,,,,,,,,,
,13,Starlyn Caba,MIA,SS,A+,2028,42,Med,,19.3194444,"5' 10""",160,L,R,2023,Intl15,PHI,3000000,Dominican Republic,,,30,50,20,30,30,40,60,60,60,70,55,,,,,,,,,,,,,,,
,13,Sebastian Blanco,COL,SS,A,2029,42,High,,17.2277777,"6' 1""",181,R,R,2025,Intl15,COL,600000,Venezuela,,,25,55,20,40,30,45,50,50,40,50,55,,,,,,,,,,,,,,,
,13,Ryan Wideman,SDP,OF,A+,2029,40,Med,,21.4083333,"6' 4""",204,R,R,2025,Draft,SDP,650000,Western Kentucky,,,30,45,30,40,40,45,60,60,45,55,50,,,,,,,,,,,,,,,
,14,Termarr Johnson,PIT,2B,AAA,2027,45,Med,,20.8055555,"5' 7""",175,L,R,2022,Draft,PIT,7219000,Mays HS (GA),,jQuL4t_v8Lw,30,50,30,45,45,50,50,50,40,45,40,,,,,,,,,,,,,,,
,14,Randy Santana,DET,OF,,2032,42,High,,17.85,"6' 3""",185,R,R,2026,Intl15,DET,1097500,Dominican Republic,,,20,45,25,55,45,60,60,60,40,50,60,,,,,,,,,,,,,,,
,14,Hector Ramos,BOS,SS,,2031,42,Med,,17.5333333,"6' 1""",168,S,R,2025,Intl15,BOS,500000,Dominican Republic,,,25,50,25,50,35,50,45,40,30,40,45,,,,,,,,,,,,,,,
,14,Gavin Fien,WSN,OF,A,2030,42,High,,18.0638888,"6' 2""",193,R,R,2025,Draft,TEX,4800000,Great Oak HS (CA),,mGy7HJbYqds,20,40,20,55,45,60,55,50,30,55,60,,,,,,,,,,,,,,,
,14,Ramcell Medina,KCR,SS,,2030,42,High,,17.3833333,"6' 1""",155,R,R,2025,Intl15,KCR,947500,Dominican Republic,,,20,50,20,45,30,50,50,50,40,50,50,,,,,,,,,,,,,,,
,14,Tai Peete,STL,OF,AA,2028,42,High,,19.6388888,"6' 2""",193,L,R,2023,Draft,SEA,2500000,Trinity Christian HS (GA),,JuOXyz3Az54,20,30,30,50,50,60,60,60,45,55,60,,,,,,,,,,,,,,,
,14,Angel Nuñez,CIN,OF,,2032,42,High,,17.2972222,"5' 11""",165,L,L,2026,Intl15,CIN,3000000,Dominican Republic,,,20,40,20,45,40,50,70,70,45,60,70,,,,,,,,,,,,,,,
,14,Zach Ehrhard,LAD,OF,AAA,2028,42,Med,,22.1944444,"5' 11""",230,R,R,2024,Draft,BOS,500000,Oklahoma State,,,30,45,40,50,50,50,55,55,45,50,60,,,,,,,,,,,,,,,
,14,Edelson Cabral,ATL,2B/3B/SS,,2032,42,High,,17.0611111,"6' 1""",170,L,R,2026,Intl15,ATL,600000,Dominican Republic,,,25,55,20,45,35,45,50,50,40,50,55,,,,,,,,,,,,,,,
,14,Juneiker Caceres,CLE,OF,A+,2030,42,High,,17.6277777,"5' 10""",170,L,L,2024,Intl15,CLE,300000,Venezuela,,B3E6oY9tud4,25,60,20,40,45,50,50,50,40,50,50,,,,,,,,,,,,,,,
,14,Jose Luis Acevedo,BAL,SS,,2032,42,High,,17.6527777,"6' 1""",180,R,R,2026,Intl15,BAL,2300000,Dominican Republic,,,20,45,20,50,35,50,55,55,45,60,60,,,,,,,,,,,,,,,
,14,Ashly Andujar,COL,SS,A,2030,42,High,,17.6722222,"6' 1""",155,S,R,2024,Intl15,COL,1700000,Dominican Republic,,,25,55,20,45,20,40,60,60,45,55,55,,,,,,,,,,,,,,,
,14,Korbyn Dickerson,SEA,OF,A+,2029,40,High,,21.4194444,"6' 1""",190,R,R,2025,Draft,SEA,461000,Indiana,,,20,30,30,45,50,55,60,60,45,55,40,,,,,,,,,,,,,,,
,14,Ariel Armas,CHC,C,AA,2028,40,Med,,22.3388888,"5' 10""",185,R,R,2024,Draft,CHC,375000,University of San Diego,,,30,30,30,35,40,45,40,40,50,60,60,,,,,,,,,,,,,,,
,14,Kyle Lodise,CHW,2B/SS,A+,2029,40,Low,,21.4555555,"5' 11""",180,R,R,2025,Draft,CHW,922500,Georgia Tech,,,30,45,30,40,40,45,55,55,40,45,50,,,,,,,,,,,,,,,
,15,Manuel Bolivar,DET,C,,2032,42,High,,17.8888888,"6' 3""",200,R,R,2026,Intl15,DET,2300000,Venezuela,,,20,40,20,55,45,60,45,40,40,60,60,,,,,,,,,,,,,,,
,15,Brady  Ebel,MIL,SS,A+,2030,42,Med,,17.6833333,"6' 3""",190,L,R,2025,Draft,MIL,2750000,Corona HS (CA),,FuY1MKIXTQc,25,50,20,45,40,50,50,50,40,50,55,,,,,,,,,,,,,,,
,15,Brandon Winokur,MIN,3B/SS/OF,AA,2028,42,High,,20.2916666,"6' 5""",210,R,R,2023,Draft,MIN,1500000,Edison HS (CA),,,20,30,35,55,55,70,55,50,45,60,60,,,,,,,,,,,,,,,
,15,Sean Gamble,KCR,OF,A,2030,42,Med,,18.7361111,"6' 1""",185,L,R,2025,Draft,KCR,4000000,IMG Academy (FL),,,20,35,20,50,45,55,45,50,40,50,50,,,,,,,,,,,,,,,
,15,Eli Serrano III,NYM,OF,AA,2028,42,Med,,21.9166666,"6' 5""",201,L,L,2024,Draft,NYM,697500,NC State,,,35,50,40,45,40,50,50,50,40,50,50,,,,,,,,,,,,,,,
,15,Kendall George,LAD,OF,AA,2028,42,Low,,20.4222222,"5' 10""",170,L,L,2023,Draft,LAD,1850000,Atascocita HS (TX),,lwpM8dVEICA,40,50,30,40,30,35,70,70,40,55,40,,,,,,,,,,,,,,,
,15,Jaison Chourio,CLE,OF,AA,2027,42,Med,,19.8666666,"6' 1""",175,S,R,2022,Intl15,CLE,1500000,Venezuela,,eqQQw5ePTrM,30,50,30,40,40,50,55,55,40,45,40,,,,,,,,,,,,,,,
,15,Creed Willems,BAL,C/1B,AAA,2027,42,Med,,21.825,"5' 11""",225,L,R,2021,Draft,BAL,1000000,Aledo HS (TX),,,35,40,45,55,55,55,20,20,30,40,45,,,,,,,,,,,,,,,
,15,Adrian Pinto,TOR,2B,AA,2028,40,High,,22.525,"5' 6""",156,R,R,2019,J2,COL,120000,Venezuela,,,35,45,35,45,50,50,55,55,50,55,55,,,,,,,,,,,,,,,
,15,Kale Fountain,SDP,1B/OF,A,2029,40,High,,19.6305555,"6' 5""",225,R,R,2024,Draft,SDP,1700000,Norris HS (NE),,,20,35,30,55,50,60,40,40,30,40,55,,,,,,,,,,,,,,,
,15,Wilberson De Pena,NYY,OF,A,2031,40,High,,18.3916666,"6' 2""",185,R,R,2024,Intl15,LAA,50000,Dominican Republic,,,20,40,20,50,45,60,60,60,30,50,50,,,,,,,,,,,,,,,
,16,Blake Burke,MIL,1B,AAA,2026,42,Med,,21.8055555,"6' 3""",236,L,L,2024,Draft,MIL,2100000,Tennessee,,aJdd-DwSgFs,30,45,40,55,70,70,30,20,40,45,40,,,,,,,,,,,,,,,
,16,Nauris De La Cruz,WSN,OF,,2031,42,High,,17.575,"6' 0""",170,L,L,2025,Intl15,WSN,500000,Dominican Republic,,,25,55,20,45,35,45,55,60,40,50,55,,,,,,,,,,,,,,,
,16,Boston Baro,NYM,3B/SS,A+,2028,42,High,,20.6055555,"6' 2""",170,L,R,2023,Draft,NYM,700000,Capistrano Valley HS (CA),,,30,45,20,45,30,45,50,55,45,60,70,,,,,,,,,,,,,,,
,16,Dauri Fernandez,CLE,SS,A+,2030,42,Med,,18.0666666,"5' 9""",155,S,R,2024,Intl15,CLE,215000,Dominican Republic,,,25,60,20,30,30,35,55,55,40,50,55,,,,,,,,,,,,,,,
,16,Edgardo De Leon,MIA,1B/3B,A,2030,42,High,,18.1083333,"6' 0""",170,R,R,2024,Intl15,CHC,,Dominican Republic,,,20,40,30,55,60,70,45,45,35,50,55,,,,,,,,,,,,,,,
,16,Derek Bernard,COL,OF,A+,2028,42,Med,,19.6444444,"6' 0""",190,L,R,2022,Intl15,COL,185000,Dominican Republic,,WTOcmc1G-dQ,30,40,30,55,55,60,50,50,45,55,55,,,,,,,,,,,,,,,
,16,Axiel Plaz,PIT,C/1B,A+,2028,42,High,,19.6361111,"5' 11""",230,R,R,2022,Intl15,PIT,350000,Venezuela,,,30,30,30,50,60,60,30,30,40,55,60,,,,,,,,,,,,,,,
,16,Josh Kasevich,TOR,SS,AAA,2027,40,Low,,24.2055555,"6' 1""",200,R,R,2022,Draft,TOR,1000000,Oregon,,sGfGXtOl8O0,50,60,30,30,40,45,45,45,40,45,45,,,,,,,,,,,,,,,
,16,Truitt Madonna,SDP,C/1B,A,2030,40,High,,18.0527777,"6' 2""",215,R,R,2025,Draft,SDP,654000,Ballard High School (WA),,,20,40,20,50,50,60,40,40,20,40,50,,,,,,,,,,,,,,,
,16,Yandel Ricardo,KCR,SS,A,2029,40,High,,18.4861111,"6' 2""",185,R,R,2024,Intl15,KCR,2400000,Cuba,,,20,35,20,40,40,50,50,45,40,50,55,,,,,,,,,,,,,,,
,16,Raudi Rodriguez,LAA,OF,AAA,2029,40,High,,21.7333333,"6' 0""",190,R,R,2023,Draft,LAA,100000,Georgia Premier Academy (GA),,,30,40,35,50,50,60,55,55,40,50,55,,,,,,,,,,,,,,,
,16,Eric Hartman,ATL,OF,AA,2028,40,Med,,18.7916666,"6' 1""",185,L,R,2024,Draft,ATL,337500,Holy Trinity Academy (AB),,,20,40,25,40,35,45,70,70,40,55,40,,,,,,,,,,,,,,,
,16,Keaton Anthony,PHI,1B,AAA,2027,40,Low,,23.7694444,"6' 2""",220,R,R,2023,UDFA,PHI,20000,Iowa,,,45,50,40,45,50,50,30,30,40,45,40,,,,,,,,,,,,,,,
,16,Dylan Dreiling,TEX,OF,AA,2027,40,High,,21.9555555,"5' 11""",197,L,L,2024,Draft,TEX,1290000,Tennessee,,,30,45,30,45,50,55,55,55,45,50,45,,,,,,,,,,,,,,,
,17,Miguel Bleis,BOS,OF,AA,2027,42,High,,21.0833333,"6' 0""",170,R,R,2021,Intl15,BOS,1500000,Dominican Republic,,,20,30,35,50,55,60,60,60,45,55,60,,,,,,,,,,,,,,,
,17,Isaias Suarez,WSN,OF,,2032,42,High,,17.6222222,"6' 2""",170,R,R,2026,Intl15,WSN,1900000,Dominican Republic,,,25,50,20,45,30,45,55,50,45,55,50,,,,,,,,,,,,,,,
,17,Andrew Salas,MIA,SS/OF,A,2031,42,High,,17.075,"6' 2""",185,S,R,2025,Intl15,MIA,3700000,Venezuela,,,20,50,20,45,20,45,55,60,45,55,55,,,,,,,,,,,,,,,
,17,Darell Morel,PIT,SS,A,2031,42,High,,17.5444444,"6' 4""",180,L,R,2025,Intl15,PIT,1778600,Dominican Republic,,,20,30,20,60,40,60,45,55,40,50,55,,,,,,,,,,,,,,,
,17,Jonathon Long,CHC,1B,AAA,2026,40,Med,,23.1972222,"5' 11""",210,R,R,2023,Draft,CHC,179400,Long Beach State,,K7UOiF66tiA,40,45,40,45,60,60,40,40,30,40,55,,,,,,,,,,,,,,,
,17,Warren Calcaño,KCR,SS,,2030,40,High,,17.4555555,"6' 2""",165,S,R,2025,Intl15,KCR,1850000,Dominican Republic,,,20,50,20,40,20,40,50,60,40,50,60,,,,,,,,,,,,,,,
,17,Malcolm Moore,TEX,C,AA,2027,40,High,,21.6694444,"6' 2""",210,L,R,2022,Draft,TEX,3000000,Stanford,,BJvfTAEpnbA,30,45,30,40,40,50,30,30,40,45,45,,,,,,,,,,,,,,,
,18,Oscar Tineo,DET,SS,,2032,42,High,,17.425,"6' 2""",165,S,R,2026,Intl15,DET,1450000,Venezuela,,,25,55,20,40,30,45,60,60,45,60,55,,,,,,,,,,,,,,,
,18,Braylon Payne,MIL,OF,AA,2029,42,High,,18.6305555,"6' 2""",186,L,L,2024,Draft,MIL,3440000,Elkins HS (TX),,,20,30,20,45,45,55,70,70,45,60,45,,,,,,,,,,,,,,,
,18,Samil Serrano,WSN,OF,,2032,42,High,,17.7305555,"6' 2""",175,L,L,2026,Intl15,WSN,1960000,Dominican Republic,,,25,55,20,55,40,50,50,40,30,50,50,,,,,,,,,,,,,,,
,18,Dakota Jordan,SFG,OF,AA,2028,42,High,,21.8944444,"6' 0""",220,R,R,2024,Draft,SFG,2000000,Mississippi State,,,20,30,30,50,60,70,60,60,45,50,55,,,,,,,,,,,,,,,
,18,Tony Blanco Jr.,PIT,1B,A+,2028,42,High,,19.8805555,"6' 7""",245,R,R,2022,Intl15,PIT,900000,Dominican Republic,,,20,30,25,60,70,80,30,30,30,40,50,,,,,,,,,,,,,,,
,18,Blaine Bullard,TOR,OF,A,2029,40,Med,,18.625,"6' 2""",180,S,L,2025,Draft,TOR,1697500,Klein Cain HS (TX),,,30,55,20,35,30,40,60,60,45,55,45,,,,,,,,,,,,,,,
,18,Mikey Romero,BOS,2B/3B/SS,AAA,2028,40,Med,,21.2194444,"5' 11""",175,L,R,2022,Draft,BOS,2300000,Orange Lutheran HS (CA),,,30,30,40,55,60,60,40,40,40,40,50,,,,,,,,,,,,,,,
,18,Will Bush,HOU,C/1B,AA,2028,40,Med,,21.075,"6' 1""",235,L,R,2023,Draft,HOU,150000,Tyler JC (TX),,,30,40,40,45,55,55,35,30,30,40,40,,,,,,,,,,,,,,,
,18,William Bergolla,CHW,2B/SS,AAA,2027,40,Med,,20.475,"5' 11""",160,L,R,2022,Intl15,PHI,2300000,Venezuela,,,55,60,20,20,20,20,50,50,50,50,55,,,,,,,,,,,,,,,
,18,Leo Balcazar,CIN,2B/SS,AAA,2027,40,Low,,20.7888888,"5' 11""",190,R,R,2021,Intl15,CIN,100000,Venezuela,,,30,45,30,40,45,45,50,50,55,60,60,,,,,,,,,,,,,,,
,18,Edgar Montero,ATH,SS,A,2030,40,High,,18.3611111,"6' 2""",220,L,R,2024,Intl15,OAK,1200000,Dominican Republic,,,20,40,20,55,50,60,40,30,30,50,55,,,,,,,,,,,,,,,
,19,Jadher Areinamo,TBR,2B/SS,AA,2026,45,High,,21.3416666,"5' 9""",180,R,R,2021,Intl15,MIL,150000,Venezuela,,,35,60,30,40,30,40,45,45,30,40,50,,,,,,,,,,,,,,,
,19,Kemp Alderman,MIA,OF,AAA,2026,42,Med,,22.6138888,"6' 3""",250,R,R,2023,Draft,MIA,1400000,Ole Miss,,,20,30,45,60,80,80,40,30,40,40,50,,,,,,,,,,,,,,,
,19,RJ Schreck,TOR,OF,AAA,2027,40,Med,,24.7194444,"6' 1""",205,L,R,2023,Draft,TOR,75000,Vanderbilt,,,40,45,40,45,50,50,50,50,45,45,50,,,,,,,,,,,,,,,
,19,Kala'i Rosario,MIN,OF,AAA,2026,40,Med,,22.7472222,"6' 0""",220,R,R,2020,Draft,MIN,270000,Waiakea HS (HI),,,30,30,35,55,60,60,45,45,50,50,60,,,,,,,,,,,,,,,
,19,Dylan Campbell,CHW,OF,AA,2027,40,Low,,22.7472222,"5' 11""",205,R,R,2023,Draft,LAD,497500,Texas,,,30,45,30,45,50,50,50,50,30,45,60,,,,,,,,,,,,,,,
,19,Gabriel Davalillo,LAA,1B/3B,A,2031,40,High,,17.4027777,"5' 11""",200,R,R,2025,Intl15,LAA,2000000,Venezuela,,,35,55,30,55,50,60,20,20,20,35,60,,,,,,,,,,,,,,,
,19,Jirvin Morillo,CIN,C,A,2030,40,Med,,18.225,"5' 11""",177,S,R,2024,Intl15,CIN,420000,Venezuela,,,25,55,20,40,30,40,40,40,30,50,55,,,,,,,,,,,,,,,
,19,Joendry Vargas,LAD,SS,A,2029,40,High,,19.3972222,"6' 3""",190,S,R,2023,Intl15,LAD,2080000,Dominican Republic,"I hope that you're the one. If not, you are the prototype.",-9vldyb-Pi4,20,30,20,50,40,60,50,45,40,50,60,,,,,,,,,,,,,,,
,19,Alirio Ferrebus,PHI,C/1B,A+,2030,40,High,,19.5527777,"6' 2""",174,R,R,2023,Intl15,PHI,70000,Venezuela,,,30,50,30,40,35,50,40,30,30,45,50,,,,,,,,,,,,,,,
,19,Caden Powell,HOU,SS/OF,A+,2028,37,High,,21.4361111,"6' 3""",200,R,R,2024,Draft,HOU,422500,Seminole State,,,20,30,30,40,65,70,55,55,25,50,50,,,,,,,,,,,,,,,
,20,Tre' Morgan,TBR,1B,AAA,2026,45,Low,,22.7083333,"6' 1""",215,L,L,2023,Draft,TBR,781300,LSU,,WANAGl-Gab4,40,50,30,40,45,45,50,50,70,80,50,,,,,,,,,,,,,,,
,20,Jesus Baez,STL,SS,AA,2028,42,Med,,20.0972222,"5' 9""",180,R,R,2022,Intl15,NYM,275000,Dominican Republic,,,30,45,35,50,50,55,40,40,40,45,55,,,,,,,,,,,,,,,
,20,Elvin Garcia,BAL,2B/3B/SS,A,2030,42,High,,18.2027777,"6' 2""",220,S,R,2024,Intl15,BAL,500000,Dominican Republic,,,20,35,25,60,55,70,40,40,30,50,55,,,,,,,,,,,,,,,
,20,Yasser Mercedes,MIN,OF,A+,2027,40,High,,20.375,"6' 2""",180,R,R,2022,Intl15,MIN,1700000,Dominican Republic,,,30,30,35,55,50,60,60,55,40,45,60,,,,,,,,,,,,,,,
,20,Adriel Radney,ARI,OF,A,2030,40,High,,17.7722222,"6' 3""",180,R,R,2024,Intl15,ARI,1850000,Dominican Republic,Radney dealt with back issues during his first pro season and will likely repeat the DSL in 2025. He has the tools and projection of a first round high school prospect.,,20,50,20,50,40,60,55,50,40,50,50,,,,,,,,,,,,,,,
,20,Jeral Perez,CHW,2B,AA,2028,40,Med,,20.4027777,"6' 0""",205,R,R,2022,J2,LAD,397500,Dominican Republic,"Perez is a stocky 2B/3B prospect without a ton of physical projection. Some aspects of his hit tool are good (he's short to the ball, contact is top-hand driven), while others are bad (he lacks great barrel control), and his defense is also a mixed bag. He has a puncher's chance to be a regular at second base and produce akin to the way Brendan Rodgers has so far.",,40,45,40,45,45,45,45,45,40,45,45,,,,,,,,,,,,,,,
,20,Mitch Voit,NYM,2B/SS,AA,2028,40,Med,,20.5027777,"6' 0""",190,R,R,2025,Draft,NYM,1750000,Michigan,,,30,45,30,50,50,55,60,60,40,50,55,,,,,,,,,,,,,,,
,20,Arnaldo Lantigua,CIN,OF,A,2029,40,High,,19.2833333,"6' 3""",220,R,R,2023,Intl15,LAD,700000,Dominican Republic,,,30,40,25,55,55,60,40,40,20,30,40,,,,,,,,,,,,,,,
,20,Kellon Lindsey,LAD,2B/SS,A,2028,40,High,,19.5277777,"6' 2""",175,R,R,2024,Draft,LAD,3300000,Hardee HS (FL),,x-_SdTaoEdo,20,40,20,40,35,45,80,80,30,60,45,,,,,,,,,,,,,,,
,20,Luis Guanipa,ATL,OF,A+,2027,40,Med,,19.2944444,"5' 10""",175,R,R,2023,Intl15,ATL,2500000,Venezuela,,,30,50,30,40,40,45,60,60,40,45,40,,,,,,,,,,,,,,,
,20,Alfonsin Rosario,CLE,OF,AAA,2028,40,High,,20.7777777,"6' 1""",210,R,R,2023,Draft,CHC,325600,P27 Academy (SC),,,20,30,25,55,60,65,45,45,30,50,70,,,,,,,,,,,,,,,
,20,Anderson Araujo,PHI,C/1B,,2031,40,Med,,16.9805555,"5' 11""",177,R,R,2025,Intl15,PHI,,Venezuela,,,25,50,20,50,40,50,40,30,30,40,45,,,,,,,,,,,,,,,
,20,Luis Baez,HOU,OF,AA,2028,37,High,,21.2222222,"6' 1""",215,R,R,2022,Intl15,HOU,1300000,Dominican Republic,,,30,35,30,45,60,65,40,40,30,50,55,,,,,,,,,,,,,,,
,21,Victor Valdez,TBR,SS,,2032,45,Med,,17.8666666,"6' 1""",190,R,R,2026,Intl15,TBR,3500000,Dominican Republic,,,25,60,20,50,45,55,40,40,30,45,45,,,,,,,,,,,,,,,
,21,Wilfri De La Cruz,BAL,3B/SS,,2031,42,High,,17.5444444,"6' 2""",180,S,R,2025,Intl15,CHC,2300000,Dominican Republic,,,20,45,20,55,30,55,55,55,30,50,55,,,,,,,,,,,,,,,
,21,Cristian Hernández,MIA,SS,AA,2028,42,High,,21.3,"6' 1""",175,R,R,2021,Intl15,CHC,3000000,Dominican Republic,,,20,35,30,45,55,60,55,55,50,55,60,,,,,,,,,,,,,,,
,21,Estuar Suero,PIT,OF,A,2028,42,High,,19.5888888,"6' 6""",200,S,R,2022,Intl15,SDP,325000,Dominican Republic,,KjrrwZnRkrs,20,30,20,60,55,70,55,40,30,50,60,,,,,,,,,,,,,,,
,21,John Peck,DET,3B/SS,AAA,2027,40,Med,,22.7027777,"6' 0""",210,R,R,2023,Draft,DET,222500,Pepperdine,,,30,35,35,45,55,55,45,45,40,45,55,,,,,,,,,,,,,,,
,21,Tim Piasentin,TOR,3B,,2031,40,High,,18.0166666,"6' 3""",200,L,R,2025,Draft,Tor,747500,Foothills Composite HS (AB),,,20,40,20,55,50,60,40,40,30,45,60,,,,,,,,,,,,,,,
,21,Ethan Petry,WSN,1B/OF,AA,2029,40,High,,20.7888888,"6' 4""",235,R,R,2025,Draft,WSN,2090000,South Carolina,,,30,35,35,60,70,70,30,30,30,40,45,,,,,,,,,,,,,,,
,21,Miguel Caraballo,MIN,C,,2031,40,High,,16.5972222,"6' 0""",170,S,R,2025,Intl15,SFG,172500,Venezuela,,,20,40,25,55,35,55,40,40,20,45,40,,,,,,,,,,,,,,,
,21,Dayber Cruceta,PHI,OF,,2030,40,High,,17.0416666,"6' 1""",155,L,L,2025,Intl15,PHI,,Dominican Republic,,,25,50,20,40,20,40,60,60,40,55,55,,,,,,,,,,,,,,,
,21,Joniel Hernandez,SDP,SS,,2032,37,High,,17.3833333,"6' 1""",175,R,R,2026,Intl15,SDP,1400000,Cuba,,,20,40,20,45,40,50,60,60,40,50,55,,,,,,,,,,,,,,,
,22,Ariel Roque,BAL,OF,,2032,42,High,,17.7583333,"6' 1""",175,L,R,2026,Intl15,BAL,1700000,Dominican Republic,,,20,45,20,45,35,45,60,60,40,50,60,,,,,,,,,,,,,,,
,22,Franyerber Montilla,DET,2B/SS,A,2028,40,High,,19.9611111,"6' 0""",175,S,R,2022,Intl15,DET,500000,Venezuela,,,30,45,30,40,40,45,55,55,45,55,60,,,,,,,,,,,,,,,
,22,Haritzon Castillo,MIN,2B/SS,,2031,40,High,,17.0222222,"6' 0""",175,S,R,2025,Intl15,MIN,947500,Venezuela,,,25,50,20,45,40,50,55,55,40,50,50,,,,,,,,,,,,,,,
,22,Slade Caldwell,ARI,OF,A+,2028,40,Med,,18.7861111,"5' 9""",175,L,L,2024,Draft,ARI,3090000,Valley View HS (AR),Caldwell is a short (but not small) outfield prospect with blazing speed and a swing geared for airborne contact. How he develops physically (he's already so muscular that his frame is maxed out) and he way it will impact his skillset is hard to predict.,,30,45,20,35,35,40,70,65,45,55,40,,,,,,,,,,,,,,,
,22,Landyn Vidourek,LAD,OF,A,2030,40,High,,21.4027777,"6' 1""",192,L,R,2025,Draft,LAD,552750,Cincinnati,,,30,35,40,50,55,60,60,60,40,50,70,,,,,,,,,,,,,,,
,22,Kehden Hettiger,PHI,C/1B,AA,2029,40,High,,20.85,"6' 1""",205,L,R,2023,Draft,PHI,397500,Sierra Canyon HS (CA),,,20,35,35,45,50,55,40,40,20,40,45,,,,,,,,,,,,,,,
,22,Luis Cova,MIA,OF,A,2030,40,High,,18.1666666,"6' 2""",175,R,R,2024,Intl15,MIA,1500000,Venezuela,,,20,50,30,50,40,50,55,55,40,50,55,,,,,,,,,,,,,,,
,22,Alex McCoy,SDP,OF,AA,2029,37,Med,,23.1416666,"6' 5""",260,R,R,2024,UDFA,SDP,20000,Hofstra University,,,20,30,40,55,70,70,30,30,35,40,45,,,,,,,,,,,,,,,
,22,Luis Suisbel,SEA,1B/3B,A+,2028,37,High,,21.8555555,"6' 1""",190,S,R,2019,Intl15,SEA,350000,Venezuela,,,30,40,35,50,50,55,30,30,35,40,55,,,,,,,,,,,,,,,
,23,Andreimi Antunez,TBR,SS,A,2029,42,High,,18.4055555,"5' 10""",180,R,R,2024,Intl15,TBR,300000,Venezuela,,,25,45,25,55,50,60,50,40,30,45,70,,,,,,,,,,,,,,,
,23,Jude Warwick,DET,2B/SS,A,2030,40,High,,19.5611111,"6' 1""",170,L,R,2024,Draft,DET,247500,Downers Grove North HS (IL),,,20,50,20,40,30,45,60,60,40,50,50,,,,,,,,,,,,,,,
,23,Sir Jamison Jones,WSN,C,A,2030,40,High,,18.8666666,"6' 2""",256,R,R,2024,Draft,WSN,500000,St. Rita HS (IL),,,20,30,20,40,40,45,30,30,45,70,50,,,,,,,,,,,,,,,
,23,Enmanuel Merlo,MIN,3B/SS,,2032,40,High,,17.6722222,"6' 1""",190,S,R,2026,Intl15,MIN,1500000,Venezuela,,,20,45,25,55,50,55,50,50,30,45,55,,,,,,,,,,,,,,,
,23,Yassel Soler,ARI,3B,A+,2028,40,High,,19.1805555,"5' 11""",185,R,R,2023,Intl15,ARI,425000,Dominican Republic,Soler has a skillset similar to Ty France. He's a chase prone corner infielder with plus bat speed and a swing that's not yet actualized for lift and power.,,30,45,30,50,55,60,40,40,35,45,55,,,,,,,,,,,,,,,
,23,Ching-Hsien Ko,LAD,OF,A,2030,40,High,,18.6388888,"6' 3""",220,L,L,2024,Intl15,LAD,650000,Taiwan,,,30,45,25,45,45,55,50,50,40,50,45,,,,,,,,,,,,,,,
,23,Eli Lovich,CHC,OF,A,2030,37,High,,19.6638888,"6' 4""",175,L,L,2024,Draft,CHC,650000,Blue Valley West HS (KS),,,20,40,20,50,45,60,40,40,20,40,55,,,,,,,,,,,,,,,
,24,Xavier Isaac,TBR,1B,AA,2027,42,High,,21.2888888,"6' 3""",240,L,L,2022,Draft,TBR,2548900,East Forsyth HS (NC),,LFb-YuEPAP0,20,20,50,70,70,80,40,40,30,45,40,,,,,,,,,,,,,,,
,24,Elian Rosario,TEX,3B,,2032,40,High,,17.8027777,"6' 2""",210,R,R,2026,Intl15,TEX,2500000,Dominican Republic,,,20,45,25,55,50,60,40,40,30,40,50,,,,,,,,,,,,,,,
,24,Marco Dinges,MIL,C,AA,2029,40,High,,21.5722222,"5' 11""",190,R,R,2024,Draft,MIL,500000,Florida State,,rIl_wKuMCi8,30,40,30,45,50,55,50,50,30,40,60,,,,,,,,,,,,,,,
,24,Edward Duran,TOR,C,AA,2027,40,Med,,20.8388888,"5' 11""",185,R,R,2021,Intl15,MIA,400000,Venezuela,,,30,40,30,40,30,40,30,30,45,60,60,,,,,,,,,,,,,,,
,24,Yoeilin Cespedes,BOS,2B/SS,AA,2029,40,Med,,19.5638888,"5' 8""",185,R,R,2023,Intl15,BOS,1400000,Dominican Republic,,YUx6kfemUDA,20,30,35,50,45,50,40,40,30,45,40,,,,,,,,,,,,,,,
,24,Caleb Lomavita,WSN,C,AA,2027,40,High,,22.3694444,"5' 11""",200,R,R,2024,Draft,WSN,2325000,Cal,,,30,35,35,45,50,55,40,40,40,50,55,,,,,,,,,,,,,,,
,24,Trevor Cohen,SFG,OF,AA,2028,40,Med,,21.4222222,"5' 11""",192,L,L,2025,Draft,SFG,847500,Rutgers,,,40,55,20,30,40,45,60,60,45,55,40,,,,,,,,,,,,,,,
,24,Austin Charles,KCR,3B/SS,A+,2028,40,High,,21.3833333,"6' 5""",215,R,R,2022,Draft,KCR,429500,Stockdale HS (CA),,,20,30,20,45,40,55,55,55,40,50,60,,,,,,,,,,,,,,,
,24,Randy Guzman,NYM,1B/OF,A+,2029,40,High,,19.95,"6' 4""",215,R,R,2022,Intl15,NYM,,Dominican Republic,,,30,35,35,60,55,65,40,40,30,50,50,,,,,,,,,,,,,,,
,24,Capri Ortiz,LAA,SS,A+,2027,40,Low,,20,"6' 0""",160,S,R,2022,Intl15,LAA,150000,Dominican Republic,,,30,40,20,30,30,35,70,70,55,60,60,,,,,,,,,,,,,,,
,24,Chase Harlan,LAD,3B,A+,2030,40,High,,18.7277777,"6' 3""",215,R,R,2024,Draft,LAD,1750000,Central Bucks East (PA),,ZgEBFTstTqw,20,30,25,60,60,70,40,40,30,40,50,,,,,,,,,,,,,,,
,24,Reed Trimble,BAL,OF,AAA,2026,40,High,,24.8194444,"6' 0""",180,S,R,2021,Draft,BAL,800000,Southern Mississippi,,d6kxG4SrB14,30,35,45,50,55,55,60,60,40,45,55,,,,,,,,,,,,,,,
,24,Brendan Jones,MIA,OF,AAA,2028,40,Med,,22.9361111,"5' 9""",180,L,L,2024,Draft,NYY,150000,Kansas State,,,40,45,30,35,40,45,60,60,50,55,40,,,,,,,,,,,,,,,
,24,Lamar King Jr.,SDP,C/1B,A+,2029,37,High,,21.3166666,"6' 3""",215,R,R,2022,Draft,SDP,502800,Calvert Hall HS (MD),,,30,50,30,35,45,50,30,30,30,45,40,,,,,,,,,,,,,,,
,24,Charlie Pagliarini,SEA,1B/2B,AA,2028,37,High,,24.3027777,"6' 2""",210,L,R,2023,Draft,SEA,100000,Fairfield,,,20,30,35,50,60,60,45,45,35,40,55,,,,,,,,,,,,,,,
,24,Anthony Huezo,HOU,OF,AAA,2029,37,High,,19.4138888,"6' 0""",185,L,R,2023,Draft,HOU,397500,Etiwanda HS (CA),,,20,30,30,40,55,60,55,55,40,45,50,,,,,,,,,,,,,,,
,24,Juan Tomas,CHC,3B/SS,,2031,37,High,,17.3416666,"6' 3""",175,S,R,2025,Intl15,CHC,1100000,Dominican Republic,,,20,35,20,50,35,60,60,60,30,45,50,,,,,,,,,,,,,,,
,24,Stiven Marinez,NYY,SS,,2031,37,High,,17.6138888,"5' 10""",175,L,R,2024,Intl15,NYY,1650000,Dominican Republic,,,20,45,20,40,30,45,55,60,40,55,50,,,,,,,,,,,,,,,
,25,Brendan Summerhill,TBR,OF,A+,2028,42,Med,,21.3833333,"6' 3""",205,L,R,2025,Draft,TBR,2000000,Arizona,,,35,50,30,50,45,50,55,55,40,50,50,,,,,,,,,,,,,,,
,25,Franklin Rojas,TOR,C,,2030,40,High,,18.0305555,"5' 10""",170,S,R,2024,Intl15,TOR,998000,Venezuela,,,25,50,20,45,40,45,30,30,40,50,55,,,,,,,,,,,,,,,
,25,Jhorman Bravo,BOS,2B/SS,,2031,40,High,,16.825,"6' 1""",170,L,R,2025,Intl15,BOS,150000,Venezuela,,,20,40,20,50,30,50,55,55,40,50,55,,,,,,,,,,,,,,,
,25,Seaver King,WSN,SS,AAA,2027,40,Med,,21.9333333,"6' 0""",195,R,R,2024,Draft,WSN,5150000,Wake Forest,,,30,40,30,40,50,50,60,60,30,45,60,,,,,,,,,,,,,,,
,25,Carson Roccaforte,KCR,OF,AAA,2027,40,Low,,23.0055555,"5' 11""",195,L,L,2023,Draft,KCR,897500,Louisiana Lafayette,,,30,30,35,40,50,50,60,60,60,60,50,,,,,,,,,,,,,,,
,25,Samuel Zavala,CHW,OF,AA,2028,40,Med,,20.7111111,"6' 1""",190,L,L,2021,J2,SDP,1200000,Venezuela,"Of the teenage hitters on the list, Zavala's feel to hit is probably the most polished.",qrQHMA3MKhQ,30,40,30,40,45,50,50,50,45,55,60,,,,,,,,,,,,,,,
,25,Antonio Jimenez,NYM,3B/SS,A+,2029,40,Med,,20.7944444,"6' 1""",200,R,R,2025,Draft,NYM,564000,Central Florida,,,30,35,30,50,55,60,40,40,30,45,60,,,,,,,,,,,,,,,
,25,Jacob Cozart,CLE,C,AA,2027,40,Low,,22.2277777,"6' 3""",216,L,R,2024,Draft,CLE,2050000,North Carolina State,,lgsQp8znhlA,20,30,30,40,45,50,30,30,45,55,70,,,,,,,,,,,,,,,
,25,Aron Estrada,BAL,2B,AA,2027,40,Med,,20.2166666,"5' 8""",170,S,R,2022,Intl15,BAL,175000,Venezuela,,,20,35,30,45,50,55,50,50,30,40,40,,,,,,,,,,,,,,,
,25,Juan Matheus,MIA,3B/SS,AA,2028,40,Med,,20.9222222,"5' 10""",195,S,R,2022,Intl15,NYY,10000,Venezuela,,,40,55,35,40,40,45,55,55,45,50,55,,,,,,,,,,,,,,,
,25,Gregory Pio,SEA,OF,,2032,37,High,,17.4888888,"5' 11""",170,R,R,2026,Intl15,SEA,2900000,Dominican Republic,,,20,45,20,45,40,50,55,55,40,45,45,,,,,,,,,,,,,,,
,25,Jase Mitchell,HOU,C/1B,,2030,37,High,,18.5027777,"6' 3""",206,L,R,2025,Draft,HOU,797500,Cape Henlopen HS (DE),,,30,45,20,40,30,50,40,40,20,45,50,,,,,,,,,,,,,,,
,25,Dexters Peralta,NYY,SS,,2030,37,High,,17.7222222,"6' 2""",170,S,R,2024,Intl15,NYY,500000,Dominican Republic,,,20,45,20,50,30,55,50,60,40,50,70,,,,,,,,,,,,,,,
,26,Slater de Brun,TBR,OF,A,2030,42,Low,,17.8138888,"5' 10""",180,L,L,2025,Draft,BAL,4000000,Summit HS (OR),,,25,50,20,40,35,40,70,70,30,45,35,,,,,,,,,,,,,,,
,26,Jackson Strong,DET,OF,A+,2028,40,Med,,21.5972222,"6' 1""",185,L,L,2024,Draft,DET,222500,Canisius,,,20,30,35,45,45,50,60,60,45,55,40,,,,,,,,,,,,,,,
,26,Jake Cook,TOR,OF,A,2030,40,High,,21.7166666,"6' 1""",185,L,L,2025,Draft,TOR,922500,Southern Mississippi,,,35,55,20,30,35,40,80,80,40,60,60,,,,,,,,,,,,,,,
,26,Coy James,WSN,SS,A,2031,40,High,,18.125,"6' 0""",185,R,R,2025,Draft,WSH,2500000,Davie County HS (NC),,,20,35,25,50,45,55,60,60,40,50,60,,,,,,,,,,,,,,,
,26,Jancel Villarroel,SFG,C,AA,2028,40,Med,,20.2055555,"5' 8""",176,R,R,2022,Intl15,HOU,10000,Venezuela,,,30,50,35,45,50,50,45,40,30,45,55,,,,,,,,,,,,,,,
,26,Fernando Graterol,CHW,1B/OF,,2032,40,High,,17.7916666,"6' 2""",185,R,R,2026,Intl15,CHW,1600000,Venezuela,,,20,35,20,50,45,60,45,30,30,45,55,,,,,,,,,,,,,,,
,26,Reyli Mariano,LAD,2B/SS,AA,2030,40,High,,18.4,"6' 7""",160,S,R,2024,Intl15,LAD,,Dominican Republic,,,25,50,20,45,30,45,60,60,30,50,45,,,,,,,,,,,,,,,
,26,Jose Devers,CLE,SS,AA,2027,40,Med,,21.8722222,"6' 0""",145,R,R,2019,J2,CLE,450000,Dominican Republic,,,20,30,30,40,40,45,60,60,50,60,70,,,,,,,,,,,,,,,
,26,Cam Cannarella,MIA,OF,AAA,2028,40,Med,,21.5694444,"6' 0""",180,L,R,2025,Draft,MIA,2280000,Clemson,,,40,55,30,35,40,45,55,55,35,45,40,,,,,,,,,,,,,,,
,26,Easton Carmichael,PIT,C,AA,2029,40,Low,,21.4111111,"6' 1""",190,R,R,2025,Draft,PIT,997500,Oklahoma,,,30,40,30,30,40,40,30,30,55,70,55,,,,,,,,,,,,,,,
,26,Anthony Millan,HOU,OF,,2030,37,High,,16.8833333,"5' 11""",170,R,R,2025,Intl15,HOU,472500,Venezuela,,,20,40,20,45,40,55,60,60,20,50,50,,,,,,,,,,,,,,,
,26,Richard Matic,NYY,3B,,2030,37,High,,17.6805555,"6' 2""",220,R,R,2024,Intl15,NYY,850000,Dominican Republic,,,20,30,25,55,50,65,40,30,30,40,55,,,,,,,,,,,,,,,
,27,Brock Wilken,MIL,3B,AAA,2027,40,Med,,22.7888888,"6' 4""",225,R,R,2023,Draft,MIL,3150000,Wake Forest,,,20,30,45,50,55,55,40,40,35,40,60,,,,,,,,,,,,,,,
,27,Cutter Coffey,TOR,2B/3B,AA,2028,40,High,,20.8611111,"6' 1""",190,R,R,2022,Draft,BOS,1850000,Liberty HS (CA),,,20,30,35,45,50,55,45,45,40,55,60,,,,,,,,,,,,,,,
,27,Marconi German,WSN,2B/SS,,2031,40,High,,17.5611111,"5' 10""",170,S,R,2025,Intl15,WSN,400000,Dominican Republic,,,25,55,20,40,30,45,55,55,40,55,55,,,,,,,,,,,,,,,
,27,Kristian Robinson,ARI,OF,AAA,2026,40,High,,24.3055555,"6' 3""",190,R,R,2017,J2,ARI,2550000,Bahamas,,,30,30,45,50,55,55,55,55,55,55,60,,,,,,,,,,,,,,,
,27,Marco Vargas,NYM,2B/SS,AA,2028,40,Low,,19.8805555,"5' 11""",170,L,R,2022,Intl15,MIA,17500,Mexico,,,35,50,20,30,30,30,60,60,40,50,50,,,,,,,,,,,,,,,
,27,Brandon Butterworth,BAL,2B/SS,AAA,2029,40,Low,,22.5888888,"5' 10""",168,R,R,2024,Draft,SDP,150000,North Carolina State,,,30,35,30,35,35,40,60,60,60,60,55,,,,,,,,,,,,,,,
,27,Jared Serna,MIA,2B/SS,AAA,2026,40,Med,,22.8333333,"5' 6""",170,R,R,2019,J2,NYY,10000,Mexico,,,35,40,35,40,40,40,60,60,55,55,55,,,,,,,,,,,,,,,
,27,Anthony Gutierrez,TEX,OF,A+,2028,37,High,,20.35,"6' 3""",180,R,R,2024,Intl15,TEX,1997500,Venezuela,,,30,45,30,45,40,50,50,55,45,55,55,,,,,,,,,,,,,,,
,27,Ty Southisene,CHC,2B/SS,A+,2030,37,Low,,19.7305555,"5' 9""",170,R,R,2024,Draft,CHC,1000000,Basic HS,,,30,50,20,20,20,30,60,60,35,45,50,,,,,,,,,,,,,,,
,27,Angel Carmona,ATL,SS,,2030,37,High,,17.4277777,"6' 2""",195,R,R,2025,Intl15,ATL,447500,Venezuela,,,20,40,20,45,30,50,50,50,30,50,50,,,,,,,,,,,,,,,
,27,Bryan Rincon,PHI,SS,AA,2028,37,High,,21.1472222,"5' 10""",185,S,R,2022,Draft,PHI,125000,Shaler HS (PA),,,20,30,30,35,45,50,50,50,50,60,60,,,,,,,,,,,,,,,
,28,Cristofer Torin,ARI,2B/SS,AA,2027,40,Low,,19.8472222,"5' 10""",155,R,R,2022,Intl15,ARI,240000,Venezuela,"Torin's contact data has been pretty nutty since he entered pro ball but his complete lack of power caps his ceiling, and inconsisent defense clouds his would-be part time role.",,25,60,20,30,20,30,40,40,30,50,50,,,,,,,,,,,,,,,
,28,Yovanny Rodriguez,NYM,C,A,2030,40,High,,18.4,"5' 11""",200,R,R,2024,Intl15,NYM,2850000,Dominican Republic,,,20,30,25,45,45,50,30,30,40,50,60,,,,,,,,,,,,,,,
,28,Jeyson Horton,LAA,2B/SS,,2032,40,High,,17.4388888,"5' 10""",170,L,R,2026,Intl15,LAA,2000000,Dominican Republic,,,20,40,20,40,45,50,60,60,40,60,55,,,,,,,,,,,,,,,
,28,Miguel Rodríguez,BAL,C/1B,A,2029,40,Med,,19.2555555,"5' 11""",175,R,R,2023,Intl15,BAL,125000,Venezuela,,,25,55,20,30,30,35,20,20,45,55,50,,,,,,,,,,,,,,,
,28,Chris Arroyo,MIA,1B,A,2029,40,High,,20.3722222,"6' 2""",225,L,L,2025,Draft,MIA,521400,Virginia,,,30,40,30,60,60,70,40,40,30,50,60,,,,,,,,,,,,,,,
,28,Elorky Rodriguez,TEX,2B,,2031,37,High,,17.2638888,"5' 10""",175,L,R,2025,Intl15,TEX,1097500,Dominican Republic,,,25,55,20,40,40,45,45,45,30,50,45,,,,,,,,,,,,,,,
,28,Juan Cabada,CHC,2B/3B,A,2031,37,Low,,16.9194444,"5' 11""",195,L,R,2025,Intl15,CHC,1500000,Dominican Republic,,,25,55,20,45,40,45,45,40,30,40,55,,,,,,,,,,,,,,,
,28,George Wolkow,CHW,OF,A+,2028,37,High,,19.2222222,"6' 7""",240,L,R,2023,Draft,CHW,1000000,Downers Grove North (IL),,,20,20,25,55,60,80,45,40,30,40,55,,,,,,,,,,,,,,,
,28,Devin Saltiban,PHI,2B/OF,A+,2029,37,High,,20.1305555,"5' 10""",180,R,R,2023,Draft,PHI,602500,Hilo HS (HI),,,20,30,25,50,45,55,60,60,20,50,40,,,,,,,,,,,,,,,
,29,Luke Adams,MIL,1B/3B,AAA,2028,40,Med,,20.9361111,"6' 4""",210,R,R,2022,Draft,MIL,282500,Hinsdale Central HS (IL),,FKe9IuO8yRo,30,40,40,50,45,50,30,30,30,40,50,,,,,,,,,,,,,,,
,29,Brooks Brannon,BOS,C/1B,AA,2027,40,Med,,20.9083333,"5' 11""",210,R,R,2022,Draft,BOS,712500,Randleman HS (NC),,,35,40,45,55,70,70,30,30,35,40,55,,,,,,,,,,,,,,,
,29,Ben Ross,MIN,SS,AAA,2027,40,Low,,23.8194444,"6' 0""",180,R,R,2022,Draft,MIN,220000,Notre Dame College (OH),,,40,40,35,40,40,40,55,55,55,55,60,,,,,,,,,,,,,,,
,29,Druw Jones,ARI,OF,AA,2027,40,High,,21.3416666,"6' 4""",180,R,R,2022,Draft,ARI,8189400,Wesleyan HS (GA),"Jones is a potential Michael A. Taylor type of outfielder, with great defense, power projection, and likely too many strikeouts to play every day.",jMTQBz131dE,20,30,20,40,40,55,70,70,70,80,50,,,,,,,,,,,,,,,
,29,Juan Rujano,STL,C,,2031,40,High,,17.2972222,"6' 3""",185,R,R,2025,Intl15,STL,750000,Panama,,,25,45,25,50,40,60,30,30,25,50,60,,,,,,,,,,,,,,,
,29,Cristian Arguelles,COL,OF,A,2029,37,High,,17.7527777,"6' 0""",177,L,L,2024,Intl15,COL,700000,Venezuela,,,30,55,20,40,30,45,50,50,35,45,50,,,,,,,,,,,,,,,
,29,Landon Hodge,CHW,C,A,2029,37,High,,18.1194444,"6' 1""",175,L,R,2025,Draft,CHW,1097500,Crespi Carmelite HS (CA),,,20,40,25,45,35,40,50,45,25,50,55,,,,,,,,,,,,,,,
,29,Griffin Burkholder,PHI,OF,A+,2029,37,High,,19.5861111,"6' 2""",195,R,R,2024,Draft,PHI,2500000,Freedom HS (VA),,,20,30,25,45,40,55,70,70,40,55,55,,,,,,,,,,,,,,,
,30,Dean Moss,TBR,2B/OF,A,2031,42,High,,18.9555555,"6' 0""",180,L,R,2025,Draft,TBR,1290000,IMG Academy (FL),,,20,40,25,55,55,60,50,45,30,50,60,,,,,,,,,,,,,,,
,30,Keiner Delgado,PIT,2B/SS,AAA,2028,40,Med,,21.2388888,"5' 8""",165,S,R,2021,Intl15,NYY,100000,Venezuela,,,30,40,30,30,40,40,60,60,50,55,60,,,,,,,,,,,,,,,
,30,Daniel Dickinson,MIL,2B,A+,2029,40,High,,21.3222222,"6' 1""",195,R,R,2025,Draft,MIL,325000,LSU,,,30,50,30,40,40,45,40,40,30,40,45,,,,,,,,,,,,,,,
,30,Yeremy Cabrera,WSN,OF,A+,2029,40,High,,19.7472222,"5' 11""",170,L,L,2022,Intl15,TEX,10000,Dominican Republic,,,30,40,25,45,40,45,60,60,45,60,45,,,,,,,,,,,,,,,
,30,Khadim Diaw,MIN,C/OF,AA,2028,40,High,,21.6055555,"6' 1""",215,R,R,2024,Draft,MIN,597500,Loyola Marymount,,,30,40,30,45,45,50,50,50,30,45,40,,,,,,,,,,,,,,,
,30,Carlos Virahonda,ARI,C,A+,2029,40,Med,,19.3,"5' 11""",180,R,R,2023,Intl15,ARI,200000,Dominican Republic,,,30,50,30,40,40,45,20,20,50,55,60,,,,,,,,,,,,,,,
,30,Emanuel Luna,STL,OF,,2032,40,High,,17.525,"6' 2""",205,R,R,2026,Intl15,STL,2300000,Dominican Republic,,,20,40,25,55,50,60,50,50,30,50,50,,,,,,,,,,,,,,,
,30,Jaiden Lo Re,BAL,3B,A,2031,40,High,,18.1416666,"5' 11""",175,R,R,2025,Draft,BAL,562000,Corona Del Sol HS (AZ),,,25,55,20,40,30,40,55,55,45,55,55,,,,,,,,,,,,,,,
,30,Nick Monistere,HOU,2B/SS,A+,2028,37,Med,,21.1777777,"6' 0""",192,R,R,2025,Draft,HOU,397500,Southern Mississippi,,,30,40,30,45,45,45,55,55,30,40,60,,,,,,,,,,,,,,,
,30,Jose Perdomo,ATL,SS,A,2030,37,Med,,18.5305555,"6' 1""",195,R,R,2024,Intl15,ATL,5000000,Venezuela,,,25,50,25,45,45,50,40,40,35,50,60,,,,,,,,,,,,,,,
,31,Fabricio Blanco,TBR,3B/SS,,2032,42,High,,17.7916666,"5' 11""",160,S,R,2026,Intl15,TBR,1000000,Venezuela,,,25,60,20,40,30,40,50,50,30,50,40,,,,,,,,,,,,,,,
,31,Yordany De Los Santos,PIT,SS,A+,2029,40,High,,20.1222222,"6' 2""",190,R,R,2022,Intl15,PIT,1200000,Dominican Republic,,,20,40,30,50,45,60,50,50,40,50,50,,,,,,,,,,,,,,,
,31,Kenny Fenelon,MIL,OF,,2031,40,High,,17.5027777,"5' 11""",180,R,R,2025,Intl15,MIL,1300000,Dominican Republic,,,20,40,25,50,50,60,60,60,35,50,60,,,,,,,,,,,,,,,
,31,Ryan Sprock,MIN,C/3B,A+,2029,40,Med,,20.5111111,"5' 10""",205,R,R,2025,Draft,MIN,225300,Elon,,,35,55,20,30,30,35,40,40,30,50,60,,,,,,,,,,,,,,,
,31,Noah Miller,LAD,SS,AAA,2026,40,Low,,22.3861111,"6' 1""",190,S,R,2021,Draft,MIN,1700000,Ozaukee HS (WI),,,40,50,30,30,35,35,50,50,60,60,60,,,,,,,,,,,,,,,
,31,Jemone Nuel,BAL,2B/SS,A,2030,40,High,,18.2444444,"6' 0""",165,S,R,2024,Intl15,BAL,500000,Jamaica,,,20,45,20,40,30,45,70,70,40,60,45,,,,,,,,,,,,,,,
,31,Robert Calaz,COL,OF,A+,2029,37,Med,,19.3583333,"6' 2""",195,R,R,2023,Intl15,COL,2500000,Dominican Republic,,PhO6uHsFqmI,20,30,30,50,60,70,40,40,20,40,60,,,,,,,,,,,,,,,
,31,Allan Castro,BOS,OF,AAA,2026,37,Med,,21.8527777,"6' 0""",170,S,R,2019,J2,BOS,100000,Dominican Republic,,,30,40,35,50,50,55,45,45,45,50,55,,,,,,,,,,,,,,,
,31,BJ Murray,CHC,1B/3B,AAA,2026,37,Low,,25.2388888,"5' 11""",205,S,R,2021,Draft,CHC,125000,Florida Atlantic,,,45,50,40,40,45,45,45,45,50,50,50,,,,,,,,,,,,,,,
,31,Jay Allen II,CIN,OF,AAA,2026,37,High,,22.3583333,"6' 2""",205,R,R,2021,Draft,CIN,2400000,John Carroll HS (FL),,DgCSaOReyF8,20,30,30,40,45,50,60,60,55,60,50,,,,,,,,,,,,,,,
,32,Aidan Smith,TBR,OF,A+,2028,42,High,,20.6888888,"6' 3""",190,R,R,2023,Draft,SEA,1200000,Lovejoy HS (TX),,,30,40,30,50,45,55,60,60,30,45,40,,,,,,,,,,,,,,,
,32,Sammy Stafura,PIT,SS,A+,2029,40,Med,,20.3777777,"6' 0""",188,R,R,2023,Draft,CIN,2500000,Panas HS (NY),,bjcM3Padq10,20,35,20,40,40,50,60,60,40,55,55,,,,,,,,,,,,,,,
,32,Brailyn Antunez,MIL,OF,A,2031,40,High,,17.3361111,"6' 0""",187,R,R,2025,Intl15,MIL,900000,Venezuela,,,20,40,20,50,45,55,60,60,30,50,45,,,,,,,,,,,,,,,
,32,Eduardo Beltre,MIN,OF,A,2030,40,High,🩹,18.475,"5' 11""",170,R,R,2024,Intl15,MIN,1500000,Dominican Republic,,,20,40,25,50,50,60,50,50,35,55,55,,,,,,,,,,,,,,,
,32,Dean Curley,CLE,SS,AA,2029,40,High,,20.9611111,"6' 3""",200,R,R,2025,Draft,CLE,1730000,Tennessee,,,30,45,30,50,55,60,50,50,30,35,70,,,,,,,,,,,,,,,
,32,José Peña,BAL,3B/SS,,2031,40,High,,16.625,"6' 2""",155,R,R,2025,Intl15,BAL,997500,Dominican Republic,,,20,45,20,50,30,50,60,60,40,50,60,,,,,,,,,,,,,,,
,32,Max Belyeu,COL,OF,A+,2029,37,High,,21.2944444,"6' 2""",210,L,R,2025,Draft,COL,1110000,Texas,,,20,30,30,50,55,60,50,50,45,50,40,,,,,,,,,,,,,,,
,32,Yophery Rodriguez,BOS,OF,A+,2028,37,Med,,19.3222222,"6' 1""",185,L,L,2023,Intl15,MIL,1500000,Dominican Republic,,OeBocL6VBH0,30,40,30,45,45,50,60,60,30,45,55,,,,,,,,,,,,,,,
,32,Kade Snell,CHC,OF,A+,2030,37,Med,,22.6722222,"5' 11""",220,L,L,2025,Draft,CHC,200000,Alabama,,,30,45,30,40,45,50,60,60,40,50,60,,,,,,,,,,,,,,,
,32,Diego Velasquez,SFG,2B/SS,AAA,2027,37,Med,,21.5,"6' 1""",210,S,R,2021,Intl15,SFG,1000000,Venezuela,,,45,55,30,35,40,40,45,45,45,50,40,,,,,,,,,,,,,,,
,32,Brooks Bryan,KCR,C,A,2029,37,High,,20.7138888,"6' 2""",215,L,R,2025,Draft,KCR,197500,Troy,,,30,35,30,55,60,60,30,30,35,45,45,,,,,,,,,,,,,,,
,32,Javier Mogollon,CHW,2B/SS,A+,2028,37,Med,,19.4166666,"5' 8""",160,R,R,2023,Intl15,CHW,75000,Venezuela,,,20,30,25,50,45,55,60,60,30,50,40,,,,,,,,,,,,,,,
,32,Victor Acosta,CIN,2B/SS,A+,2027,37,Low,,20.8083333,"5' 11""",170,S,R,2021,Intl15,SDP,1500000,Dominican Republic,,,30,40,20,20,20,30,60,60,45,55,60,,,,,,,,,,,,,,,
,32,Gavin Turley,ATH,OF,A+,2029,37,High,,21.3861111,"6' 1""",196,R,R,2025,Draft,ATH,600000,Oregon State,,,20,30,30,55,55,60,50,50,30,50,45,,,,,,,,,,,,,,,
,32,Jose Manon,ATL,SS,,2032,37,High,,17.6027777,"6' 2""",175,R,R,2026,Intl15,ATL,1500000,Dominican Republic,,,20,30,20,50,40,55,50,40,40,50,60,,,,,,,,,,,,,,,
,33,José Rodríguez,MIL,SS,,2032,40,High,,17.5138888,"6' 0""",165,R,R,2026,Intl15,MIL,1500000,Venezuela,,,20,40,20,30,30,40,50,55,45,70,55,,,,,,,,,,,,,,,
,33,Victor Figueroa,BAL,1B,AA,2028,40,High,,21.2527777,"6' 5""",240,L,R,2024,Draft,SDP,150000,Florida Southwestern State,,,30,35,35,55,60,65,20,20,30,40,40,,,,,,,,,,,,,,,
,33,Ethan Hedges,COL,3B,A+,2028,37,Med,,21.2,"6' 1""",185,R,R,2025,Draft,COL,950000,USC,,,30,50,30,40,45,45,50,50,50,60,70,,,,,,,,,,,,,,,
,33,Izaac Pacheco,DET,3B,AA,2028,37,Med,,22.3694444,"6' 3""",225,L,R,2021,Draft,DET,2750000,Friendswood HS,,vymFfGwMcSo,30,30,40,50,65,65,45,40,40,45,50,,,,,,,,,,,,,,,
,33,Marvin Alcantara,BOS,2B/SS,AA,2027,37,High,,20.4138888,"5' 10""",157,R,R,2022,Intl15,BOS,30000,Venezuela,,,20,30,20,35,30,40,60,60,50,60,60,,,,,,,,,,,,,,,
,33,Cole Mathis,CHC,1B,A+,2028,37,Low,,21.6833333,"6' 1""",210,R,R,2024,Draft,CHC,1680000,College of Charleston,,,35,45,35,45,45,45,45,45,45,55,55,,,,,,,,,,,,,,,
,33,Carlos Gutierrez,SFG,OF,A+,2029,37,High,,20.6083333,"5' 10""",175,L,R,2023,Intl15,SFG,32500,Mexico,,DKzcC9ZqC-8,40,55,30,40,40,45,50,50,40,50,45,,,,,,,,,,,,,,,
,33,Jose Cerice,KCR,1B/3B,A+,2029,37,Med,,19.8861111,"6' 2""",192,R,R,2024,Intl15,KCR,700000,Cuba,,,35,55,20,40,40,50,40,40,35,45,45,,,,,,,,,,,,,,,
,33,Heriberto Rincon,NYM,OF,A+,2030,37,High,,19.125,"6' 1""",175,R,R,2023,Intl15,NYM,150000,Dominican Republic,,,20,40,20,50,45,55,60,60,40,50,55,,,,,,,,,,,,,,,
,33,Junior Suriel,LAA,OF,,2031,37,High,,16.6055555,"6' 0""",160,R,R,2025,Intl15,LAA,300000,Dominican Republic,,,20,55,20,45,30,50,40,40,30,50,40,,,,,,,,,,,,,,,
,33,Kyle Henley,CIN,OF,A+,2030,37,High,,20.2944444,"6' 2""",180,R,R,2023,Draft,CIN,395000,Denmark HS (GA),,,20,20,20,30,35,50,70,70,45,70,40,,,,,,,,,,,,,,,
,33,Ricky Duran,ATH,2B,,2032,37,High,,17.7916666,"6' 0""",165,R,R,2026,Intl15,ATH,1050000,Dominican Republic,,,20,40,20,50,45,50,45,45,30,50,50,,,,,,,,,,,,,,,
,33,Starlyn De La Cruz,ATL,OF,,2032,37,High,,17.75,"5' 9""",170,L,L,2026,Intl15,ATL,1200000,Dominican Republic,,,20,50,20,40,30,40,60,60,45,60,45,,,,,,,,,,,,,,,
,34,Roynier Hernandez,COL,2B,A+,2028,37,Low,,20.3194444,"5' 11""",185,L,R,2022,Intl15,COL,100000,Venezuela,,,40,55,20,30,30,40,45,45,45,55,40,,,,,,,,,,,,,,,
,34,Mason White,BOS,2B/SS,AA,2029,37,Med,,21.5277777,"5' 11""",176,L,R,2025,Draft,BOS,642000,Arizona,,,30,35,40,45,45,50,50,50,40,45,50,,,,,,,,,,,,,,,
,34,Jorgelys Mota,WSN,3B,A+,2028,37,High,,19.8277777,"6' 3""",185,R,R,2022,Intl15,WSN,250000,Dominican Republic,,,20,20,20,55,60,65,60,60,40,60,60,,,,,,,,,,,,,,,
,34,Charlie Szykowny,SFG,1B/3B,AA,2027,37,Med,,24.7527777,"6' 4""",225,L,R,2023,Draft,SFG,47500,Illinois-Chicago,,,40,50,40,45,60,60,40,40,35,40,60,,,,,,,,,,,,,,,
,34,Colin Houck,NYM,3B/SS,A+,2030,37,High,,20.5027777,"6' 2""",190,R,R,2023,Draft,NYM,2750000,Parkview HS (GA),,,20,30,20,45,45,55,55,55,40,50,60,,,,,,,,,,,,,,,
,34,Yerlin Confidan,CIN,OF,AA,2027,37,High,,22.2916666,"6' 4""",220,L,L,2019,J2,CIN,200000,Dominican Republic,,MM4aGSc5FWo,20,30,35,55,60,70,50,40,30,50,60,,,,,,,,,,,,,,,
,34,Ayden Johnson,ATH,3B,,2031,37,High,,17.1333333,"6' 2""",180,R,R,2025,Intl15,ATH,1500000,Bahamas,,,20,40,25,55,45,55,50,50,30,50,50,,,,,,,,,,,,,,,
,35,Edgleen Perez,PIT,C,A,2029,40,High,,18.85,"6' 0""",190,R,R,2023,Intl15,NYY,50000,Venezuela,,,30,40,20,30,30,40,40,40,45,55,70,,,,,,,,,,,,,,,
,35,Gavin Conticello,ARI,OF,AAA,2026,40,Med,,21.8055555,"6' 3""",200,L,R,2021,Draft,ARI,500000,Stoneman Douglas HS (FL),Conticello projects as a corner platoon bat with power but shaky plate coverage. He has a classic low-ball lefty swing and he'll need to do a lot of damage on pitches in that region to profile. ,,30,35,45,50,55,55,55,55,45,50,55,,,,,,,,,,,,,,,
,35,Rubel Arias,LAD,OF,,2032,40,High,,17.6277777,"6' 1""",180,L,L,2026,Intl15,LAD,1000000,Dominican Republic,,,20,45,20,45,40,50,60,60,40,50,50,,,,,,,,,,,,,,,
,35,Keith Jones II,TEX,OF,AA,2027,37,Med,,22.9222222,"6' 1""",220,L,L,2024,Draft,TEX,30000,New Mexico State,,,30,40,40,50,55,60,40,40,40,40,55,,,,,,,,,,,,,,,
,35,Angel Ramirez,WSN,OF,,2032,37,High,,17.6666666,"6' 2""",195,S,R,2026,Intl15,WSN,1000000,Dominican Republic,,,20,40,20,50,40,55,55,45,30,40,45,,,,,,,,,,,,,,,
,35,Tanner Schobel,MIN,2B/3B,AAA,2027,37,Low,,23.825,"5' 9""",170,R,R,2022,Draft,MIN,1002000,Virginia Tech,,,35,40,30,35,40,45,60,60,50,50,60,,,,,,,,,,,,,,,
,35,Sabin Ceballos,SFG,3B,AA,2026,37,Med,,22.6222222,"6' 3""",225,R,R,2023,Draft,ATL,597000,Oregon,,,35,40,30,40,40,45,40,40,45,55,60,,,,,,,,,,,,,,,
,35,Adolfo Sanchez,CIN,OF,A,2030,37,High,,18.5333333,"6' 3""",200,L,L,2024,Intl15,CIN,2700000,Dominican Republic,,,20,35,25,50,45,55,50,50,30,50,50,,,,,,,,,,,,,,,
,35,Darwing Ozuna,ATH,OF,,2031,37,High,,17.0194444,"6' 3""",195,R,R,2025,Intl15,ATH,850000,Dominican Republic,,,20,30,20,55,40,60,60,60,30,50,70,,,,,,,,,,,,,,,
,35,Nick Mitchell,CLE,OF,AA,2028,37,Med,,21.5777777,"5' 10""",185,L,R,2024,Draft,TOR,467500,Indiana,"Mitchell is an undersized corner outfielder who posted premium contact rates in college and during a brief post-draft run with Dunedin. He lacks prototypical corner outfield power, but it's possible his 2024 output was muted by a preseason hand injury.",,35,55,30,30,40,40,60,60,40,50,50,,,,,,,,,,,,,,,
,36,Jeancer Custodio,PIT,OF,,2032,40,High,,17.7,"6' 1""",215,R,R,2026,Intl15,PIT,900000,Dominican Republic,,,20,40,25,60,55,65,40,40,30,40,70,,,,,,,,,,,,,,,
,36,Cooper Kinney,TBR,2B,AAA,2026,40,Med,,22.1777777,"6' 1""",200,L,R,2021,Draft,TBR,2150000,Baylor HS (TN),,,30,40,30,50,50,55,40,40,30,40,45,,,,,,,,,,,,,,,
,36,Payton Eeles,BAL,2B/SS,AAA,2026,40,Low,,25.375,"5' 5""",180,L,R,2024,UDFA,MIN,,Coastal Carolina,,,50,55,30,30,30,30,55,55,40,45,40,,,,,,,,,,,,,,,
,36,Nelly Taylor,BOS,OF,AA,2028,37,High,,22.1916666,"6' 0""",180,L,L,2023,Draft,BOS,300000,Polk State CC (FL),,,30,40,35,45,50,55,60,60,40,50,30,,,,,,,,,,,,,,,
,36,Kevin Bazzell,WSN,C,AA,2026,37,Low,,22.0055555,"6' 1""",205,R,R,2024,Draft,WSN,980300,Texas Tech,,,30,45,20,30,30,30,30,30,40,55,60,,,,,,,,,,,,,,,
,36,Ricardo Olivar,MIN,C/OF,AAA,2026,37,High,,23.6416666,"5' 10""",190,R,R,2019,J2,MIN,20000,Venezuela,,,35,40,35,50,55,55,40,40,40,40,40,,,,,,,,,,,,,,,
,36,Jaider Suárez,KCR,SS,,2032,37,High,,17.5861111,"6' 1""",180,R,R,2026,Intl15,KCR,1700000,Cuba,,,20,45,20,40,35,45,55,55,40,50,55,,,,,,,,,,,,,,,
,36,Alfredo Alcantara,CIN,2B/3B/SS,A+,2029,37,High,,19.4333333,"5' 9""",185,R,R,2023,Intl15,CIN,640000,Dominican Republic,,,20,35,25,50,50,55,60,60,30,40,45,,,,,,,,,,,,,,,
,36,Eduardo Rojas,LAD,C,AAA,2030,37,High,,18.1305555,"5' 11""",175,S,R,2024,Intl15,LAD,,Venezuela,,,25,50,30,40,30,40,30,30,40,55,45,,,,,,,,,,,,,,,
,36,Aaron Walton,CLE,OF,AA,2029,37,Med,,20.8805555,"6' 3""",219,R,R,2025,Draft,CLE,1100000,Arizona,,,30,40,30,40,40,45,60,60,45,60,40,,,,,,,,,,,,,,,
,36,Ryan Ignoffo,MIA,C,AA,2026,37,Med,,24.6944444,"5' 9""",215,R,R,2023,Draft,MIA,75000,Eastern Illinois,,,35,45,30,40,50,50,40,40,45,50,55,,,,,,,,,,,,,,,
,37,Alberto Barriga,ARI,C,AA,2028,40,High,,20.3777777,"5' 9""",155,R,R,2022,Intl15,ARI,20000,Mexico,"Barriga is a very fun little catcher with rare speed and contact ability. Basically no everyday catchers are this small, and so he projects as a backup.",WjcGmAIsFDw,35,55,20,30,30,40,55,55,45,60,60,,,,,,,,,,,,,,,
,37,Émilien Pitre,TBR,2B,AAA,2027,40,Low,,22.4916666,"5' 11""",185,L,R,2024,Draft,TBR,1520000,Kentucky,,,50,60,30,40,40,45,50,50,45,60,50,,,,,,,,,,,,,,,
,37,José Castro,MIA,OF,,2031,37,High,,18.4194444,"6' 3""",195,R,R,2024,Intl15,MIA,450000,Dominican Republic,,,20,35,25,55,45,60,45,45,30,50,55,,,,,,,,,,,,,,,
,37,Braylen Wimmer,COL,3B/OF,AA,2027,37,Low,,24.2888888,"6' 3""",200,R,R,2023,Draft,COL,157000,South Carolina,,,30,35,35,45,45,45,50,50,45,50,55,,,,,,,,,,,,,,,
,37,Wilton Guerrero Jr.,PIT,SS,,2032,37,High,,17.1527777,"5' 10""",165,R,R,2026,Intl15,PIT,1950000,Dominican Republic,,,20,45,20,30,30,35,70,70,45,60,55,,,,,,,,,,,,,,,
,37,Jack Wheeler,TEX,3B,,2031,37,High,,18.7222222,"6' 5""",205,R,R,2025,Draft,TEX,525000,Morris HS (IL),,,20,40,20,50,40,55,40,40,30,45,50,,,,,,,,,,,,,,,
,37,Angel Feliz,WSN,SS,A+,2030,37,High,,18.375,"6' 3""",190,R,R,2024,Intl15,WSN,1700000,Dominican Republic,,,25,45,20,40,35,45,40,40,35,55,50,,,,,,,,,,,,,,,
,37,Yovanny Duran,MIN,OF,A,2030,37,High,,17.4111111,"5' 11""",175,S,R,2025,Intl15,MIN,,Venezuela,,,20,40,25,50,45,50,55,50,45,50,60,,,,,,,,,,,,,,,
,37,Scott Bandura,SFG,OF,AAA,2027,37,,,23.6638888,"6' 3""",190,L,R,2023,Draft,SFG,197500,Princeton,,,30,40,40,45,45,50,55,55,55,55,50,,,,,,,,,,,,,,,
,37,Elijah Hainline,LAD,2B/SS,AAA,2028,37,Med,,22.2805555,"5' 10""",181,R,R,2024,Draft,LAD,197500,Oregon State,,,35,40,30,35,55,55,50,50,40,40,40,,,,,,,,,,,,,,,
,38,Christian Cerda,ARI,C,AAA,2027,40,Low,,22.2611111,"6' 1""",220,R,R,2019,J2,TBR,325000,Dominican Republic,Cerda is a backup catching prospect who should grow into above-average power as his frame matures into his mid-20s.,,30,40,30,40,40,50,30,30,40,55,60,,,,,,,,,,,,,,,
,38,Warel Solano,TBR,3B/OF,,2031,40,High,,17.5333333,"6' 1""",170,R,R,2025,Intl15,TBR,1050000,Dominican Republic,,,20,45,20,55,40,55,50,50,30,40,50,,,,,,,,,,,,,,,
,38,Victor Ortega,MIA,C,A+,2027,37,Med,,21.2,"5' 8""",200,L,R,2022,Intl15,MIA,10000,Mexico,,,35,60,20,30,30,35,40,40,30,50,55,,,,,,,,,,,,,,,
,38,Handelfry Encarnacion,MIL,OF,A,2029,37,High,,17.8138888,"5' 11""",172,L,L,2024,Intl15,MIL,400000,Dominican Republic,,,20,45,20,45,45,50,45,45,45,50,50,,,,,,,,,,,,,,,
,38,Brayan Cortesia,WSN,2B/SS,,2031,37,High,,17.3805555,"6' 2""",190,R,R,2025,Intl15,WSN,1920000,Venezuela,,,20,45,20,40,40,45,45,45,40,45,55,,,,,,,,,,,,,,,
,38,Kyle DeBarge,MIN,2B/SS,AA,2027,37,Med,,21.7111111,"5' 9""",170,R,R,2024,Draft,MIN,2400000,Louisiana - Lafayette,,,30,45,35,40,35,35,60,60,45,50,55,,,,,,,,,,,,,,,
,38,Aidan West,LAD,SS,A,2031,37,Med,,18.1027777,"6' 2""",205,L,R,2025,Draft,LAD,1270000,Long Reach HS (MD),,,20,50,20,45,40,50,50,50,30,50,45,,,,,,,,,,,,,,,
,39,Johnny Olmstead,MIA,2B/SS,AAA,2026,37,Low,,24.725,"6' 1""",200,R,R,2023,Draft,MIA,25000,USC,,,35,40,30,35,40,40,50,50,55,55,55,,,,,,,,,,,,,,,
,39,Sam Shaw,TOR,2B/OF,A+,2028,37,Med,,19.1,"5' 10""",180,L,R,2023,Draft,TOR,285000,Lambrick Park SS (BC),,,35,60,20,30,30,35,40,40,30,50,35,,,,,,,,,,,,,,,
,39,Starlyn Nunez,BOS,3B/SS,A,2029,37,High,,19.475,"6' 0""",155,S,R,2023,Intl15,BOS,52500,Dominican Republic,,,20,30,20,40,40,50,60,60,40,55,60,,,,,,,,,,,,,,,
,39,Daniel Hernandez,WSN,C,,2031,37,High,,17.125,"6' 0""",170,L,R,2025,Intl15,WSN,1100000,Venezuela,,,25,60,20,30,20,30,40,40,30,45,45,,,,,,,,,,,,,,,
,39,Ramiro Dominguez,MIN,2B,A,2029,37,Med,,18.0138888,"5' 9""",160,R,R,2024,Intl15,MIN,,Mexico,,,25,50,20,20,20,30,60,60,45,55,45,,,,,,,,,,,,,,,
,40,Cobb Hightower,BAL,2B/SS,A,2029,40,High,,20.0583333,"6' 0""",180,R,R,2024,Draft,SDP,852300,East Rowan HS (NC),,,30,50,20,30,30,35,60,60,40,50,55,,,,,,,,,,,,,,,
,40,Fenwick Trimble,MIA,OF,AA,2028,37,Med,,0.58888888,"6' 2""",205,R,R,2024,Draft,MIA,550000,James Madison,,,30,40,40,50,50,55,50,50,50,50,50,,,,,,,,,,,,,,,
,40,Eric Bitonti,MIL,1B/3B,A+,2028,37,High,,19.3722222,"6' 4""",215,L,R,2023,Draft,MIL,1750000,Aquinas HS (CA),,,20,30,30,50,60,70,30,30,35,40,55,,,,,,,,,,,,,,,
,40,Elaineiker Coronado,TOR,2B/SS,,2031,37,High,,17.4916666,"5' 10""",160,L,R,2025,Intl15,TOR,797500,Venezuela,,,30,55,20,30,20,35,55,60,45,55,30,,,,,,,,,,,,,,,
,40,Ronald Hernandez,NYM,C,A+,2028,37,Med,,21.4388888,"5' 11""",200,S,R,2021,Intl15,MIA,850000,Venezuela,,,30,40,30,40,40,45,30,30,40,50,55,,,,,,,,,,,,,,,
,41,Pedro Gomez,BAL,OF,,2032,40,High,,17.7777777,"6' 2""",220,R,R,2026,Intl15,BAL,1250000,Dominican Republic,,,20,40,25,60,55,65,40,30,30,40,55,,,,,,,,,,,,,,,
,41,Andrew Pintar,MIA,OF,AAA,2027,37,High,,24.0222222,"6' 2""",190,R,R,2022,Draft,ARI,316950,BYU,,,30,35,40,45,50,55,60,60,50,55,40,,,,,,,,,,,,,,,
,41,José Anderson,MIL,OF,A,2030,37,High,,18.3416666,"6' 2""",200,R,R,2024,Intl15,MIL,60000,Dominican Republic,,,20,30,30,50,50,60,40,40,30,45,50,,,,,,,,,,,,,,,
,41,Sam Brown,WSN,1B,AA,2027,37,Med,,23.5555555,"6' 2""",210,L,L,2023,Draft,LAA,150000,Washington State,,,40,50,30,40,45,45,40,40,40,50,40,,,,,,,,,,,,,,,
,41,Sebastian Romero,CHW,OF,,2032,37,High,,17.8888888,"6' 2""",175,L,L,2026,Intl15,CHW,1500000,Venezuela,,,25,55,20,45,40,50,40,40,30,50,40,,,,,,,,,,,,,,,
,41,Cleiner Ramirez,NYM,SS/OF,,2032,37,High,,17.6472222,"5' 9""",175,R,R,2026,Intl15,NYM,1372500,Venezuela,,,20,50,20,45,45,45,50,50,30,45,45,,,,,,,,,,,,,,,
,42,Brandon Compton,MIA,OF,AA,2029,37,Med,,21.4277777,"6' 1""",225,L,L,2025,Draft,MIA,2000000,Arizona State,,,20,30,30,50,60,60,60,55,35,50,45,,,,,,,,,,,,,,,
,42,Alexander Frias,MIL,OF,A,2031,37,High,,17.0583333,"6' 2""",177,L,R,2025,Intl15,MIL,350000,Dominican Republic,,,30,50,20,50,45,55,45,45,50,50,70,,,,,,,,,,,,,,,
,42,Edward Lantigua,NYM,OF,A,2030,37,High,,18.4111111,"6' 3""",170,R,R,2024,Intl15,NYM,950000,Dominican Republic,,,25,50,20,45,40,50,45,45,30,50,50,,,,,,,,,,,,,,,
,43,Homer Bush Jr.,TBR,OF,AAA,2027,40,Med,,23.4666666,"6' 3""",200,R,R,2023,Draft,SDP,511600,Grand Canyon,,,30,40,20,30,30,35,80,80,40,60,40,,,,,,,,,,,,,,,
,43,Jud Fabian,BAL,OF,AAA,2027,37,Med,,24.5111111,"6' 1""",195,R,L,2022,Draft,BAL,1026800,Florida,,,20,20,30,45,55,55,60,60,60,60,60,,,,,,,,,,,,,,,
,43,Andres Valor,MIA,OF,A,2028,37,High,,19.3972222,"6' 3""",180,R,R,2023,Intl15,MIA,520000,Venezuela,,,20,30,30,50,50,60,55,55,40,50,50,,,,,,,,,,,,,,,
,43,Omar Alfonzo,PIT,C,AA,2027,37,High,,21.6611111,"6' 1""",220,L,R,2019,J2,PIT,120000,Venezuela,,,30,30,35,45,60,60,20,20,30,40,55,,,,,,,,,,,,,,,
,43,Luis Aguilera,DET,2B/SS,,2030,37,Med,,18.2388888,"5' 11""",170,L,R,2024,Intl15,DET,267500,Venezuela,,,25,55,20,40,35,45,55,55,40,50,50,,,,,,,,,,,,,,,
,43,Gerardo Rodriguez,BOS,C,A+,2029,37,Low,,19.3138888,"5' 10""",177,R,R,2023,Intl15,BOS,50000,Venezuela,,,30,50,20,35,40,45,30,20,45,55,55,,,,,,,,,,,,,,,
,43,Aeverson Arteaga,SFG,SS,AAA,2027,37,Med,,22.0416666,"6' 1""",170,R,R,2019,J2,SFG,1000000,Venezuela,,,20,30,30,35,40,40,50,50,50,55,60,,,,,,,,,,,,,,,
,43,Elian De La Cruz,ARI,OF,,2031,37,High,,17.5166666,"6' 1""",180,R,R,2025,Intl15,ARI,1100000,Dominican Republic,,,20,40,25,55,50,60,40,40,30,50,55,,,,,,,,,,,,,,,
,43,Cesar Acosta,NYM,C/1B,,2031,37,High,,16.6722222,"6' 2""",200,L,R,2025,Intl15,NYM,50000,Venezuela,,,20,35,20,50,40,55,20,20,30,50,50,,,,,,,,,,,,,,,
,43,Nolan Schubart,CLE,1B,AA,2029,37,High,,20.8916666,"6' 5""",223,L,R,2025,Draft,CLE,730000,Oklahoma State,,,20,30,35,60,70,70,30,30,30,40,40,,,,,,,,,,,,,,,
,44,Adrian Santana,TBR,SS,AA,2028,40,Med,,19.7027777,"5' 11""",155,S,R,2023,Draft,TBR,2000000,Doral HS (FL),,,35,50,20,30,20,30,60,60,45,55,55,,,,,,,,,,,,,,,
,44,Richard De Los Santos,COL,SS,,2032,37,High,,17.1777777,"6' 1""",165,L,R,2026,Intl15,COL,1000000,Dominican Republic,,,20,40,20,50,45,60,55,45,30,50,60,,,,,,,,,,,,,,,
,44,Josueth Quinonez ,DET,OF,,2030,37,Med,,18.1083333,"6' 1""",172,R,R,2024,Intl15,PHI,,Venezuela,,,25,60,20,30,20,30,45,55,30,45,55,,,,,,,,,,,,,,,
,44,Maui Ahuna,SFG,SS,AA,2027,37,Med,,23.0555555,"6' 1""",170,L,R,2023,Draft,SFG,497500,Tennessee,,,20,30,30,40,50,50,50,50,45,55,60,,,,,,,,,,,,,,,
,45,Gregory Barrios,TBR,SS,AA,2027,40,Med,,20.9805555,"6' 0""",180,R,R,2021,Intl15,MIL,1000000,Venezuela,,,35,50,20,20,30,30,60,60,45,60,60,,,,,,,,,,,,,,,
,45,Andy Mata,DET,2B/3B,,2031,37,High,,17.4694444,"5' 9""",155,S,R,2025,Intl15,DET,,Dominican Republic,,,20,50,20,45,35,50,50,50,30,50,50,,,,,,,,,,,,,,,
,45,Eduardo Garcia,MIL,SS,AAA,2027,37,Med,,22.725,"6' 1""",190,R,R,2018,J2,MIL,1100000,Venezuela,,Oo8SzAr5cp4,20,30,40,40,50,55,50,50,50,55,60,,,,,,,,,,,,,,,
,46,Austin Overn,TBR,OF,AA,2027,40,High,,21.8916666,"6' 0""",175,L,R,2024,Draft,BAL,850000,USC,,,30,35,30,45,45,50,70,70,50,50,55,,,,,,,,,,,,,,,
,46,Joshua Liranzo,BAL,3B/SS,A,2029,37,High,,18.6,"6' 3""",195,R,R,2023,Intl15,BAL,500000,Dominican Republic,,,20,30,30,50,45,60,40,40,35,50,55,,,,,,,,,,,,,,,
,46,Matthew Wood,MIL,C,AA,2027,37,High,,24.0805555,"5' 10""",190,L,R,2022,Draft,MIL,347500,Penn State,,,30,40,30,30,40,40,30,30,40,45,50,,,,,,,,,,,,,,,
,46,Enrique Jimenez,MIN,C/1B,A+,2029,37,Low,,19.4111111,"5' 10""",195,S,R,2023,Intl15,DET,1250000,Venezuela,,,20,35,30,40,40,45,30,30,40,50,50,,,,,,,,,,,,,,,
,47,Willy Vasquez,BAL,3B,AAA,2027,37,High,,23.5694444,"6' 2""",191,R,R,2019,J2,TBR,,Dominican Republic,,,20,30,35,40,60,60,50,50,45,45,60,,,,,,,,,,,,,,,
,47,Filippo Di Turi,MIL,2B/3B/SS,A+,2028,37,Med,,19.3944444,"5' 11""",165,S,R,2023,Intl15,MIL,1300000,Venezuela,,,20,40,20,35,30,40,50,50,40,50,60,,,,,,,,,,,,,,,
,47,Louis Andujar,BOS,3B,A,2031,37,Med,,17.5166666,"6' 0""",185,R,R,2025,Intl15,BOS,20000,Dominican Republic,,,25,50,25,45,30,40,40,40,30,40,40,,,,,,,,,,,,,,,
,47,Dameury  Pena,MIN,2B,A+,2029,37,Med,,19.5833333,"5' 10""",150,R,R,2023,Intl15,MIN,40000,Dominican Republic,,,35,55,20,30,30,30,45,45,30,40,40,,,,,,,,,,,,,,,
,47,Colton Ledbetter,STL,OF,AAA,2026,37,Med,,23.3777777,"6' 2""",202,L,L,2023,Draft,TBR,1300000,Mississippi State,,,30,35,40,50,55,55,50,40,50,50,50,,,,,,,,,,,,,,,
,47,Will Simpson,TBR,1B,AAA,2027,37,Med,,23.5916666,"6' 3""",225,R,R,2023,Draft,OAK,150000,Washington,,GR0M2PPIrkQ,35,45,40,50,55,60,30,30,45,50,50,,,,,,,,,,,,,,,
,48,Griff O'Ferrall,BAL,2B/SS,AA,2027,37,Med,,22.1638888,"6' 1""",185,R,R,2024,Draft,BAL,2700000,Virginia,,,30,50,20,30,40,45,50,50,45,55,55,,,,,,,,,,,,,,,
,48,Hyun Seung Lee,PIT,3B,A,2031,37,Med,,17.1305555,"6' 1""",176,L,R,2025,Intl15,PIT,160000,South Korea,,,20,40,20,45,40,50,55,55,30,40,45,,,,,,,,,,,,,,,
,48,Garielvin Silverio,BOS,OF,,2032,37,High,,17.7666666,"6' 0""",204,L,R,2026,Intl15,BOS,1400000,Dominican Republic,,,25,50,20,45,40,50,40,40,30,40,40,,,,,,,,,,,,,,,
,48,Bruin Agbayani,MIN,2B/SS,A,2031,37,Med,,18.0138888,"6' 2""",215,L,R,2025,Draft,MIN,380600,Saint Louis School (HI),,,25,60,20,30,30,40,45,45,40,50,45,,,,,,,,,,,,,,,
,48,Logan Wagner,LAD,2B/3B,AA,2028,37,Med,,21.0611111,"6' 1""",200,S,R,2022,Draft,LAD,600000,P27 Academy (SC),,,20,30,30,50,55,60,40,40,30,40,50,,,,,,,,,,,,,,,
,48,Jean Paredes,TBR,OF,,2032,37,High,,17.5972222,"6' 1""",170,L,L,2026,Intl15,TBR,1000000,Dominican Republic,,,20,50,20,45,30,45,55,50,35,45,50,,,,,,,,,,,,,,,
,49,RJ Austin,BAL,2B/OF,A+,2029,37,Med,,21.2861111,"5' 11""",193,R,R,2025,Draft,BAL,823900,Vanderbilt,,,20,30,30,50,45,50,60,60,40,45,40,,,,,,,,,,,,,,,
,49,Gustavo Melendez,PIT,2B/SS,,2031,37,Med,,17.4472222,"5' 6""",170,L,R,2025,Draft,PIT,671800,Colegio La Merced (PR),,,20,45,20,40,40,40,55,55,45,55,55,,,,,,,,,,,,,,,
,49,Santiago Leon,MIN,2B/SS,,2031,37,High,,16.7666666,"6' 1""",170,R,R,2025,Intl15,MIN,1697500,Venezuela,,,20,45,20,40,40,45,50,50,40,60,55,,,,,,,,,,,,,,,
,49,Jack Gurevitch,STL,1B/3B,AA,2029,37,Med,,21.0611111,"6' 0""",215,L,R,2025,Draft,STL,879000,San Diego,,,30,40,40,55,60,60,40,40,30,40,45,,,,,,,,,,,,,,,
,49,Samuel Munoz,LAD,OF,A+,2028,37,Med,,20.525,"6' 1""",190,L,R,2022,Intl15,LAD,750000,Dominican Republic,,,35,55,30,45,35,50,40,40,30,50,45,,,,,,,,,,,,,,,
,49,Deinys Gonzalez,TBR,C,,2031,37,High,,18.1861111,"5' 9""",170,R,R,2024,Intl15,TBR,,Venezuela,,,20,45,25,50,50,55,30,30,30,45,55,,,,,,,,,,,,,,,
,50,Colin Yeaman,BAL,3B,A+,2029,37,Med,,20.9611111,"6' 2""",190,R,R,2025,Draft,BAL,602800,UC Irvine,,,20,30,30,40,45,45,50,50,40,50,50,,,,,,,,,,,,,,,
,50,Santiago Solarte,MIA,3B/SS,,2032,37,High,,17.6694444,"6' 5""",200,L,R,2026,Intl15,MIA,1000000,Venezuela,,,20,40,25,55,50,55,60,60,30,50,50,,,,,,,,,,,,,,,
,50,Jared Jones,PIT,1B,A+,2029,37,Med,,21.6666666,"6' 4""",253,R,R,2025,Draft,PIT,203600,LSU,,,30,30,35,55,60,70,30,30,30,40,50,,,,,,,,,,,,,,,
,50,Won-Bin Cho,STL,OF,AA,2028,37,High,,21.6138888,"6' 1""",200,L,L,2022,Intl15,STL,500000,South Korea,,lH5tIsW6fdw,30,40,35,50,60,60,50,50,40,50,55,,,,,,,,,,,,,,,
,51,Ethan Anderson,BAL,C/1B,AA,2028,37,Med,,21.5277777,"6' 2""",215,S,R,2024,Draft,BAL,1170000,Virginia,,,30,40,30,40,45,45,30,30,45,60,40,,,,,,,,,,,,,,,
,51,Diego Frontado,MIL,3B/SS,,2032,37,High,,17.8722222,"6' 0""",165,R,R,2026,Intl15,MIL,1600000,Venezuela,,,20,50,20,40,35,45,50,50,40,50,55,,,,,,,,,,,,,,,
,51,Chase Davis,STL,OF,AAA,2028,37,High,,23.3222222,"6' 1""",216,L,L,2023,Draft,STL,3620000,Arizona,,,30,35,30,45,60,60,50,50,45,55,55,,,,,,,,,,,,,,,
,52,Ricki Moneys,MIL,SS,,2032,37,High,,17.7916666,"6' 0""",190,R,R,2026,Intl15,MIL,1150000,Dominican Republic,,,20,40,25,55,50,60,40,40,30,40,55,,,,,,,,,,,,,,,
,52,Carlos Carrion,STL,SS,,2032,37,High,,17.6388888,"5' 11""",165,S,R,2026,Intl15,STL,1100000,Dominican Republic,,,20,40,20,50,40,55,60,60,30,45,55,,,,,,,,,,,,,,,
,53,Garret Forrester,MIA,C,AAA,2027,37,Low,,23.3611111,"6' 0""",205,R,R,2023,Draft,PIT,772500,Oregon State,,,30,40,30,40,45,40,40,40,35,50,55,,,,,,,,,,,,,,,
,53,Gian Zapata,ARI,OF,,2030,37,High,,19.55,"6' 4""",195,L,L,2023,Intl15,ARI,950000,Dominican Republic,,,20,30,20,55,60,70,50,45,35,45,60,,,,,,,,,,,,,,,
,53,Sebastian Dos Santos,STL,2B/SS,A,2031,37,High,,17.1722222,"6' 0""",160,R,R,2025,Intl15,STL,,Venezuela,,,25,45,25,50,30,55,50,50,20,45,45,,,,,,,,,,,,,,,
,54,Ivan Luciano,ARI,C,A+,2030,37,High,,18.3527777,"5' 10""",185,L,R,2024,Draft,ARI,990000,El Shaddai (PR),,,30,50,20,40,30,45,40,40,40,50,45,,,,,,,,,,,,,,,
,54,Dom Keegan,TBR,C,AAA,2027,37,Med,,24.6666666,"6' 0""",235,R,R,2022,Draft,TBR,397500,Vanderbilt,,,20,30,40,45,60,60,30,30,35,40,40,,,,,,,,,,,,,,,
,55,Tytus Cissell,ARI,2B/SS,A,2030,37,High,,18.9861111,"6' 2""",185,S,R,2024,Draft,ARI,800000,Francis Howell HS (MO),,,20,30,25,40,35,50,60,60,55,60,55,,,,,,,,,,,,,,,
,55,Brailer Guerrero,TBR,OF,A,2029,37,High,,18.7666666,"6' 1""",220,L,R,2023,Intl15,TBR,3700000,Dominican Republic,,5lh8djfl5JY,20,30,30,50,60,70,45,40,30,50,50,,,,,,,,,,,,,,,
,56,DJ Layton,BAL,SS,A+,2030,37,High,,18.6944444,"6' 1""",185,S,R,2024,Draft,BAL,715800,Charlotte Christian HS (NC),,,20,40,20,40,35,45,60,60,40,50,45,,,,,,,,,,,,,,,
,56,Pedro Blanco,ARI,1B,A,2030,37,High,,17.9416666,"6' 2""",180,L,R,2024,Intl15,ARI,165000,Dominican Republic,,,20,30,35,55,50,60,40,30,20,30,40,,,,,,,,,,,,,,,
,56,James  Quinn-Irons,TBR,OF,A,2029,37,High,,21.7583333,"6' 5""",230,R,R,2025,Draft,TBR,481900,George Mason,,,30,40,30,55,60,65,55,50,40,45,45,,,,,,,,,,,,,,,
,57,Maykel Coret,TBR,OF,,2031,37,High,,17.5194444,"6' 4""",190,R,R,2025,Intl15,TBR,1600000,Dominican Republic,,,20,30,25,55,55,70,55,55,35,55,60,,,,,,,,,,,,,,,
,58,Thomas Sosa,BAL,OF,AA,2029,37,High,,20.2027777,"6' 4""",210,L,L,2022,Intl15,BAL,400000,Dominican Republic,,,20,30,35,55,55,70,55,45,30,40,50,,,,,,,,,,,,,,,
,58,Emmanuel Cedeno,TBR,2B/SS,,2030,37,Low,,17.5166666,"5' 9""",170,S,R,2025,Intl15,TBR,,Dominican Republic,,,25,55,20,35,20,30,55,55,40,45,50,,,,,,,,,,,,,,,
,59,Jordan Sanchez,BAL,OF,A+,2030,37,High,,19.4777777,"6' 1""",176,L,L,2023,Intl15,BAL,450000,Cuba,,,20,35,25,55,45,60,45,40,30,50,50,,,,,,,,,,,,,,,
,59,Eliomar Garces,TBR,2B/SS,,2031,37,Low,,17.5555555,"5' 8""",165,S,R,2025,Intl15,TBR,1600000,Venezuela,,,25,55,20,30,20,30,50,50,40,55,50,,,,,,,,,,,,,,,
,60,Gabriel Rosario,BAL,OF,,2032,37,High,,17.8888888,"6' 3""",195,L,R,2026,Intl15,BAL,1050000,Dominican Republic,,,25,55,20,50,45,50,40,40,30,40,45,,,,,,,,,,,,,,,
11,1,Thomas White,MIA,P,AAA,2027,60,High,,20.5055555,"6' 5""",210,L,L,2023,Draft,MIA,4100000,Phillips Academy (MA),"White is one of a few minor league pitchers whose pitches played like plus or better offerings across the board in 2025. He lacks precise feel for command, but might be too overwhelming for that to matter very much. He has no. 2 starter upside.",VtA-1dIeaqU,,,,,,,,,,,,,60,60,60,70,,,50,60,,,,,30,40
12,3,Seth Hernandez,PIT,P,A+,2028,60,High,&uarr;,18.7583333,"6' 4""",200,R,R,2025,Draft,PIT,7250000,Corona HS (CA),"Hernandez is one of the better high school pitchers of the last decade, a freak athlete who'll touch 100 with ease before finishing hitters with a great changeup. His breaking ball and control need polish.",Vg6DQQ9ltfA,,,,,,,,,,,,,55,70,45,55,,,55,70,,,,,20,40
19,2,Ryan Sloan,SEA,P,AA,2028,55,Med,,19.1722222,"6' 5""",220,R,R,2024,Draft,SEA,3000000,York HS (IL),Sloan was one of the top arms in the low minors last year. He could have three plus pitches at maturity.,w0CLRLPv6ZI,,,,,,,,,,,,,55,60,50,60,,,,,50,60,,,40,55
27,3,Liam Doyle,STL,P,AA,2027,55,High,,20.8277777,"6' 2""",235,L,L,2025,Draft,STL,7250000,Tennessee,"Doyle is a superb athlete who broke out in his draft year at Tennessee thanks to a 70-grade fastball, with enough fledgling feel for his secondaries to stick as a starter.",BEPt10a8xzc,,,,,,,,,,,,,70,70,40,50,,,45,55,,,,,30,45
28,3,Anthony Eyanson,BOS,P,AA,2027,55,Med,&uarr;,20.4777777,"6' 2""",208,R,R,2025,Draft,BOS,1750000,LSU,,E1aHbgvgbHw,,,,,,,,,,,,,55,55,55,60,55,60,50,60,,,,,40,55
31,2,Jarlin Susana,WSN,P,AA,2027,55,High,🩹,21.0222222,"6' 6""",245,R,R,2022,Intl15,SDP,1700000,Dominican Republic,Susana has one of the planet's nastiest sliders and touches 103. He'll miss the first half of 2026 recovering from lat surgery.,QA6g-Lr_U_o,,,,,,,,,,,,,60,65,70,80,,,30,45,,,,,30,45
53,1,Tyler Bremner,LAA,P,AA,2026,50,Low,,20.9472222,"6' 2""",190,R,R,2025,Draft,LAA,7700000,UC Santa Barbara,"A 70 changeup highlights a relatively safe, no. 3 projection for Bremner. Blink and he'll be in the Angels rotation.",,,,,,,,,,,,,,55,55,45,55,,,65,70,,,,,40,55
60,3,Carlos Lagrange,NYY,P,AAA,2027,50,High,,21.85,"6' 7""",240,R,R,2022,Intl15,NYY,10000,Dominican Republic,Lagrange has a big arm and could have two plus-plus pitches in relief. We're projecting him as a closer.,3Jju_o957F0,,,,,,,,,,,,,70,70,55,60,45,55,50,60,,,,,30,35
63,3,Luis De León,BAL,P,AAA,2027,50,High,,21.9638888,"6' 3""",190,L,L,2021,Intl15,BAL,30000,Dominican Republic,"De León has easy mid-90s lefty velo and a suite of plus secondaries, but he's good for one stretch of losing the strike zone per season.",e8aUx6NKcys,,,,,,,,,,,,,55,55,60,60,,,45,50,55,60,,,30,40
71,3,Caden Scarborough,TEX,P,A+,2028,50,High,,20,"6' 5""",180,R,R,2023,Draft,TEX,515000,Harmony HS (FL),"Scarborough is a lanky, projectable righty with a plus fastball/sweeper combo. He took a leap as a strike-thrower in 2025.",,,,,,,,,,,,,,50,60,50,60,,,40,50,,,,,30,45
82,3,Brody Hopkins,TBR,P,AAA,2026,50,High,&uarr;,23.2027777,"6' 4""",200,R,R,2023,Draft,SEA,225000,Winthrop,"Hopkins only began pitching in a serious way during his draft spring. The Mariners traded him for Randy Arozarena, and Hopkins has become a hard-throwing power pitcher with a nasty cutter under the Rays' tutelage.",f9MxipoNYmA,,,,,,,,,,,,,70,70,,,50,60,40,55,,,55,60,30,45
91,5,Michael Forret,TBR,P,AAA,2026,50,Low,,20.9861111,"6' 3""",190,L,R,2023,Draft,BAL,450000,State College of Florida Manatee,Forret is a command-oriented starter whose pitch execution allows his modest stuff to play up. He's a pitchability no. 4 starter prospect.,,,,,,,,,,,,,,50,55,50,50,,,50,55,,,50,50,60,70
93,4,Jack Wenninger,NYM,P,AAA,2027,50,Med,,23.0472222,"6' 4""",210,R,R,2023,Draft,NYM,225000,Illinois,Wenninger found more velocity last year; he now projects as a no. 4 starter.,,,,,,,,,,,,,,50,55,40,45,45,55,60,60,,,,,50,60
94,4,Karson Milbrandt,MIA,P,AAA,2027,50,High,&uarr;,20.9444444,"6' 2""",200,R,R,2022,Draft,MIA,1497500,Liberty HS (MO),,,,,,,,,,,,,,,55,55,50,55,50,55,35,40,,,60,60,35,45
97,4,David Davalillo,TEX,P,AAA,2026,50,Med,,22.6111111,"6' 1""",190,R,R,2022,Intl15,TEX,30000,Venezuela,"Davalillo is a crafty starter prospect with great secondary stuff, led by his plus-plus splitter.",,,,,,,,,,,,,,45,45,45,55,55,60,,,70,70,,,40,50
99,6,Khal Stephen,CLE,P,AA,2026,50,Low,,22.2777777,"6' 4""",215,R,R,2024,Draft,TOR,1120000,Mississippi State,Stephen throws a ton of strikes and has plus command of mostly average stuff.,,,,,,,,,,,,,,50,50,50,55,55,55,45,55,,,,,50,60
103,5,Jurrangelo Cijntje,STL,P,AAA,2028,50,High,,21.8361111,"5' 11""",200,S,S,2024,Draft,SEA,4880000,Mississippi State,"Cijntje has a shot to be a switch-pitcher, but his righty stuff might be good enough on its own to make him a mid-rotation starter.",-Wwt-IMGfjo,,,,,,,,,,,,,55,60,50,60,,,50,60,,,,,30,40
104,6,Riley Quick,MIN,P,AA,2028,50,High,&uarr;,20.9222222,"6' 6""",255,R,R,2025,Draft,MIN,2690000,Alabama,,iwHN7zxDmaM,,,,,,,,,,,,,55,60,55,60,,,55,60,,,45,50,35,55
105,3,Kendry Chourio,KCR,P,A+,2029,50,High,&uarr;,17.5,"6' 0""",160,R,R,2025,Intl15,KCR,247500,Venezuela,,,,,,,,,,,,,,,45,50,,,50,60,50,60,,,,,40,55
106,5,Keyner Martinez,SFG,P,A,2028,50,Med,&uarr;,20.625,"6' 1""",180,R,R,2023,Intl15,SFG,10000,Venezuela,,,,,,,,,,,,,,,50,55,50,60,,,40,50,,,,,25,55
112,4,Jaxon Wiggins,CHC,P,AAA,2027,50,High,,23.4944444,"6' 6""",220,R,R,2023,Draft,CHC,1400000,Arkansas,"Wiggins has one of the more dominant fastballs in the minors, and his changeup has improved in pro ball. Can he stay healthy and throw enough strikes to start?",eItW8KDxIAE,,,,,,,,,,,,,70,70,40,45,50,55,45,60,,,,,30,40
118,6,Christian Oppor,CHW,P,AA,2027,50,High,,20.6888888,"6' 2""",175,L,L,2023,Draft,CHW,550000,Gulf Coast CC (FL),"Oppor is an athletic JUCO lefty who has two bat-missing secondaries and has touched 100 mph, but he has a limited track record of strikes and performance.",,,,,,,,,,,,,,50,60,45,55,,,60,60,,,,,30,45
121,5,Travis Sykora,WSN,P,AA,2026,50,Med,🩹,20.925,"6' 6""",230,R,R,2023,Draft,WSN,2600000,Round Rock HS (TX),"Sykora is an enormous, hard-throwing righty with an excellent splitter who is currently on the shelf with injury. He looked like a potential no. 2/3 starter when healthy.",tALMBkMGtZQ,,,,,,,,,,,,,60,60,55,60,,,,,55,60,,,45,55
122,6,Juan Valera,BOS,P,A+,2028,50,High,🩹,18.8694444,"6' 3""",210,R,R,2023,Intl15,BOS,45000,Dominican Republic,,iyy6ueMPgBA,,,,,,,,,,,,,60,70,50,60,,,45,60,,,,,30,50
,2,Kash Mayfield,SDP,P,A+,2029,47,High,,20.1472222,"6' 4""",200,L,L,2024,Draft,SDP,3442100,Elk City HS (OK),,,,,,,,,,,,,,,45,50,40,50,,,60,60,,,,,40,55
,3,Trey Gregory-Alford,LAA,P,A,2028,47,High,,20.9027777,"6' 5""",235,R,R,2024,Draft,LAA,1950000,Coronado HS (CO),,D1e0tHluyDg,,,,,,,,,,,,,50,60,45,55,40,45,45,55,,,,,40,50
,3,Cam Caminiti,ATL,P,AA,2028,47,High,,18.6472222,"6' 0""",205,L,L,2024,Draft,ATL,3560000,Saguaro HS (AZ),,nUlIatgsosc,,,,,,,,,,,,,45,55,50,60,,,35,50,,,,,45,55
,3,Miguel Mendez,SDP,P,AA,2027,45,Med,,22.75,"6' 2""",165,R,R,2021,Intl15,SDP,10000,Dominican Republic,,,,,,,,,,,,,,,60,70,50,60,,,40,50,,,,,30,40
,4,Jamie Arnold,ATH,P,AA,2027,45,Med,,21.0277777,"6' 1""",188,L,L,2025,Draft,ATH,6000000,Florida State,,Jipx81vRy5I,,,,,,,,,,,,,50,55,60,60,,,40,50,,,30,50,30,45
,5,Ben Hess,NYY,P,AA,2027,47,Med,,22.5777777,"6' 5""",235,R,R,2024,Draft,NYY,2750000,Alabama,,,,,,,,,,,,,,,45,45,45,50,60,70,40,50,,,,,35,45
,5,Wei-En Lin,ATH,P,AAA,2028,45,Med,,19.4083333,"6' 2""",179,L,L,2024,Intl15,ATH,1350000,Taiwan,,sdfGIkV3cps,,,,,,,,,,,,,55,60,50,55,50,50,40,50,,,,,30,50
,5,Gage Wood,PHI,P,AA,2026,45,High,,21.2944444,"6' 0""",205,R,R,2025,Draft,PHI,3000000,Arkansas,,,,,,,,,,,,,,,70,70,,,60,60,,,,,,,30,45
,6,Alejandro Rosario,WSN,P,A+,2027,47,High,🩹,23.2361111,"6' 1""",182,R,R,2023,Draft,TEX,437900,Miami,,,,,,,,,,,,,,,55,60,55,60,,,,,60,60,,,40,50
,6,Brandon Clarke,STL,P,A+,2028,47,High,,21.975,"6' 4""",220,L,L,2024,Draft,BOS,400000,State College of Florida,,YegfhDW5Lec,,,,,,,,,,,,,60,60,70,80,,,35,50,,,,,30,35
,6,Johnny King,TOR,P,AA,2029,45,High,,18.6805555,"6' 3""",210,L,L,2024,Draft,TOR,1250000,Naples HS (FL),,,,,,,,,,,,,,,40,55,45,55,,,30,50,,,,,20,50
,6,Bryce Mayer,HOU,P,AAA,2027,45,Med,,23.1388888,"6' 3""",210,R,R,2024,Draft,HOU,175812,Missouri,,,,,,,,,,,,,,,50,55,50,55,50,50,20,30,,,40,50,50,60
,6,Garrett Baumann,ATL,P,AAA,2027,45,Med,,20.6277777,"6' 8""",240,R,R,2023,Draft,ATL,747500,Hagerty HS (FL),,LAuHsj56tfg,,,,,,,,,,,,,50,50,50,55,40,45,45,60,,,,,45,60
,6,Moisés Chace,PHI,P,AA,2026,45,High,,21.8111111,"6' 1""",215,R,R,2019,J2,BAL,225000,Venezuela,"Chace has a monster uphill fastball that should enable him to play a prominent role, even if his command doesn't develop enough for him to start.",,,,,,,,,,,,,,70,70,45,50,,,30,45,,,,,30,45
,6,Angel Jimenez,COL,P,A+,2029,45,High,,21.7416666,"6' 2""",190,R,R,2019,J2,COL,325000,Venezuela,,,,,,,,,,,,,,,55,60,40,50,40,50,55,60,,,,,35,45
,6,Kruz Schoolcraft,SDP,P,A,2030,42,High,,17.9527777,"6' 8""",229,L,L,2025,Draft,SDP,3606600,Sunset HS (OR),,r_flwO6-M1o,,,,,,,,,,,,,45,55,35,50,,,50,60,,,,,20,45
,7,Bishop Letson,MIL,P,AA,2029,47,High,,20.5444444,"6' 4""",170,R,R,2023,Draft,MIL,482600,Floyds Knobs Central HS (IN),,jPRMxSzR_Qs,,,,,,,,,,,,,45,60,50,60,,,40,55,,,40,50,30,50
,7,Landon Harmon,WSN,P,A,2031,47,High,,18.5611111,"6' 5""",190,R,R,2025,Draft,WSN,2500000,East Union HS (MS),,kAXy40Ou_PI,,,,,,,,,,,,,55,70,20,60,60,70,20,40,,,,,20,40
,7,Christian Zazueta,LAD,P,AA,2027,47,Med,,20.4833333,"6' 3""",200,R,R,2022,Intl15,NYY,110000,Mexico,,,,,,,,,,,,,,,55,60,40,45,,,50,60,,,,,35,60
,7,Braylon Doughty,CLE,P,AA,2029,47,Med,,19.3166666,"6' 1""",196,R,R,2024,Draft,CLE,2570000,Chaparral HS (CA),,YyR6XF-4ggA,,,,,,,,,,,,,40,45,50,60,55,60,40,50,,,20,50,35,60
,7,Keyner Benitez,MIA,P,A,2027,47,High,,18.8555555,"6' 1""",195,L,L,2023,Intl15,MIA,225000,Dominican Republic,,,,,,,,,,,,,,,50,55,55,60,45,50,60,70,,,,,30,45
,7,Braden Nett,ATH,P,AAA,2026,45,High,,22.7861111,"6' 3""",185,R,R,2022,UDFA,SDP,10000,St. Charles CC (MO),,,,,,,,,,,,,,,60,60,50,50,60,60,40,50,,,50,50,30,40
,7,Bryce Cunningham,NYY,P,A+,2028,45,High,,22.2805555,"6' 5""",230,R,R,2024,Draft,NYY,2300000,Vanderbilt,,9g7TMQgtTuA,,,,,,,,,,,,,45,50,30,40,,,55,60,,,,,30,50
,7,Luke Sinnard,ATL,P,A+,2027,45,Med,,22.4444444,"6' 8""",250,R,R,2024,Draft,ATL,735300,Indiana,,,,,,,,,,,,,,,50,50,55,55,55,55,,,,,55,60,30,40
,7,Jean Cabrera,PHI,P,AAA,2026,45,Low,,23.4472222,"6' 4""",185,R,R,2019,J2,PHI,10000,Venezuela,,rbMUTQHPehQ,,,,,,,,,,,,,40,40,50,50,,,55,60,,,,,45,55
,7,Lan-Hong Su,SDP,P,A,2031,42,High,,18.075,"6' 1""",150,R,R,2025,Intl15,SDP,775000,Taiwan,,,,,,,,,,,,,,,45,55,45,55,,,35,50,,,,,35,55
,8,Miguel Sime Jr.,WSN,P,A+,2031,47,High,&uarr;,17.8972222,"6' 3""",235,R,R,2025,Draft,WSN,2000000,Poly Prep Country Day HS (NY),,FqboTsJ9LOA,,,,,,,,,,,,,60,65,60,70,40,50,,,30,40,,,20,30
,8,Jonathan Santucci,NYM,P,AAA,2027,47,Med,,22.2583333,"6' 2""",215,L,L,2024,Draft,NYM,2030000,Duke,,,,,,,,,,,,,,,55,55,55,60,,,40,50,,,,,30,40
,8,Daniel Eagen,ARI,P,AA,2027,45,Med,,22.3555555,"6' 4""",205,R,R,2024,Draft,ARI,650000,Presbyterian,,,,,,,,,,,,,,,45,50,50,55,55,55,40,50,,,,,40,45
,8,Chase Hampton,NYY,P,AA,2027,45,Med,,23.65,"6' 2""",225,R,R,2022,Draft,NYY,497500,Texas Tech,,,,,,,,,,,,,,,40,45,55,60,55,60,,,,,45,50,40,45
,8,Tucker Musgrove,SDP,P,AA,2028,42,High,,23.1666666,"6' 1""",175,R,R,2023,Draft,SDP,175000,University of Mobile,,,,,,,,,,,,,,,60,70,40,55,,,,,,,,,30,45
,8,Ryan Forcucci,HOU,P,A,2029,42,High,,22.3305555,"6' 3""",205,R,R,2024,Draft,HOU,1000000,UC San Diego,,,,,,,,,,,,,,,50,60,40,55,40,50,20,40,,,,,30,50
,8,David Shields,KCR,P,A+,2028,42,Low,,18.5611111,"6' 2""",210,S,L,2024,Draft,KCR,2300000,Mt. Lebanon HS (PA),,,,,,,,,,,,,,,35,40,50,60,,,30,50,,,,,40,60
,9,Will Watson,NYM,P,AA,2028,47,High,,22.4,"6' 1""",180,R,R,2024,Draft,NYM,281300,USC,,,,,,,,,,,,,,,55,55,55,55,,,50,55,,,45,50,40,50
,9,Nestor German,BAL,P,AAA,2027,45,Med,,23.0972222,"6' 3""",225,R,R,2023,Draft,BAL,150000,Seattle University,,,,,,,,,,,,,,,45,50,50,50,50,50,,,50,55,50,55,45,50
,9,Yohanfer Santana,MIA,P,A,2029,45,High,,19.4666666,"6' 7""",200,R,R,2023,Intl15,MIA,67500,Dominican Republic,,,,,,,,,,,,,,,55,60,50,60,,,40,50,,,,,20,50
,9,Gage Stanifer,TOR,P,AA,2027,42,High,,21.3694444,"6' 3""",208,R,R,2022,Draft,TOR,125000,Westfield HS (IN),,,,,,,,,,,,,,,50,55,55,60,,,45,50,,,,,30,40
,9,Brooks Caple,CHC,P,AA,2028,42,Low,,22.6055555,"6' 6""",230,R,R,2024,Draft,CHC,125000,Lamar,,,,,,,,,,,,,,,50,50,50,55,50,50,40,50,,,45,50,40,50
,9,Justin Lamkin,KCR,P,AA,2028,42,Med,,20.8333333,"6' 4""",210,R,L,2025,Draft,KCR,1160000,Texas A&M,,,,,,,,,,,,,,,40,45,40,45,,,40,45,,,,,35,60
,9,Johnny Slawinski,LAA,P,,2030,42,High,,18.0972222,"6' 3""",180,L,L,2025,Draft,LAA,2500000,Johnson City HS (TX),,,,,,,,,,,,,,,40,50,45,50,,,45,55,,,,,30,60
,9,Allen Facundo,NYY,P,A+,2027,42,High,,22.5777777,"6' 1""",205,L,L,2021,Intl15,NYY,20000,Venezuela,,_F9IylAnl3g,,,,,,,,,,,,,55,60,55,60,,,40,50,,,,,30,40
,9,Bryan Balzer,SDP,P,A+,2028,40,Med,,20.4277777,"6' 1""",190,L,R,2023,Intl15,SDP,10000,Japan,,,,,,,,,,,,,,,50,60,45,55,,,35,45,,,,,30,45
,10,Jackson Baumeister,TBR,P,AA,2026,47,Med,,22.725,"6' 4""",226,R,R,2023,Draft,BAL,1610000,Florida State,,,,,,,,,,,,,,,60,60,50,50,60,60,55,60,,,55,55,40,45
,10,Kyson Witherspoon,BOS,P,A+,2028,45,Med,&darr;,20.6361111,"6' 2""",205,R,R,2025,Draft,BOS,5000000,Oklahoma,"Kyson's command (especially of his fastball) backed up in his first pro season, creating even more relief risk than he had at Oklahoma.",,,,,,,,,,,,,,50,50,50,50,60,60,45,55,,,50,55,30,45
,10,Matthew Fisher,PHI,P,A,2031,45,High,,19.0472222,"6' 3""",200,R,R,2025,Draft,PHI,1250000,Evansville Memorial HS (IN),,,,,,,,,,,,,,,45,55,50,60,55,60,20,50,,,20,50,20,45
,10,Braxton Bragg,BAL,P,AA,2027,45,Med,,24.425,"6' 2""",207,R,R,2023,Draft,BAL,100000,Dallas Baptist,,,,,,,,,,,,,,,55,55,50,55,,,50,55,,,50,50,45,55
,10,Kevin Defrank,MIA,P,,2031,45,High,,16.6388888,"6' 5""",220,R,R,2025,Intl15,MIA,560000,Dominican Republic,,,,,,,,,,,,,,,60,65,40,50,,,,,45,60,,,20,45
,10,Joel Hurtado,LAA,P,AAA,2026,42,Med,,24.1527777,"6' 2""",220,R,R,2022,Intl15,LAA,10000,Dominican Republic,,,,,,,,,,,,,,,55,55,55,60,,,45,55,,,,,40,45
,10,Cade Smith,NYY,P,AA,2027,40,Med,,22.9777777,"6' 1""",190,R,R,2023,Draft,NYY,282600,Mississippi State,,,,,,,,,,,,,,,50,50,60,60,50,55,30,40,,,,,40,45
,11,Jose Urbina,TBR,P,A+,2028,47,High,,19.4138888,"6' 3""",180,R,R,2023,Intl15,TBR,210000,Venezuela,,6WCVKF4Vi_k,,,,,,,,,,,,,60,65,50,55,,,30,50,,,55,60,30,45
,11,Tink Hence,STL,P,AAA,2026,45,High,,22.6527777,"6' 1""",195,R,R,2020,Draft,STL,1150000,Watson Chapel HS (AR),,ovTlqsHwtQY,,,,,,,,,,,,,40,45,50,55,35,40,60,70,,,,,40,50
,11,Adam Serwinowski,LAD,P,AA,2027,45,Med,,20.8166666,"6' 5""",210,L,L,2022,Draft,CIN,125000,Eastside HS (SC),,a84wFZqo3dI,,,,,,,,,,,,,55,60,60,70,,,30,40,,,,,30,45
,11,Yeiber Cartaya,BAL,P,A+,2028,45,High,&uarr;,22.1972222,"6' 5""",235,R,R,2022,Intl15,BAL,,Venezuela,,,,,,,,,,,,,,,55,60,,,45,55,50,60,,,,,30,40
,11,Davian Garcia,WSN,P,AA,2028,42,Med,,21.475,"6' 2""",190,R,R,2024,Draft,WSN,425000,Florida Gulf Coast,,,,,,,,,,,,,,,50,55,50,55,,,,,30,45,55,60,30,40
,11,Dominick Reid,CHC,P,A,2029,42,Med,,21.3416666,"6' 3""",201,R,R,2025,Draft,CHC,649130,Abilene Christian,,,,,,,,,,,,,,,45,45,45,50,30,45,50,60,,,,,35,50
,11,Freddy Contreras,KCR,P,,2029,42,High,,16.6416666,"5' 11""",178,R,R,2025,Intl15,KCR,147500,Dominican Republic,,,,,,,,,,,,,,,55,60,,,45,55,45,60,,,,,25,55
,11,Steven Echavarria,ATH,P,AA,2028,42,High,,19.6527777,"6' 1""",195,R,R,2023,Draft,OAK,3000000,Millburn HS (NJ),,JvoIh3nqpug,,,,,,,,,,,,,45,50,50,55,45,50,40,50,,,,,30,45
,11,Briggs McKenzie,ATL,P,A+,2029,42,High,,18.4722222,"6' 1""",190,L,L,2025,Draft,ATL,3000000,Corinth Holders HS (NC),,,,,,,,,,,,,,,40,50,,,50,60,45,55,,,,,25,55
,12,Tekoah Roby,STL,P,AAA,2027,45,Med,,23.5361111,"6' 1""",210,R,R,2020,Draft,TEX,775000,Pine Forest HS (FL),,,,,,,,,,,,,,,45,50,55,55,70,70,40,60,,,,,40,40
,12,Marlon Nieves,LAD,P,A,2029,45,High,,19.8083333,"6' 3""",170,R,R,2023,Intl15,LAD,10000,Dominican Republic,,,,,,,,,,,,,,,55,60,50,70,,,40,50,,,,,30,40
,12,Joseph Dzierwa,BAL,P,AA,2028,45,Low,&uarr;,21,"6' 8""",190,L,L,2025,Draft,BAL,1500000,Michigan State,,,,,,,,,,,,,,,50,50,40,45,,,55,60,,,30,45,35,60
,12,Marcus Phillips,BOS,P,A+,2028,42,High,&darr;,20.6805555,"6' 4""",250,R,R,2025,Draft,BOS,2500000,Tennessee,,,,,,,,,,,,,,,55,60,60,60,,,30,45,,,,,30,40
,12,Luis Perales,WSN,P,AAA,2026,42,High,,21.9638888,"6' 1""",190,R,R,2019,J2,BOS,75000,Venezuela,,gsZYMqMBS8g,,,,,,,,,,,,,65,65,60,60,,,,,,,70,70,30,30
,12,Ryan Gallagher,MIN,P,AAA,2027,42,Med,,22.2,"6' 3""",195,L,R,2024,Draft,CHC,300000,UC Santa Barbara,,,,,,,,,,,,,,,50,60,45,50,,,50,55,,,,,35,45
,12,Kaleb Wing,CHC,P,A,2031,42,High,,18.2194444,"6' 2""",180,R,R,2025,Draft,CHC,1500000,Scotts Valley HS (CA),,,,,,,,,,,,,,,40,45,45,50,45,50,60,70,,,,,20,50
,12,Ashton Izzi,ARI,P,AAA,2027,42,High,,21.3694444,"6' 3""",165,R,R,2022,Draft,SEA,1100000,Oswego East HS (IL),,,,,,,,,,,,,,,45,50,50,55,40,50,30,50,,,45,50,35,45
,12,Ben Kudrna,KCR,P,AAA,2026,42,Med,,22.1694444,"6' 3""",200,R,R,2021,Draft,KCR,3000000,Blue Valley SW HS,,,,,,,,,,,,,,,50,50,50,55,40,45,50,55,,,,,40,50
,12,Cade Obermueller,PHI,P,A+,2027,42,High,,21.675,"5' 11""",160,L,L,2025,Draft,PHI,1200000,Iowa,,,,,,,,,,,,,,,50,55,45,50,,,30,50,,,,,30,45
,12,Eiver Mosquera,MIA,P,A,2031,42,High,,18.5583333,"6' 2""",175,R,R,2025,Intl15,MIA,180000,Venezuela,,,,,,,,,,,,,,,55,60,60,70,,,30,45,,,,,30,45
,12,Leandro Lopez,TEX,P,AA,2027,42,High,,22.7888888,"6' 1""",200,R,R,2021,Intl15,TEX,10000,Dominican Republic,,,,,,,,,,,,,,,50,50,55,55,50,60,40,45,,,,,40,45
,12,Michael Salina,SDP,P,A,2029,40,Med,,21.1694444,"6' 1""",215,R,R,2025,Draft,SDP,571500,St. Bonaventure,,,,,,,,,,,,,,,55,60,50,55,,,30,40,,,,,30,40
,12,Teddy McGraw,SEA,P,AA,2027,40,High,,23.4194444,"6' 3""",210,R,R,2023,Draft,SEA,600000,Wake Forest,,,,,,,,,,,,,,,50,55,60,60,,,50,55,,,,,30,40
,12,Thatcher Hurd,NYY,P,A,2028,40,Med,,22.3111111,"6' 4""",220,R,R,2024,Draft,NYY,836400,LSU,,,,,,,,,,,,,,,45,50,55,60,60,60,20,50,,,,,30,40
,13,J.D. Thompson,MIL,P,AA,2028,45,Med,,21.5083333,"6' 0""",203,R,L,2025,Draft,MIL,1560000,Vanderbilt,,qk7sf6RQlhw,,,,,,,,,,,,,55,60,50,55,55,55,40,45,,,,,30,50
,13,Joe Whitman,SFG,P,AAA,2027,45,Med,,23.5388888,"6' 5""",200,L,L,2023,Draft,SFG,805580,Kent State,,,,,,,,,,,,,,,50,55,45,55,,,40,45,,,,,45,55
,13,Jackson Ferris,LAD,P,AAA,2027,45,Low,,21.2111111,"6' 4""",230,L,L,2022,Draft,CHC,3005000,IMG Academy (FL),,qXT1Idg_Zpg,,,,,,,,,,,,,50,50,50,55,45,45,40,40,,,,,50,60
,13,Caden Favors,CLE,P,AA,2028,45,Med,,23.5888888,"6' 3""",205,L,L,2024,Draft,CLE,75000,Wichita State,,QASbPdYVT3s,,,,,,,,,,,,,45,55,50,55,55,55,40,50,,,,,40,50
,13,Dasan Hill,MIN,P,A+,2029,42,High,,19.2666666,"6' 5""",165,R,L,2024,Draft,MIN,2000000,Grapevine (TX),,,,,,,,,,,,,,,50,55,60,70,55,60,40,50,,,,,20,40
,13,Will Sanders,CHC,P,AAA,2026,42,Low,,23.0027777,"6' 6""",208,R,R,2023,Draft,CHC,600000,South Carolina,,,,,,,,,,,,,,,50,50,45,45,,,,,60,70,,,30,40
,13,David Hagaman,ARI,P,AA,2027,42,High,,21.9583333,"6' 4""",215,R,R,2024,Draft,TEX,515000,West Virginia,,,,,,,,,,,,,,,55,60,50,60,,,45,55,,,,,30,45
,13,Felix Arronde,KCR,P,AA,2026,42,Med,,21.9333333,"6' 3""",185,R,R,2021,Intl15,KCR,100000,Cuba,,,,,,,,,,,,,,,45,50,55,60,,,40,50,,,,,40,50
,13,Aldrin Batista,CHW,P,A+,2027,42,Med,🩹,21.9083333,"6' 2""",185,R,R,2022,Intl15,LAD,10000,Dominican Republic,,,,,,,,,,,,,,,50,50,50,50,,,45,55,,,,,40,55
,13,Silvano Hechavarria,TOR,P,A+,2027,40,Low,,22.0361111,"6' 4""",227,R,R,2024,J2,TOR,240000,Cuba,,,,,,,,,,,,,,,50,50,40,45,,,50,55,,,,,45,55
,13,Griffin Hugus,SEA,P,,2029,40,Med,,21.1,"6' 2""",210,B,R,2025,Draft,SEA,640000,Miami,,,,,,,,,,,,,,,45,50,55,60,45,50,30,45,,,,,35,45
,13,Sean Paul Liñan,NYY,P,AAA,2027,40,Low,,20.4,"6' 0""",185,R,R,2022,Intl15,LAD,20000,Colombia,,,,,,,,,,,,,,,40,40,,,,,55,60,,,40,45,35,55
,14,Josh Knoth,MIL,P,A+,2028,45,High,,19.6416666,"6' 1""",190,R,R,2023,Draft,MIL,2000000,Patchogue-Medford HS (NY),,96u2RZoaB-U,,,,,,,,,,,,,55,60,20,55,60,60,40,55,,,,,20,50
,14,Ty Johnson,TBR,P,AAA,2026,45,Med,,23.5166666,"6' 6""",215,R,R,2023,Draft,CHC,125000,Ball State,,,,,,,,,,,,,,,60,60,55,60,,,30,30,,,,,50,55
,14,Adrian  Bohorquez,MIN,P,A+,2027,42,High,,20.0777777,"6' 1""",190,R,R,2023,Intl15,MIN,10000,Venezuela,,,,,,,,,,,,,,,55,55,,,60,70,30,40,,,45,50,30,40
,14,Patrick Forbes,ARI,P,A+,2027,42,Med,,20.7222222,"6' 3""",220,R,R,2025,Draft,ARI,3000000,Louisville,,,,,,,,,,,,,,,60,60,55,60,,,40,45,,,40,50,30,40
,14,R.J. Gordon,NYM,P,AA,2026,42,Med,,23.4305555,"6' 0""",195,R,R,2024,Draft,NYM,150000,Oregon,,,,,,,,,,,,,,,45,45,45,50,40,45,50,55,,,,,45,50
,14,Noble Meyer,MIA,P,A+,2027,42,High,,20.225,"6' 5""",200,R,R,2023,Draft,MIA,4500000,Jesuit HS (OR),,vOnLfLiRA24,,,,,,,,,,,,,45,60,50,60,,,50,60,,,,,20,40
,14,Kannon Kemp,SDP,P,A+,2029,40,High,,20.5777777,"6' 6""",225,R,R,2023,Draft,SDP,600000,Weatherford HS (TX),,,,,,,,,,,,,,,40,45,45,50,,,50,60,,,,,20,45
,14,Alonzo Tredwell,HOU,P,AA,2027,40,Med,,22.8972222,"6' 8""",230,L,R,2023,Draft,HOU,1500000,UCLA,,,,,,,,,,,,,,,50,55,40,45,50,55,,,,,,,30,45
,14,Chris Cortez,LAA,P,AA,2026,40,Med,,22.4861111,"6' 1""",205,R,R,2024,Draft,LAA,1600000,Texas A&M,,,,,,,,,,,,,,,55,60,50,60,,,40,45,,,,,35,45
,14,Cole Miller,ATH,P,A,2028,40,High,,19.9138888,"6' 6""",226,R,R,2023,Draft,OAK,1000000,Newbury Park HS (CA),,,,,,,,,,,,,,,35,40,45,50,,,50,60,,,,,30,55
,14,Alexander Almonte,NYY,P,,2031,40,High,,18.5472222,"6' 4""",205,R,R,2024,Intl15,NYY,275000,Dominican Republic,,,,,,,,,,,,,,,50,55,45,60,40,50,35,50,,,,,25,40
,14,Ismael Agreda,TEX,P,A+,2028,40,High,,21.4805555,"6' 0""",150,R,R,2021,Intl15,TEX,20000,Venezuela,,,,,,,,,,,,,,,60,60,45,55,55,60,40,45,,,,,30,40
,15,Anderson Brito,TBR,P,A+,2027,45,High,,20.7333333,"5' 10""",170,R,R,2023,Intl15,HOU,10000,Venezuela,,,,,,,,,,,,,,,70,70,,,55,55,30,40,,,60,60,30,40
,15,John Holobetz,BOS,P,AAA,2028,42,Low,,22.6694444,"6' 3""",190,R,R,2024,Draft,MIL,322500,Old Dominion,,,,,,,,,,,,,,,50,55,45,50,45,45,45,50,,,45,50,50,60
,15,Yoel Tejeda Jr. ,WSN,P,AA,2028,42,Med,,21.7305555,"6' 8""",230,S,R,2024,Draft,WSN,225000,Florida State,,,,,,,,,,,,,,,50,55,40,45,,,40,50,,,40,45,35,60
,15,Chen-Wei Lin,STL,P,AA,2028,42,High,,23.3583333,"6' 7""",200,R,R,2023,Intl15,STL,500000,Taiwan,,2Z2aJurKHhA,,,,,,,,,,,,,60,70,40,45,,,40,60,,,,,30,40
,15,Aaron Watson,CIN,P,A,2031,42,High,,18.2388888,"6' 5""",205,R,R,2025,Draft,CIN,2750000,Trinity Christian Acad. (FL),,,,,,,,,,,,,,,40,50,50,60,,,30,45,,,,,25,60
,15,Jackson Nezuh,HOU,P,AAA,2027,40,Med,,23.1388888,"6' 1""",190,R,R,2023,Draft,HOU,150000,Louisiana-Lafayette,,,,,,,,,,,,,,,45,50,30,40,30,40,,,45,55,40,50,35,50
,15,Jostin Florentino,CHC,P,A+,2028,40,High,,20.3333333,"6' 0""",175,R,R,2023,Intl15,CHC,10000,Dominican Republic,,,,,,,,,,,,,,,30,40,60,70,,,30,40,,,40,55,30,50
,15,Mason Adams,CHW,P,AAA,2027,40,Low,,25.1055555,"6' 1""",190,R,R,2022,Draft,CHW,75000,Jacksonville,,,,,,,,,,,,,,,40,40,50,50,50,50,40,40,,,,,50,60
,15,Chase Shores,LAA,P,A+,2026,40,Med,,20.8611111,"6' 8""",245,R,R,2025,Draft,LAA,2080000,LSU,,,,,,,,,,,,,,,55,60,45,55,,,40,50,,,,,30,50
,15,Raudy Reyes,ATL,P,,2031,40,High,,16.6083333,"6' 4""",200,R,R,2025,Intl15,ATL,1797500,Dominican Republic,,,,,,,,,,,,,,,60,70,60,60,45,55,,,,,,,20,35
,15,Cody Bowker,PHI,P,AA,2027,40,Med,,21.2861111,"6' 1""",212,R,R,2025,Draft,PHI,700000,Vanderbilt,,,,,,,,,,,,,,,50,55,40,45,,,40,50,,,50,55,30,45
,15,AJ Russell,TEX,P,A+,2029,40,High,,20.7555555,"6' 6""",207,R,R,2025,Draft,TEX,2600000,Tennessee,,,,,,,,,,,,,,,60,70,40,50,30,40,40,50,,,,,30,40
,15,Robinson Ortiz,SEA,P,AAA,2026,37,High,,25.2416666,"6' 0""",190,L,L,2016,J2,LAD,60000,Dominican Republic,,LVLtXxDsi9A,,,,,,,,,,,,,50,55,55,55,,,50,50,,,,,30,40
,16,Jacob Kmatz,TBR,P,AA,2027,45,Med,,22.5083333,"6' 3""",210,R,R,2024,Draft,TBR,397500,Oregon State,,,,,,,,,,,,,,,60,60,60,60,70,70,,,,,,,50,50
,16,Malachi Witherspoon,DET,P,A,2028,42,High,,20.6361111,"6' 2""",230,R,R,2025,Draft,DET,1450000,Oklahoma,,,,,,,,,,,,,,,55,60,50,60,50,50,,,,,,,30,40
,16,Sadbiel Delzine,BOS,P,A,2031,42,High,,17.2277777,"6' 5""",235,R,R,2025,Intl15,BOS,500000,Venezuela,,,,,,,,,,,,,,,55,60,50,55,50,60,30,45,,,,,20,40
,16,Charlee Soto,MIN,P,A+,2028,42,Med,,19.5861111,"6' 5""",230,R,R,2023,Draft,MIN,2480000,Reborn Christian HS (FL),,wwMYCXuR0tw,,,,,,,,,,,,,60,60,45,45,,,55,60,,,,,30,45
,16,Wellington Aracena,ARI,P,AA,2027,42,High,,20.2611111,"6' 3""",225,R,R,2022,Intl15,NYM,70000,Dominican Republic,,kEN8n55al-M,,,,,,,,,,,,,55,60,50,55,,,,,,,60,70,30,35
,16,Ixan Henderson,STL,P,AAA,2027,42,Low,,23.1722222,"6' 2""",200,L,L,2023,Draft,STL,230000,Fresno State,,,,,,,,,,,,,,,50,60,45,50,,,30,40,,,40,45,40,50
,16,Mason Morris,CIN,P,A,2029,42,Med,,21.6111111,"6' 4""",230,R,R,2025,Draft,CIN,897500,Ole Miss,,,,,,,,,,,,,,,60,60,60,60,,,,,,,60,50,30,45
,16,Zachary Root,LAD,P,AA,2027,42,Low,,21.1527777,"6' 2""",210,S,L,2025,Draft,LAD,2200000,Arkansas,,,,,,,,,,,,,,,35,35,,,55,60,50,55,,,45,50,35,60
,16,Levi Wells,BAL,P,AAA,2026,42,Med,,23.5277777,"6' 2""",216,R,R,2023,Draft,BAL,500000,Texas State,,,,,,,,,,,,,,,60,60,55,60,50,55,,,,,40,45,30,40
,16,Hudson Leach,HOU,P,AAA,2027,40,High,,22.7916666,"6' 3""",235,R,R,2023,UDFA,HOU,,Miami (OH),,FWVUAeoUOEk,,,,,,,,,,,,,60,60,,,70,70,,,,,60,60,30,30
,16,Henry Lalane,NYY,P,A+,2027,40,High,,20.8694444,"6' 7""",240,L,L,2021,Intl15,NYY,350000,Dominican Republic,,,,,,,,,,,,,,,40,45,,,40,50,50,60,,,,,30,50
,16,Mason Peters,SEA,P,A+,2027,37,Med,,21.2861111,"6' 0""",170,L,L,2025,Draft,SEA,550000,Dallas Baptist,,,,,,,,,,,,,,,45,50,45,50,50,55,30,40,,,,,35,45
,17,Santiago Suarez,TBR,P,AAA,2027,45,Med,,20.2222222,"6' 2""",200,R,R,2022,Intl15,MIA,385000,Venezuela,,,,,,,,,,,,,,,60,60,,,,,40,50,,,50,55,55,60
,17,Kelvis Salcedo,DET,P,A,2028,42,High,,19.1888888,"6' 0""",240,R,R,2023,Intl15,DET,70000,Venezuela,,,,,,,,,,,,,,,45,50,50,55,,,55,70,,,,,30,45
,17,Tyson Hardin,MIL,P,AAA,2028,42,Med,,23.3666666,"6' 2""",185,R,R,2024,Draft,MIL,147500,Mississippi State,,qKtKSxf6NDY,,,,,,,,,,,,,50,50,50,55,,,45,50,,,45,50,45,50
,17,Dean Livingston,ARI,P,A,2029,42,High,,18.5666666,"6' 4""",205,R,R,2025,Draft,ARI,1000000,Hebron Christian Academy (GA),,Gcz-IqzXQ4c,,,,,,,,,,,,,45,55,40,55,,,,,,,,,20,45
,17,Dylan Ross,NYM,P,AAA,2026,42,High,,24.5833333,"6' 5""",250,R,R,2022,Draft,NYM,125000,Georgia,,,,,,,,,,,,,,,65,65,60,60,50,50,,,55,60,,,30,35
,17,Luis Carias,LAD,P,A,2028,42,High,,20.5027777,"6' 4""",170,R,R,2023,Intl15,LAD,10000,Venezuela,,,,,,,,,,,,,,,50,60,45,55,,,35,50,,,,,30,50
,17,Zach Fruit,BAL,P,AA,2026,42,Med,,22.9694444,"6' 4""",212,R,R,2023,Draft,BAL,40000,Troy,,,,,,,,,,,,,,,60,60,50,55,,,,,,,50,55,40,45
,17,Juan Carela,CHW,P,AA,2027,40,Med,,23.2944444,"6' 3""",195,R,R,2018,J2,NYY,335000,Dominican Republic,,,,,,,,,,,,,,,40,40,60,60,45,45,35,40,,,45,45,50,50
,17,Sabier Marte,NYY,P,A,2028,40,High,,21.1416666,"6' 5""",175,R,R,2022,Intl15,NYY,30000,Dominican Republic,,,,,,,,,,,,,,,40,45,45,55,,,45,50,,,,,35,50
,17,Blake Burkhalter,ATL,P,AAA,2026,40,Med,,24.5333333,"6' 0""",204,R,R,2022,Draft,ATL,647500,Auburn,,m9X_qloltUE,,,,,,,,,,,,,55,60,50,55,40,45,,,45,50,50,50,35,40
,17,Gabe Craig,PHI,P,A+,2027,40,Med,,23.7444444,"6' 5""",210,R,R,2025,Draft,PHI,197500,Baylor,,,,,,,,,,,,,,,50,50,60,70,,,,,,,,,30,40
,17,Marcos Herrera,COL,P,A,2028,40,Med,,20.4722222,"6' 2""",182,R,R,2022,Intl15,COL,,Venezuela,,,,,,,,,,,,,,,60,70,40,55,,,45,55,,,,,30,40
,17,Marcelo Perez,SEA,P,AA,2026,37,Med,,25.375,"5' 10""",190,R,R,2022,Draft,SEA,125000,TCU,,,,,,,,,,,,,,,40,40,50,55,,,30,40,,,45,50,45,55
,18,Dominic Fritton,TBR,P,A+,2029,45,Med,,22,"6' 1""",190,L,L,2025,Draft,TBR,497500,North Carolina State,,,,,,,,,,,,,,,50,55,,,55,60,45,55,,,40,45,30,45
,18,Junior Ciprian,ARI,P,A+,2029,42,High,,19.8305555,"6' 3""",180,R,R,2023,Intl15,ARI,20000,Dominican Republic,,,,,,,,,,,,,,,60,70,40,55,,,30,50,,,,,30,50
,18,Hancel Rincon,STL,P,AAA,2026,42,Med,,22.925,"6' 2""",175,R,R,2019,J2,STL,,Dominican Republic,,,,,,,,,,,,,,,40,40,50,55,,,55,60,,,,,55,60
,18,Oliver Gonzalez,LAD,P,,2030,42,High,,18.4305555,"6' 4""",200,R,R,2024,J2,STL,400000,Panama,,,,,,,,,,,,,,,50,70,40,50,45,55,20,45,,,,,20,45
,18,Joey Oakie,CLE,P,A,2029,42,High,,18.8944444,"6' 1""",195,R,R,2024,Draft,CLE,2000000,Ankeny Centennial HS (IA),,lbrkEGpsePg,,,,,,,,,,,,,55,70,40,55,,,30,50,,,20,55,20,40
,18,Patrick Reilly,BAL,P,AA,2027,42,High,,23.4833333,"6' 3""",208,R,R,2023,Draft,PIT,453100,Vanderbilt,,,,,,,,,,,,,,,60,60,45,50,,,,,40,50,50,50,30,40
,18,Drew Beam,KCR,P,AA,2026,40,Med,,22.1305555,"6' 4""",208,R,R,2024,Draft,KCR,1100000,Tennessee,,,,,,,,,,,,,,,50,50,40,50,45,50,45,50,,,,,40,50
,18,CJ Gray,LAA,P,A,2031,40,High,,18.1833333,"6' 2""",205,R,R,2025,Draft,LAA,1250000,A.L. Brown HS (NC),,,,,,,,,,,,,,,45,55,50,60,,,,,,,,,20,45
,18,Chalniel Arias,NYY,P,,2028,40,High,,21.5555555,"6' 3""",170,R,R,2021,Intl15,NYY,10000,Dominican Republic,,,,,,,,,,,,,,,50,55,45,50,,,40,50,,,,,30,40
,18,Ramon Marquez,PHI,P,A+,2028,40,High,,19.5333333,"6' 2""",185,R,R,2025,Intl15,PHI,10000,Mexico,,,,,,,,,,,,,,,45,50,40,45,,,60,70,,,40,50,30,45
,18,Brody Brecht,COL,P,A+,2027,40,Med,,22.5111111,"6' 4""",185,R,R,2024,Draft,COL,2700000,Iowa,,,,,,,,,,,,,,,60,60,55,60,45,55,,,45,55,,,20,30
,18,Luis Gutierrez,SDP,P,AAA,2026,37,Low,,21.6694444,"6' 0""",175,L,L,2019,J2,SDP,750000,Venezuela,,,,,,,,,,,,,,,45,50,45,50,,,40,45,,,,,50,55
,18,Christian Little,SEA,P,A+,2028,37,High,,21.7388888,"6' 4""",235,R,R,2004,Draft,SEA,200000,LSU,,,,,,,,,,,,,,,55,60,40,45,40,55,40,50,,,,,30,40
,19,Owen Hall,DET,P,A,2029,42,High,,19.3805555,"6' 3""",185,R,R,2024,Draft,DET,1750000,Edmond North (OK),,Z2qerUsbfzg,,,,,,,,,,,,,45,60,45,60,,,30,50,,,40,50,30,45
,19,Jacob Bresnahan,SFG,P,A+,2028,42,Med,,19.7611111,"6' 4""",195,L,L,2023,Draft,CLE,375000,Sumner HS (WA),,,,,,,,,,,,,,,50,60,45,50,,,50,60,,,,,30,45
,19,Hunter Cranton,ARI,P,AA,2026,42,High,,24.4361111,"6' 3""",210,R,R,2024,Draft,SEA,50000,Kansas,,,,,,,,,,,,,,,65,65,55,70,,,,,,,,,30,40
,19,Pete Hansen,STL,P,AAA,2027,42,Low,,24.675,"6' 2""",208,L,L,2022,Draft,STL,629800,Texas,,,,,,,,,,,,,,,35,35,45,50,40,40,50,55,,,,,55,60
,19,JT Quinn,BAL,P,AA,2029,42,Med,,20.9416666,"6' 6""",235,R,R,2025,Draft,BAL,1150000,Georgia,,,,,,,,,,,,,,,60,60,60,60,60,60,40,50,,,,,30,40
,19,Hayden Mullins,BOS,P,AAA,2027,40,Med,,24.5472222,"6' 0""",194,L,L,2022,Draft,BOS,97500,Auburn,,,,,,,,,,,,,,,45,50,55,60,,,40,50,,,,,35,40
,19,Alex Clemmey,WSN,P,AA,2028,40,Low,,19.7027777,"6' 6""",205,L,L,2023,Draft,CLE,2300000,Bishop Hendricken (RI),,V95MNdGluzs,,,,,,,,,,,,,45,45,45,50,,,40,50,,,40,50,40,50
,19,Grant Kipp,CHC,P,AAA,2027,40,Short,,25.3888888,"6' 6""",220,R,R,2022,UDFA,CHC,50000,Yale,,,,,,,,,,,,,,,45,50,50,50,60,60,40,40,,,45,45,45,45
,19,Steven Zobac,KCR,P,AA,2026,40,Low,,24.4638888,"6' 3""",185,L,R,2022,Draft,KCR,500000,Cal,,,,,,,,,,,,,,,50,55,50,55,,,30,40,,,,,50,55
,19,Brock Selvidge,NYY,P,AA,2028,40,High,,22.5916666,"6' 3""",220,L,L,2021,Draft,NYY,1500000,Hamilton HS (AZ),,,,,,,,,,,,,,,55,55,60,60,45,45,30,30,,,50,60,30,30
,19,Carter Holton,ATL,P,A,2026,40,Med,,22.575,"5' 11""",191,L,L,2024,Draft,ATL,1350000,Vanderbilt,,,,,,,,,,,,,,,45,45,55,60,45,45,45,50,,,,,30,40
,19,Izack Tiger,TEX,P,A+,2027,40,Med,,24.1472222,"6' 1""",175,R,R,2023,Draft,TEX,180000,Butler County CC (KS),,,,,,,,,,,,,,,65,65,55,60,,,,,30,40,,,30,45
,19,Garrett Hawkins,SDP,P,AAA,2026,37,Med,,25.1416666,"6' 5""",230,R,R,2021,Draft,SDP,75000,University of British Columbia,Hawkins returned from TJ in 2025 and had added velocity to his already trait-friendly fastball. He had a season that put him in line for a Padres roster spot as a middle reliever.,,,,,,,,,,,,,,60,60,45,50,,,40,45,,,,,35,40
,19,Michael Morales,SEA,P,AA,2026,37,Low,,22.6333333,"6' 2""",205,R,R,2021,Draft,SEA,1500000,East Pennsboro HS (PA),,,,,,,,,,,,,,,35,40,50,50,50,50,45,50,,,45,45,50,60
,20,Yunior Marte,SFG,P,AA,2027,42,High,,21.5638888,"6' 5""",230,R,R,2022,Intl15,KCR,80000,Dominican Republic,,,,,,,,,,,,,,,55,60,45,55,,,,,50,55,,,30,45
,20,Manuel Genao,MIA,P,AAA,2029,42,Med,,19.3888888,"6' 2""",200,R,R,2024,Intl15,MIA,300000,Dominican Republic,,,,,,,,,,,,,,,45,55,50,60,40,50,,,35,45,,,35,45
,20,Jesus Travieso,PIT,P,A,2029,42,High,,18.025,"5' 11""",160,R,R,2024,Intl15,BOS,,Venezuela,,,,,,,,,,,,,,,55,60,50,55,,,45,55,,,,,30,40
,20,Lucas Elissalt,DET,P,AA,2028,40,Low,,20.6972222,"6' 4""",190,R,R,2024,Draft,13,187500,Chipola JC (FL),,,,,,,,,,,,,,,40,45,40,50,60,60,30,45,,,,,30,50
,20,Brandon Barriera,TOR,P,A,2028,40,High,,21.075,"6' 2""",170,L,L,2022,Draft,TOR,3597500,American Heritage HS (FL),,RSQ5j-PDi1k,,,,,,,,,,,,,50,50,50,55,40,45,45,55,,,,,30,45
,20,Eli Jerzembeck,CHC,P,A+,2030,40,Med,,21.7888888,"6' 2""",185,R,R,2025,Draft,CHC,150000,South Carolina,,,,,,,,,,,,,,,45,50,55,60,,,45,50,,,,,30,50
,20,Blake Wolters,KCR,P,A+,2028,40,High,,20.4333333,"6' 4""",210,R,R,2023,Draft,KCR,2800000,Mahomet-Seymour HS (IL),,,,,,,,,,,,,,,50,55,45,55,,,40,50,,,,,30,40
,20,Dylan Jordan,LAA,P,A+,2028,40,Med,,19.4611111,"6' 3""",210,R,R,2024,Draft,LAA,1247500,Viera HS (FL),,,,,,,,,,,,,,,45,55,40,45,,,50,55,,,,,35,50
,20,Corey Avant,ATH,P,AAA,2028,40,Med,,23.4027777,"6' 4""",215,R,R,2023,Draft,ATH,185100,Wingate,,,,,,,,,,,,,,,50,60,50,55,,,,,40,45,,,40,45
,20,Jackson Cox,COL,P,AA,2028,40,Med,,21.5166666,"6' 1""",185,R,R,2022,Draft,COL,1850000,Toutle Lake (WA),,,,,,,,,,,,,,,45,50,40,50,45,55,30,45,,,50,55,35,45
,20,Enyel Lopez,TEX,P,A,2031,40,High,,19.5611111,"6' 4""",180,L,L,2025,Intl15,TEX,77500,Dominican Republic,,ASsbZF02VIs,,,,,,,,,,,,,55,60,45,60,50,60,,,,,,,20,40
,20,Jagger Haynes,SDP,P,AAA,2026,37,Med,,22.5305555,"6' 3""",170,L,L,2020,Draft,SDP,300000,West Colombus HS (NC),,,,,,,,,,,,,,,40,50,50,55,,,45,50,,,,,40,40
,21,Cooper Hjerpe,STL,P,AAA,2026,42,Low,,24.0416666,"6' 3""",200,L,L,2022,Draft,STL,3182200,Oregon State,,WgC5zur2rTo,,,,,,,,,,,,,55,55,55,60,,,50,50,,,45,50,45,50
,21,Josh Stephan,TEX,P,AAA,2026,40,Low,,23.4166666,"6' 3""",185,R,R,2020,UDFA,TEX,20000,South Grand Prarie HS (TX),,,,,,,,,,,,,,,40,40,55,55,,,45,50,,,45,50,55,60
,21,Brody McCullough,CHC,P,AA,2027,40,Med,,24.7527777,"6' 4""",205,R,R,2022,Draft,CHC,125000,Wingate,,,,,,,,,,,,,,,45,50,50,50,,,40,50,,,,,50,60
,21,Shane Van Dam,KCR,P,A,2029,40,High,,20.975,"6' 5""",200,R,R,2025,Draft,KCR,196100,NC State,,,,,,,,,,,,,,,50,55,45,55,55,60,40,50,,,,,30,45
,21,Ryan Lambert,NYM,P,AAA,2027,40,Med,,22.5805555,"6' 3""",222,R,R,2024,Draft,NYM,172500,Oklahoma,,,,,,,,,,,,,,,70,80,50,55,,,,,,,,,30,35
,21,Luke Holman,CIN,P,A,2028,40,Med,,22.2361111,"6' 4""",210,R,R,2024,Draft,CIN,997500,LSU,,,,,,,,,,,,,,,40,40,60,60,60,60,,,,,,,35,55
,21,Kenya Huggins,ATH,P,AA,2027,40,High,,22.3027777,"6' 3""",230,R,R,2022,Draft,CIN,407500,Chipola JC (FL),,,,,,,,,,,,,,,50,50,50,50,,,40,45,,,,,45,55
,21,Landon Beidelschies,ATL,P,A,2028,40,Low,,21.0083333,"6' 3""",230,L,L,2025,Draft,ATL,297000,Arkansas,,,,,,,,,,,,,,,35,40,50,55,45,50,45,50,,,,,40,50
,21,Franklin Gomez,CLE,P,AA,2027,40,Low,,19.7361111,"6' 1""",195,L,L,2022,Intl15,NYM,10000,Venezuela,,,,,,,,,,,,,,,45,50,45,50,,,45,55,,,45,50,35,50
,21,Tyler Hampu,COL,P,A+,2028,40,Low,,22.7138888,"6' 2""",177,R,R,2024,Draft,COL,50000,Austin Peay,,,,,,,,,,,,,,,60,60,55,60,,,45,50,,,,,30,40
,21,James Hicks,HOU,P,AA,2027,37,Low,,23.8944444,"6' 2""",190,R,R,2023,Draft,HOU,150000,South Carolina,,,,,,,,,,,,,,,40,40,50,50,40,45,50,50,,,,,50,60
,21,Carson Coleman,NYY,P,AAA,2026,37,Med,,26.9833333,"6' 2""",190,R,R,2020,UDFA,NYY,20000,Kentucky,,,,,,,,,,,,,,,65,65,40,45,,,30,30,,,,,40,40
,22,Gary Gill Hill,TBR,P,AA,2027,45,Low,,20.5305555,"6' 2""",170,R,R,2022,Draft,TBR,597500,JFK Catholic HS (NY),,T-ZjFu0U1Uo,,,,,,,,,,,,,40,40,50,60,,,40,50,,,40,40,50,60
,22,Brett Wichrowski,MIL,P,AAA,2027,42,High,,22.6277777,"6' 2""",180,R,R,2023,Draft,MIL,100000,Bryant,,zcYJvYXMmQg,,,,,,,,,,,,,55,60,50,55,50,60,40,45,,,,,30,40
,22,Sem Robberse,STL,P,AAA,2027,42,Low,,23.4694444,"6' 1""",195,R,R,2019,J2,TOR,125000,Netherlands,,,,,,,,,,,,,,,40,45,50,60,,,50,60,,,45,45,45,55
,22,Reinold Navarro,PIT,P,A+,2029,42,High,,18.4444444,"6' 2""",220,L,L,2024,Intl15,PIT,270000,Dominican Republic,,,,,,,,,,,,,,,70,80,55,60,,,40,50,,,,,20,20
,22,Grant Rogers,TOR,P,AAA,2027,40,Low,,23.8583333,"6' 7""",230,R,R,2023,Draft,TOR,150000,McNeese State,,,,,,,,,,,,,,,40,40,50,50,,,40,50,,,50,50,35,60
,22,Brandon Birdsell,CHC,P,AAA,2027,40,Med,,25.0222222,"6' 2""",240,R,R,2022,Draft,CHC,385000,Texas Tech,,,,,,,,,,,,,,,45,45,60,60,50,50,30,40,,,,,60,70
,22,Argenis Cayama,SFG,P,A,2029,40,Low,,18.5444444,"6' 1""",180,R,R,2024,Intl15,SFG,147500,Venezuela,,,,,,,,,,,,,,,40,50,45,55,,,40,50,,,,,25,55
,22,Hiro Wyatt,KCR,P,A,2029,40,Med,,20.6,"6' 1""",190,R,R,2023,Draft,KCR,1500000,Staples HS (CT),,,,,,,,,,,,,,,45,45,45,55,,,40,50,,,40,50,35,55
,22,Zach Franklin,CHW,P,AAA,2026,40,Med,,26.4277777,"6' 1""",200,R,R,2023,Draft,CHW,10000,Missouri,,,,,,,,,,,,,,,60,60,,,,,,,50,55,,,30,35
,22,Ben Simon,NYM,P,AAA,2027,40,Med,,23.025,"5' 11""",197,R,R,2023,Draft,NYM,150000,Elon,,,,,,,,,,,,,,,60,60,45,55,,,45,55,,,,,40,45
,22,Keythel Key,LAA,P,AA,2027,40,High,,21.475,"6' 3""",180,R,R,2021,Intl15,LAA,125000,Venezuela,,,,,,,,,,,,,,,50,60,50,60,,,35,55,,,,,20,40
,22,Lucas Braun,ATL,P,AAA,2026,40,Low,,23.5972222,"6' 0""",185,R,R,2023,Draft,ATL,347500,Cal State Northridge,,,,,,,,,,,,,,,40,40,45,45,45,45,45,50,,,,,50,60
,22,Austin Peterson,CLE,P,AAA,2026,40,Low,,25.5333333,"6' 6""",234,R,R,2022,Draft,CLE,125000,Connecticut,,,,,,,,,,,,,,,40,40,50,55,45,50,35,40,,,50,50,50,55
,22,Konner Eaton,COL,P,AA,2027,40,Low,,22.3361111,"6' 3""",210,R,L,2024,Draft,COL,378900,George Mason,,,,,,,,,,,,,,,45,45,50,50,,,50,50,,,,,40,50
,22,Gabel Pentecost,HOU,P,A,2029,37,Med,,21.7333333,"6' 3""",200,R,R,2025,Draft,HOU,297500,Taylor Universiy,,,,,,,,,,,,,,,35,40,35,45,40,50,30,40,,,,,40,55
,22,Rory Fox,NYY,P,AA,2029,37,Med,,21.1611111,"6' 3""",200,L,R,2025,Draft,NYY,411100,Notre Dame,,,,,,,,,,,,,,,50,55,45,50,40,45,30,40,,,,,30,50
,23,Bryce Meccage,MIL,P,A+,2029,42,High,,19.0277777,"6' 4""",210,R,R,2024,Draft,MIL,2500000,The Pennington School (NJ),,-23shzSwpCI,,,,,,,,,,,,,50,55,45,55,45,55,35,45,,,,,20,45
,23,Angel Bastardo,BOS,P,AAA,2026,40,Med,,22.7861111,"6' 1""",175,R,R,2018,J2,BOS,35000,Venezuela,,,,,,,,,,,,,,,50,55,50,55,50,50,60,60,,,,,30,45
,23,Luis De La Torre,SFG,P,A+,2027,40,High,,21.5694444,"6' 0""",188,L,L,2023,Intl15,SFG,10000,Mexico,,,,,,,,,,,,,,,55,55,45,50,50,55,30,40,,,,,30,45
,23,Michael Lombardi,KCR,P,A,2027,40,High,,21.5305555,"6' 3""",201,R,R,2025,Draft,KCR,1300000,Tulane,,,,,,,,,,,,,,,55,60,,,55,60,30,40,,,,,30,40
,23,Cade Crossland,STL,P,A+,2029,40,High,,21.1666666,"6' 3""",195,L,L,2025,Draft,STL,729500,Oklahoma,,,,,,,,,,,,,,,45,50,45,50,45,50,50,55,,,,,30,45
,23,Sheng-En  Lin,CIN,P/3B,A,2028,40,Med,,19.5833333,"5' 11""",185,L,R,2023,Intl15,CIN,1200000,Taiwan,,hM3pB2ttPhs,,,,,,,,,,,,,45,50,,,50,55,45,55,,,,,25,60
,23,Will Johnston,ATH,P,AAA,2027,40,Med,,24.3027777,"6' 3""",215,L,L,2023,Draft,OAK,150000,Texas A&M,,,,,,,,,,,,,,,50,50,45,50,,,,,40,50,,,40,50
,23,Josh Hartle,CLE,P,AA,2026,40,Med,,22.0194444,"6' 5""",200,L,L,2024,Draft,PIT,850000,Wake Forest,,,,,,,,,,,,,,,35,40,45,50,,,50,55,,,45,50,40,55
,23,Boston Bateman,BAL,P,A+,2029,40,Low,,19.5305555,"6' 8""",240,R,L,2024,Draft,SDP,2500000,Camarillo (CA),,,,,,,,,,,,,,,45,50,45,50,,,30,45,,,,,30,50
,23,Adrian  Pena,MIA,P,,2031,40,High,,16.9138888,"6' 7""",194,R,R,2025,Intl15,MIA,400000,Dominican Republic,,NylUM4ptTD0?t=4080,,,,,,,,,,,,,50,70,40,50,,,40,60,,,,,20,40
,23,Griffin Herring,COL,P,AA,2028,40,Low,,21.9,"6' 2""",196,R,L,2024,Draft,NYY,797500,LSU,"The Yankees made several changes to Herrin after drafting him (more sliders, better extension, higher arm slot) and the result looks like a stable backend starter despite 30-grade fastball velocity.",,,,,,,,,,,,,,45,50,50,55,,,45,50,,,,,40,45
,23,Josh Mallitz,SDP,P,AA,2027,37,Med,,23.4472222,"6' 3""",210,R,R,2024,UDFA,SDP,20000,Ole Miss,,,,,,,,,,,,,,,50,50,50,50,,,55,55,,,,,40,45
,23,Tyler Cleveland,SEA,P,AA,2026,37,Med,,25.5611111,"6' 3""",185,L,R,2022,Draft,SEA,125000,Central Arkansas,,,,,,,,,,,,,,,40,40,,,40,45,45,45,,,,,40,45
,23,Cole Hertzler,HOU,P,AA,2028,37,Med,,21.7777777,"6' 4""",235,R,R,2024,Draft,HOU,393700,Liberty University,,,,,,,,,,,,,,,40,45,35,50,30,45,50,55,,,40,50,35,50
,23,Tony Rossi,NYY,P,AA,2028,37,Med,,25.7333333,"6' 3""",230,R,R,2024,UDFA,NYY,10000,UNC Charlotte,,,,,,,,,,,,,,,45,45,60,60,,,,,45,55,,,30,40
,23,Drue Hackenberg,ATL,P,AAA,2026,37,Med,,23,"6' 2""",220,R,R,2023,Draft,ATL,2000000,Virginia Tech,,,,,,,,,,,,,,,40,45,40,44,45,50,30,40,,,40,50,30,40
,24,Ben Jacobs,DET,P,A+,2029,40,Med,,20.8055555,"6' 1""",190,L,L,2025,Draft,DET,722500,Arizona State,,aDqp2Qto5po,,,,,,,,,,,,,45,45,45,50,40,50,50,60,,,,,30,45
,24,James Ellwanger,MIN,P,A,2027,40,High,,20.8777777,"6' 4""",209,R,R,2025,Draft,MIN,1000000,Dallas Baptist,,,,,,,,,,,,,,,55,55,,,60,60,30,40,,,45,50,30,40
,24,Brian Curley,ARI,P,AA,2027,40,Low,,21.8333333,"5' 10""",212,R,R,2025,Draft,ARI,700000,Georgia,,,,,,,,,,,,,,,60,60,50,55,50,55,,,,,,,30,45
,24,Tanner Franklin,STL,P,AA,2029,40,High,,20.85,"6' 5""",240,R,R,2025,Draft,STL,1150000,Tennessee,,,,,,,,,,,,,,,60,70,40,55,,,30,40,,,40,45,30,40
,24,JeanPierre Ortiz,CIN,P,A+,2028,40,High,,21.1194444,"6' 0""",180,R,R,2023,Draft,CIN,225000,Chipola JC (FL),,,,,,,,,,,,,,,50,55,50,55,,,30,45,,,,,30,50
,24,Matt Ager,PIT,P,AA,2027,40,Med,,21.8611111,"6' 6""",225,R,R,2024,Draft,PIT,357400,UC Santa Barbara,,,,,,,,,,,,,,,45,50,50,50,40,40,40,50,,,40,40,55,60
,24,Chen Zhong-Ao  Zhuang,ATH,P,AAA,2026,37,Low,,24.6,"6' 1""",215,R,R,2021,Intl15,ATH,500000,Taiwan,,,,,,,,,,,,,,,40,40,40,40,45,45,55,55,,,,,55,60
,24,Ethan Bagwell,ATL,P,A+,2029,37,High,,19.1027777,"6' 4""",230,R,R,2024,Draft,ATL,822500,Collinsville HS (IL),,,,,,,,,,,,,,,40,45,45,55,,,40,50,,,,,40,55
,25,Aidan Curry,TEX,P,AAA,2027,40,High,,22.7388888,"6' 5""",185,R,R,2020,UDFA,TEX,20000,Fordham Prep (NY),,,,,,,,,,,,,,,55,60,50,55,50,55,55,60,,,45,50,30,40
,25,Frank Cairone,MIL,P,,2031,40,High,,17.5472222,"6' 2""",200,R,L,2025,Draft,MIL,1100000,Delsea Regional HS (NJ),,,,,,,,,,,,,,,30,50,45,60,,,30,50,,,,,25,55
,25,Cesar Lares,MIN,P,A+,2028,40,Low,,21.7444444,"6' 0""",170,L,L,2022,Intl15,MIN,,Venezuela,,,,,,,,,,,,,,,40,40,55,60,50,50,40,50,,,,,35,55
,25,Hunter Dryden,SFG,P,A+,2028,40,Med,,22.8083333,"5' 11""",170,R,R,2024,Draft,SFG,50000,Whitworth University,,MNCfu7Gu_Qk,,,,,,,,,,,,,55,60,40,50,40,50,40,50,,,,,30,40
,25,Daury Vasquez,ARI,P,A,2029,40,High,,18.9555555,"6' 2""",170,R,R,2023,Intl15,ARI,10000,Dominican Republic,,,,,,,,,,,,,,,55,60,45,55,,,30,50,,,,,30,40
,25,Peyton Olejnik,LAA,P,A+,2029,40,Med,,22.325,"6' 11""",210,L,R,2024,Draft,LAA,197500,Miami University (OH),,,,,,,,,,,,,,,45,55,45,55,,,50,55,,,,,30,40
,25,Iker Redona,CIN,P,A,2030,40,Low,,17.3222222,"5' 11""",170,L,L,2025,Intl15,CIN,,Mexico,,,,,,,,,,,,,,,40,50,40,50,40,50,45,60,,,,,25,60
,25,Brooks Auger,LAD,P,A+,2028,40,Med,,23.4472222,"6' 5""",215,R,R,2024,Draft,LAD,197500,Mississippi State,,sOtnDS2sovU,,,,,,,,,,,,,50,50,50,55,,,30,40,,,45,50,30,50
,25,Brad Pacheco,PHI,P,A,2029,40,Med,,19.8111111,"6' 0""",185,R,R,2023,Intl15,PHI,,Venezuela,,,,,,,,,,,,,,,50,60,20,45,40,40,45,60,,,,,35,50
,25,Levi Sterling,PIT,P,A+,2029,40,Med,,18.5805555,"6' 5""",215,R,R,2024,Draft,PIT,2510000,Notre Dame HS (CA),,,,,,,,,,,,,,,35,40,50,55,,,40,50,,,,,25,60
,25,Isaiah Lowe,SDP,P,A+,2027,37,Low,,21.9,"6' 1""",220,R,R,2022,Draft,SDP,400000,Combine Academy (NC),,,,,,,,,,,,,,,40,45,50,55,,,45,50,,,,,35,45
,25,JP Wheat,CHC,P,A+,2029,37,High,,22.6611111,"6' 5""",230,R,R,2022,Draft,CHC,125000,Next Level Academy (GA),,,,,,,,,,,,,,,70,70,55,60,,,,,,,,,20,30
,25,Henry Baez,ATH,P,AA,2026,37,Low,,22.4694444,"6' 3""",175,R,R,2019,J2,SDP,125000,Dominican Republic,,,,,,,,,,,,,,,40,40,55,55,50,50,40,45,,,,,50,55
,26,Jaron DeBerry,MIL,P,AA,2027,40,Med,,22.5916666,"6' 3""",178,R,R,2024,Draft,MIL,25000,Dallas Baptist,,,,,,,,,,,,,,,40,45,55,55,50,55,50,55,,,45,50,50,55
,26,C.J. Culpepper,MIN,P,AAA,2027,40,Low,,23.4138888,"6' 3""",193,R,R,2022,Draft,MIN,125000,Cal Baptist,,,,,,,,,,,,,,,40,40,60,60,,,,,,,55,55,50,60
,26,Mason Marriott,ARI,P,A+,2027,40,Med,,22.6305555,"6' 0""",198,R,R,2024,Draft,ARI,241000,Baylor,,,,,,,,,,,,,,,45,50,45,50,55,60,,,,,,,35,55
,26,Tyson Guerrero,KCR,P,AAA,2026,40,Low,,26.125,"6' 1""",188,L,L,2021,Draft,KCR,127500,Washington,,,,,,,,,,,,,,,50,55,55,60,50,50,40,40,,,,,50,50
,26,Joel Díaz,NYM,P,A+,2027,40,Med,,21.0972222,"6' 1""",208,R,R,2021,Intl15,NYM,275000,Dominican Republic,,,,,,,,,,,,,,,40,45,50,55,,,50,55,,,45,50,35,55
,26,Barrett Kent,LAA,P,A,2029,40,High,,20.5055555,"6' 4""",215,R,R,2023,Draft,LAA,997500,Pottsboro HS (TX),,8X8TjDich5U,,,,,,,,,,,,,45,50,50,60,,,40,50,,,,,30,45
,26,Nick Sando,CIN,P,AAA,2027,40,Low,,23.8888888,"6' 2""",205,L,L,2023,UDFA,CIN,,Santa Clara,,,,,,,,,,,,,,,50,50,50,55,,,40,45,,,,,40,50
,26,Wen-Hui Pan,PHI,P,AA,2027,40,High,,22.5333333,"6' 3""",230,R,R,2023,Intl15,PHI,350000,Taiwan,,,,,,,,,,,,,,,55,60,45,50,,,,,45,60,,,30,40
,26,Twine Palmer,BAL,P,A+,2028,40,Med,,20.5861111,"6' 5""",200,R,R,2024,Draft,HOU,197500,Connors State JC (OK),,,,,,,,,,,,,,,40,45,55,60,50,60,30,40,,,,,30,50
,26,Jack Mahoney,COL,P,AAA,2026,40,Med,,23.6333333,"6' 3""",205,R,R,2023,Draft,COL,925000,South Carolina,,,,,,,,,,,,,,,45,55,50,55,45,50,50,55,,,40,40,40,50
,26,Dalton Pence,TEX,P,AAA,2028,37,Med,,22.5916666,"6' 2""",215,L,L,2024,Draft,TEX,350000,North Carolina,,,,,,,,,,,,,,,55,60,40,45,40,40,40,50,,,,,35,40
,26,Nazier Mulé,CHC,P,A+,2029,37,High,,20.4611111,"6' 3""",210,R,R,2022,Draft,CHC,1000000,Passaic Tech (NJ),,cFOevFOJLNg,,,,,,,,,,,,,60,60,60,70,,,35,45,,,,,20,30
,26,Herick Hernandez,ATL,P,AAA,2028,37,High,,21.6388888,"5' 10""",205,L,L,2024,Draft,ATL,472500,Miami,,,,,,,,,,,,,,,50,55,50,55,40,45,40,50,,,,,30,40
,27,Trevor Harrison,TBR,P,A+,2028,42,High,,19.6472222,"6' 4""",225,R,R,2023,Draft,TBR,847500,J.W. Mitchell HS (FL),,,,,,,,,,,,,,,55,55,40,45,,,45,60,,,,,30,45
,27,Talon Haley,LAA,P,A,2030,40,High,,19.1916666,"6' 2""",200,R,L,2025,Draft,LAA,897500,Lewisburg HS (MS),,,,,,,,,,,,,,,45,55,50,60,,,20,40,,,,,20,40
,27,Drew Petska,CIN,P,A+,2027,40,Med,,20.8694444,"6' 5""",245,R,R,2023,Draft,CIN,225000,John A. Logan Col. (IL),,,,,,,,,,,,,,,50,50,,,60,60,,,,,45,55,35,50
,27,Sterling Patick,LAD,P,A+,2028,40,Med,,19.8111111,"6' 2""",175,L,L,2023,Draft,LAD,347500,South Hills HS (CA),,,,,,,,,,,,,,,45,50,50,55,40,45,30,40,,,45,45,35,45
,27,JB Middleton,COL,P,A,2028,40,Med,,21.3527777,"6' 0""",178,R,R,2025,Draft,COL,2070000,Southern Mississippi,,,,,,,,,,,,,,,45,50,45,50,40,45,50,60,,,,,40,50
,27,Josh Hansell,KCR,P,A+,2028,37,High,,23.15,"6' 6""",215,R,R,2023,Draft,KCR,150000,Arizona State,,,,,,,,,,,,,,,50,55,50,55,60,60,40,45,,,,,30,40
,27,Blake Larson,CHW,P,,2029,37,High,,19.1222222,"6' 2""",180,L,L,2024,Draft,CHW,1397500,IMG Academy (FL),,,,,,,,,,,,,,,40,60,35,60,,,30,45,,,,,25,45
,27,A.J. Causey,ATH,P,AAA,2027,37,Med,,22.3666666,"6' 3""",210,R,R,2024,Draft,KCR,477500,Tennessee,,,,,,,,,,,,,,,30,30,50,50,,,60,60,,,,,55,60
,27,Jack Cebert,NYY,P,AA,2029,37,Med,,23,"6' 3""",210,R,R,2025,Draft,NYY,150000,Texas Tech,,,,,,,,,,,,,,,50,55,40,50,,,,,,,40,50,30,45
,28,Blake Morgan,TBR,P,A+,2028,42,Med,,21.7777777,"6' 1""",190,L,L,2025,Draft,TBR,50000,Old Dominion,,,,,,,,,,,,,,,30,30,45,50,,,60,70,,,,,50,60
,28,Jake Miller,DET,P,AA,2026,40,Med,,23.7611111,"6' 2""",185,L,L,2022,Draft,DET,150000,Valparaiso,,,,,,,,,,,,,,,45,50,,,45,50,50,55,,,50,55,45,55
,28,Gage Ziehl,BOS,P,AAA,2028,40,Low,,21.8777777,"6' 0""",223,R,R,2024,Draft,NYY,637000,Miami,,,,,,,,,,,,,,,40,40,45,50,40,45,45,50,,,45,50,70,70
,28,Eriq Swan,WSN,P,AA,2027,40,High,,23.4194444,"6' 6""",240,R,R,2023,Draft,LAD,466500,Middle Tennessee State,,DQk9m084rYY,,,,,,,,,,,,,40,40,55,60,,,30,50,,,50,60,30,35
,28,Kyle Bischoff,MIN,P,AAA,2026,40,Low,,25.6722222,"6' 2""",210,R,R,2023,UDFA,MIN,,Michigan State,,,,,,,,,,,,,,,55,55,60,60,,,,,,,,,45,45
,28,Leonel Sequera,STL,P,A+,2028,40,Low,,19.6527777,"6' 0""",190,R,R,2022,Intl15,STL,,Venezuela,,,,,,,,,,,,,,,40,45,50,60,,,30,40,,,,,30,60
,28,Anyer Laureano,CIN,P,AA,2028,40,High,,22.2555555,"6' 2""",188,R,R,2021,Intl15,CIN,41000,Dominican Republic,,Ujr52_k3XC0,,,,,,,,,,,,,60,70,45,55,,,30,40,,,,,20,40
,28,Derek Diamond,PIT,P,AAA,2027,40,Med,,24.2416666,"6' 2""",210,R,R,2022,Draft,PIT,311600,Ole Miss,,,,,,,,,,,,,,,55,60,60,60,,,40,40,,,,,30,40
,28,Michael Knorr,HOU,P,AAA,2026,37,Low,,24.8861111,"6' 5""",245,R,R,2022,Draft,HOU,594300,Coastal Carolina,,,,,,,,,,,,,,,60,60,,,45,50,35,40,,,40,45,35,40
,28,Zane Taylor,ATH,P,AAA,2028,37,High,,22.8333333,"6' 0""",200,R,R,2025,Draft,ATH,513900,UNC Wilmington,,,,,,,,,,,,,,,45,45,50,55,,,40,50,,,,,30,55
,28,Chris Kean,NYY,P,AAA,2027,37,Med,,22.8027777,"6' 5""",210,R,R,2023,UDFA,NYY,150000,Louisiana-Monroe,,,,,,,,,,,,,,,50,60,40,45,,,,,,,40,45,50,60
,28,Brett Sears,ATL,P,AAA,2026,37,Med,,24.9138888,"6' 0""",205,R,R,2024,Draft,ATL,12500,Nebraska,,,,,,,,,,,,,,,40,40,40,45,40,45,45,55,,,45,50,45,60
,29,TJ Nichols,TBR,P,AA,2027,42,Med,,22.7694444,"6' 3""",180,R,R,2023,Draft,TBR,304800,Arizona,,,,,,,,,,,,,,,50,55,50,55,,,40,50,,,,,50,55
,29,Paul Wilson,DET,P,A,2028,40,High,,20.3055555,"6' 3""",205,R,L,2023,Draft,DET,1700000,Lakeridge HS (OR),,,,,,,,,,,,,,,55,60,55,60,,,,,,,,,30,40
,29,Micah Bucknam,TOR,P,,2028,40,High,,21.5972222,"6' 2""",190,R,R,2025,Draft,TOR,678300,Dallas Baptist,,,,,,,,,,,,,,,45,50,60,60,45,50,45,50,,,,,30,40
,29,Reggie Crawford,SFG,P,AAA,2027,40,Med,,24.325,"6' 4""",235,L,L,2022,Draft,SFG,2300000,Connecticut,,388V-R84ei8,,,,,,,,,,,,,70,70,70,70,,,40,50,,,,,30,30
,29,Patrick Copen,LAD,P,AA,2027,40,High,,23.1277777,"6' 6""",220,R,R,2023,Draft,LAD,225500,Marshall,,fY2-m1zmsAY,,,,,,,,,,,,,60,65,50,60,,,,,,,50,60,30,35
,29,Yorman Gómez,CLE,P,AAA,2026,40,Med,,22.3916666,"6' 1""",230,R,R,2019,J2,CLE,55000,Venezuela,,,,,,,,,,,,,,,50,60,50,55,45,45,,,,,50,50,30,40
,29,Esteban Mejia,BAL,P,A,2029,40,High,,18.0666666,"6' 3""",175,R,R,2024,Intl15,BAL,175000,Dominican Republic,,,,,,,,,,,,,,,65,70,60,70,,,30,40,,,,,20,30
,29,Jacob Johnson,TEX,P,A,2030,37,High,,18.8722222,"6' 3""",165,R,R,2025,Draft,TEX,300000,Pearl River CC (MS),,,,,,,,,,,,,,,45,55,45,55,,,30,45,,,,,35,55
,29,Nick Potter,HOU,P,A+,2028,37,High,,21.1388888,"6' 4""",195,R,R,2025,Draft,HOU,336000,Wichita State,,,,,,,,,,,,,,,55,60,40,50,,,,,,,,,30,40
,29,Connor Noland,CHC,P,AAA,2026,37,Low,,25.6972222,"6' 2""",215,R,R,2022,Draft,CHC,200000,Arkansas,,,,,,,,,,,,,,,30,30,60,60,50,55,40,45,,,45,45,50,55
,29,Henry Williams,KCR,P,AAA,2026,37,Med,,23.5361111,"6' 5""",200,R,R,2022,Draft,SDP,800000,Duke,,,,,,,,,,,,,,,40,45,45,50,45,45,45,50,,,,,45,50
,29,Yordan Rodriguez,NYM,P,,2031,37,High,,17.1722222,"6' 3""",180,R,R,2025,Intl15,ATH,400000,Cuba,,E89DBY6qVfY,,,,,,,,,,,,,40,55,50,60,,,30,45,,,,,,50
,29,Yeferson Vargas,LAA,P,A+,2029,37,High,,20.6583333,"5' 10""",177,R,R,2023,Intl15,BOS,10000,Dominican Republic,,,,,,,,,,,,,,,45,50,55,60,,,45,50,,,,,30,40
,29,Ryjeteri Merite,CIN,P,A,2029,37,High,,19.2916666,"6' 3""",165,L,L,2024,Intl15,CIN,,Netherlands,,,,,,,,,,,,,,,40,55,,,45,55,30,45,,,,,30,45
,29,Jose Parra,ATH,P,,2029,37,High,,19.2527777,"5' 11""",185,L,L,2024,Intl15,ATH,,Venezuela,,,,,,,,,,,,,,,50,60,50,60,,,,,,,,,30,45
,29,Luis Velasquez,NYY,P,AA,2027,37,High,,23.75,"5' 10""",165,R,R,2018,J2,NYY,10000,Dominican Republic,,,,,,,,,,,,,,,60,60,60,65,,,,,,,,,20,30
,29,Cade Kuehler,ATL,P,A+,2026,37,Med,,22.8527777,"6' 1""",205,R,R,2023,Draft,ATL,1050000,Campbell,,,,,,,,,,,,,,,40,55,55,60,,,,,30,45,,,30,40
,30,Michael Massey,DET,P,,2026,40,Med,,21.9888888,"6' 5""",230,R,R,2024,Draft,DET,522500,Wake Forest,,,,,,,,,,,,,,,40,40,50,55,60,60,,,,,,,30,40
,30,T.J. Brock,TOR,P,AA,2026,40,High,,25.6416666,"6' 1""",200,R,R,2022,Draft,TOR,72500,Ohio State,,,,,,,,,,,,,,,60,60,70,70,,,,,,,,,30,40
,30,Yordanny Monegro,BOS,P,AA,2027,40,High,🩹,22.4638888,"6' 4""",200,R,R,2019,J2,BOS,35000,Dominican Republic,,Tq9yp_htV_0,,,,,,,,,,,,,50,55,45,55,50,50,40,50,,,,,30,45
,30,Josh Bostick,SFG,P,A+,2028,40,,,23.4472222,"6' 3""",226,R,R,2023,Draft,SFG,397500,Grayson College (TX),,,,,,,,,,,,,,,45,55,45,55,55,60,,,45,55,,,30,40
,30,José Rodríguez,LAD,P,AAA,2026,40,Med,,23.7027777,"6' 6""",200,R,R,2019,J2,LAD,15000,Mexico,,_FWX3h9oYwU,,,,,,,,,,,,,40,45,70,70,,,60,60,,,,,30,40
,30,Jogly Garcia,CLE,P,A+,2027,40,Med,,21.5638888,"6' 1""",170,R,R,2022,Intl15,CLE,10000,Venezuela,,,,,,,,,,,,,,,45,55,55,65,40,40,35,40,,,,,30,40
,30,Brandon White,MIA,P,AAA,2027,40,High,,25.3472222,"6' 8""",230,R,R,2021,Draft,MIA,125000,Washington State,,,,,,,,,,,,,,,60,60,45,50,,,40,45,,,,,50,60
,30,Yeremmy Cabeza,COL,P,,2029,37,High,,21.0833333,"6' 0""",165,R,R,2023,Intl15,COL,250000,Venezuela,,,,,,,,,,,,,,,50,60,,,45,55,40,50,,,,,30,50
,30,Ryan Lobus,TEX,P,AAA,2026,37,Med,,24.5638888,"6' 2""",180,R,R,2023,UDFA,TEX,20000,Mercer,,,,,,,,,,,,,,,40,40,60,60,,,,,,,,,40,50
,30,Cameron Millar,KCR,P,,2030,37,High,,17.9055555,"6' 2""",200,R,R,2025,Draft,KCR,1500000,Alhambra HS (CA),,,,,,,,,,,,,,,45,55,40,50,,,45,55,,,,,30,50
,30,Mathias LaCombe,CHW,P,AA,2028,37,Med,,22.8027777,"6' 2""",185,R,R,2023,Draft,CHW,450000,Cochise College (AZ),,,,,,,,,,,,,,,40,55,50,60,,,,,30,35,25,40,25,40
,30,Peter Kussow,NYM,P,,2031,37,High,,18.3138888,"6' 5""",211,R,R,2025,Draft,NYM,897500,Arrowhead Union HS (WI),,,,,,,,,,,,,,,40,50,50,60,40,50,30,45,,,,,20,45
,30,Kevin Abel,CIN,P,AAA,2026,37,Med,,26.1166666,"6' 1""",195,R,R,2021,Draft,CIN,172500,Oregon State,,,,,,,,,,,,,,,40,40,50,50,,,60,60,,,,,40,40
,30,Stevie Emanuels,ATH,P,AAA,2026,37,Low,,26.1694444,"6' 5""",215,R,R,2020,Draft,OAK,400000,Washington,,,,,,,,,,,,,,,55,55,60,60,45,45,,,,,55,55,30,30
,30,Thomas  Balboni Jr.,NYY,P,A+,2027,37,Med,,24.7361111,"6' 4""",185,L,R,2022,Draft,SDP,125000,Northeastern,,,,,,,,,,,,,,,55,60,45,55,,,,,,,,,20,30
,31,Ethan Schiefelbein,DET,P,,2028,40,Med,,18.9722222,"6' 2""",180,L,L,2024,Draft,DET,1800000,Corona HS (CA),,_U6tfZnwZjI,,,,,,,,,,,,,30,40,25,55,50,55,40,50,,,,,30,55
,31,Connor Cooke,TOR,P,AAA,2026,40,Med,,25.4138888,"6' 1""",203,R,R,2021,Draft,TOR,141900,Louisiana-Lafayette,,,,,,,,,,,,,,,50,55,60,60,,,45,50,,,,,30,50
,31,R.J. Sales,WSN,P,A,2028,40,Med,🩹,21.6916666,"6' 0""",170,R,R,2024,Draft,DET,147500,UNC Wilmington,,,,,,,,,,,,,,,45,45,55,60,40,45,30,40,,,55,60,50,50
,31,Drake George,SFG,P,A,2028,40,Med,,23.5027777,"6' 1""",184,R,R,2024,Draft,SFG,150000,Lewis-Clark State,,,,,,,,,,,,,,,55,60,,,55,60,,,,,,,30,40
,31,Cade Winquest,NYY,P,AAA,2026,40,Low,,24.9194444,"6' 2""",206,R,R,2022,Draft,STL,174600,UT-Arlington,,,,,,,,,,,,,,,50,50,40,45,60,60,30,40,,,,,50,50
,31,Enrique Segura,TEX,P,A+,2028,37,High,,20.2833333,"6' 3""",185,R,R,2022,Intl15,PHI,80000,Dominican Republic,,,,,,,,,,,,,,,40,45,45,55,,,45,55,,,,,30,45
,31,Dennis Colleran Jr.,KCR,P,AA,2028,37,Med,,21.6138888,"6' 3""",225,R,R,2024,Draft,KCR,247500,Northeastern,,,,,,,,,,,,,,,55,60,55,60,,,40,45,,,,,30,35
,31,Camden Lohman,NYM,P,A,2031,37,High,,18.4055555,"6' 4""",195,R,R,2025,Draft,NYM,797500,Ft. Zumwalt North HS (MO),,,,,,,,,,,,,,,40,50,,,45,55,30,45,,,,,20,45
,31,Camden Minacci,LAA,P,AA,2026,37,Med,,23.2138888,"6' 3""",215,R,R,2023,Draft,LAA,328500,Wake Forest,,,,,,,,,,,,,,,55,55,55,60,,,35,40,,,,,30,35
,31,Jared Johnson,ATH,P,AAA,2026,37,High,,24.0444444,"6' 2""",210,R,R,2019,Draft,ATL,257000,Smithville HS (MS),,,,,,,,,,,,,,,55,55,60,60,,,,,,,,,30,40
,31,Cristhian Tortosa,PHI,P,AA,2026,37,Med,,26.4194444,"6' 2""",225,L,L,2016,J2,DET,,Venezuela,,,,,,,,,,,,,,,60,60,60,60,,,,,,,,,20,30
,32,Chay Yeager,TOR,P,AA,2027,40,High,,22.5555555,"5' 1""",180,S,R,2023,Draft,TOR,150000,Pasco Hernando CC (FL),,,,,,,,,,,,,,,50,55,55,60,,,,,,,,,30,40
,32,Hayden Durke,ARI,P,AAA,2026,40,Med,,22.9166666,"6' 1""",206,R,R,2023,Draft,ARI,350000,Rice,,,,,,,,,,,,,,,55,60,55,60,50,55,,,,,,,30,40
,32,Cam Leiter,LAD,P,A+,2029,40,High,,21.175,"6' 5""",215,R,R,2025,Draft,LAD,1350000,Florida State,,,,,,,,,,,,,,,55,60,40,50,40,40,45,55,,,,,30,40
,32,Liomar Martinez,MIA,P,A+,2027,40,Med,,19.7666666,"6' 2""",170,R,R,2022,Intl15,MIA,80000,Dominican Republic,,,,,,,,,,,,,,,40,45,55,60,70,80,30,40,,,,,30,45
,32,Jesus Lafalaise,TEX,P,A,2029,37,Med,,20.1583333,"6' 1""",175,R,R,2024,Intl15,TEX,10000,Dominican Republic,,,,,,,,,,,,,,,55,60,45,60,,,35,45,,,,,35,45
,32,Josh Randall,WSN,P,AA,2027,37,Low,,22.4611111,"6' 4""",240,R,R,2024,Draft,DET,700000,San Diego,,,,,,,,,,,,,,,50,50,45,45,,,40,45,,,40,45,50,60
,32,Jose Chirinos,NYM,P,A+,2028,37,Med,,20.4583333,"6' 3""",170,R,R,2022,Intl15,NYM,10000,Venezuela,,,,,,,,,,,,,,,40,45,55,60,,,40,50,,,50,55,30,45
,32,Ubaldo Soto,LAA,P,A,2030,37,Med,,18.7194444,"6' 2""",185,R,R,2023,Intl15,LAA,250000,Dominican Republic,,,,,,,,,,,,,,,45,55,,,45,50,40,45,,,,,39,45
,32,Titan Kennedy-Hayes,PHI,P,A+,2028,37,High,,23.3861111,"6' 2""",220,R,R,2024,Draft,PHI,150000,Austin Peay,,,,,,,,,,,,,,,60,60,60,60,,,,,,,,,20,30
,33,Carlson Reed,PIT,P,A+,2027,40,Med,,22.3444444,"6' 4""",215,R,R,2023,Draft,PIT,600000,West Virginia,,,,,,,,,,,,,,,40,45,50,50,,,60,60,,,,,30,40
,33,Javen Coleman,TOR,P,AAA,2027,40,High,,23.3277777,"6' 2""",200,L,L,2024,UDFA,TOR,,LSU,,,,,,,,,,,,,,,55,60,50,50,,,40,45,,,,,35,45
,33,Yordin Chalas,ARI,P,AA,2027,40,High,,21.1638888,"6' 3""",175,R,R,2023,Intl15,ARI,10000,Dominican Republic,Chalas is a super athletic young relief prospect who has a chance to pitch in the back of a bullpen one day.,ooMxT2Ev_uc,,,,,,,,,,,,,60,60,45,55,,,35,40,,,,,30,40
,33,Austin Love,STL,P,AAA,2026,40,Med,,26.1805555,"6' 3""",232,R,R,2021,Draft,STL,600000,North Carolina,,,,,,,,,,,,,,,50,55,65,65,,,,,,,,,40,45
,33,Hyun-Seok Jang,LAD,P,A+,2029,40,High,,21.0472222,"6' 4""",200,R,R,2023,Intl15,LAD,900000,South Korea,,dLk-yOfs13s,,,,,,,,,,,,,50,55,45,60,50,60,45,55,,,,,30,40
,33,Jacob Kisting,TBR,P,AA,2028,40,Low,,21.9777777,"6' 5""",220,R,R,2024,Draft,MIN,125000,Bradley,,,,,,,,,,,,,,,40,40,45,50,45,45,45,50,50,55,,,45,60
,33,Nate Payne,MIA,P,A+,2029,40,High,,19.6166666,"6' 3""",200,L,L,2024,Draft,MIA,235000,Central Dauphin HS (PA),,,,,,,,,,,,,,,40,45,45,55,40,50,40,50,,,,,35,50
,33,Wilian Bormie,TEX,P,AAA,2028,37,High,,22.1055555,"6' 3""",175,R,R,2019,J2,TEX,10000,Dominican Republic,,,,,,,,,,,,,,,60,65,50,60,,,,,,,,,20,30
,33,Riley Gowens,CHW,P,AAA,2027,37,Low,,25.4527777,"6' 4""",225,R,R,2023,Draft,ATL,47500,Illinois,,,,,,,,,,,,,,,55,60,45,50,40,40,,,,,,,50,50
,34,Jaden Woods,PIT,P,AAA,2027,40,Low,,23.1666666,"6' 2""",205,L,L,2023,Draft,PIT,271300,Georgia,,,,,,,,,,,,,,,50,50,55,55,,,30,40,,,,,40,50
,34,Tate Kuehner,MIL,P,AAA,2027,40,Med,,24.15,"6' 1""",195,L,L,2023,Draft,MIL,72500,Louisville,,,,,,,,,,,,,,,50,55,50,50,,,55,55,,,,,40,40
,34,Sandro Santana,ARI,P,AA,2028,40,High,,20.0666666,"5' 10""",150,L,L,2023,Intl15,ARI,15000,Dominican Republic,,,,,,,,,,,,,,,50,55,50,60,,,,,,,,,35,45
,34,Yhoiker Fajardo,STL,P,AA,2029,40,High,,18.4944444,"6' 3""",181,R,R,2024,Intl15,CHW,400000,Venezuela,,,,,,,,,,,,,,,40,45,55,60,,,30,50,,,,,35,50
,34,Brady Smith,LAD,P,A+,2028,40,High,,20.1777777,"6' 2""",170,R,R,2023,Draft,LAD,703000,Grainger HS (TN),,3ApkwBEp3Gw,,,,,,,,,,,,,45,60,20,55,55,60,30,50,,,,,30,50
,34,Aidan Cremarosa,TBR,P,A,2029,40,Low,,21.4777777,"6' 3""",190,R,R,2025,Draft,TBR,182500,Fresno State,,,,,,,,,,,,,,,40,45,,,55,55,55,60,,,40,40,50,60
,34,Trace Bright,BAL,P,AAA,2026,40,High,,24.4305555,"6' 4""",199,R,R,2022,Draft,BAL,50000,Auburn,,,,,,,,,,,,,,,50,55,,,50,60,40,45,,,45,50,30,40
,34,Josh Trentadue,TEX,P,AA,2027,37,Med,,23.1833333,"6' 2""",185,L,L,2023,Draft,TEX,125000,College of Southern Idaho,,,,,,,,,,,,,,,50,55,50,55,,,50,55,,,,,35,45
,34,River Hamilton,DET,P,,2031,37,High,,18.4916666,"6' 3""",185,R,R,2025,Draft,DET,497500,Sam Barlow HS (OR),,,,,,,,,,,,,,,40,55,,,45,50,30,50,,,,,20,50
,34,Yondrei Rojas,TOR,P,AA,2026,37,High,,22.3583333,"5' 10""",180,R,R,2021,Intl15,TOR,,Venezuela,,,,,,,,,,,,,,,55,55,50,55,,,40,50,,,40,45,40,50
,34,Pierce Coppola,CHC,P,A+,2030,37,High,,22.2888888,"6' 8""",245,L,L,2025,Draft,CHC,278500,Florida,,,,,,,,,,,,,,,55,70,30,50,,,20,40,,,,,20,30
,34,Frank Mozzicato,KCR,P,AA,2027,37,Med,,21.7833333,"6' 3""",175,L,L,2021,Draft,KCR,3550000,East Catholic HS,,Gdl94t-NK68,,,,,,,,,,,,,30,40,,,55,60,35,40,,,,,40,45
,34,Jhon Almonte,LAA,P,,2030,37,High,,18.375,"6' 3""",185,R,R,2025,Intl15,LAA,,Dominican Republic,,,,,,,,,,,,,,,45,55,40,50,45,50,40,55,,,,,20,40
,35,Emmanuel Hernandez,TBR,P,,2032,40,Med,,17.7194444,"6' 3""",180,R,R,2026,Intl15,TBR,,Colombia,,,,,,,,,,,,,,,30,45,45,60,,,40,55,,,,,25,55
,35,Sebastian Gongora,BAL,P,AA,2028,40,Low,,23.5833333,"6' 5""",240,L,L,2024,Draft,BAL,150000,Louisville,,,,,,,,,,,,,,,45,50,45,50,55,55,45,50,,,,,40,50
,35,Michael Prosecky,COL,P,AA,2027,37,High,,24.0861111,"6' 3""",200,L,L,2022,Draft,COL,300000,Louisville,,,,,,,,,,,,,,,45,50,40,45,45,45,50,50,,,,,40,45
,35,Ryan Hall,DET,P,,2031,37,High,,17.9888888,"6' 1""",175,R,R,2025,Draft,DET,997500,North Gwinnett HS (GA),,,,,,,,,,,,,,,40,50,45,50,,,40,50,,,,,20,50
,35,Jacob Morrison,MIL,P,A+,2027,37,Low,,21.55,"6' 8""",245,R,R,2025,Draft,MIL,697500,Coastal Carolina,,,,,,,,,,,,,,,40,45,55,60,50,50,40,40,,,,,35,55
,35,Fernando Perez,TOR,P,AA,2027,37,Low,,21.1361111,"6' 3""",220,R,R,2022,Intl15,TOR,10000,Nicaragua,,,,,,,,,,,,,,,45,45,40,45,40,40,55,55,,,,,50,55
,35,Leighton Finley,BOS,P,A,2029,37,High,,21.0555555,"6' 5""",225,R,R,2025,Draft,BOS,364800,Georgia,,,,,,,,,,,,,,,50,55,45,55,,,35,40,,,,,30,40
,35,Kamden Edge,KCR,P,A+,2029,37,Low,,20.5222222,"6' 1""",195,R,R,2025,Draft,KCR,150000,Northern Oklahoma JC,,,,,,,,,,,,,,,50,55,50,55,,,,,,,,,20,40
,35,Nate Dohm,STL,P,A+,2026,37,High,,22.2277777,"6' 4""",210,R,R,2024,Draft,NYM,797500,Mississippi State,,,,,,,,,,,,,,,50,60,45,50,,,,,,,,,30,50
,36,Yu-Min Lin,ARI,P,AAA,2026,40,Low,,21.7194444,"5' 11""",160,L,L,2021,Intl15,ARI,525000,Taiwan,Lin has great arm speed but his command is not as sharp as one would hope for a guy who sits 91. He looks like a 5th starter.,2YC5wqD7X5Y,,,,,,,,,,,,,40,40,50,50,55,55,40,50,,,45,50,40,40
,36,Ben Shields,COL,P,AAA,2026,37,Low,,26.1888888,"6' 4""",210,L,L,2023,UDFA,NYY,20000,George Mason,,,,,,,,,,,,,,,40,40,55,60,,,,,,,,,45,55
,36,Jhonan Coba,DET,P,,2030,37,High,,18.6972222,"6' 0""",150,R,R,2024,Intl15,DET,10000,Venezuela,,,,,,,,,,,,,,,55,60,45,55,,,,,,,,,35,45
,36,Melvin Hernandez,MIL,P,A,2028,37,Low,,18.7444444,"5' 11""",140,R,R,2023,Intl15,MIL,,Nicaragua,,,,,,,,,,,,,,,30,35,40,50,,,50,60,,,,,25,60
,36,Dahian  Santos,TOR,P,AA,2026,37,High,,22.0972222,"5' 11""",160,R,R,2019,J2,TOR,150000,Venezuela,,,,,,,,,,,,,,,40,45,55,60,,,40,60,,,,,30,40
,36,Douglas Orellana,NYM,P,AAA,2026,37,Med,,22.9166666,"6' 1""",196,R,R,2021,Intl15,NYM,10000,Dominican Republic,,,,,,,,,,,,,,,50,50,60,60,45,50,,,,,,,30,40
,36,Blake Aita,STL,P,AA,2028,37,Med,,21.8055555,"6' 4""",215,R,R,2024,Draft,BOS,300000,Kennesaw State,,,,,,,,,,,,,,,40,45,50,60,,,35,45,,,40,45,45,55
,36,Kendri Fana,LAA,P,,2032,37,High,,17.4861111,"6' 2""",180,R,R,2026,Intl15,LAA,530000,Dominican Republic,,,,,,,,,,,,,,,35,55,40,45,,,45,60,,,,,20,50
,37,Kiefer Lord,BAL,P,A+,2026,40,High,,22.775,"6' 3""",200,R,R,2023,Draft,BAL,760000,Washington,,,,,,,,,,,,,,,60,60,55,60,,,30,40,,,,,30,40
,37,Gabriel Reyes,DET,P,A+,2027,37,Low,,21.75,"6' 1""",180,L,L,2020,Intl15,DET,25000,Dominican Republic,,,,,,,,,,,,,,,40,40,50,50,,,45,55,,,,,40,50
,37,Ethan Dorchies,MIL,P,A+,2029,37,High,,18.4416666,"6' 5""",215,R,R,2024,Draft,MIL,162500,Cary-Grove HS (NC),,,,,,,,,,,,,,,40,55,45,60,,,30,40,,,40,50,20,45
,37,Blake Wehunt,BOS,P,AAA,2026,37,High,,24.3944444,"6' 7""",240,R,R,2023,Draft,BOS,100000,Kennesaw State,,,,,,,,,,,,,,,45,50,50,55,,,40,45,,,55,55,50,50
,37,Shane Murphy,CHW,P,AAA,2026,37,Low,,24.2,"6' 5""",210,L,L,2022,Draft,CHW,125000,Chandler-Gilbert CC (AZ),,,,,,,,,,,,,,,40,40,45,45,40,40,45,45,,,40,40,60,60
,37,Felipe De La Cruz,NYM,P,AAA,2026,37,Med,,23.8472222,"6' 0""",175,L,L,2021,Intl15,NYM,10000,Dominican Republic,,,,,,,,,,,,,,,55,55,60,60,,,50,50,,,,,30,30
,37,Braden Davis,STL,P,AA,2028,37,Med,,21.9777777,"5' 11""",180,L,L,2024,Draft,STL,485700,Oklahoma,,,,,,,,,,,,,,,40,45,45,50,,,55,60,,,,,30,50
,37,Simon Miller,CIN,P,AA,2027,37,High,,24.5638888,"6' 3""",230,R,R,2023,Draft,CIN,150000,UT-San Antonio,,,,,,,,,,,,,,,55,55,60,60,,,,,,,,,30,35
,37,Will Hynes,CLE,P,A,2031,37,High,,17.7333333,"6' 2""",180,R,R,2025,Draft,CLE,950000,Lorne Park SS (ON),,,,,,,,,,,,,,,40,50,45,55,,,30,50,,,,,20,50
,38,Micah Ashman,BAL,P,AA,2028,40,Low,,22.6083333,"6' 7""",195,L,L,2024,Draft,DET,150000,Utah,,,,,,,,,,,,,,,50,50,60,60,,,50,55,,,,,45,50
,38,Austin Smith,COL,P,AA,2026,37,Med,,25.775,"6' 4""",210,R,R,2021,Draft,ATL,80000,Arizona,,,,,,,,,,,,,,,60,60,50,50,45,50,50,50,,,,,40,45
,38,Paul Bonzagni,TEX,P,A+,2027,37,High,,23,"6' 3""",180,R,R,2023,Draft,TEX,150000,Southern Illinois,,,,,,,,,,,,,,,55,55,50,55,,,30,40,,,,,30,40
,38,Kai Peterson,TOR,P,AA,2027,37,Low,,22.6305555,"6' 1""",190,L,L,2023,Draft,TOR,150000,Sierra JC (CA),,,,,,,,,,,,,,,55,60,45,50,,,,,,,,,20,30
,38,Niko Mazza,SFG,P,A+,2028,37,High,,23.1138888,"5' 11""",210,R,R,2024,Draft,SFG,202500,Southern Mississippi,,,,,,,,,,,,,,,50,60,55,60,45,55,,,,,,,20,30
,38,Grant Umberger,CHW,P,A+,2027,37,Med,,23.4638888,"6' 4""",225,R,R,2025,UDFA,CHW,,Toledo,,,,,,,,,,,,,,,40,45,50,50,,,40,45,,,,,45,55
,38,Peyton Prescott,NYM,P,,2028,37,High,,20.8805555,"6' 0""",200,R,R,2025,Draft,NYM,197500,Florida State,,,,,,,,,,,,,,,65,70,45,55,,,50,60,,,,,30,40
,38,Jose Davila,STL,P,AA,2028,37,Med,,22.3944444,"6' 3""",220,R,R,2019,J2,STL,,Venezuela,,,,,,,,,,,,,,,35,40,50,50,,,50,55,,,,,35,50
,38,Deivi Villafana,CIN,P,A+,2028,37,High,,21.85,"6' 4""",175,R,R,2024,Intl15,CIN,,Dominican Republic,,,,,,,,,,,,,,,45,55,45,55,,,30,45,,,,,40,50
,38,Aidan Major,CLE,P,A+,2027,37,Med,,21.8583333,"5' 11""",200,L,R,2024,Draft,CLE,425000,West Virginia,,,,,,,,,,,,,,,50,55,45,55,,,40,50,,,,,30,40
,39,Chung-Hsiang Huang,ARI,P,A,2028,40,Med,,19.4305555,"6' 0""",175,R,R,2024,Intl15,ARI,210000,Taiwan,,,,,,,,,,,,,,,40,45,45,50,40,50,45,50,,,,,45,60
,39,Alexander Alberto,TBR,P,AAA,2027,40,High,,23.4138888,"6' 8""",190,R,R,2019,J2,TBR,70000,Dominican Republic,,,,,,,,,,,,,,,,,55,60,,,,,,,60,70,30,35
,39,Juaron Watts-Brown,BAL,P,AAA,2026,40,High,,23.1055555,"6' 3""",190,R,R,2023,Draft,TOR,1000000,Oklahoma State,,,,,,,,,,,,,,,40,45,45,55,50,55,45,50,,,,,40,45
,39,Moises Rodriguez,DET,P,AA,2027,37,Med,,23.0777777,"6' 2""",170,R,R,2020,Intl15,DET,,Venezuela,,,,,,,,,,,,,,,55,60,45,55,,,,,,,,,35,45
,39,Truman Pauley,CHW,P,A,2029,37,Med,,21.2638888,"6' 0""",200,R,R,2025,Draft,NYM,400000,Harvard,,,,,,,,,,,,,,,45,50,45,50,,,,,30,40,50,60,30,40
,39,Luis Alvarez,NYM,P,A,2028,37,High,,21.9055555,"6' 5""",230,R,R,2021,Intl15,NYM,10000,Venezuela,,,,,,,,,,,,,,,60,60,55,55,55,60,,,,,,,20,30
,39,Skylar Hales,STL,P,AAA,2026,37,Med,,23.4361111,"6' 4""",220,R,R,2023,Draft,TEX,565000,Santa Clara,,,,,,,,,,,,,,,60,60,45,50,,,,,,,,,30,40
,39,Ty Floyd,CIN,P,A+,2028,37,Med,,23.5916666,"6' 2""",200,R,R,2023,Draft,CIN,2100000,LSU,,,,,,,,,,,,,,,45,50,40,45,40,40,45,55,,,,,30,50
,39,Dylan DeLucia,CLE,P,AA,2027,37,Low,,24.6666666,"5' 11""",220,R,R,2022,Draft,CLE,275000,Ole Miss,,,,,,,,,,,,,,,40,45,50,55,,,50,55,,,,,45,55
,40,Caden Grice,ARI,P,A+,2027,40,High,,22.7944444,"6' 6""",250,L,L,2023,Draft,ARI,1250000,Clemson,Grice was a college two-way player who shifted o pitching full time in 2024. He blew out and needed TJ. He has the build and stuff of a solid backend starter.,,,,,,,,,,,,,,40,45,50,55,,,45,50,,,,,35,50
,40,Yujanyer Herrera,COL,P,A+,2026,37,Low,,21.6222222,"6' 4""",245,R,R,2019,Intl15,MIL,10000,Venezuela,Herrera is a crafty young righty with a plus slider and command projection. He's closer to 240 pounds or than his listed weight of 175.,,,,,,,,,,,,,,50,55,50,55,,,40,45,,,,,30,40
,40,Joseph Montalvo,DET,P,AA,2026,37,Low,,22.9083333,"6' 2""",185,S,R,2021,Draft,TEX,125000,Central Pointe Christian (FL),,,,,,,,,,,,,,,40,45,50,55,,,50,55,,,,,40,55
,40,Conrad Cason,BOS,P,,2029,37,High,,18.65,"6' 1""",220,R,R,2024,Draft,BOS,1250000,Greater Atlanta Christian HS (GA),,,,,,,,,,,,,,,55,60,40,45,40,45,30,40,,,40,50,20,55
,40,Jose Feliz,WSN,P,,2028,37,Med,,19.4777777,"6' 1""",170,R,R,2023,Intl15,WSN,130000,Dominican Republic,,,,,,,,,,,,,,,20,30,50,60,,,45,55,,,40,45,25,60
,40,Jason Reitz,MIN,P,A,2029,37,Med,,20.6888888,"6' 11""",215,R,R,2025,Draft,MIN,633200,Oregon,,,,,,,,,,,,,,,40,45,45,50,,,45,55,,,,,30,45
,40,Marques Johnson,SFG,P,AAA,2026,37,High,,24.7416666,"6' 2""",210,R,R,2022,Draft,BOS,122500,Long Beach State,,,,,,,,,,,,,,,55,55,55,55,,,,,,,,,30,25
,40,Carson Jacobs,CHW,P,AA,2027,37,Med,,23.6222222,"6' 9""",215,R,R,2023,UDFA,CHW,20000,North Dakota State,,,,,,,,,,,,,,,50,60,,,,,,,45,60,50,55,30,30
,40,Jack Martinez,STL,P,A+,2028,37,Low,,22.0527777,"6' 4""",215,R,R,2025,Draft,ARI,167326,Arizona State,,,,,,,,,,,,,,,45,45,40,45,,,55,60,,,,,30,45
,40,Steven Pérez,CLE,P,AAA,2026,37,Med,,23.9444444,"6' 0""",200,L,L,2018,J2,CLE,10000,Venezuela,,,,,,,,,,,,,,,55,55,50,55,,,40,40,,,,,45,50
,41,Josh Grosz,ARI,P,AA,2027,40,Low,,22.5722222,"6' 4""",200,R,R,2023,Draft,NYY,150000,East Carolina,Swingman/fifth starter prospect with a tough-to-time delivery and an improving changeup. ,,,,,,,,,,,,,,45,45,45,50,50,55,40,50,,,,,35,50
,41,Owen Wild,TBR,P,AAA,2027,40,Med,,22.6694444,"6' 2""",230,R,R,2023,Draft,TBR,238000,Gonzaga,,,,,,,,,,,,,,,60,65,45,50,,,30,30,,,,,30,40
,41,Cy Nielson,PIT,P,AAA,2027,37,Med,,24.1,"6' 3""",210,R,L,2022,Draft,PIT,175000,BYU,,,,,,,,,,,,,,,40,40,60,60,,,30,30,,,45,50,30,35
,41,Jaden Hamm,DET,P,AA,2027,37,Med,,22.5722222,"6' 1""",190,R,R,2023,Draft,DET,397500,Middle Tennessee State,,,,,,,,,,,,,,,40,45,40,45,50,60,50,50,,,,,35,45
,41,Jakson Gamboa,BOS,P,,2031,37,High,,18.1305555,"6' 3""",215,R,R,2024,Intl15,BOS,20000,Venezuela,,,,,,,,,,,,,,,50,55,40,55,,,30,40,,,45,55,20,45
,41,Alejandro Hidalgo,MIN,P,AAA,2027,37,High,,21.8583333,"6' 1""",160,R,R,2019,J2,LAA,30000,Venezuela,,L6G6A1FWLV0,,,,,,,,,,,,,35,40,50,55,,,,,70,70,,,30,40
,41,Logan Martin,SFG,P,AA,2027,37,,,23.7055555,"6' 1""",226,R,R,2023,Draft,KCR,297500,Kentucky,,,,,,,,,,,,,,,50,55,40,45,,,55,55,,,,,40,50
,41,Ethan Young,STL,P,A,2028,37,Med,,21.1611111,"6' 2""",220,R,R,2025,Draft,STL,630000,East Carolina,,,,,,,,,,,,,,,50,55,50,55,50,55,40,50,,,,,30,40
,41,Ronan Kopp,LAD,P,AAA,2026,37,Med,,22.6722222,"6' 7""",250,L,L,2021,Draft,LAD,125000,South Mountain CC (AZ),,,,,,,,,,,,,,,60,60,55,55,,,30,40,,,,,20,35
,41,Jackson  Humphries,CLE,P,A+,2027,37,Med,,20.6972222,"6' 1""",200,L,L,2022,Draft,CLE,600000,Fuquay-Varina HS (NC),,,,,,,,,,,,,,,45,45,50,55,50,55,55,60,,,,,20,30
,42,Jacob Steinmetz,ARI,P,A+,2029,40,High,,21.7,"6' 5""",220,R,R,2021,Draft,ARI,500000,ELEV8 Baseball Academy (FL),Steinmetz's strike-throwing took a step forward in 2024 and he's tracking like a fifth starter.,,,,,,,,,,,,,,40,45,45,50,55,60,30,40,,,,,30,45
,42,Jordy Vargas,COL,P,A+,2027,37,High,,21.4027777,"6' 3""",153,R,R,2021,Intl15,COL,500000,Dominican Republic,,GDgiBY7jaFI,,,,,,,,,,,,,40,50,,,45,55,30,50,,,,,35,55
,42,Berny Ortiz,BOS,P,A,2031,37,High,,19.65,"6' 2""",170,R,R,2024,Intl15,BOS,10000,Dominican Republic,,,,,,,,,,,,,,,55,60,45,60,,,,,,,,,30,50
,42,Darren Bowen,MIN,P,AA,2027,37,Med,,24.1611111,"6' 3""",180,R,R,2022,Draft,SEA,125000,UNC Pembroke,,,,,,,,,,,,,,,50,50,55,55,,,35,40,,,45,45,45,50
,42,Cody Delvecchio,SFG,P,A,2029,37,,,21.2111111,"5' 9""",190,R,R,2025,Draft,SFG,150000,UCLA,,,,,,,,,,,,,,,55,60,40,50,,,40,50,,,,,40,50
,42,Mason Molina,STL,P,AAA,2028,37,Med,,21.7305555,"6' 2""",230,L,L,2024,Draft,MIL,255000,Arkansas,,,,,,,,,,,,,,,45,50,40,45,35,40,50,55,,,,,30,40
,42,Griff McGarry,LAD,P,AAA,2026,37,High,,25.8138888,"6' 2""",190,R,R,2021,Draft,PHI,322500,Virginia,McGarry has three plus pitches but also the worst control on the Top 100.,,,,,,,,,,,,,,55,55,60,60,,,,,,,,,30,30
,42,Kendeglys Virguez,CLE,P,AA,2027,37,Med,,20.9027777,"6' 2""",185,R,R,2022,Intl15,CLE,10000,Venezuela,,,,,,,,,,,,,,,55,70,45,55,,,,,,,,,30,40
,43,RJ Petit,COL,P,AAA,2026,37,Med,,25.5222222,"6' 8""",300,R,R,2021,Draft,DET,125000,Charleston Southern University,,,,,,,,,,,,,,,50,50,55,55,,,45,50,,,,,40,40
,43,Yerlin Rodriguez,MIL,P,A+,2026,37,Med,,23.025,"6' 2""",172,R,R,2019,J2,MIL,12300,Dominican Republic,,,,,,,,,,,,,,,55,60,60,70,,,,,,,,,20,30
,43,Garrett Horn,MIN,P,A+,2028,37,Med,,22.0222222,"6' 2""",230,L,L,2024,Draft,TEX,250000,Liberty,,,,,,,,,,,,,,,60,60,,,45,50,,,,,,,30,40
,43,Frank Elissalt,STL,P,A+,2028,37,High,,23.0166666,"6' 2""",210,R,R,2024,Draft,NYM,50000,Nova Southeastern,,,,,,,,,,,,,,,55,60,50,60,,,30,40,,,,,30,40
,44,Eliazar Dishmey,MIA,P,AA,2028,37,Med,,20.4333333,"6' 1""",175,R,R,2022,Intl15,MIA,50000,Dominican Republic,,,,,,,,,,,,,,,50,55,40,50,45,55,45,55,,,,,30,40
,44,Irwin Ramirez,PIT,P,A,2031,37,High,,18.225,"6' 3""",175,R,R,2024,Intl15,PIT,450000,Venezuela,,,,,,,,,,,,,,,45,55,50,60,,,30,45,,,,,20,45
,44,Ryan Birchard,MIL,P,AA,2027,37,Med,,21.7194444,"6' 0""",210,R,R,2023,Draft,MIL,322500,Niagara Count CC (NY),,,,,,,,,,,,,,,55,55,45,50,50,55,,,,,45,50,20,30
,44,Dalton Rogers,BOS,P,AA,2026,37,Low,,23.2027777,"5' 11""",185,L,L,2022,Draft,BOS,447500,Southern Mississippi,,,,,,,,,,,,,,,50,50,45,50,50,50,45,50,,,,,35,40
,44,Matt Barr,MIN,P,A,2030,37,High,,19.2083333,"6' 6""",195,R,R,2025,Draft,MIN,762500,SUNY Niagara CC (NY),,,,,,,,,,,,,,,40,50,55,60,55,60,,,,,,,20,40
,44,Nathan Hall,NYM,P,A,2029,37,High,,21.1555555,"6' 3""",180,R,R,2025,Draft,NYM,297500,University of Central Missouri,,,,,,,,,,,,,,,45,55,50,60,45,55,,,,,,,30,40
,44,Carson Hobbs,LAD,P,AA,2026,37,Low,,23.0944444,"6' 1""",197,R,R,2023,Draft,LAD,150000,Samford University,,,,,,,,,,,,,,,55,55,50,55,50,50,,,,,,,35,40
,44,Chase Mobley,CLE,P,A,2029,37,High,,18.8222222,"6' 5""",205,R,R,2024,Draft,CLE,1800000,Durant HS (FL),,,,,,,,,,,,,,,50,60,55,60,,,30,45,,,,,20,30
,45,Tanner Smith,BAL,P,A+,2028,37,Med,,22.6555555,"6' 6""",245,R,R,2024,Draft,SDP,150000,Harvard,,,,,,,,,,,,,,,50,55,55,60,,,,,30,45,45,55,30,40
,45,Pedro Montero,MIA,P,,2031,37,High,,17.7222222,"6' 1""",150,R,R,2024,Intl15,MIA,35000,Dominican Republic,,,,,,,,,,,,,,,45,55,50,60,,,30,50,,,,,20,45
,45,David Matoma,PIT,P,A,2028,37,High,,19.1638888,"6' 0""",154,R,R,2023,Intl15,PIT,20000,Uganda,,,,,,,,,,,,,,,60,70,30,40,,,,,,,,,20,30
,45,Jojo Ingrassia,BOS,P,A+,2027,37,Low,,22.6861111,"6' 1""",170,L,L,2023,Draft,BOS,150000,Cal State Fullerton,,,,,,,,,,,,,,,45,50,50,55,,,50,55,,,,,35,40
,45,Santiago Rojas,MIN,P,,2031,37,High,,17.9805555,"6' 0""",165,R,R,2024,Intl15,MIN,,Venezuela,,,,,,,,,,,,,,,45,50,45,50,,,60,70,,,,,20,40
,45,Alexander Fuentes,SFG,P,,2030,37,,,20.2166666,"6' 6""",261,R,R,2023,Intl15,SFG,,Venezuela,,,,,,,,,,,,,,,50,60,45,55,,,35,45,,,,,30,40
,45,Calvin Ziegler,NYM,P,A+,2027,37,High,,22.4944444,"6' 0""",205,R,R,2021,Draft,NYM,910000,TNXL Academy (FL),,,,,,,,,,,,,,,55,60,50,60,55,55,,,,,,,30,40
,45,Yordy Herrera,STL,P,A,2028,37,Med,,20.3305555,"6' 2""",150,L,L,2022,Intl15,STL,,Dominican Republic,,,,,,,,,,,,,,,40,55,55,60,,,,,,,,,25,40
,45,Jakob Wright,LAD,P,A+,2027,37,High,,21.8361111,"6' 0""",170,L,L,2024,Draft,LAD,553800,Cal Poly,,VKsWEjduQeE,,,,,,,,,,,,,55,60,55,60,50,55,30,40,,,,,30,40
,45,Alexander Garcia,CLE,P,,2029,37,High,,18.6777777,"6' 0""",165,R,R,2024,Intl15,CLE,,Venezuela,,,,,,,,,,,,,,,50,60,45,50,,,30,50,,,,,20,40
,46,Joey Volini,MIA,P,AA,2027,37,Low,,22.2694444,"6' 4""",247,L,L,2025,Draft,MIA,297000,Florida State,,,,,,,,,,,,,,,40,40,50,50,55,60,45,50,,,,,35,50
,46,McLane Moody,PIT,P,,2031,37,High,,18.5722222,"6' 7""",210,R,R,2025,Draft,PIT,460600,Northside HS (AR),,,,,,,,,,,,,,,40,55,45,55,,,30,50,,,,,20,45
,46,Kenny Serwa,DET,P,AAA,2028,37,High,,27.6611111,"6' 3""",205,R,R,2025,UDFA,DET,,University of Dayton (OH),,,,,,,,,,,,,,,30,30,35,40,30,35,,,60,60,,,50,55
,46,Jose Bello,BOS,P,A,2029,37,Med,,19.8388888,"6' 1""",180,R,R,2023,Intl15,SFG,50000,Dominican Republic,,,,,,,,,,,,,,,40,45,50,55,,,40,50,,,,,35,45
,46,Liam Simon,SFG,P,A+,2026,37,High,,24.4583333,"6' 4""",220,R,R,2022,Draft,SFG,317500,Notre Dame,,,,,,,,,,,,,,,70,70,40,50,,,,,,,,,20,30
,46,Spencer Giesting,ARI,P,AAA,2026,37,Med,,23.7472222,"6' 4""",200,L,L,2022,Draft,ARI,400000,Charlotte,Giesting is a deceptive lefty with a delivery atypical of a starter. Here he's projected o be a solid long reliever.,,,,,,,,,,,,,,45,45,55,55,45,50,40,45,,,,,45,50
,46,Luis R. Rodriguez,NYM,P,A+,2027,37,High,,22.3277777,"6' 3""",190,L,L,2019,J2,NYM,75000,Dominican Republic,,,,,,,,,,,,,,,55,60,,,55,60,30,45,,,,,30,45
,46,Randel Clemente,STL,P,AA,2026,37,High,,23.3722222,"6' 3""",173,R,R,2019,J2,STL,,Dominican Republic,,PmRlmhlogtA,,,,,,,,,,,,,55,60,70,70,,,,,,,,,20,30
,46,Reynaldo Yean,LAD,P,A+,2027,37,Med,,21.2416666,"6' 4""",240,R,R,2021,Intl15,LAD,30000,Dominican Republic,,,,,,,,,,,,,,,70,70,55,60,,,,,,,,,20,20
,47,Dameivi Tineo,MIA,P,A+,2029,37,High,,21.6666666,"6' 3""",170,L,L,2021,Intl15,MIA,,Dominican Republic,,,,,,,,,,,,,,,55,60,50,60,,,,,,,,,20,35
,47,Yoniel Curet,DET,P,AAA,2026,37,High,,22.4111111,"6' 2""",230,R,R,2019,J2,TBR,150000,Dominican Republic,Curet was the minor league strikeout leader over the last couple of years and has held upper-90s velo for 120 innings. His changeup appeared to be taking off late in 2024.,,,,,,,,,,,,,,65,65,50,55,,,30,40,,,,,20,30
,47,Gerelmi Maldonado,SFG,P,A+,2026,37,High,,21.2777777,"6' 2""",245,R,R,2021,Intl15,SFG,145000,Venezuela,,,,,,,,,,,,,,,70,80,45,55,,,,,,,,,20,30
,47,Dylan Ray,ARI,P,AAA,2026,37,Med,,23.8944444,"6' 3""",230,R,R,2022,Draft,ARI,565800,Alabama,Ray is a below-average athlete with below-average command bu he has the stuff to pitch in a roation if he can polish that up.,eVBDMOkLLNs,,,,,,,,,,,,,45,50,50,55,50,50,40,45,,,,,45,50
,47,Aidan Foeller,LAD,P,AA,2029,37,Med,,23.0138888,"6' 3""",220,R,R,2024,Draft,LAD,147500,Southern Illinois,,,,,,,,,,,,,,,60,70,40,40,,,,,,,40,50,30,40
,48,Walin Castillo,MIA,P,A,2029,37,Med,,20.2472222,"6' 3""",175,R,R,2022,Intl15,MIA,,Dominican Republic,,,,,,,,,,,,,,,45,55,40,50,,,45,55,,,,,30,40
,48,Joshua Flores,MIL,P,,2031,37,High,,17.7972222,"6' 1""",205,R,R,2025,Draft,MIL,722500,Lake Central HS (IN),,,,,,,,,,,,,,,40,45,50,60,,,45,55,,,,,20,40
,48,Alberto Laroche,SFG,P,,2031,37,,,19.3333333,"6' 1""",195,R,R,2024,Intl15,SFG,42500,Dominican Republic,,,,,,,,,,,,,,,40,55,35,50,,,45,55,,,,,25,55
,48,Joe Elbis,ARI,P,AA,2027,37,Med,,22.5194444,"6' 1""",150,R,R,2019,J2,ARI,275000,Venezuela,Elbis is a skinny backend starter prospect with a good slider.,,,,,,,,,,,,,,40,45,50,55,50,55,40,40,,,,,50,60
,49,Grant Shepardson,MIA,P,A,2029,37,High,,19.4916666,"6' 1""",195,R,R,2024,Draft,MIA,897500,Mountain Vista HS (CO),,,,,,,,,,,,,,,40,45,55,60,,,40,50,,,,,20,50
,49,Sean Episcope,MIL,P,,2029,37,Med,,21.1388888,"6' 0""",210,R,R,2025,Draft,MIL,335500,Princeton,,,,,,,,,,,,,,,45,45,55,60,60,60,,,,,,,30,50
,49,Braxton Roxby,SFG,P,AAA,2026,37,Med,,26.0527777,"6' 3""",215,R,R,2021,UDFA,CIN,20000,Pittsburgh-Johnstown,,,,,,,,,,,,,,,55,55,55,55,,,,,,,50,50,30,35
,49,Sawyer Hawks,ARI,P,AA,2027,37,High,,21.7666666,"6' 2""",225,R,R,2025,Draft,ARI,250000,Vanderbilt,,,,,,,,,,,,,,,55,60,50,60,,,50,55,,,,,30,40
,50,Jack Hostetler,MIL,P,A,2029,37,Med,,21.6638888,"6' 2""",210,R,R,2024,UDFA,MIL,20000,Whitman College,,,,,,,,,,,,,,,55,60,40,45,,,50,55,,,40,40,30,40
,50,Jose Olivares,MIN,P,AA,2027,37,High,,22.2027777,"6' 1""",199,R,R,2021,Intl15,MIN,100000,Venezuela,,,,,,,,,,,,,,,55,60,55,60,50,50,40,55,,,,,30,40
,50,Brayan Narvaez,SFG,P,,2029,37,High,,20.4472222,"6' 2""",175,R,R,2023,Intl15,SFG,10000,Venezuela,,,,,,,,,,,,,,,40,60,45,55,,,,,,,,,20,45
,50,Peter Heubeck,LAD,P,AA,2026,37,Low,,22.6916666,"6' 3""",170,R,R,2021,Draft,LAD,1270000,Gilman School (MD),,0Kk59Lx40ic,,,,,,,,,,,,,55,55,55,60,70,70,30,30,,,,,30,40
,51,Jacob Miller,MIA,P,AA,2027,37,Med,,21.6416666,"6' 2""",180,R,R,2022,Draft,MIA,1700400,Liberty Union HS (OH),,,,,,,,,,,,,,,40,45,45,50,40,40,45,55,,,45,50,40,55
,51,Landon Sims,ARI,P,AAA,2026,37,Med,,24.2444444,"6' 2""",216,R,R,2022,Draft,ARI,2347050,Mississippi State,,,,,,,,,,,,,,,50,50,50,55,,,40,45,,,,,30,40
,51,Jared Karros,LAD,P,AA,2027,37,Low,,24.375,"6' 7""",195,R,R,2022,Draft,LAD,125000,UCLA,,,,,,,,,,,,,,,40,40,50,50,45,45,50,55,,,,,50,60
,51,Jacob Kuhn,TBR,P,A,2030,37,High,,20.7916666,"6' 2""",220,R,R,2025,Draft,TBR,262500,Midland College,,,,,,,,,,,,,,,60,60,50,60,,,40,45,,,,,20,30
,52,Raimon Gomez,BAL,P,A+,2026,37,High,,23.5694444,"6' 2""",230,R,R,2021,Intl15,NYM,10000,Venezuela,,,,,,,,,,,,,,,80,80,60,60,,,,,,,,,20,20
,52,Kyle Amendt,ARI,P,AAA,2026,37,Med,,24.9888888,"6' 5""",240,R,R,2022,Draft,ARI,135000,Dallas Baptist,,,,,,,,,,,,,,,60,60,50,50,50,50,,,,,,,30,40
,52,Isaac Ayon,LAD,P,A+,2028,37,Med,,22.7972222,"6' 4""",230,R,R,2024,Draft,LAD,147500,Oregon,,,,,,,,,,,,,,,50,55,45,55,,,,,,,,,30,40
,52,Junior William,TBR,P,AA,2027,37,High,,25.0694444,"6' 4""",185,R,R,2021,Intl15,TBR,,Dominican Republic,,,,,,,,,,,,,,,65,65,55,55,,,,,,,,,20,30
,53,Yaqui Rivera,BAL,P,AAA,2027,37,Med,,21.7,"6' 2""",180,R,R,2021,Intl15,MIA,10000,Dominican Republic,,,,,,,,,,,,,,,45,50,55,60,,,50,55,,,,,30,35
,53,Dylan Tate,LAD,P,A,2029,37,High,,20.8944444,"5' 11""",194,R,R,2025,Draft,LAD,250000,Oklahoma,,,,,,,,,,,,,,,60,60,40,50,,,40,50,,,,,30,40
,53,Alvaro Mejias,TBR,P,A,2028,37,High,,21.55,"6' 2""",215,R,R,2021,Intl15,BOS,300000,Venezuela,,,,,,,,,,,,,,,60,60,45,50,,,55,60,,,,,30,30
,54,Tyson Neighbors,BAL,P,AA,2028,37,Med,,22.4777777,"6' 2""",220,R,R,2024,Draft,SDP,600000,Kansas State,,,,,,,,,,,,,,,50,50,55,55,55,55,,,,,,,30,40
,54,Branneli Franco,STL,P,A,2030,37,High,,18.1555555,"6' 3""",187,R,R,2024,Intl15,STL,800000,Dominican Republic,,,,,,,,,,,,,,,45,60,30,50,,,,,,,,,20,45
,54,Wyatt Crowell,LAD,P,AA,2027,37,Med,,23.4666666,"6' 0""",169,L,L,2023,Draft,LAD,647500,Florida State,,,,,,,,,,,,,,,40,45,50,60,,,40,45,,,35,40,30,40
,55,Chandler Marsh,BAL,P,A+,2028,37,High,,22.5694444,"6' 4""",245,R,R,2024,UDFA,NYM,,Georgia,,,,,,,,,,,,,,,55,55,60,60,,,,,,,,,30,40
,55,Logan Tabeling,LAD,P,A+,2029,37,Med,,23.6111111,"5' 11""",205,R,R,2024,UDFA,LAD,20000,Illinois,,,,,,,,,,,,,,,50,50,60,60,60,60,,,,,,,30,40
,57,Keeler Morfe,BAL,P,A,2028,37,High,,18.8111111,"5' 10""",165,R,R,2023,Intl15,BAL,210000,Venezuela,,,,,,,,,,,,,,,60,65,40,55,,,40,55,,,,,20,20
,57,Walvin Mena,ARI,P,A,2029,37,High,,19.5027777,"6' 1""",195,R,R,2023,Intl15,ARI,,Dominican Republic,,,,,,,,,,,,,,,50,60,50,60,,,,,,,,,20,40
,58,Samuel Gonzalez,ARI,P,A,2029,37,Low,,20.2027777,"6' 3""",185,R,R,2024,Intl15,ARI,,Dominican Republic,,,,,,,,,,,,,,,40,45,45,55,45,55,,,,,,,40,55
,60,Yereny Teus,TBR,P,A,2028,37,Low,,21.6666666,"5' 10""",160,L,L,2022,Intl15,TBR,10000,Dominican Republic,,,,,,,,,,,,,,,40,40,,,45,50,55,60,,,,,30,40
,61,Hunter Allen,BAL,P,A,2029,37,High,,21.6888888,"6' 4""",245,R,R,2025,Draft,BAL,147000,Ashland,,,,,,,,,,,,,,,50,55,45,55,45,55,40,50,,,,,20,40
,61,Drew Dowd,TBR,P,AA,2027,37,Med,,23.2444444,"6' 2""",206,L,L,2023,Draft,TBR,397500,Stanford,,,,,,,,,,,,,,,30,30,45,45,70,70,,,,,,,40,50
,62,Juan Nuñez,BAL,P,AA,2026,37,Med,,24.3166666,"5' 11""",190,R,R,2019,J2,MIN,25000,Dominican Republic,,,,,,,,,,,,,,,50,55,60,60,,,45,55,,,,,30,40
,62,Marcus Johnson,TBR,P,AAA,2026,37,Med,,24.3055555,"6' 6""",200,R,R,2022,Draft,MIA,507500,Duke,,,,,,,,,,,,,,,30,30,45,45,,,,,,,50,50,55,60
,63,Chase Allsup,BAL,P,A+,2028,37,Med,,21.9444444,"6' 2""",235,R,R,2024,Draft,BAL,522500,Auburn,,,,,,,,,,,,,,,55,55,50,55,,,35,45,,,45,50,30,40