Team,Games,R,HR,OBP,SLG,IP,K,HR/9,ERA,WHIP
"Misiorowski Index",94,535,169,0.30345,0.40918,815,754,1.23221,3.63624,1.15839
"Juan Nation UndeGrom 🫡",94,609,191,0.34334,0.43358,815,1034,1.21826,3.97587,1.22875
"NBC Andy Pages Program",94,650,190,0.32385,0.43817,815,889,1.08260,3.95148,1.19086
"Wrecking Crews",94,611,179,0.32160,0.42253,815,653,0.96560,3.91127,1.27116
"Bureau of Gleyber Statistics",94,638,164,0.34373,0.42248,815,915,0.99553,3.61006,1.21564
"Look Out Bello",94,576,162,0.32083,0.41678,815,849,1.04899,3.95650,1.27449
"Five-cent head",94,597,155,0.33312,0.43233,815,795,1.19256,3.78690,1.17396
"Prospects R Us",94,508,128,0.34187,0.41895,815,807,0.84481,3.35670,1.16771
"South Side Shitshow",94,599,164,0.33234,0.42623,815,870,1.32530,4.38554,1.31058
"Bryce Krispies👨‍🍳",94,608,192,0.32361,0.43375,815,946,1.00288,3.19365,1.15975
"Si Se Fuentes",94,611,148,0.33399,0.40255,815,836,1.20593,4.38617,1.35178
"Ketel Corn",94,617,168,0.34770,0.44488,815,788,1.31179,4.43726,1.29278